

================================================================
== Vitis HLS Report for 'fir_multiband'
================================================================
* Date:           Tue Sep 29 19:17:55 2026

* Version:        2020.2 (Build 3064766 on Wed Nov 18 09:12:45 MST 2020)
* Project:        synth_proj
* Solution:       solution1 (Vivado IP Flow Target)
* Product family: zynq
* Target device:  xc7z020-clg400-1


================================================================
== Performance Estimates
================================================================
+ Timing: 
    * Summary: 
    +--------+----------+----------+------------+
    |  Clock |  Target  | Estimated| Uncertainty|
    +--------+----------+----------+------------+
    |ap_clk  |  10.00 ns|  7.253 ns|     2.70 ns|
    +--------+----------+----------+------------+

+ Latency: 
    * Summary: 
    +---------+---------+----------+----------+-----+-----+---------+
    |  Latency (cycles) |  Latency (absolute) |  Interval | Pipeline|
    |   min   |   max   |    min   |    max   | min | max |   Type  |
    +---------+---------+----------+----------+-----+-----+---------+
    |        ?|        ?|         ?|         ?|    ?|    ?|     none|
    +---------+---------+----------+----------+-----+-----+---------+

    + Detail: 
        * Instance: 
        N/A

        * Loop: 
        +---------------------+---------+---------+----------+-----------+-----------+------+----------+
        |                     |  Latency (cycles) | Iteration|  Initiation Interval  | Trip |          |
        |      Loop Name      |   min   |   max   |  Latency |  achieved |   target  | Count| Pipelined|
        +---------------------+---------+---------+----------+-----------+-----------+------+----------+
        |- VITIS_LOOP_200_1   |       65|       65|         1|          1|          1|    65|       yes|
        |- VITIS_LOOP_204_2   |        ?|        ?|       185|          -|          -|     ?|        no|
        | + VITIS_LOOP_211_3  |      137|      137|        12|          2|          1|    64|       yes|
        | + VITIS_LOOP_220_4  |       32|       32|        30|          1|          1|     4|       yes|
        +---------------------+---------+---------+----------+-----------+-----------+------+----------+



================================================================
== Utilization Estimates
================================================================
* Summary: 
+-----------------+---------+-----+--------+-------+-----+
|       Name      | BRAM_18K| DSP |   FF   |  LUT  | URAM|
+-----------------+---------+-----+--------+-------+-----+
|DSP              |        -|   65|       -|      -|    -|
|Expression       |        -|    -|       0|  16201|    -|
|FIFO             |        -|    -|       -|      -|    -|
|Instance         |        -|    2|     484|    346|    -|
|Memory           |       64|    -|     160|     20|    -|
|Multiplexer      |        -|    -|       -|    761|    -|
|Register         |        -|    -|    6911|    224|    -|
+-----------------+---------+-----+--------+-------+-----+
|Total            |       64|   67|    7555|  17552|    0|
+-----------------+---------+-----+--------+-------+-----+
|Available        |      280|  220|  106400|  53200|    0|
+-----------------+---------+-----+--------+-------+-----+
|Utilization (%)  |       22|   30|       7|     32|    0|
+-----------------+---------+-----+--------+-------+-----+

+ Detail: 
    * Instance: 
    +-----------------------------+--------------------------+---------+----+-----+-----+-----+
    |           Instance          |          Module          | BRAM_18K| DSP|  FF | LUT | URAM|
    +-----------------------------+--------------------------+---------+----+-----+-----+-----+
    |fpext_32ns_64_2_no_dsp_1_U1  |fpext_32ns_64_2_no_dsp_1  |        0|   0|    0|    0|    0|
    |mul_25ns_23ns_47_1_1_U6      |mul_25ns_23ns_47_1_1      |        0|   1|    0|   47|    0|
    |mul_47ns_24s_71_5_1_U7       |mul_47ns_24s_71_5_1       |        0|   1|  322|   80|    0|
    |mul_6ns_8ns_13_1_1_U3        |mul_6ns_8ns_13_1_1        |        0|   0|    0|   41|    0|
    |mul_7ns_9ns_15_1_1_U4        |mul_7ns_9ns_15_1_1        |        0|   0|    0|   51|    0|
    |mux_564_16_1_1_U5            |mux_564_16_1_1            |        0|   0|    0|   25|    0|
    |urem_7ns_4ns_7_11_1_U2       |urem_7ns_4ns_7_11_1       |        0|   0|  162|  102|    0|
    +-----------------------------+--------------------------+---------+----+-----+-----+-----+
    |Total                        |                          |        0|   2|  484|  346|    0|
    +-----------------------------+--------------------------+---------+----+-----+-----+-----+

    * DSP: 
    +-----------------------------------+-------------------------------+--------------+
    |              Instance             |             Module            |  Expression  |
    +-----------------------------------+-------------------------------+--------------+
    |mac_muladd_18s_16s_34s_34_4_1_U12  |mac_muladd_18s_16s_34s_34_4_1  |  i0 + i1 * i2|
    |mac_muladd_18s_16s_34s_34_4_1_U13  |mac_muladd_18s_16s_34s_34_4_1  |  i0 + i1 * i2|
    |mac_muladd_18s_16s_34s_34_4_1_U15  |mac_muladd_18s_16s_34s_34_4_1  |  i0 + i1 * i2|
    |mac_muladd_18s_16s_34s_34_4_1_U16  |mac_muladd_18s_16s_34s_34_4_1  |  i0 + i1 * i2|
    |mac_muladd_18s_16s_34s_34_4_1_U21  |mac_muladd_18s_16s_34s_34_4_1  |  i0 + i1 * i2|
    |mac_muladd_18s_16s_34s_35_4_1_U17  |mac_muladd_18s_16s_34s_35_4_1  |  i0 + i1 * i2|
    |mac_muladd_18s_16s_34s_35_4_1_U18  |mac_muladd_18s_16s_34s_35_4_1  |  i0 + i1 * i2|
    |mac_muladd_18s_16s_34s_35_4_1_U22  |mac_muladd_18s_16s_34s_35_4_1  |  i0 + i1 * i2|
    |mac_muladd_18s_16s_34s_35_4_1_U23  |mac_muladd_18s_16s_34s_35_4_1  |  i0 + i1 * i2|
    |mac_muladd_18s_16s_34s_35_4_1_U28  |mac_muladd_18s_16s_34s_35_4_1  |  i0 + i1 * i2|
    |mul_mul_18s_16s_34_4_1_U8          |mul_mul_18s_16s_34_4_1         |       i0 * i1|
    |mul_mul_18s_16s_34_4_1_U9          |mul_mul_18s_16s_34_4_1         |       i0 * i1|
    |mul_mul_18s_16s_34_4_1_U10         |mul_mul_18s_16s_34_4_1         |       i0 * i1|
    |mul_mul_18s_16s_34_4_1_U11         |mul_mul_18s_16s_34_4_1         |       i0 * i1|
    |mul_mul_18s_16s_34_4_1_U14         |mul_mul_18s_16s_34_4_1         |       i0 * i1|
    |mul_mul_18s_16s_34_4_1_U19         |mul_mul_18s_16s_34_4_1         |       i0 * i1|
    |mul_mul_18s_16s_34_4_1_U20         |mul_mul_18s_16s_34_4_1         |       i0 * i1|
    |mul_mul_18s_16s_34_4_1_U24         |mul_mul_18s_16s_34_4_1         |       i0 * i1|
    |mul_mul_18s_16s_34_4_1_U25         |mul_mul_18s_16s_34_4_1         |       i0 * i1|
    |mul_mul_18s_16s_34_4_1_U26         |mul_mul_18s_16s_34_4_1         |       i0 * i1|
    |mul_mul_18s_16s_34_4_1_U27         |mul_mul_18s_16s_34_4_1         |       i0 * i1|
    |mul_mul_18s_16s_34_4_1_U29         |mul_mul_18s_16s_34_4_1         |       i0 * i1|
    |mul_mul_18s_16s_34_4_1_U30         |mul_mul_18s_16s_34_4_1         |       i0 * i1|
    |mul_mul_18s_16s_34_4_1_U31         |mul_mul_18s_16s_34_4_1         |       i0 * i1|
    |mul_mul_18s_16s_34_4_1_U32         |mul_mul_18s_16s_34_4_1         |       i0 * i1|
    |mul_mul_18s_16s_34_4_1_U33         |mul_mul_18s_16s_34_4_1         |       i0 * i1|
    |mul_mul_18s_16s_34_4_1_U34         |mul_mul_18s_16s_34_4_1         |       i0 * i1|
    |mul_mul_18s_16s_34_4_1_U35         |mul_mul_18s_16s_34_4_1         |       i0 * i1|
    |mul_mul_18s_16s_34_4_1_U36         |mul_mul_18s_16s_34_4_1         |       i0 * i1|
    |mul_mul_18s_16s_34_4_1_U37         |mul_mul_18s_16s_34_4_1         |       i0 * i1|
    |mul_mul_18s_16s_34_4_1_U38         |mul_mul_18s_16s_34_4_1         |       i0 * i1|
    |mul_mul_18s_16s_34_4_1_U39         |mul_mul_18s_16s_34_4_1         |       i0 * i1|
    |mul_mul_18s_16s_34_4_1_U40         |mul_mul_18s_16s_34_4_1         |       i0 * i1|
    |mul_mul_18s_16s_34_4_1_U41         |mul_mul_18s_16s_34_4_1         |       i0 * i1|
    |mul_mul_18s_16s_34_4_1_U42         |mul_mul_18s_16s_34_4_1         |       i0 * i1|
    |mul_mul_18s_16s_34_4_1_U43         |mul_mul_18s_16s_34_4_1         |       i0 * i1|
    |mul_mul_18s_16s_34_4_1_U44         |mul_mul_18s_16s_34_4_1         |       i0 * i1|
    |mul_mul_18s_16s_34_4_1_U45         |mul_mul_18s_16s_34_4_1         |       i0 * i1|
    |mul_mul_18s_16s_34_4_1_U46         |mul_mul_18s_16s_34_4_1         |       i0 * i1|
    |mul_mul_18s_16s_34_4_1_U47         |mul_mul_18s_16s_34_4_1         |       i0 * i1|
    |mul_mul_18s_16s_34_4_1_U48         |mul_mul_18s_16s_34_4_1         |       i0 * i1|
    |mul_mul_18s_16s_34_4_1_U49         |mul_mul_18s_16s_34_4_1         |       i0 * i1|
    |mul_mul_18s_16s_34_4_1_U50         |mul_mul_18s_16s_34_4_1         |       i0 * i1|
    |mul_mul_18s_16s_34_4_1_U51         |mul_mul_18s_16s_34_4_1         |       i0 * i1|
    |mul_mul_18s_16s_34_4_1_U52         |mul_mul_18s_16s_34_4_1         |       i0 * i1|
    |mul_mul_18s_16s_34_4_1_U53         |mul_mul_18s_16s_34_4_1         |       i0 * i1|
    |mul_mul_18s_16s_34_4_1_U54         |mul_mul_18s_16s_34_4_1         |       i0 * i1|
    |mul_mul_18s_16s_34_4_1_U55         |mul_mul_18s_16s_34_4_1         |       i0 * i1|
    |mul_mul_18s_16s_34_4_1_U56         |mul_mul_18s_16s_34_4_1         |       i0 * i1|
    |mul_mul_18s_16s_34_4_1_U57         |mul_mul_18s_16s_34_4_1         |       i0 * i1|
    |mul_mul_18s_16s_34_4_1_U58         |mul_mul_18s_16s_34_4_1         |       i0 * i1|
    |mul_mul_18s_16s_34_4_1_U59         |mul_mul_18s_16s_34_4_1         |       i0 * i1|
    |mul_mul_18s_16s_34_4_1_U60         |mul_mul_18s_16s_34_4_1         |       i0 * i1|
    |mul_mul_18s_16s_34_4_1_U61         |mul_mul_18s_16s_34_4_1         |       i0 * i1|
    |mul_mul_18s_16s_34_4_1_U62         |mul_mul_18s_16s_34_4_1         |       i0 * i1|
    |mul_mul_18s_16s_34_4_1_U63         |mul_mul_18s_16s_34_4_1         |       i0 * i1|
    |mul_mul_18s_16s_34_4_1_U64         |mul_mul_18s_16s_34_4_1         |       i0 * i1|
    |mul_mul_18s_16s_34_4_1_U65         |mul_mul_18s_16s_34_4_1         |       i0 * i1|
    |mul_mul_18s_16s_34_4_1_U66         |mul_mul_18s_16s_34_4_1         |       i0 * i1|
    |mul_mul_18s_16s_34_4_1_U67         |mul_mul_18s_16s_34_4_1         |       i0 * i1|
    |mul_mul_18s_16s_34_4_1_U68         |mul_mul_18s_16s_34_4_1         |       i0 * i1|
    |mul_mul_18s_16s_34_4_1_U69         |mul_mul_18s_16s_34_4_1         |       i0 * i1|
    |mul_mul_18s_16s_34_4_1_U70         |mul_mul_18s_16s_34_4_1         |       i0 * i1|
    |mul_mul_18s_16s_34_4_1_U71         |mul_mul_18s_16s_34_4_1         |       i0 * i1|
    |mul_mul_18s_16s_34_4_1_U72         |mul_mul_18s_16s_34_4_1         |       i0 * i1|
    +-----------------------------------+-------------------------------+--------------+

    * Memory: 
    +----------------+--------------+---------+----+----+-----+------+-----+------+-------------+
    |     Memory     |    Module    | BRAM_18K| FF | LUT| URAM| Words| Bits| Banks| W*Bits*Banks|
    +----------------+--------------+---------+----+----+-----+------+-----+------+-------------+
    |FIR_COEFFS_V_U  |FIR_COEFFS_V  |       64|   0|   0|    0|   260|   18|     1|         4680|
    |hist_V_0_U      |hist_V_0      |        0|  32|   4|    0|    13|   16|     1|          208|
    |hist_V_1_U      |hist_V_1      |        0|  32|   4|    0|    13|   16|     1|          208|
    |hist_V_2_U      |hist_V_1      |        0|  32|   4|    0|    13|   16|     1|          208|
    |hist_V_3_U      |hist_V_1      |        0|  32|   4|    0|    13|   16|     1|          208|
    |hist_V_4_U      |hist_V_1      |        0|  32|   4|    0|    13|   16|     1|          208|
    +----------------+--------------+---------+----+----+-----+------+-----+------+-------------+
    |Total           |              |       64| 160|  20|    0|   325|   98|     6|         5720|
    +----------------+--------------+---------+----+----+-----+------+-----+------+-------------+

    * FIFO: 
    N/A

    * Expression: 
    +------------------------------+----------+----+---+-----+------------+------------+
    |         Variable Name        | Operation| DSP| FF| LUT | Bitwidth P0| Bitwidth P1|
    +------------------------------+----------+----+---+-----+------------+------------+
    |acc_V_4_fu_9321_p2            |         +|   0|  0|   47|          40|          40|
    |add_ln1118_10_fu_3035_p2      |         +|   0|  0|   14|           9|           4|
    |add_ln1118_11_fu_3045_p2      |         +|   0|  0|   14|           9|           4|
    |add_ln1118_12_fu_3101_p2      |         +|   0|  0|   14|           9|           4|
    |add_ln1118_13_fu_3111_p2      |         +|   0|  0|   14|           9|           4|
    |add_ln1118_14_fu_3189_p2      |         +|   0|  0|   14|           9|           4|
    |add_ln1118_15_fu_3055_p2      |         +|   0|  0|   14|           9|           4|
    |add_ln1118_16_fu_3065_p2      |         +|   0|  0|   14|           9|           5|
    |add_ln1118_17_fu_3121_p2      |         +|   0|  0|   14|           9|           5|
    |add_ln1118_18_fu_3131_p2      |         +|   0|  0|   14|           9|           5|
    |add_ln1118_19_fu_3199_p2      |         +|   0|  0|   14|           9|           5|
    |add_ln1118_1_fu_2946_p2       |         +|   0|  0|   14|           9|           1|
    |add_ln1118_20_fu_3141_p2      |         +|   0|  0|   14|           9|           5|
    |add_ln1118_21_fu_3151_p2      |         +|   0|  0|   14|           9|           5|
    |add_ln1118_22_fu_3209_p2      |         +|   0|  0|   14|           9|           5|
    |add_ln1118_23_fu_3219_p2      |         +|   0|  0|   14|           9|           5|
    |add_ln1118_24_fu_3277_p2      |         +|   0|  0|   14|           9|           5|
    |add_ln1118_25_fu_3229_p2      |         +|   0|  0|   14|           9|           5|
    |add_ln1118_26_fu_3239_p2      |         +|   0|  0|   14|           9|           5|
    |add_ln1118_27_fu_3287_p2      |         +|   0|  0|   14|           9|           5|
    |add_ln1118_28_fu_3297_p2      |         +|   0|  0|   14|           9|           5|
    |add_ln1118_29_fu_3357_p2      |         +|   0|  0|   14|           9|           5|
    |add_ln1118_2_fu_2957_p2       |         +|   0|  0|   14|           9|           2|
    |add_ln1118_30_fu_3307_p2      |         +|   0|  0|   14|           9|           5|
    |add_ln1118_31_fu_3317_p2      |         +|   0|  0|   14|           9|           5|
    |add_ln1118_32_fu_3367_p2      |         +|   0|  0|   14|           9|           6|
    |add_ln1118_33_fu_3377_p2      |         +|   0|  0|   14|           9|           6|
    |add_ln1118_34_fu_3513_p2      |         +|   0|  0|   14|           9|           6|
    |add_ln1118_35_fu_3387_p2      |         +|   0|  0|   14|           9|           6|
    |add_ln1118_36_fu_3397_p2      |         +|   0|  0|   14|           9|           6|
    |add_ln1118_37_fu_3523_p2      |         +|   0|  0|   14|           9|           6|
    |add_ln1118_38_fu_3533_p2      |         +|   0|  0|   14|           9|           6|
    |add_ln1118_39_fu_3858_p2      |         +|   0|  0|   14|           9|           6|
    |add_ln1118_3_fu_2967_p2       |         +|   0|  0|   14|           9|           2|
    |add_ln1118_40_fu_3543_p2      |         +|   0|  0|   14|           9|           6|
    |add_ln1118_41_fu_3553_p2      |         +|   0|  0|   14|           9|           6|
    |add_ln1118_42_fu_3868_p2      |         +|   0|  0|   14|           9|           6|
    |add_ln1118_43_fu_3878_p2      |         +|   0|  0|   14|           9|           6|
    |add_ln1118_44_fu_4352_p2      |         +|   0|  0|   14|           9|           6|
    |add_ln1118_45_fu_3888_p2      |         +|   0|  0|   14|           9|           6|
    |add_ln1118_46_fu_3898_p2      |         +|   0|  0|   14|           9|           6|
    |add_ln1118_47_fu_4362_p2      |         +|   0|  0|   14|           9|           6|
    |add_ln1118_48_fu_4372_p2      |         +|   0|  0|   14|           9|           6|
    |add_ln1118_49_fu_4902_p2      |         +|   0|  0|   14|           9|           6|
    |add_ln1118_4_fu_3005_p2       |         +|   0|  0|   14|           9|           3|
    |add_ln1118_50_fu_4382_p2      |         +|   0|  0|   14|           9|           6|
    |add_ln1118_51_fu_4392_p2      |         +|   0|  0|   14|           9|           6|
    |add_ln1118_52_fu_4912_p2      |         +|   0|  0|   14|           9|           6|
    |add_ln1118_53_fu_4922_p2      |         +|   0|  0|   14|           9|           6|
    |add_ln1118_54_fu_5452_p2      |         +|   0|  0|   14|           9|           6|
    |add_ln1118_55_fu_4932_p2      |         +|   0|  0|   14|           9|           6|
    |add_ln1118_56_fu_4942_p2      |         +|   0|  0|   14|           9|           6|
    |add_ln1118_57_fu_5462_p2      |         +|   0|  0|   14|           9|           6|
    |add_ln1118_58_fu_5472_p2      |         +|   0|  0|   14|           9|           6|
    |add_ln1118_59_fu_6002_p2      |         +|   0|  0|   14|           9|           6|
    |add_ln1118_5_fu_2977_p2       |         +|   0|  0|   14|           9|           3|
    |add_ln1118_60_fu_5482_p2      |         +|   0|  0|   14|           9|           6|
    |add_ln1118_61_fu_5492_p2      |         +|   0|  0|   14|           9|           6|
    |add_ln1118_62_fu_6012_p2      |         +|   0|  0|   14|           9|           6|
    |add_ln1118_63_fu_6022_p2      |         +|   0|  0|   14|           9|           6|
    |add_ln1118_64_fu_6532_p2      |         +|   0|  0|   14|           9|           7|
    |add_ln1118_6_fu_2987_p2       |         +|   0|  0|   14|           9|           3|
    |add_ln1118_7_fu_3015_p2       |         +|   0|  0|   14|           9|           3|
    |add_ln1118_8_fu_3025_p2       |         +|   0|  0|   14|           9|           4|
    |add_ln1118_9_fu_3091_p2       |         +|   0|  0|   14|           9|           4|
    |add_ln1118_fu_2935_p2         |         +|   0|  0|   14|           9|           9|
    |add_ln1192_10_fu_3772_p2      |         +|   0|  0|   48|          41|          41|
    |add_ln1192_11_fu_3810_p2      |         +|   0|  0|   48|          41|          41|
    |add_ln1192_12_fu_4190_p2      |         +|   0|  0|   48|          41|          41|
    |add_ln1192_13_fu_4228_p2      |         +|   0|  0|   48|          41|          41|
    |add_ln1192_14_fu_4586_p2      |         +|   0|  0|   48|          41|          41|
    |add_ln1192_15_fu_4266_p2      |         +|   0|  0|   48|          41|          41|
    |add_ln1192_16_fu_4304_p2      |         +|   0|  0|   48|          41|          41|
    |add_ln1192_17_fu_4740_p2      |         +|   0|  0|   48|          41|          41|
    |add_ln1192_18_fu_4778_p2      |         +|   0|  0|   48|          41|          41|
    |add_ln1192_19_fu_5136_p2      |         +|   0|  0|   48|          41|          41|
    |add_ln1192_20_fu_4816_p2      |         +|   0|  0|   48|          41|          41|
    |add_ln1192_21_fu_4854_p2      |         +|   0|  0|   48|          41|          41|
    |add_ln1192_22_fu_5290_p2      |         +|   0|  0|   48|          41|          41|
    |add_ln1192_23_fu_5328_p2      |         +|   0|  0|   48|          41|          41|
    |add_ln1192_24_fu_5686_p2      |         +|   0|  0|   48|          41|          41|
    |add_ln1192_25_fu_5366_p2      |         +|   0|  0|   48|          41|          41|
    |add_ln1192_26_fu_5404_p2      |         +|   0|  0|   48|          41|          41|
    |add_ln1192_27_fu_5840_p2      |         +|   0|  0|   48|          41|          41|
    |add_ln1192_28_fu_5878_p2      |         +|   0|  0|   48|          41|          41|
    |add_ln1192_29_fu_6216_p2      |         +|   0|  0|   48|          41|          41|
    |add_ln1192_30_fu_5916_p2      |         +|   0|  0|   48|          41|          41|
    |add_ln1192_31_fu_5954_p2      |         +|   0|  0|   48|          41|          41|
    |add_ln1192_32_fu_6370_p2      |         +|   0|  0|   48|          41|          41|
    |add_ln1192_33_fu_6408_p2      |         +|   0|  0|   48|          41|          41|
    |add_ln1192_34_fu_6726_p2      |         +|   0|  0|   48|          41|          41|
    |add_ln1192_35_fu_6446_p2      |         +|   0|  0|   48|          41|          41|
    |add_ln1192_36_fu_6484_p2      |         +|   0|  0|   48|          41|          41|
    |add_ln1192_37_fu_6880_p2      |         +|   0|  0|   48|          41|          41|
    |add_ln1192_38_fu_6918_p2      |         +|   0|  0|   48|          41|          41|
    |add_ln1192_39_fu_7218_p2      |         +|   0|  0|   48|          41|          41|
    |add_ln1192_40_fu_6956_p2      |         +|   0|  0|   48|          41|          41|
    |add_ln1192_41_fu_6994_p2      |         +|   0|  0|   48|          41|          41|
    |add_ln1192_42_fu_7372_p2      |         +|   0|  0|   48|          41|          41|
    |add_ln1192_43_fu_7410_p2      |         +|   0|  0|   48|          41|          41|
    |add_ln1192_44_fu_7702_p2      |         +|   0|  0|   48|          41|          41|
    |add_ln1192_45_fu_7448_p2      |         +|   0|  0|   48|          41|          41|
    |add_ln1192_46_fu_7486_p2      |         +|   0|  0|   48|          41|          41|
    |add_ln1192_47_fu_7856_p2      |         +|   0|  0|   48|          41|          41|
    |add_ln1192_48_fu_7894_p2      |         +|   0|  0|   48|          41|          41|
    |add_ln1192_49_fu_8182_p2      |         +|   0|  0|   48|          41|          41|
    |add_ln1192_50_fu_7932_p2      |         +|   0|  0|   48|          41|          41|
    |add_ln1192_51_fu_7970_p2      |         +|   0|  0|   48|          41|          41|
    |add_ln1192_52_fu_8336_p2      |         +|   0|  0|   48|          41|          41|
    |add_ln1192_53_fu_8374_p2      |         +|   0|  0|   48|          41|          41|
    |add_ln1192_54_fu_8622_p2      |         +|   0|  0|   48|          41|          41|
    |add_ln1192_55_fu_8410_p2      |         +|   0|  0|   48|          41|          41|
    |add_ln1192_56_fu_8687_p2      |         +|   0|  0|   48|          41|          41|
    |add_ln1192_57_fu_8809_p2      |         +|   0|  0|   48|          41|          41|
    |add_ln1192_58_fu_8876_p2      |         +|   0|  0|   48|          41|          41|
    |add_ln1192_5_fu_3428_p2       |         +|   0|  0|   48|          41|          41|
    |add_ln1192_6_fu_3465_p2       |         +|   0|  0|   48|          41|          41|
    |add_ln1192_7_fu_3697_p2       |         +|   0|  0|   48|          41|          41|
    |add_ln1192_8_fu_3734_p2       |         +|   0|  0|   48|          41|          41|
    |add_ln1192_9_fu_4036_p2       |         +|   0|  0|   48|          41|          41|
    |add_ln200_fu_1941_p2          |         +|   0|  0|   14|           7|           1|
    |add_ln201_fu_1957_p2          |         +|   0|  0|   17|          14|           8|
    |add_ln204_fu_2054_p2          |         +|   0|  0|   39|          32|           1|
    |add_ln211_fu_2077_p2          |         +|   0|  0|   14|           7|           2|
    |add_ln212_fu_2087_p2          |         +|   0|  0|   14|           6|           2|
    |add_ln220_fu_2911_p2          |         +|   0|  0|   11|           3|           1|
    |add_ln581_fu_2241_p2          |         +|   0|  0|   12|          12|           5|
    |add_ln612_fu_2299_p2          |         +|   0|  0|   12|          12|          11|
    |add_ln703_1_fu_8701_p2        |         +|   0|  0|   47|          40|          40|
    |add_ln703_2_fu_8823_p2        |         +|   0|  0|   47|          40|          40|
    |add_ln703_3_fu_8890_p2        |         +|   0|  0|   47|          40|          40|
    |add_ln703_fu_8424_p2          |         +|   0|  0|   47|          40|          40|
    |add_ln954_fu_9556_p2          |         +|   0|  0|   39|          32|           6|
    |add_ln964_fu_9629_p2          |         +|   0|  0|    8|           8|           8|
    |lsb_index_fu_9426_p2          |         +|   0|  0|   39|          32|           6|
    |m_1_fu_9584_p2                |         +|   0|  0|   48|          41|          41|
    |next_urem_fu_1982_p2          |         +|   0|  0|   14|           7|           1|
    |pos1_fu_2311_p2               |         +|   0|  0|   12|          12|           1|
    |pos2_fu_2400_p2               |         +|   0|  0|   12|          12|           2|
    |ret_V_3_fu_9113_p2            |         +|   0|  0|   31|          24|          20|
    |ret_V_4_fu_9307_p2            |         +|   0|  0|   48|          41|          41|
    |ret_V_fu_9137_p2              |         +|   0|  0|   54|          47|          41|
    |y_V_0_10_fu_6970_p2           |         +|   0|  0|   47|          40|          40|
    |y_V_0_11_fu_7462_p2           |         +|   0|  0|   47|          40|          40|
    |y_V_0_12_fu_7946_p2           |         +|   0|  0|   47|          40|          40|
    |y_V_0_3_fu_3442_p2            |         +|   0|  0|   47|          40|          40|
    |y_V_0_4_fu_3786_p2            |         +|   0|  0|   47|          40|          40|
    |y_V_0_5_fu_4280_p2            |         +|   0|  0|   47|          40|          40|
    |y_V_0_6_fu_4830_p2            |         +|   0|  0|   47|          40|          40|
    |y_V_0_7_fu_5380_p2            |         +|   0|  0|   47|          40|          40|
    |y_V_0_8_fu_5930_p2            |         +|   0|  0|   47|          40|          40|
    |y_V_0_9_fu_6460_p2            |         +|   0|  0|   47|          40|          40|
    |y_V_1_10_fu_7008_p2           |         +|   0|  0|   47|          40|          40|
    |y_V_1_11_fu_7500_p2           |         +|   0|  0|   47|          40|          40|
    |y_V_1_12_fu_7984_p2           |         +|   0|  0|   47|          40|          40|
    |y_V_1_3_fu_3479_p2            |         +|   0|  0|   47|          40|          40|
    |y_V_1_4_fu_3824_p2            |         +|   0|  0|   47|          40|          40|
    |y_V_1_5_fu_4318_p2            |         +|   0|  0|   47|          40|          40|
    |y_V_1_6_fu_4868_p2            |         +|   0|  0|   47|          40|          40|
    |y_V_1_7_fu_5418_p2            |         +|   0|  0|   47|          40|          40|
    |y_V_1_8_fu_5968_p2            |         +|   0|  0|   47|          40|          40|
    |y_V_1_9_fu_6498_p2            |         +|   0|  0|   47|          40|          40|
    |y_V_2_10_fu_7386_p2           |         +|   0|  0|   47|          40|          40|
    |y_V_2_11_fu_7870_p2           |         +|   0|  0|   47|          40|          40|
    |y_V_2_12_fu_8350_p2           |         +|   0|  0|   47|          40|          40|
    |y_V_2_3_fu_3711_p2            |         +|   0|  0|   47|          40|          40|
    |y_V_2_4_fu_4204_p2            |         +|   0|  0|   47|          40|          40|
    |y_V_2_5_fu_4754_p2            |         +|   0|  0|   47|          40|          40|
    |y_V_2_6_fu_5304_p2            |         +|   0|  0|   47|          40|          40|
    |y_V_2_7_fu_5854_p2            |         +|   0|  0|   47|          40|          40|
    |y_V_2_8_fu_6384_p2            |         +|   0|  0|   47|          40|          40|
    |y_V_2_9_fu_6894_p2            |         +|   0|  0|   47|          40|          40|
    |y_V_3_10_fu_7424_p2           |         +|   0|  0|   47|          40|          40|
    |y_V_3_11_fu_7908_p2           |         +|   0|  0|   47|          40|          40|
    |y_V_3_12_fu_8388_p2           |         +|   0|  0|   47|          40|          40|
    |y_V_3_3_fu_3748_p2            |         +|   0|  0|   47|          40|          40|
    |y_V_3_4_fu_4242_p2            |         +|   0|  0|   47|          40|          40|
    |y_V_3_5_fu_4792_p2            |         +|   0|  0|   47|          40|          40|
    |y_V_3_6_fu_5342_p2            |         +|   0|  0|   47|          40|          40|
    |y_V_3_7_fu_5892_p2            |         +|   0|  0|   47|          40|          40|
    |y_V_3_8_fu_6422_p2            |         +|   0|  0|   47|          40|          40|
    |y_V_3_9_fu_6932_p2            |         +|   0|  0|   47|          40|          40|
    |y_V_4_10_fu_7716_p2           |         +|   0|  0|   47|          40|          40|
    |y_V_4_11_fu_8196_p2           |         +|   0|  0|   47|          40|          40|
    |y_V_4_12_fu_8636_p2           |         +|   0|  0|   47|          40|          40|
    |y_V_4_3_fu_4050_p2            |         +|   0|  0|   47|          40|          40|
    |y_V_4_4_fu_4600_p2            |         +|   0|  0|   47|          40|          40|
    |y_V_4_5_fu_5150_p2            |         +|   0|  0|   47|          40|          40|
    |y_V_4_6_fu_5700_p2            |         +|   0|  0|   47|          40|          40|
    |y_V_4_7_fu_6230_p2            |         +|   0|  0|   47|          40|          40|
    |y_V_4_8_fu_6740_p2            |         +|   0|  0|   47|          40|          40|
    |y_V_4_9_fu_7232_p2            |         +|   0|  0|   47|          40|          40|
    |F2_fu_2219_p2                 |         -|   0|  0|   12|          11|          12|
    |man_V_2_fu_2206_p2            |         -|   0|  0|   61|           1|          54|
    |p_Val2_4_fu_9067_p2           |         -|   0|  0|   31|           1|          24|
    |sub_ln581_fu_2247_p2          |         -|   0|  0|   12|           4|          12|
    |sub_ln944_fu_9420_p2          |         -|   0|  0|   39|           6|          32|
    |sub_ln947_fu_9463_p2          |         -|   0|  0|   14|           1|           6|
    |sub_ln955_fu_9542_p2          |         -|   0|  0|   39|           5|          32|
    |sub_ln964_fu_9624_p2          |         -|   0|  0|    8|           4|           8|
    |tmp_V_fu_9369_p2              |         -|   0|  0|   47|           1|          40|
    |Range1_all_ones_3_fu_2349_p2  |       and|   0|  0|    2|           1|           1|
    |Range1_all_ones_fu_2508_p2    |       and|   0|  0|    2|           1|           1|
    |and_ln340_1_fu_2675_p2        |       and|   0|  0|    2|           1|           1|
    |and_ln340_fu_2670_p2          |       and|   0|  0|    2|           1|           1|
    |and_ln581_fu_2293_p2          |       and|   0|  0|    2|           1|           1|
    |and_ln585_1_fu_2442_p2        |       and|   0|  0|    2|           1|           1|
    |and_ln585_fu_2382_p2          |       and|   0|  0|    2|           1|           1|
    |and_ln603_fu_2426_p2          |       and|   0|  0|    2|           1|           1|
    |and_ln639_1_fu_2565_p2        |       and|   0|  0|    2|           1|           1|
    |and_ln639_fu_2560_p2          |       and|   0|  0|    2|           1|           1|
    |and_ln641_fu_2523_p2          |       and|   0|  0|    2|           1|           1|
    |and_ln659_fu_2620_p2          |       and|   0|  0|    2|           1|           1|
    |and_ln785_10_fu_4619_p2       |       and|   0|  0|    2|           1|           1|
    |and_ln785_11_fu_4677_p2       |       and|   0|  0|    2|           1|           1|
    |and_ln785_12_fu_5015_p2       |       and|   0|  0|    2|           1|           1|
    |and_ln785_13_fu_5073_p2       |       and|   0|  0|    2|           1|           1|
    |and_ln785_14_fu_5507_p2       |       and|   0|  0|    2|           1|           1|
    |and_ln785_15_fu_5169_p2       |       and|   0|  0|    2|           1|           1|
    |and_ln785_16_fu_5227_p2       |       and|   0|  0|    2|           1|           1|
    |and_ln785_17_fu_5565_p2       |       and|   0|  0|    2|           1|           1|
    |and_ln785_18_fu_5623_p2       |       and|   0|  0|    2|           1|           1|
    |and_ln785_19_fu_6037_p2       |       and|   0|  0|    2|           1|           1|
    |and_ln785_1_fu_3635_p2        |       and|   0|  0|    2|           1|           1|
    |and_ln785_20_fu_5719_p2       |       and|   0|  0|    2|           1|           1|
    |and_ln785_21_fu_5777_p2       |       and|   0|  0|    2|           1|           1|
    |and_ln785_22_fu_6095_p2       |       and|   0|  0|    2|           1|           1|
    |and_ln785_23_fu_6153_p2       |       and|   0|  0|    2|           1|           1|
    |and_ln785_24_fu_6547_p2       |       and|   0|  0|    2|           1|           1|
    |and_ln785_25_fu_6249_p2       |       and|   0|  0|    2|           1|           1|
    |and_ln785_26_fu_6307_p2       |       and|   0|  0|    2|           1|           1|
    |and_ln785_27_fu_6605_p2       |       and|   0|  0|    2|           1|           1|
    |and_ln785_28_fu_6663_p2       |       and|   0|  0|    2|           1|           1|
    |and_ln785_29_fu_7039_p2       |       and|   0|  0|    2|           1|           1|
    |and_ln785_2_fu_3916_p2        |       and|   0|  0|    2|           1|           1|
    |and_ln785_30_fu_6759_p2       |       and|   0|  0|    2|           1|           1|
    |and_ln785_31_fu_6817_p2       |       and|   0|  0|    2|           1|           1|
    |and_ln785_32_fu_7097_p2       |       and|   0|  0|    2|           1|           1|
    |and_ln785_33_fu_7155_p2       |       and|   0|  0|    2|           1|           1|
    |and_ln785_34_fu_7523_p2       |       and|   0|  0|    2|           1|           1|
    |and_ln785_35_fu_7251_p2       |       and|   0|  0|    2|           1|           1|
    |and_ln785_36_fu_7309_p2       |       and|   0|  0|    2|           1|           1|
    |and_ln785_37_fu_7581_p2       |       and|   0|  0|    2|           1|           1|
    |and_ln785_38_fu_7639_p2       |       and|   0|  0|    2|           1|           1|
    |and_ln785_39_fu_8003_p2       |       and|   0|  0|    2|           1|           1|
    |and_ln785_3_fu_3974_p2        |       and|   0|  0|    2|           1|           1|
    |and_ln785_40_fu_7735_p2       |       and|   0|  0|    2|           1|           1|
    |and_ln785_41_fu_7793_p2       |       and|   0|  0|    2|           1|           1|
    |and_ln785_42_fu_8061_p2       |       and|   0|  0|    2|           1|           1|
    |and_ln785_43_fu_8119_p2       |       and|   0|  0|    2|           1|           1|
    |and_ln785_44_fu_8443_p2       |       and|   0|  0|    2|           1|           1|
    |and_ln785_45_fu_8215_p2       |       and|   0|  0|    2|           1|           1|
    |and_ln785_46_fu_8273_p2       |       and|   0|  0|    2|           1|           1|
    |and_ln785_47_fu_8501_p2       |       and|   0|  0|    2|           1|           1|
    |and_ln785_48_fu_8559_p2       |       and|   0|  0|    2|           1|           1|
    |and_ln785_49_fu_8720_p2       |       and|   0|  0|    2|           1|           1|
    |and_ln785_4_fu_4407_p2        |       and|   0|  0|    2|           1|           1|
    |and_ln785_50_fu_8655_p2       |       and|   0|  0|    2|           1|           1|
    |and_ln785_51_fu_8778_p2       |       and|   0|  0|    2|           1|           1|
    |and_ln785_52_fu_8842_p2       |       and|   0|  0|    2|           1|           1|
    |and_ln785_53_fu_8908_p2       |       and|   0|  0|    2|           1|           1|
    |and_ln785_5_fu_4069_p2        |       and|   0|  0|    2|           1|           1|
    |and_ln785_6_fu_4127_p2        |       and|   0|  0|    2|           1|           1|
    |and_ln785_7_fu_4465_p2        |       and|   0|  0|    2|           1|           1|
    |and_ln785_8_fu_4523_p2        |       and|   0|  0|    2|           1|           1|
    |and_ln785_9_fu_4957_p2        |       and|   0|  0|    2|           1|           1|
    |and_ln785_fu_3577_p2          |       and|   0|  0|    2|           1|           1|
    |and_ln786_10_fu_4629_p2       |       and|   0|  0|    2|           1|           1|
    |and_ln786_11_fu_4687_p2       |       and|   0|  0|    2|           1|           1|
    |and_ln786_12_fu_5025_p2       |       and|   0|  0|    2|           1|           1|
    |and_ln786_13_fu_5083_p2       |       and|   0|  0|    2|           1|           1|
    |and_ln786_14_fu_5517_p2       |       and|   0|  0|    2|           1|           1|
    |and_ln786_15_fu_5179_p2       |       and|   0|  0|    2|           1|           1|
    |and_ln786_16_fu_5237_p2       |       and|   0|  0|    2|           1|           1|
    |and_ln786_17_fu_5575_p2       |       and|   0|  0|    2|           1|           1|
    |and_ln786_18_fu_5633_p2       |       and|   0|  0|    2|           1|           1|
    |and_ln786_19_fu_6047_p2       |       and|   0|  0|    2|           1|           1|
    |and_ln786_1_fu_3645_p2        |       and|   0|  0|    2|           1|           1|
    |and_ln786_20_fu_5729_p2       |       and|   0|  0|    2|           1|           1|
    |and_ln786_21_fu_5787_p2       |       and|   0|  0|    2|           1|           1|
    |and_ln786_22_fu_6105_p2       |       and|   0|  0|    2|           1|           1|
    |and_ln786_23_fu_6163_p2       |       and|   0|  0|    2|           1|           1|
    |and_ln786_24_fu_6557_p2       |       and|   0|  0|    2|           1|           1|
    |and_ln786_25_fu_6259_p2       |       and|   0|  0|    2|           1|           1|
    |and_ln786_26_fu_6317_p2       |       and|   0|  0|    2|           1|           1|
    |and_ln786_27_fu_6615_p2       |       and|   0|  0|    2|           1|           1|
    |and_ln786_28_fu_6673_p2       |       and|   0|  0|    2|           1|           1|
    |and_ln786_29_fu_7049_p2       |       and|   0|  0|    2|           1|           1|
    |and_ln786_2_fu_3926_p2        |       and|   0|  0|    2|           1|           1|
    |and_ln786_30_fu_6769_p2       |       and|   0|  0|    2|           1|           1|
    |and_ln786_31_fu_6827_p2       |       and|   0|  0|    2|           1|           1|
    |and_ln786_32_fu_7107_p2       |       and|   0|  0|    2|           1|           1|
    |and_ln786_33_fu_7165_p2       |       and|   0|  0|    2|           1|           1|
    |and_ln786_34_fu_7533_p2       |       and|   0|  0|    2|           1|           1|
    |and_ln786_35_fu_7261_p2       |       and|   0|  0|    2|           1|           1|
    |and_ln786_36_fu_7319_p2       |       and|   0|  0|    2|           1|           1|
    |and_ln786_37_fu_7591_p2       |       and|   0|  0|    2|           1|           1|
    |and_ln786_38_fu_7649_p2       |       and|   0|  0|    2|           1|           1|
    |and_ln786_39_fu_8013_p2       |       and|   0|  0|    2|           1|           1|
    |and_ln786_3_fu_3984_p2        |       and|   0|  0|    2|           1|           1|
    |and_ln786_40_fu_7745_p2       |       and|   0|  0|    2|           1|           1|
    |and_ln786_41_fu_7803_p2       |       and|   0|  0|    2|           1|           1|
    |and_ln786_42_fu_8071_p2       |       and|   0|  0|    2|           1|           1|
    |and_ln786_43_fu_8129_p2       |       and|   0|  0|    2|           1|           1|
    |and_ln786_44_fu_8453_p2       |       and|   0|  0|    2|           1|           1|
    |and_ln786_45_fu_8225_p2       |       and|   0|  0|    2|           1|           1|
    |and_ln786_46_fu_8283_p2       |       and|   0|  0|    2|           1|           1|
    |and_ln786_47_fu_8511_p2       |       and|   0|  0|    2|           1|           1|
    |and_ln786_48_fu_8569_p2       |       and|   0|  0|    2|           1|           1|
    |and_ln786_49_fu_8730_p2       |       and|   0|  0|    2|           1|           1|
    |and_ln786_4_fu_4417_p2        |       and|   0|  0|    2|           1|           1|
    |and_ln786_5_fu_4079_p2        |       and|   0|  0|    2|           1|           1|
    |and_ln786_6_fu_4137_p2        |       and|   0|  0|    2|           1|           1|
    |and_ln786_7_fu_4475_p2        |       and|   0|  0|    2|           1|           1|
    |and_ln786_8_fu_4533_p2        |       and|   0|  0|    2|           1|           1|
    |and_ln786_9_fu_4967_p2        |       and|   0|  0|    2|           1|           1|
    |and_ln786_fu_3587_p2          |       and|   0|  0|    2|           1|           1|
    |and_ln949_1_fu_9522_p2        |       and|   0|  0|    2|           1|           1|
    |and_ln949_fu_9493_p2          |       and|   0|  0|   40|          40|          40|
    |neg_src_1_fu_2598_p2          |       and|   0|  0|    2|           1|           1|
    |overflow_1_fu_8990_p2         |       and|   0|  0|    2|           1|           1|
    |overflow_3_fu_9225_p2         |       and|   0|  0|    2|           1|           1|
    |overflow_4_fu_9341_p2         |       and|   0|  0|    2|           1|           1|
    |overflow_fu_2615_p2           |       and|   0|  0|    2|           1|           1|
    |underflow_1_fu_9014_p2        |       and|   0|  0|    2|           1|           1|
    |underflow_2_fu_9241_p2        |       and|   0|  0|    2|           1|           1|
    |underflow_fu_2630_p2          |       and|   0|  0|    2|           1|           1|
    |ashr_ln586_fu_2367_p2         |      ashr|   0|  0|  161|          54|          54|
    |Range2_all_ones_fu_2482_p2    |      icmp|   0|  0|   25|          54|          54|
    |empty_31_fu_1988_p2           |      icmp|   0|  0|   10|           7|           3|
    |icmp_ln1497_fu_9119_p2        |      icmp|   0|  0|   15|          23|          19|
    |icmp_ln200_fu_1947_p2         |      icmp|   0|  0|   10|           7|           7|
    |icmp_ln204_fu_2060_p2         |      icmp|   0|  0|   18|          32|          32|
    |icmp_ln211_fu_2065_p2         |      icmp|   0|  0|   10|           7|           1|
    |icmp_ln220_fu_2917_p2         |      icmp|   0|  0|    9|           3|           4|
    |icmp_ln571_fu_2031_p2         |      icmp|   0|  0|   28|          63|           1|
    |icmp_ln581_1_fu_2395_p2       |      icmp|   0|  0|   12|          12|           4|
    |icmp_ln581_fu_2235_p2         |      icmp|   0|  0|   11|           8|           1|
    |icmp_ln582_fu_2261_p2         |      icmp|   0|  0|   12|          12|           4|
    |icmp_ln585_fu_2358_p2         |      icmp|   0|  0|   12|          12|           6|
    |icmp_ln603_fu_2281_p2         |      icmp|   0|  0|   11|           8|           1|
    |icmp_ln611_fu_2305_p2         |      icmp|   0|  0|   12|          12|           1|
    |icmp_ln621_1_fu_2335_p2       |      icmp|   0|  0|   12|          12|           6|
    |icmp_ln621_fu_2321_p2         |      icmp|   0|  0|   12|          12|           6|
    |icmp_ln631_1_fu_2472_p2       |      icmp|   0|  0|   12|          12|           6|
    |icmp_ln631_fu_2467_p2         |      icmp|   0|  0|   12|          12|           6|
    |icmp_ln641_fu_2518_p2         |      icmp|   0|  0|   25|          54|           1|
    |icmp_ln642_fu_2529_p2         |      icmp|   0|  0|   12|          12|           6|
    |icmp_ln768_1_fu_9204_p2       |      icmp|   0|  0|    8|           3|           1|
    |icmp_ln768_fu_8972_p2         |      icmp|   0|  0|   10|           6|           1|
    |icmp_ln786_1_fu_9210_p2       |      icmp|   0|  0|    8|           3|           2|
    |icmp_ln786_fu_9002_p2         |      icmp|   0|  0|   10|           6|           2|
    |icmp_ln935_fu_9608_p2         |      icmp|   0|  0|   21|          40|           1|
    |icmp_ln946_fu_9458_p2         |      icmp|   0|  0|   17|          31|           1|
    |icmp_ln949_fu_9498_p2         |      icmp|   0|  0|   21|          40|           1|
    |icmp_ln954_fu_9517_p2         |      icmp|   0|  0|   18|          32|           1|
    |Range2_V_1_fu_2413_p2         |      lshr|   0|  0|  161|          54|          54|
    |lshr_ln947_fu_9472_p2         |      lshr|   0|  0|  133|           2|          40|
    |lshr_ln954_fu_9565_p2         |      lshr|   0|  0|  133|          40|          40|
    |r_fu_2477_p2                  |      lshr|   0|  0|  161|           2|          54|
    |or_ln340_10_fu_3999_p2        |        or|   0|  0|    2|           1|           1|
    |or_ln340_11_fu_4432_p2        |        or|   0|  0|    2|           1|           1|
    |or_ln340_12_fu_4094_p2        |        or|   0|  0|    2|           1|           1|
    |or_ln340_13_fu_4152_p2        |        or|   0|  0|    2|           1|           1|
    |or_ln340_14_fu_4490_p2        |        or|   0|  0|    2|           1|           1|
    |or_ln340_15_fu_4548_p2        |        or|   0|  0|    2|           1|           1|
    |or_ln340_16_fu_4982_p2        |        or|   0|  0|    2|           1|           1|
    |or_ln340_17_fu_4644_p2        |        or|   0|  0|    2|           1|           1|
    |or_ln340_18_fu_4702_p2        |        or|   0|  0|    2|           1|           1|
    |or_ln340_19_fu_5040_p2        |        or|   0|  0|    2|           1|           1|
    |or_ln340_1_fu_2650_p2         |        or|   0|  0|    2|           1|           1|
    |or_ln340_20_fu_5098_p2        |        or|   0|  0|    2|           1|           1|
    |or_ln340_21_fu_5532_p2        |        or|   0|  0|    2|           1|           1|
    |or_ln340_22_fu_5194_p2        |        or|   0|  0|    2|           1|           1|
    |or_ln340_23_fu_5252_p2        |        or|   0|  0|    2|           1|           1|
    |or_ln340_24_fu_5590_p2        |        or|   0|  0|    2|           1|           1|
    |or_ln340_25_fu_5648_p2        |        or|   0|  0|    2|           1|           1|
    |or_ln340_26_fu_6062_p2        |        or|   0|  0|    2|           1|           1|
    |or_ln340_27_fu_5744_p2        |        or|   0|  0|    2|           1|           1|
    |or_ln340_28_fu_5802_p2        |        or|   0|  0|    2|           1|           1|
    |or_ln340_29_fu_6120_p2        |        or|   0|  0|    2|           1|           1|
    |or_ln340_2_fu_9020_p2         |        or|   0|  0|    2|           1|           1|
    |or_ln340_30_fu_6178_p2        |        or|   0|  0|    2|           1|           1|
    |or_ln340_31_fu_6572_p2        |        or|   0|  0|    2|           1|           1|
    |or_ln340_32_fu_6274_p2        |        or|   0|  0|    2|           1|           1|
    |or_ln340_33_fu_6332_p2        |        or|   0|  0|    2|           1|           1|
    |or_ln340_34_fu_6630_p2        |        or|   0|  0|    2|           1|           1|
    |or_ln340_35_fu_6688_p2        |        or|   0|  0|    2|           1|           1|
    |or_ln340_36_fu_7064_p2        |        or|   0|  0|    2|           1|           1|
    |or_ln340_37_fu_6784_p2        |        or|   0|  0|    2|           1|           1|
    |or_ln340_38_fu_6842_p2        |        or|   0|  0|    2|           1|           1|
    |or_ln340_39_fu_7122_p2        |        or|   0|  0|    2|           1|           1|
    |or_ln340_3_fu_9029_p2         |        or|   0|  0|    2|           1|           1|
    |or_ln340_40_fu_7180_p2        |        or|   0|  0|    2|           1|           1|
    |or_ln340_41_fu_7548_p2        |        or|   0|  0|    2|           1|           1|
    |or_ln340_42_fu_7276_p2        |        or|   0|  0|    2|           1|           1|
    |or_ln340_43_fu_7334_p2        |        or|   0|  0|    2|           1|           1|
    |or_ln340_44_fu_7606_p2        |        or|   0|  0|    2|           1|           1|
    |or_ln340_45_fu_7664_p2        |        or|   0|  0|    2|           1|           1|
    |or_ln340_46_fu_8028_p2        |        or|   0|  0|    2|           1|           1|
    |or_ln340_47_fu_7760_p2        |        or|   0|  0|    2|           1|           1|
    |or_ln340_48_fu_7818_p2        |        or|   0|  0|    2|           1|           1|
    |or_ln340_49_fu_8086_p2        |        or|   0|  0|    2|           1|           1|
    |or_ln340_4_fu_9246_p2         |        or|   0|  0|    2|           1|           1|
    |or_ln340_50_fu_8144_p2        |        or|   0|  0|    2|           1|           1|
    |or_ln340_51_fu_8468_p2        |        or|   0|  0|    2|           1|           1|
    |or_ln340_52_fu_8240_p2        |        or|   0|  0|    2|           1|           1|
    |or_ln340_53_fu_8298_p2        |        or|   0|  0|    2|           1|           1|
    |or_ln340_54_fu_8526_p2        |        or|   0|  0|    2|           1|           1|
    |or_ln340_55_fu_8584_p2        |        or|   0|  0|    2|           1|           1|
    |or_ln340_56_fu_8745_p2        |        or|   0|  0|    2|           1|           1|
    |or_ln340_5_fu_9255_p2         |        or|   0|  0|    2|           1|           1|
    |or_ln340_6_fu_2645_p2         |        or|   0|  0|    2|           1|           1|
    |or_ln340_7_fu_3602_p2         |        or|   0|  0|    2|           1|           1|
    |or_ln340_8_fu_3660_p2         |        or|   0|  0|    2|           1|           1|
    |or_ln340_9_fu_3941_p2         |        or|   0|  0|    2|           1|           1|
    |or_ln340_fu_2635_p2           |        or|   0|  0|    2|           1|           1|
    |or_ln611_fu_2688_p2           |        or|   0|  0|    2|           1|           1|
    |or_ln621_1_fu_2579_p2         |        or|   0|  0|    2|           1|           1|
    |or_ln621_fu_2554_p2           |        or|   0|  0|    2|           1|           1|
    |or_ln639_fu_2593_p2           |        or|   0|  0|    2|           1|           1|
    |or_ln658_fu_2609_p2           |        or|   0|  0|    2|           1|           1|
    |or_ln785_1_fu_9216_p2         |        or|   0|  0|    2|           1|           1|
    |or_ln785_fu_8978_p2           |        or|   0|  0|    2|           1|           1|
    |or_ln786_1_fu_9236_p2         |        or|   0|  0|    2|           1|           1|
    |or_ln786_fu_9008_p2           |        or|   0|  0|    2|           1|           1|
    |or_ln949_1_fu_9487_p2         |        or|   0|  0|   40|          40|          40|
    |sign_V_fu_9149_p2             |        or|   0|  0|   24|          23|          24|
    |Range2_all_ones_2_fu_2500_p3  |    select|   0|  0|    2|           1|           1|
    |a_V_fu_9093_p3                |    select|   0|  0|   23|           1|          23|
    |acc_V_fu_9361_p3              |    select|   0|  0|   40|           1|          40|
    |deleted_ones_fu_2585_p3       |    select|   0|  0|    2|           1|           1|
    |deleted_zeros_fu_2571_p3      |    select|   0|  0|    2|           1|           1|
    |idx_urem_fu_1994_p3           |    select|   0|  0|    7|           1|           7|
    |m_fu_9570_p3                  |    select|   0|  0|   40|           1|          40|
    |man_V_fu_2212_p3              |    select|   0|  0|   54|           1|          54|
    |out_r                         |    select|   0|  0|   32|           1|           1|
    |p_Val2_1_fu_2447_p3           |    select|   0|  0|   16|           1|          16|
    |select_ln1497_fu_9281_p3      |    select|   0|  0|   24|           1|          24|
    |select_ln340_100_fu_8106_p3   |    select|   0|  0|   40|           1|          40|
    |select_ln340_101_fu_8164_p3   |    select|   0|  0|   40|           1|          40|
    |select_ln340_102_fu_8488_p3   |    select|   0|  0|   40|           1|          40|
    |select_ln340_103_fu_8260_p3   |    select|   0|  0|   40|           1|          40|
    |select_ln340_104_fu_8318_p3   |    select|   0|  0|   40|           1|          40|
    |select_ln340_105_fu_8546_p3   |    select|   0|  0|   40|           1|          40|
    |select_ln340_106_fu_8604_p3   |    select|   0|  0|   40|           1|          40|
    |select_ln340_107_fu_8765_p3   |    select|   0|  0|   40|           1|          40|
    |select_ln340_109_fu_9260_p3   |    select|   0|  0|   24|           1|          23|
    |select_ln340_10_fu_4019_p3    |    select|   0|  0|   40|           1|          40|
    |select_ln340_110_fu_9273_p3   |    select|   0|  0|   24|           1|          24|
    |select_ln340_11_fu_4438_p3    |    select|   0|  0|   40|           1|          39|
    |select_ln340_12_fu_4452_p3    |    select|   0|  0|   40|           1|          40|
    |select_ln340_13_fu_4100_p3    |    select|   0|  0|   40|           1|          39|
    |select_ln340_14_fu_4114_p3    |    select|   0|  0|   40|           1|          40|
    |select_ln340_15_fu_4158_p3    |    select|   0|  0|   40|           1|          39|
    |select_ln340_16_fu_4172_p3    |    select|   0|  0|   40|           1|          40|
    |select_ln340_17_fu_4496_p3    |    select|   0|  0|   40|           1|          39|
    |select_ln340_18_fu_4510_p3    |    select|   0|  0|   40|           1|          40|
    |select_ln340_19_fu_4554_p3    |    select|   0|  0|   40|           1|          39|
    |select_ln340_1_fu_9034_p3     |    select|   0|  0|   24|           1|          23|
    |select_ln340_20_fu_4568_p3    |    select|   0|  0|   40|           1|          40|
    |select_ln340_21_fu_4988_p3    |    select|   0|  0|   40|           1|          39|
    |select_ln340_22_fu_5002_p3    |    select|   0|  0|   40|           1|          40|
    |select_ln340_23_fu_4650_p3    |    select|   0|  0|   40|           1|          39|
    |select_ln340_24_fu_4664_p3    |    select|   0|  0|   40|           1|          40|
    |select_ln340_25_fu_4708_p3    |    select|   0|  0|   40|           1|          39|
    |select_ln340_26_fu_5046_p3    |    select|   0|  0|   40|           1|          39|
    |select_ln340_27_fu_5104_p3    |    select|   0|  0|   40|           1|          39|
    |select_ln340_28_fu_5538_p3    |    select|   0|  0|   40|           1|          39|
    |select_ln340_29_fu_5200_p3    |    select|   0|  0|   40|           1|          39|
    |select_ln340_2_fu_2680_p3     |    select|   0|  0|   16|           1|          16|
    |select_ln340_30_fu_5258_p3    |    select|   0|  0|   40|           1|          39|
    |select_ln340_31_fu_5596_p3    |    select|   0|  0|   40|           1|          39|
    |select_ln340_32_fu_5654_p3    |    select|   0|  0|   40|           1|          39|
    |select_ln340_33_fu_6068_p3    |    select|   0|  0|   40|           1|          39|
    |select_ln340_34_fu_5750_p3    |    select|   0|  0|   40|           1|          39|
    |select_ln340_35_fu_5808_p3    |    select|   0|  0|   40|           1|          39|
    |select_ln340_36_fu_6126_p3    |    select|   0|  0|   40|           1|          39|
    |select_ln340_37_fu_6184_p3    |    select|   0|  0|   40|           1|          39|
    |select_ln340_38_fu_6578_p3    |    select|   0|  0|   40|           1|          39|
    |select_ln340_39_fu_6280_p3    |    select|   0|  0|   40|           1|          39|
    |select_ln340_3_fu_3608_p3     |    select|   0|  0|   40|           1|          39|
    |select_ln340_40_fu_6338_p3    |    select|   0|  0|   40|           1|          39|
    |select_ln340_41_fu_6636_p3    |    select|   0|  0|   40|           1|          39|
    |select_ln340_42_fu_6694_p3    |    select|   0|  0|   40|           1|          39|
    |select_ln340_43_fu_7070_p3    |    select|   0|  0|   40|           1|          39|
    |select_ln340_44_fu_6790_p3    |    select|   0|  0|   40|           1|          39|
    |select_ln340_45_fu_6848_p3    |    select|   0|  0|   40|           1|          39|
    |select_ln340_46_fu_7128_p3    |    select|   0|  0|   40|           1|          39|
    |select_ln340_47_fu_7186_p3    |    select|   0|  0|   40|           1|          39|
    |select_ln340_48_fu_7554_p3    |    select|   0|  0|   40|           1|          39|
    |select_ln340_49_fu_7282_p3    |    select|   0|  0|   40|           1|          39|
    |select_ln340_4_fu_3622_p3     |    select|   0|  0|   40|           1|          40|
    |select_ln340_50_fu_7340_p3    |    select|   0|  0|   40|           1|          39|
    |select_ln340_51_fu_7612_p3    |    select|   0|  0|   40|           1|          39|
    |select_ln340_52_fu_7670_p3    |    select|   0|  0|   40|           1|          39|
    |select_ln340_53_fu_8034_p3    |    select|   0|  0|   40|           1|          39|
    |select_ln340_54_fu_7766_p3    |    select|   0|  0|   40|           1|          39|
    |select_ln340_55_fu_7824_p3    |    select|   0|  0|   40|           1|          39|
    |select_ln340_56_fu_8092_p3    |    select|   0|  0|   40|           1|          39|
    |select_ln340_57_fu_8150_p3    |    select|   0|  0|   40|           1|          39|
    |select_ln340_58_fu_8474_p3    |    select|   0|  0|   40|           1|          39|
    |select_ln340_59_fu_8246_p3    |    select|   0|  0|   40|           1|          39|
    |select_ln340_5_fu_3666_p3     |    select|   0|  0|   40|           1|          39|
    |select_ln340_60_fu_8304_p3    |    select|   0|  0|   40|           1|          39|
    |select_ln340_61_fu_8532_p3    |    select|   0|  0|   40|           1|          39|
    |select_ln340_62_fu_8590_p3    |    select|   0|  0|   40|           1|          39|
    |select_ln340_63_fu_8751_p3    |    select|   0|  0|   40|           1|          39|
    |select_ln340_64_fu_8672_p3    |    select|   0|  0|   40|           1|          40|
    |select_ln340_65_fu_8795_p3    |    select|   0|  0|   40|           1|          40|
    |select_ln340_66_fu_8862_p3    |    select|   0|  0|   40|           1|          40|
    |select_ln340_67_fu_8928_p3    |    select|   0|  0|   40|           1|          40|
    |select_ln340_68_fu_4722_p3    |    select|   0|  0|   40|           1|          40|
    |select_ln340_69_fu_9085_p3    |    select|   0|  0|   23|           1|           2|
    |select_ln340_6_fu_3680_p3     |    select|   0|  0|   40|           1|          40|
    |select_ln340_70_fu_5060_p3    |    select|   0|  0|   40|           1|          40|
    |select_ln340_71_fu_5118_p3    |    select|   0|  0|   40|           1|          40|
    |select_ln340_72_fu_5552_p3    |    select|   0|  0|   40|           1|          40|
    |select_ln340_73_fu_5214_p3    |    select|   0|  0|   40|           1|          40|
    |select_ln340_74_fu_5272_p3    |    select|   0|  0|   40|           1|          40|
    |select_ln340_75_fu_5610_p3    |    select|   0|  0|   40|           1|          40|
    |select_ln340_76_fu_5668_p3    |    select|   0|  0|   40|           1|          40|
    |select_ln340_77_fu_6082_p3    |    select|   0|  0|   40|           1|          40|
    |select_ln340_78_fu_5764_p3    |    select|   0|  0|   40|           1|          40|
    |select_ln340_79_fu_5822_p3    |    select|   0|  0|   40|           1|          40|
    |select_ln340_7_fu_3947_p3     |    select|   0|  0|   40|           1|          39|
    |select_ln340_80_fu_6140_p3    |    select|   0|  0|   40|           1|          40|
    |select_ln340_81_fu_6198_p3    |    select|   0|  0|   40|           1|          40|
    |select_ln340_82_fu_6592_p3    |    select|   0|  0|   40|           1|          40|
    |select_ln340_83_fu_6294_p3    |    select|   0|  0|   40|           1|          40|
    |select_ln340_84_fu_6352_p3    |    select|   0|  0|   40|           1|          40|
    |select_ln340_85_fu_6650_p3    |    select|   0|  0|   40|           1|          40|
    |select_ln340_86_fu_6708_p3    |    select|   0|  0|   40|           1|          40|
    |select_ln340_87_fu_7084_p3    |    select|   0|  0|   40|           1|          40|
    |select_ln340_88_fu_6804_p3    |    select|   0|  0|   40|           1|          40|
    |select_ln340_89_fu_6862_p3    |    select|   0|  0|   40|           1|          40|
    |select_ln340_8_fu_3961_p3     |    select|   0|  0|   40|           1|          40|
    |select_ln340_90_fu_7142_p3    |    select|   0|  0|   40|           1|          40|
    |select_ln340_91_fu_7200_p3    |    select|   0|  0|   40|           1|          40|
    |select_ln340_92_fu_7568_p3    |    select|   0|  0|   40|           1|          40|
    |select_ln340_93_fu_7296_p3    |    select|   0|  0|   40|           1|          40|
    |select_ln340_94_fu_7354_p3    |    select|   0|  0|   40|           1|          40|
    |select_ln340_95_fu_7626_p3    |    select|   0|  0|   40|           1|          40|
    |select_ln340_96_fu_7684_p3    |    select|   0|  0|   40|           1|          40|
    |select_ln340_97_fu_8048_p3    |    select|   0|  0|   40|           1|          40|
    |select_ln340_98_fu_7780_p3    |    select|   0|  0|   40|           1|          40|
    |select_ln340_99_fu_7838_p3    |    select|   0|  0|   40|           1|          40|
    |select_ln340_9_fu_4005_p3     |    select|   0|  0|   40|           1|          39|
    |select_ln340_fu_2656_p3       |    select|   0|  0|   16|           1|          15|
    |select_ln384_1_fu_8787_p3     |    select|   0|  0|   41|           1|          39|
    |select_ln384_2_fu_8854_p3     |    select|   0|  0|   41|           1|          39|
    |select_ln384_3_fu_8920_p3     |    select|   0|  0|   41|           1|          39|
    |select_ln384_4_fu_9353_p3     |    select|   0|  0|   41|           1|          39|
    |select_ln384_fu_8664_p3       |    select|   0|  0|   41|           1|          39|
    |select_ln388_10_fu_4561_p3    |    select|   0|  0|   41|           1|          41|
    |select_ln388_11_fu_4995_p3    |    select|   0|  0|   41|           1|          41|
    |select_ln388_12_fu_4657_p3    |    select|   0|  0|   41|           1|          41|
    |select_ln388_13_fu_4715_p3    |    select|   0|  0|   41|           1|          41|
    |select_ln388_14_fu_5053_p3    |    select|   0|  0|   41|           1|          41|
    |select_ln388_15_fu_5111_p3    |    select|   0|  0|   41|           1|          41|
    |select_ln388_16_fu_5545_p3    |    select|   0|  0|   41|           1|          41|
    |select_ln388_17_fu_5207_p3    |    select|   0|  0|   41|           1|          41|
    |select_ln388_18_fu_5265_p3    |    select|   0|  0|   41|           1|          41|
    |select_ln388_19_fu_5603_p3    |    select|   0|  0|   41|           1|          41|
    |select_ln388_1_fu_9041_p3     |    select|   0|  0|   25|           1|          25|
    |select_ln388_20_fu_5661_p3    |    select|   0|  0|   41|           1|          41|
    |select_ln388_21_fu_6075_p3    |    select|   0|  0|   41|           1|          41|
    |select_ln388_22_fu_5757_p3    |    select|   0|  0|   41|           1|          41|
    |select_ln388_23_fu_5815_p3    |    select|   0|  0|   41|           1|          41|
    |select_ln388_24_fu_6133_p3    |    select|   0|  0|   41|           1|          41|
    |select_ln388_25_fu_6191_p3    |    select|   0|  0|   41|           1|          41|
    |select_ln388_26_fu_6585_p3    |    select|   0|  0|   41|           1|          41|
    |select_ln388_27_fu_6287_p3    |    select|   0|  0|   41|           1|          41|
    |select_ln388_28_fu_6345_p3    |    select|   0|  0|   41|           1|          41|
    |select_ln388_29_fu_6643_p3    |    select|   0|  0|   41|           1|          41|
    |select_ln388_2_fu_3615_p3     |    select|   0|  0|   41|           1|          41|
    |select_ln388_30_fu_6701_p3    |    select|   0|  0|   41|           1|          41|
    |select_ln388_31_fu_7077_p3    |    select|   0|  0|   41|           1|          41|
    |select_ln388_32_fu_6797_p3    |    select|   0|  0|   41|           1|          41|
    |select_ln388_33_fu_6855_p3    |    select|   0|  0|   41|           1|          41|
    |select_ln388_34_fu_7135_p3    |    select|   0|  0|   41|           1|          41|
    |select_ln388_35_fu_7193_p3    |    select|   0|  0|   41|           1|          41|
    |select_ln388_36_fu_7561_p3    |    select|   0|  0|   41|           1|          41|
    |select_ln388_37_fu_7289_p3    |    select|   0|  0|   41|           1|          41|
    |select_ln388_38_fu_7347_p3    |    select|   0|  0|   41|           1|          41|
    |select_ln388_39_fu_7619_p3    |    select|   0|  0|   41|           1|          41|
    |select_ln388_3_fu_3673_p3     |    select|   0|  0|   41|           1|          41|
    |select_ln388_40_fu_7677_p3    |    select|   0|  0|   41|           1|          41|
    |select_ln388_41_fu_8041_p3    |    select|   0|  0|   41|           1|          41|
    |select_ln388_42_fu_7773_p3    |    select|   0|  0|   41|           1|          41|
    |select_ln388_43_fu_7831_p3    |    select|   0|  0|   41|           1|          41|
    |select_ln388_44_fu_8099_p3    |    select|   0|  0|   41|           1|          41|
    |select_ln388_45_fu_8157_p3    |    select|   0|  0|   41|           1|          41|
    |select_ln388_46_fu_8481_p3    |    select|   0|  0|   41|           1|          41|
    |select_ln388_47_fu_8253_p3    |    select|   0|  0|   41|           1|          41|
    |select_ln388_48_fu_8311_p3    |    select|   0|  0|   41|           1|          41|
    |select_ln388_49_fu_8539_p3    |    select|   0|  0|   41|           1|          41|
    |select_ln388_4_fu_3954_p3     |    select|   0|  0|   41|           1|          41|
    |select_ln388_50_fu_8597_p3    |    select|   0|  0|   41|           1|          41|
    |select_ln388_51_fu_8758_p3    |    select|   0|  0|   41|           1|          41|
    |select_ln388_52_fu_9267_p3    |    select|   0|  0|   25|           1|          25|
    |select_ln388_5_fu_4012_p3     |    select|   0|  0|   41|           1|          41|
    |select_ln388_6_fu_4445_p3     |    select|   0|  0|   41|           1|          41|
    |select_ln388_7_fu_4107_p3     |    select|   0|  0|   41|           1|          41|
    |select_ln388_8_fu_4165_p3     |    select|   0|  0|   41|           1|          41|
    |select_ln388_9_fu_4503_p3     |    select|   0|  0|   41|           1|          41|
    |select_ln388_fu_2663_p3       |    select|   0|  0|   17|           1|          17|
    |select_ln571_fu_2699_p3       |    select|   0|  0|   16|           1|           1|
    |select_ln582_fu_2376_p3       |    select|   0|  0|   16|           1|          16|
    |select_ln585_fu_2387_p3       |    select|   0|  0|   16|           1|          16|
    |select_ln588_fu_2042_p3       |    select|   0|  0|    2|           1|           2|
    |select_ln603_fu_2430_p3       |    select|   0|  0|   16|           1|          16|
    |select_ln611_fu_2692_p3       |    select|   0|  0|   16|           1|          16|
    |select_ln642_1_fu_2542_p3     |    select|   0|  0|    2|           1|           1|
    |select_ln642_fu_2534_p3       |    select|   0|  0|    2|           1|           1|
    |select_ln943_fu_9617_p3       |    select|   0|  0|    7|           1|           7|
    |select_ln946_fu_9527_p3       |    select|   0|  0|    2|           1|           1|
    |select_ln954_fu_9534_p3       |    select|   0|  0|    2|           1|           1|
    |sh_amt_fu_2253_p3             |    select|   0|  0|   12|           1|          12|
    |tmp_V_2_fu_9383_p3            |    select|   0|  0|   40|           1|          40|
    |x_V_fu_9047_p3                |    select|   0|  0|   24|           1|          24|
    |shl_ln604_fu_2421_p2          |       shl|   0|  0|   35|          16|          16|
    |shl_ln949_fu_9481_p2          |       shl|   0|  0|  133|           1|          40|
    |shl_ln955_fu_9551_p2          |       shl|   0|  0|  133|          40|          40|
    |Range1_all_zeros_fu_2513_p2   |       xor|   0|  0|    2|           2|           1|
    |Range2_all_ones_1_fu_2494_p2  |       xor|   0|  0|    2|           1|           2|
    |ap_enable_pp1                 |       xor|   0|  0|    2|           1|           2|
    |ap_enable_pp2                 |       xor|   0|  0|    2|           1|           2|
    |xor_ln340_100_fu_8574_p2      |       xor|   0|  0|    2|           1|           1|
    |xor_ln340_101_fu_8578_p2      |       xor|   0|  0|    2|           1|           2|
    |xor_ln340_102_fu_8735_p2      |       xor|   0|  0|    2|           1|           1|
    |xor_ln340_103_fu_8739_p2      |       xor|   0|  0|    2|           1|           2|
    |xor_ln340_104_fu_8660_p2      |       xor|   0|  0|    2|           1|           1|
    |xor_ln340_105_fu_8783_p2      |       xor|   0|  0|    2|           1|           1|
    |xor_ln340_106_fu_8848_p2      |       xor|   0|  0|    2|           1|           1|
    |xor_ln340_107_fu_8914_p2      |       xor|   0|  0|    2|           1|           1|
    |xor_ln340_10_fu_4426_p2       |       xor|   0|  0|    2|           1|           2|
    |xor_ln340_11_fu_4084_p2       |       xor|   0|  0|    2|           1|           1|
    |xor_ln340_12_fu_4088_p2       |       xor|   0|  0|    2|           1|           2|
    |xor_ln340_13_fu_4142_p2       |       xor|   0|  0|    2|           1|           1|
    |xor_ln340_14_fu_9024_p2       |       xor|   0|  0|    2|           1|           2|
    |xor_ln340_15_fu_4146_p2       |       xor|   0|  0|    2|           1|           2|
    |xor_ln340_16_fu_4480_p2       |       xor|   0|  0|    2|           1|           1|
    |xor_ln340_17_fu_9250_p2       |       xor|   0|  0|    2|           1|           2|
    |xor_ln340_18_fu_9347_p2       |       xor|   0|  0|    2|           1|           1|
    |xor_ln340_19_fu_4484_p2       |       xor|   0|  0|    2|           1|           2|
    |xor_ln340_1_fu_3592_p2        |       xor|   0|  0|    2|           1|           1|
    |xor_ln340_20_fu_4538_p2       |       xor|   0|  0|    2|           1|           1|
    |xor_ln340_21_fu_4542_p2       |       xor|   0|  0|    2|           1|           2|
    |xor_ln340_22_fu_4972_p2       |       xor|   0|  0|    2|           1|           1|
    |xor_ln340_23_fu_4976_p2       |       xor|   0|  0|    2|           1|           2|
    |xor_ln340_24_fu_4634_p2       |       xor|   0|  0|    2|           1|           1|
    |xor_ln340_25_fu_4638_p2       |       xor|   0|  0|    2|           1|           2|
    |xor_ln340_26_fu_4692_p2       |       xor|   0|  0|    2|           1|           1|
    |xor_ln340_27_fu_4696_p2       |       xor|   0|  0|    2|           1|           2|
    |xor_ln340_28_fu_5030_p2       |       xor|   0|  0|    2|           1|           1|
    |xor_ln340_29_fu_5034_p2       |       xor|   0|  0|    2|           1|           2|
    |xor_ln340_2_fu_3596_p2        |       xor|   0|  0|    2|           1|           2|
    |xor_ln340_30_fu_5088_p2       |       xor|   0|  0|    2|           1|           1|
    |xor_ln340_31_fu_5092_p2       |       xor|   0|  0|    2|           1|           2|
    |xor_ln340_32_fu_5522_p2       |       xor|   0|  0|    2|           1|           1|
    |xor_ln340_33_fu_5526_p2       |       xor|   0|  0|    2|           1|           2|
    |xor_ln340_34_fu_5184_p2       |       xor|   0|  0|    2|           1|           1|
    |xor_ln340_35_fu_5188_p2       |       xor|   0|  0|    2|           1|           2|
    |xor_ln340_36_fu_5242_p2       |       xor|   0|  0|    2|           1|           1|
    |xor_ln340_37_fu_5246_p2       |       xor|   0|  0|    2|           1|           2|
    |xor_ln340_38_fu_5580_p2       |       xor|   0|  0|    2|           1|           1|
    |xor_ln340_39_fu_5584_p2       |       xor|   0|  0|    2|           1|           2|
    |xor_ln340_3_fu_3650_p2        |       xor|   0|  0|    2|           1|           1|
    |xor_ln340_40_fu_5638_p2       |       xor|   0|  0|    2|           1|           1|
    |xor_ln340_41_fu_5642_p2       |       xor|   0|  0|    2|           1|           2|
    |xor_ln340_42_fu_6052_p2       |       xor|   0|  0|    2|           1|           1|
    |xor_ln340_43_fu_6056_p2       |       xor|   0|  0|    2|           1|           2|
    |xor_ln340_44_fu_5734_p2       |       xor|   0|  0|    2|           1|           1|
    |xor_ln340_45_fu_5738_p2       |       xor|   0|  0|    2|           1|           2|
    |xor_ln340_46_fu_5792_p2       |       xor|   0|  0|    2|           1|           1|
    |xor_ln340_47_fu_5796_p2       |       xor|   0|  0|    2|           1|           2|
    |xor_ln340_48_fu_6110_p2       |       xor|   0|  0|    2|           1|           1|
    |xor_ln340_49_fu_6114_p2       |       xor|   0|  0|    2|           1|           2|
    |xor_ln340_4_fu_3654_p2        |       xor|   0|  0|    2|           1|           2|
    |xor_ln340_50_fu_6168_p2       |       xor|   0|  0|    2|           1|           1|
    |xor_ln340_51_fu_6172_p2       |       xor|   0|  0|    2|           1|           2|
    |xor_ln340_52_fu_6562_p2       |       xor|   0|  0|    2|           1|           1|
    |xor_ln340_53_fu_6566_p2       |       xor|   0|  0|    2|           1|           2|
    |xor_ln340_54_fu_6264_p2       |       xor|   0|  0|    2|           1|           1|
    |xor_ln340_55_fu_6268_p2       |       xor|   0|  0|    2|           1|           2|
    |xor_ln340_56_fu_6322_p2       |       xor|   0|  0|    2|           1|           1|
    |xor_ln340_57_fu_6326_p2       |       xor|   0|  0|    2|           1|           2|
    |xor_ln340_58_fu_6620_p2       |       xor|   0|  0|    2|           1|           1|
    |xor_ln340_59_fu_6624_p2       |       xor|   0|  0|    2|           1|           2|
    |xor_ln340_5_fu_3931_p2        |       xor|   0|  0|    2|           1|           1|
    |xor_ln340_60_fu_6678_p2       |       xor|   0|  0|    2|           1|           1|
    |xor_ln340_61_fu_6682_p2       |       xor|   0|  0|    2|           1|           2|
    |xor_ln340_62_fu_7054_p2       |       xor|   0|  0|    2|           1|           1|
    |xor_ln340_63_fu_7058_p2       |       xor|   0|  0|    2|           1|           2|
    |xor_ln340_64_fu_6774_p2       |       xor|   0|  0|    2|           1|           1|
    |xor_ln340_65_fu_6778_p2       |       xor|   0|  0|    2|           1|           2|
    |xor_ln340_66_fu_6832_p2       |       xor|   0|  0|    2|           1|           1|
    |xor_ln340_67_fu_6836_p2       |       xor|   0|  0|    2|           1|           2|
    |xor_ln340_68_fu_7112_p2       |       xor|   0|  0|    2|           1|           1|
    |xor_ln340_69_fu_7116_p2       |       xor|   0|  0|    2|           1|           2|
    |xor_ln340_6_fu_3935_p2        |       xor|   0|  0|    2|           1|           2|
    |xor_ln340_70_fu_7170_p2       |       xor|   0|  0|    2|           1|           1|
    |xor_ln340_71_fu_7174_p2       |       xor|   0|  0|    2|           1|           2|
    |xor_ln340_72_fu_7538_p2       |       xor|   0|  0|    2|           1|           1|
    |xor_ln340_73_fu_7542_p2       |       xor|   0|  0|    2|           1|           2|
    |xor_ln340_74_fu_7266_p2       |       xor|   0|  0|    2|           1|           1|
    |xor_ln340_75_fu_7270_p2       |       xor|   0|  0|    2|           1|           2|
    |xor_ln340_76_fu_7324_p2       |       xor|   0|  0|    2|           1|           1|
    |xor_ln340_77_fu_7328_p2       |       xor|   0|  0|    2|           1|           2|
    |xor_ln340_78_fu_7596_p2       |       xor|   0|  0|    2|           1|           1|
    |xor_ln340_79_fu_7600_p2       |       xor|   0|  0|    2|           1|           2|
    |xor_ln340_7_fu_3989_p2        |       xor|   0|  0|    2|           1|           1|
    |xor_ln340_80_fu_7654_p2       |       xor|   0|  0|    2|           1|           1|
    |xor_ln340_81_fu_7658_p2       |       xor|   0|  0|    2|           1|           2|
    |xor_ln340_82_fu_8018_p2       |       xor|   0|  0|    2|           1|           1|
    |xor_ln340_83_fu_8022_p2       |       xor|   0|  0|    2|           1|           2|
    |xor_ln340_84_fu_7750_p2       |       xor|   0|  0|    2|           1|           1|
    |xor_ln340_85_fu_7754_p2       |       xor|   0|  0|    2|           1|           2|
    |xor_ln340_86_fu_7808_p2       |       xor|   0|  0|    2|           1|           1|
    |xor_ln340_87_fu_7812_p2       |       xor|   0|  0|    2|           1|           2|
    |xor_ln340_88_fu_8076_p2       |       xor|   0|  0|    2|           1|           1|
    |xor_ln340_89_fu_8080_p2       |       xor|   0|  0|    2|           1|           2|
    |xor_ln340_8_fu_3993_p2        |       xor|   0|  0|    2|           1|           2|
    |xor_ln340_90_fu_8134_p2       |       xor|   0|  0|    2|           1|           1|
    |xor_ln340_91_fu_8138_p2       |       xor|   0|  0|    2|           1|           2|
    |xor_ln340_92_fu_8458_p2       |       xor|   0|  0|    2|           1|           1|
    |xor_ln340_93_fu_8462_p2       |       xor|   0|  0|    2|           1|           2|
    |xor_ln340_94_fu_8230_p2       |       xor|   0|  0|    2|           1|           1|
    |xor_ln340_95_fu_8234_p2       |       xor|   0|  0|    2|           1|           2|
    |xor_ln340_96_fu_8288_p2       |       xor|   0|  0|    2|           1|           1|
    |xor_ln340_97_fu_8292_p2       |       xor|   0|  0|    2|           1|           2|
    |xor_ln340_98_fu_8516_p2       |       xor|   0|  0|    2|           1|           1|
    |xor_ln340_99_fu_8520_p2       |       xor|   0|  0|    2|           1|           2|
    |xor_ln340_9_fu_4422_p2        |       xor|   0|  0|    2|           1|           1|
    |xor_ln340_fu_2640_p2          |       xor|   0|  0|    2|           1|           2|
    |xor_ln571_fu_2049_p2          |       xor|   0|  0|    2|           1|           2|
    |xor_ln582_fu_2287_p2          |       xor|   0|  0|    2|           1|           2|
    |xor_ln585_fu_2437_p2          |       xor|   0|  0|    2|           1|           2|
    |xor_ln621_1_fu_2462_p2        |       xor|   0|  0|    2|           1|           2|
    |xor_ln621_fu_2549_p2          |       xor|   0|  0|    2|           1|           2|
    |xor_ln658_1_fu_2037_p2        |       xor|   0|  0|    2|           1|           2|
    |xor_ln658_fu_2603_p2          |       xor|   0|  0|    2|           1|           2|
    |xor_ln659_fu_2624_p2          |       xor|   0|  0|    2|           2|           1|
    |xor_ln785_10_fu_4614_p2       |       xor|   0|  0|    2|           1|           2|
    |xor_ln785_11_fu_4672_p2       |       xor|   0|  0|    2|           1|           2|
    |xor_ln785_12_fu_5010_p2       |       xor|   0|  0|    2|           1|           2|
    |xor_ln785_13_fu_8984_p2       |       xor|   0|  0|    2|           1|           2|
    |xor_ln785_14_fu_5068_p2       |       xor|   0|  0|    2|           1|           2|
    |xor_ln785_15_fu_5502_p2       |       xor|   0|  0|    2|           1|           2|
    |xor_ln785_16_fu_9220_p2       |       xor|   0|  0|    2|           1|           2|
    |xor_ln785_17_fu_9335_p2       |       xor|   0|  0|    2|           1|           2|
    |xor_ln785_18_fu_5164_p2       |       xor|   0|  0|    2|           1|           2|
    |xor_ln785_19_fu_5222_p2       |       xor|   0|  0|    2|           1|           2|
    |xor_ln785_1_fu_3630_p2        |       xor|   0|  0|    2|           1|           2|
    |xor_ln785_20_fu_5560_p2       |       xor|   0|  0|    2|           1|           2|
    |xor_ln785_21_fu_5618_p2       |       xor|   0|  0|    2|           1|           2|
    |xor_ln785_22_fu_6032_p2       |       xor|   0|  0|    2|           1|           2|
    |xor_ln785_23_fu_5714_p2       |       xor|   0|  0|    2|           1|           2|
    |xor_ln785_24_fu_5772_p2       |       xor|   0|  0|    2|           1|           2|
    |xor_ln785_25_fu_6090_p2       |       xor|   0|  0|    2|           1|           2|
    |xor_ln785_26_fu_6148_p2       |       xor|   0|  0|    2|           1|           2|
    |xor_ln785_27_fu_6542_p2       |       xor|   0|  0|    2|           1|           2|
    |xor_ln785_28_fu_6244_p2       |       xor|   0|  0|    2|           1|           2|
    |xor_ln785_29_fu_6302_p2       |       xor|   0|  0|    2|           1|           2|
    |xor_ln785_2_fu_3911_p2        |       xor|   0|  0|    2|           1|           2|
    |xor_ln785_30_fu_6600_p2       |       xor|   0|  0|    2|           1|           2|
    |xor_ln785_31_fu_6658_p2       |       xor|   0|  0|    2|           1|           2|
    |xor_ln785_32_fu_7034_p2       |       xor|   0|  0|    2|           1|           2|
    |xor_ln785_33_fu_6754_p2       |       xor|   0|  0|    2|           1|           2|
    |xor_ln785_34_fu_6812_p2       |       xor|   0|  0|    2|           1|           2|
    |xor_ln785_35_fu_7092_p2       |       xor|   0|  0|    2|           1|           2|
    |xor_ln785_36_fu_7150_p2       |       xor|   0|  0|    2|           1|           2|
    |xor_ln785_37_fu_7518_p2       |       xor|   0|  0|    2|           1|           2|
    |xor_ln785_38_fu_7246_p2       |       xor|   0|  0|    2|           1|           2|
    |xor_ln785_39_fu_7304_p2       |       xor|   0|  0|    2|           1|           2|
    |xor_ln785_3_fu_3969_p2        |       xor|   0|  0|    2|           1|           2|
    |xor_ln785_40_fu_7576_p2       |       xor|   0|  0|    2|           1|           2|
    |xor_ln785_41_fu_7634_p2       |       xor|   0|  0|    2|           1|           2|
    |xor_ln785_42_fu_7998_p2       |       xor|   0|  0|    2|           1|           2|
    |xor_ln785_43_fu_7730_p2       |       xor|   0|  0|    2|           1|           2|
    |xor_ln785_44_fu_7788_p2       |       xor|   0|  0|    2|           1|           2|
    |xor_ln785_45_fu_8056_p2       |       xor|   0|  0|    2|           1|           2|
    |xor_ln785_46_fu_8114_p2       |       xor|   0|  0|    2|           1|           2|
    |xor_ln785_47_fu_8438_p2       |       xor|   0|  0|    2|           1|           2|
    |xor_ln785_48_fu_8210_p2       |       xor|   0|  0|    2|           1|           2|
    |xor_ln785_49_fu_8268_p2       |       xor|   0|  0|    2|           1|           2|
    |xor_ln785_4_fu_4402_p2        |       xor|   0|  0|    2|           1|           2|
    |xor_ln785_50_fu_8496_p2       |       xor|   0|  0|    2|           1|           2|
    |xor_ln785_51_fu_8554_p2       |       xor|   0|  0|    2|           1|           2|
    |xor_ln785_52_fu_8715_p2       |       xor|   0|  0|    2|           1|           2|
    |xor_ln785_53_fu_8650_p2       |       xor|   0|  0|    2|           1|           2|
    |xor_ln785_54_fu_8773_p2       |       xor|   0|  0|    2|           1|           2|
    |xor_ln785_55_fu_8836_p2       |       xor|   0|  0|    2|           1|           2|
    |xor_ln785_56_fu_8902_p2       |       xor|   0|  0|    2|           1|           2|
    |xor_ln785_5_fu_4064_p2        |       xor|   0|  0|    2|           1|           2|
    |xor_ln785_6_fu_4122_p2        |       xor|   0|  0|    2|           1|           2|
    |xor_ln785_7_fu_4460_p2        |       xor|   0|  0|    2|           1|           2|
    |xor_ln785_8_fu_4518_p2        |       xor|   0|  0|    2|           1|           2|
    |xor_ln785_9_fu_4952_p2        |       xor|   0|  0|    2|           1|           2|
    |xor_ln785_fu_3572_p2          |       xor|   0|  0|    2|           1|           2|
    |xor_ln786_10_fu_4624_p2       |       xor|   0|  0|    2|           1|           2|
    |xor_ln786_11_fu_4682_p2       |       xor|   0|  0|    2|           1|           2|
    |xor_ln786_12_fu_5020_p2       |       xor|   0|  0|    2|           1|           2|
    |xor_ln786_13_fu_8996_p2       |       xor|   0|  0|    2|           1|           2|
    |xor_ln786_14_fu_5078_p2       |       xor|   0|  0|    2|           1|           2|
    |xor_ln786_15_fu_5512_p2       |       xor|   0|  0|    2|           1|           2|
    |xor_ln786_16_fu_9231_p2       |       xor|   0|  0|    2|           1|           2|
    |xor_ln786_17_fu_5174_p2       |       xor|   0|  0|    2|           1|           2|
    |xor_ln786_18_fu_5232_p2       |       xor|   0|  0|    2|           1|           2|
    |xor_ln786_19_fu_5570_p2       |       xor|   0|  0|    2|           1|           2|
    |xor_ln786_1_fu_3640_p2        |       xor|   0|  0|    2|           1|           2|
    |xor_ln786_20_fu_5628_p2       |       xor|   0|  0|    2|           1|           2|
    |xor_ln786_21_fu_6042_p2       |       xor|   0|  0|    2|           1|           2|
    |xor_ln786_22_fu_5724_p2       |       xor|   0|  0|    2|           1|           2|
    |xor_ln786_23_fu_5782_p2       |       xor|   0|  0|    2|           1|           2|
    |xor_ln786_24_fu_6100_p2       |       xor|   0|  0|    2|           1|           2|
    |xor_ln786_25_fu_6158_p2       |       xor|   0|  0|    2|           1|           2|
    |xor_ln786_26_fu_6552_p2       |       xor|   0|  0|    2|           1|           2|
    |xor_ln786_27_fu_6254_p2       |       xor|   0|  0|    2|           1|           2|
    |xor_ln786_28_fu_6312_p2       |       xor|   0|  0|    2|           1|           2|
    |xor_ln786_29_fu_6610_p2       |       xor|   0|  0|    2|           1|           2|
    |xor_ln786_2_fu_3921_p2        |       xor|   0|  0|    2|           1|           2|
    |xor_ln786_30_fu_6668_p2       |       xor|   0|  0|    2|           1|           2|
    |xor_ln786_31_fu_7044_p2       |       xor|   0|  0|    2|           1|           2|
    |xor_ln786_32_fu_6764_p2       |       xor|   0|  0|    2|           1|           2|
    |xor_ln786_33_fu_6822_p2       |       xor|   0|  0|    2|           1|           2|
    |xor_ln786_34_fu_7102_p2       |       xor|   0|  0|    2|           1|           2|
    |xor_ln786_35_fu_7160_p2       |       xor|   0|  0|    2|           1|           2|
    |xor_ln786_36_fu_7528_p2       |       xor|   0|  0|    2|           1|           2|
    |xor_ln786_37_fu_7256_p2       |       xor|   0|  0|    2|           1|           2|
    |xor_ln786_38_fu_7314_p2       |       xor|   0|  0|    2|           1|           2|
    |xor_ln786_39_fu_7586_p2       |       xor|   0|  0|    2|           1|           2|
    |xor_ln786_3_fu_3979_p2        |       xor|   0|  0|    2|           1|           2|
    |xor_ln786_40_fu_7644_p2       |       xor|   0|  0|    2|           1|           2|
    |xor_ln786_41_fu_8008_p2       |       xor|   0|  0|    2|           1|           2|
    |xor_ln786_42_fu_7740_p2       |       xor|   0|  0|    2|           1|           2|
    |xor_ln786_43_fu_7798_p2       |       xor|   0|  0|    2|           1|           2|
    |xor_ln786_44_fu_8066_p2       |       xor|   0|  0|    2|           1|           2|
    |xor_ln786_45_fu_8124_p2       |       xor|   0|  0|    2|           1|           2|
    |xor_ln786_46_fu_8448_p2       |       xor|   0|  0|    2|           1|           2|
    |xor_ln786_47_fu_8220_p2       |       xor|   0|  0|    2|           1|           2|
    |xor_ln786_48_fu_8278_p2       |       xor|   0|  0|    2|           1|           2|
    |xor_ln786_49_fu_8506_p2       |       xor|   0|  0|    2|           1|           2|
    |xor_ln786_4_fu_4412_p2        |       xor|   0|  0|    2|           1|           2|
    |xor_ln786_50_fu_8564_p2       |       xor|   0|  0|    2|           1|           2|
    |xor_ln786_51_fu_8725_p2       |       xor|   0|  0|    2|           1|           2|
    |xor_ln786_5_fu_4074_p2        |       xor|   0|  0|    2|           1|           2|
    |xor_ln786_6_fu_4132_p2        |       xor|   0|  0|    2|           1|           2|
    |xor_ln786_7_fu_4470_p2        |       xor|   0|  0|    2|           1|           2|
    |xor_ln786_8_fu_4528_p2        |       xor|   0|  0|    2|           1|           2|
    |xor_ln786_9_fu_4962_p2        |       xor|   0|  0|    2|           1|           2|
    |xor_ln786_fu_3582_p2          |       xor|   0|  0|    2|           1|           2|
    |xor_ln949_fu_9511_p2          |       xor|   0|  0|    2|           1|           2|
    +------------------------------+----------+----+---+-----+------------+------------+
    |Total                         |          |   0|  0|16201|        6845|       13271|
    +------------------------------+----------+----+---+-----+------------+------------+

    * Multiplexer: 
    +-------------------------------+-----+-----------+-----+-----------+
    |              Name             | LUT | Input Size| Bits| Total Bits|
    +-------------------------------+-----+-----------+-----+-----------+
    |acc_V_3_reg_1926               |    9|          2|   40|         80|
    |ap_NS_fsm                      |  113|         23|    1|         23|
    |ap_enable_reg_pp1_iter5        |    9|          2|    1|          2|
    |ap_enable_reg_pp2_iter25       |    9|          2|    1|          2|
    |ap_enable_reg_pp2_iter29       |    9|          2|    1|          2|
    |ap_phi_mux_k_1_phi_fu_1907_p4  |    9|          2|    7|         14|
    |b_reg_1915                     |    9|          2|    3|          6|
    |hist_V_0_address0              |   53|         10|    4|         40|
    |hist_V_0_address1              |   42|          8|    4|         32|
    |hist_V_0_d0                    |   14|          3|   16|         48|
    |hist_V_1_address0              |   59|         11|    4|         44|
    |hist_V_1_address1              |   37|          7|    4|         28|
    |hist_V_1_d0                    |   14|          3|   16|         48|
    |hist_V_2_address0              |   59|         11|    4|         44|
    |hist_V_2_address1              |   37|          7|    4|         28|
    |hist_V_2_d0                    |   14|          3|   16|         48|
    |hist_V_3_address0              |   59|         11|    4|         44|
    |hist_V_3_address1              |   37|          7|    4|         28|
    |hist_V_3_d0                    |   14|          3|   16|         48|
    |hist_V_4_address0              |   59|         11|    4|         44|
    |hist_V_4_address1              |   37|          7|    4|         28|
    |hist_V_4_d0                    |   14|          3|   16|         48|
    |k_1_reg_1903                   |    9|          2|    7|         14|
    |k_reg_1859                     |    9|          2|    7|         14|
    |n_reg_1892                     |    9|          2|   32|         64|
    |phi_mul_reg_1870               |    9|          2|   14|         28|
    |phi_urem_reg_1881              |    9|          2|    7|         14|
    +-------------------------------+-----+-----------+-----+-----------+
    |Total                          |  761|        150|  241|        863|
    +-------------------------------+-----+-----------+-----+-----------+

    * Register: 
    +-----------------------------------+----+----+-----+-----------+
    |                Name               | FF | LUT| Bits| Const Bits|
    +-----------------------------------+----+----+-----+-----------+
    |F2_reg_10586                       |  12|   0|   12|          0|
    |Range1_all_ones_3_reg_10638        |   1|   0|    1|          0|
    |Range2_V_1_reg_10678               |  54|   0|   54|          0|
    |a_V_reg_13166                      |  23|   0|   23|          0|
    |acc_V_3_reg_1926                   |  40|   0|   40|          0|
    |add_ln1118_reg_11323               |   9|   0|    9|          0|
    |add_ln204_reg_10523                |  32|   0|   32|          0|
    |add_ln211_reg_10536                |   7|   0|    7|          0|
    |add_ln212_reg_10541                |   6|   0|    6|          0|
    |add_ln703_1_reg_13119              |  40|   0|   40|          0|
    |add_ln703_reg_13076                |  40|   0|   40|          0|
    |and_ln581_reg_10614                |   1|   0|    1|          0|
    |ap_CS_fsm                          |  22|   0|   22|          0|
    |ap_enable_reg_pp1_iter0            |   1|   0|    1|          0|
    |ap_enable_reg_pp1_iter1            |   1|   0|    1|          0|
    |ap_enable_reg_pp1_iter2            |   1|   0|    1|          0|
    |ap_enable_reg_pp1_iter3            |   1|   0|    1|          0|
    |ap_enable_reg_pp1_iter4            |   1|   0|    1|          0|
    |ap_enable_reg_pp1_iter5            |   1|   0|    1|          0|
    |ap_enable_reg_pp2_iter0            |   1|   0|    1|          0|
    |ap_enable_reg_pp2_iter1            |   1|   0|    1|          0|
    |ap_enable_reg_pp2_iter10           |   1|   0|    1|          0|
    |ap_enable_reg_pp2_iter11           |   1|   0|    1|          0|
    |ap_enable_reg_pp2_iter12           |   1|   0|    1|          0|
    |ap_enable_reg_pp2_iter13           |   1|   0|    1|          0|
    |ap_enable_reg_pp2_iter14           |   1|   0|    1|          0|
    |ap_enable_reg_pp2_iter15           |   1|   0|    1|          0|
    |ap_enable_reg_pp2_iter16           |   1|   0|    1|          0|
    |ap_enable_reg_pp2_iter17           |   1|   0|    1|          0|
    |ap_enable_reg_pp2_iter18           |   1|   0|    1|          0|
    |ap_enable_reg_pp2_iter19           |   1|   0|    1|          0|
    |ap_enable_reg_pp2_iter2            |   1|   0|    1|          0|
    |ap_enable_reg_pp2_iter20           |   1|   0|    1|          0|
    |ap_enable_reg_pp2_iter21           |   1|   0|    1|          0|
    |ap_enable_reg_pp2_iter22           |   1|   0|    1|          0|
    |ap_enable_reg_pp2_iter23           |   1|   0|    1|          0|
    |ap_enable_reg_pp2_iter24           |   1|   0|    1|          0|
    |ap_enable_reg_pp2_iter25           |   1|   0|    1|          0|
    |ap_enable_reg_pp2_iter26           |   1|   0|    1|          0|
    |ap_enable_reg_pp2_iter27           |   1|   0|    1|          0|
    |ap_enable_reg_pp2_iter28           |   1|   0|    1|          0|
    |ap_enable_reg_pp2_iter29           |   1|   0|    1|          0|
    |ap_enable_reg_pp2_iter3            |   1|   0|    1|          0|
    |ap_enable_reg_pp2_iter4            |   1|   0|    1|          0|
    |ap_enable_reg_pp2_iter5            |   1|   0|    1|          0|
    |ap_enable_reg_pp2_iter6            |   1|   0|    1|          0|
    |ap_enable_reg_pp2_iter7            |   1|   0|    1|          0|
    |ap_enable_reg_pp2_iter8            |   1|   0|    1|          0|
    |ap_enable_reg_pp2_iter9            |   1|   0|    1|          0|
    |b_reg_1915                         |   3|   0|    3|          0|
    |deleted_ones_reg_10716             |   1|   0|    1|          0|
    |hist_V_0_load_1_reg_10758          |  16|   0|   16|          0|
    |hist_V_0_load_2_reg_10789          |  16|   0|   16|          0|
    |hist_V_0_load_3_reg_10814          |  16|   0|   16|          0|
    |hist_V_0_load_4_reg_10839          |  16|   0|   16|          0|
    |hist_V_0_load_5_reg_10864          |  16|   0|   16|          0|
    |hist_V_0_load_6_reg_10889          |  16|   0|   16|          0|
    |hist_V_0_load_7_reg_10914          |  16|   0|   16|          0|
    |hist_V_0_load_8_reg_10939          |  16|   0|   16|          0|
    |hist_V_0_load_9_reg_10964          |  16|   0|   16|          0|
    |hist_V_0_load_reg_10733            |  16|   0|   16|          0|
    |hist_V_1_load_10_reg_10969         |  16|   0|   16|          0|
    |hist_V_1_load_1_reg_10738          |  16|   0|   16|          0|
    |hist_V_1_load_2_reg_10763          |  16|   0|   16|          0|
    |hist_V_1_load_3_reg_10794          |  16|   0|   16|          0|
    |hist_V_1_load_4_reg_10819          |  16|   0|   16|          0|
    |hist_V_1_load_5_reg_10844          |  16|   0|   16|          0|
    |hist_V_1_load_6_reg_10869          |  16|   0|   16|          0|
    |hist_V_1_load_7_reg_10894          |  16|   0|   16|          0|
    |hist_V_1_load_8_reg_10919          |  16|   0|   16|          0|
    |hist_V_1_load_9_reg_10944          |  16|   0|   16|          0|
    |hist_V_1_load_reg_10684            |  16|   0|   16|          0|
    |hist_V_2_load_10_reg_10974         |  16|   0|   16|          0|
    |hist_V_2_load_1_reg_10743          |  16|   0|   16|          0|
    |hist_V_2_load_2_reg_10768          |  16|   0|   16|          0|
    |hist_V_2_load_3_reg_10799          |  16|   0|   16|          0|
    |hist_V_2_load_4_reg_10824          |  16|   0|   16|          0|
    |hist_V_2_load_5_reg_10849          |  16|   0|   16|          0|
    |hist_V_2_load_6_reg_10874          |  16|   0|   16|          0|
    |hist_V_2_load_7_reg_10899          |  16|   0|   16|          0|
    |hist_V_2_load_8_reg_10924          |  16|   0|   16|          0|
    |hist_V_2_load_9_reg_10949          |  16|   0|   16|          0|
    |hist_V_2_load_reg_10689            |  16|   0|   16|          0|
    |hist_V_3_load_10_reg_10979         |  16|   0|   16|          0|
    |hist_V_3_load_1_reg_10748          |  16|   0|   16|          0|
    |hist_V_3_load_2_reg_10773          |  16|   0|   16|          0|
    |hist_V_3_load_3_reg_10804          |  16|   0|   16|          0|
    |hist_V_3_load_4_reg_10829          |  16|   0|   16|          0|
    |hist_V_3_load_5_reg_10854          |  16|   0|   16|          0|
    |hist_V_3_load_6_reg_10879          |  16|   0|   16|          0|
    |hist_V_3_load_7_reg_10904          |  16|   0|   16|          0|
    |hist_V_3_load_8_reg_10929          |  16|   0|   16|          0|
    |hist_V_3_load_9_reg_10954          |  16|   0|   16|          0|
    |hist_V_3_load_reg_10694            |  16|   0|   16|          0|
    |hist_V_4_load_10_reg_10984         |  16|   0|   16|          0|
    |hist_V_4_load_1_reg_10753          |  16|   0|   16|          0|
    |hist_V_4_load_2_reg_10778          |  16|   0|   16|          0|
    |hist_V_4_load_3_reg_10809          |  16|   0|   16|          0|
    |hist_V_4_load_4_reg_10834          |  16|   0|   16|          0|
    |hist_V_4_load_5_reg_10859          |  16|   0|   16|          0|
    |hist_V_4_load_6_reg_10884          |  16|   0|   16|          0|
    |hist_V_4_load_7_reg_10909          |  16|   0|   16|          0|
    |hist_V_4_load_8_reg_10934          |  16|   0|   16|          0|
    |hist_V_4_load_9_reg_10959          |  16|   0|   16|          0|
    |hist_V_4_load_reg_10699            |  16|   0|   16|          0|
    |icmp_ln1497_reg_13181              |   1|   0|    1|          0|
    |icmp_ln211_reg_10532               |   1|   0|    1|          0|
    |icmp_ln220_reg_11319               |   1|   0|    1|          0|
    |icmp_ln571_reg_10181               |   1|   0|    1|          0|
    |icmp_ln581_1_reg_10660             |   1|   0|    1|          0|
    |icmp_ln582_reg_10598               |   1|   0|    1|          0|
    |icmp_ln585_reg_10650               |   1|   0|    1|          0|
    |icmp_ln603_reg_10609               |   1|   0|    1|          0|
    |icmp_ln611_reg_10620               |   1|   0|    1|          0|
    |icmp_ln621_reg_10626               |   1|   0|    1|          0|
    |icmp_ln768_1_reg_13224             |   1|   0|    1|          0|
    |icmp_ln786_1_reg_13229             |   1|   0|    1|          0|
    |icmp_ln954_reg_13303               |   1|   0|    1|          0|
    |ireg_reg_10168                     |  64|   0|   64|          0|
    |k_1_reg_1903                       |   7|   0|    7|          0|
    |k_reg_1859                         |   7|   0|    7|          0|
    |lsb_index_reg_13275                |  32|   0|   32|          0|
    |m_4_reg_13313                      |  40|   0|   40|          0|
    |man_V_reg_10580                    |  54|   0|   54|          0|
    |n_reg_1892                         |  32|   0|   32|          0|
    |neg_src_1_reg_10721                |   1|   0|    1|          0|
    |overflow_1_reg_13148               |   1|   0|    1|          0|
    |overflow_3_reg_13234               |   1|   0|    1|          0|
    |overflow_reg_10727                 |   1|   0|    1|          0|
    |p_Result_13_reg_10174              |   1|   0|    1|          0|
    |p_Result_15_reg_10711              |   1|   0|    1|          0|
    |p_Result_19_reg_13206              |   1|   0|    1|          0|
    |p_Result_20_reg_13218              |   1|   0|    1|          0|
    |p_Result_23_reg_13257              |   1|   0|    1|          0|
    |p_Result_25_reg_13292              |   1|   0|    1|          0|
    |p_Result_5_reg_13318               |   1|   0|    1|          0|
    |p_Val2_1_reg_10704                 |  16|   0|   16|          0|
    |p_Val2_3_reg_13142                 |  24|   0|   24|          0|
    |p_Val2_6_reg_13212                 |  24|   0|   24|          0|
    |p_Val2_6_reg_13212_pp2_iter28_reg  |  24|   0|   24|          0|
    |phi_mul_reg_1870                   |  14|   0|   14|          0|
    |phi_urem_reg_1881                  |   7|   0|    7|          0|
    |pos2_reg_10665                     |  12|   0|   12|          0|
    |r_V_reg_13186                      |  47|   0|   47|          0|
    |ret_V_3_reg_13176                  |  24|   0|   24|          0|
    |ret_V_reg_13191                    |  47|   0|   47|          0|
    |select_ln340_106_reg_13087         |  40|   0|   40|          0|
    |select_ln340_107_reg_13130         |  40|   0|   40|          0|
    |select_ln340_66_reg_13136          |  40|   0|   40|          0|
    |select_ln571_reg_10783             |  16|   0|   16|          0|
    |select_ln585_reg_10655             |  16|   0|   16|          0|
    |select_ln588_reg_10513             |  16|   0|   16|          0|
    |select_ln954_reg_13308             |   1|   0|    1|          0|
    |sext_ln1116_10_reg_11039           |  34|   0|   34|          0|
    |sext_ln1116_11_reg_11044           |  34|   0|   34|          0|
    |sext_ln1116_12_reg_11049           |  34|   0|   34|          0|
    |sext_ln1116_13_reg_11054           |  34|   0|   34|          0|
    |sext_ln1116_14_reg_11059           |  34|   0|   34|          0|
    |sext_ln1116_15_reg_11064           |  34|   0|   34|          0|
    |sext_ln1116_16_reg_11069           |  34|   0|   34|          0|
    |sext_ln1116_17_reg_11074           |  34|   0|   34|          0|
    |sext_ln1116_18_reg_11079           |  34|   0|   34|          0|
    |sext_ln1116_19_reg_11084           |  34|   0|   34|          0|
    |sext_ln1116_1_reg_10994            |  34|   0|   34|          0|
    |sext_ln1116_20_reg_11089           |  34|   0|   34|          0|
    |sext_ln1116_21_reg_11094           |  34|   0|   34|          0|
    |sext_ln1116_22_reg_11099           |  34|   0|   34|          0|
    |sext_ln1116_23_reg_11104           |  34|   0|   34|          0|
    |sext_ln1116_24_reg_11109           |  34|   0|   34|          0|
    |sext_ln1116_25_reg_11114           |  34|   0|   34|          0|
    |sext_ln1116_26_reg_11119           |  34|   0|   34|          0|
    |sext_ln1116_27_reg_11124           |  34|   0|   34|          0|
    |sext_ln1116_28_reg_11129           |  34|   0|   34|          0|
    |sext_ln1116_29_reg_11134           |  34|   0|   34|          0|
    |sext_ln1116_2_reg_10999            |  34|   0|   34|          0|
    |sext_ln1116_30_reg_11139           |  34|   0|   34|          0|
    |sext_ln1116_31_reg_11144           |  34|   0|   34|          0|
    |sext_ln1116_32_reg_11149           |  34|   0|   34|          0|
    |sext_ln1116_33_reg_11154           |  34|   0|   34|          0|
    |sext_ln1116_34_reg_11159           |  34|   0|   34|          0|
    |sext_ln1116_35_reg_11164           |  34|   0|   34|          0|
    |sext_ln1116_36_reg_11169           |  34|   0|   34|          0|
    |sext_ln1116_37_reg_11174           |  34|   0|   34|          0|
    |sext_ln1116_38_reg_11179           |  34|   0|   34|          0|
    |sext_ln1116_39_reg_11184           |  34|   0|   34|          0|
    |sext_ln1116_3_reg_11004            |  34|   0|   34|          0|
    |sext_ln1116_40_reg_11189           |  34|   0|   34|          0|
    |sext_ln1116_41_reg_11194           |  34|   0|   34|          0|
    |sext_ln1116_42_reg_11199           |  34|   0|   34|          0|
    |sext_ln1116_43_reg_11204           |  34|   0|   34|          0|
    |sext_ln1116_44_reg_11209           |  34|   0|   34|          0|
    |sext_ln1116_45_reg_11214           |  34|   0|   34|          0|
    |sext_ln1116_46_reg_11219           |  34|   0|   34|          0|
    |sext_ln1116_47_reg_11224           |  34|   0|   34|          0|
    |sext_ln1116_48_reg_11229           |  34|   0|   34|          0|
    |sext_ln1116_49_reg_11234           |  34|   0|   34|          0|
    |sext_ln1116_4_reg_11009            |  34|   0|   34|          0|
    |sext_ln1116_50_reg_11239           |  34|   0|   34|          0|
    |sext_ln1116_51_reg_11244           |  34|   0|   34|          0|
    |sext_ln1116_52_reg_11249           |  34|   0|   34|          0|
    |sext_ln1116_53_reg_11254           |  34|   0|   34|          0|
    |sext_ln1116_54_reg_11259           |  34|   0|   34|          0|
    |sext_ln1116_55_reg_11264           |  34|   0|   34|          0|
    |sext_ln1116_56_reg_11269           |  34|   0|   34|          0|
    |sext_ln1116_57_reg_11274           |  34|   0|   34|          0|
    |sext_ln1116_58_reg_11279           |  34|   0|   34|          0|
    |sext_ln1116_59_reg_11284           |  34|   0|   34|          0|
    |sext_ln1116_5_reg_11014            |  34|   0|   34|          0|
    |sext_ln1116_60_reg_11289           |  34|   0|   34|          0|
    |sext_ln1116_61_reg_11294           |  34|   0|   34|          0|
    |sext_ln1116_62_reg_11299           |  34|   0|   34|          0|
    |sext_ln1116_63_reg_11304           |  34|   0|   34|          0|
    |sext_ln1116_64_reg_11309           |  34|   0|   34|          0|
    |sext_ln1116_6_reg_11019            |  34|   0|   34|          0|
    |sext_ln1116_7_reg_11024            |  34|   0|   34|          0|
    |sext_ln1116_8_reg_11029            |  34|   0|   34|          0|
    |sext_ln1116_9_reg_11034            |  34|   0|   34|          0|
    |sext_ln1116_reg_10989              |  34|   0|   34|          0|
    |sext_ln581_reg_10645               |  32|   0|   32|          0|
    |sh_amt_reg_10592                   |  12|   0|   12|          0|
    |sub_ln944_reg_13269                |  32|   0|   32|          0|
    |tmp_100_reg_12878                  |   1|   0|    1|          0|
    |tmp_101_reg_12885                  |   1|   0|    1|          0|
    |tmp_102_reg_12898                  |   1|   0|    1|          0|
    |tmp_103_reg_12930                  |   1|   0|    1|          0|
    |tmp_104_reg_12943                  |   1|   0|    1|          0|
    |tmp_105_reg_12950                  |   1|   0|    1|          0|
    |tmp_106_reg_12963                  |   1|   0|    1|          0|
    |tmp_107_reg_13010                  |   1|   0|    1|          0|
    |tmp_108_reg_13023                  |   1|   0|    1|          0|
    |tmp_109_reg_12970                  |   1|   0|    1|          0|
    |tmp_110_reg_12983                  |   1|   0|    1|          0|
    |tmp_111_reg_12990                  |   1|   0|    1|          0|
    |tmp_112_reg_13003                  |   1|   0|    1|          0|
    |tmp_113_reg_13030                  |   1|   0|    1|          0|
    |tmp_114_reg_13043                  |   1|   0|    1|          0|
    |tmp_115_reg_13050                  |   1|   0|    1|          0|
    |tmp_116_reg_13063                  |   1|   0|    1|          0|
    |tmp_117_reg_13093                  |   1|   0|    1|          0|
    |tmp_118_reg_13106                  |   1|   0|    1|          0|
    |tmp_119_reg_13070                  |   1|   0|    1|          0|
    |tmp_11_reg_10633                   |   1|   0|    1|          0|
    |tmp_120_reg_13081                  |   1|   0|    1|          0|
    |tmp_121_reg_13113                  |   1|   0|    1|          0|
    |tmp_122_reg_13124                  |   1|   0|    1|          0|
    |tmp_131_reg_13171                  |   1|   0|    1|          0|
    |tmp_16_reg_13282                   |  31|   0|   31|          0|
    |tmp_19_reg_11745                   |   1|   0|    1|          0|
    |tmp_20_reg_11758                   |   1|   0|    1|          0|
    |tmp_21_reg_11765                   |   1|   0|    1|          0|
    |tmp_22_reg_11778                   |   1|   0|    1|          0|
    |tmp_23_reg_11840                   |   1|   0|    1|          0|
    |tmp_24_reg_11853                   |   1|   0|    1|          0|
    |tmp_25_reg_11860                   |   1|   0|    1|          0|
    |tmp_26_reg_11873                   |   1|   0|    1|          0|
    |tmp_27_reg_11970                   |   1|   0|    1|          0|
    |tmp_28_reg_11983                   |   1|   0|    1|          0|
    |tmp_29_reg_11880                   |   1|   0|    1|          0|
    |tmp_30_reg_11893                   |   1|   0|    1|          0|
    |tmp_31_reg_11900                   |   1|   0|    1|          0|
    |tmp_32_reg_11913                   |   1|   0|    1|          0|
    |tmp_33_reg_11990                   |   1|   0|    1|          0|
    |tmp_34_reg_12003                   |   1|   0|    1|          0|
    |tmp_35_reg_12010                   |   1|   0|    1|          0|
    |tmp_36_reg_12023                   |   1|   0|    1|          0|
    |tmp_37_reg_12120                   |   1|   0|    1|          0|
    |tmp_38_reg_12133                   |   1|   0|    1|          0|
    |tmp_39_reg_12030                   |   1|   0|    1|          0|
    |tmp_40_reg_12043                   |   1|   0|    1|          0|
    |tmp_41_reg_12050                   |   1|   0|    1|          0|
    |tmp_42_reg_12063                   |   1|   0|    1|          0|
    |tmp_43_reg_12140                   |   1|   0|    1|          0|
    |tmp_44_reg_12153                   |   1|   0|    1|          0|
    |tmp_45_reg_12160                   |   1|   0|    1|          0|
    |tmp_46_reg_12173                   |   1|   0|    1|          0|
    |tmp_47_reg_12270                   |   1|   0|    1|          0|
    |tmp_48_reg_12283                   |   1|   0|    1|          0|
    |tmp_49_reg_12180                   |   1|   0|    1|          0|
    |tmp_50_reg_12193                   |   1|   0|    1|          0|
    |tmp_51_reg_12200                   |   1|   0|    1|          0|
    |tmp_52_reg_12213                   |   1|   0|    1|          0|
    |tmp_53_reg_12290                   |   1|   0|    1|          0|
    |tmp_54_reg_12303                   |   1|   0|    1|          0|
    |tmp_55_reg_12310                   |   1|   0|    1|          0|
    |tmp_56_reg_12323                   |   1|   0|    1|          0|
    |tmp_57_reg_12420                   |   1|   0|    1|          0|
    |tmp_58_reg_12433                   |   1|   0|    1|          0|
    |tmp_59_reg_12330                   |   1|   0|    1|          0|
    |tmp_60_reg_12343                   |   1|   0|    1|          0|
    |tmp_61_reg_12350                   |   1|   0|    1|          0|
    |tmp_62_reg_12363                   |   1|   0|    1|          0|
    |tmp_63_reg_12440                   |   1|   0|    1|          0|
    |tmp_64_reg_12453                   |   1|   0|    1|          0|
    |tmp_65_reg_12460                   |   1|   0|    1|          0|
    |tmp_66_reg_12473                   |   1|   0|    1|          0|
    |tmp_67_reg_12560                   |   1|   0|    1|          0|
    |tmp_68_reg_12573                   |   1|   0|    1|          0|
    |tmp_69_reg_12480                   |   1|   0|    1|          0|
    |tmp_6_reg_10163                    |   1|   0|    1|          0|
    |tmp_70_reg_12493                   |   1|   0|    1|          0|
    |tmp_71_reg_12500                   |   1|   0|    1|          0|
    |tmp_72_reg_12513                   |   1|   0|    1|          0|
    |tmp_73_reg_12580                   |   1|   0|    1|          0|
    |tmp_74_reg_12593                   |   1|   0|    1|          0|
    |tmp_75_reg_12600                   |   1|   0|    1|          0|
    |tmp_76_reg_12613                   |   1|   0|    1|          0|
    |tmp_77_reg_12690                   |   1|   0|    1|          0|
    |tmp_78_reg_12703                   |   1|   0|    1|          0|
    |tmp_79_reg_12620                   |   1|   0|    1|          0|
    |tmp_80_reg_12633                   |   1|   0|    1|          0|
    |tmp_81_reg_12640                   |   1|   0|    1|          0|
    |tmp_82_reg_12653                   |   1|   0|    1|          0|
    |tmp_83_reg_12710                   |   1|   0|    1|          0|
    |tmp_84_reg_12723                   |   1|   0|    1|          0|
    |tmp_85_reg_12730                   |   1|   0|    1|          0|
    |tmp_86_reg_12743                   |   1|   0|    1|          0|
    |tmp_87_reg_12805                   |   1|   0|    1|          0|
    |tmp_88_reg_12818                   |   1|   0|    1|          0|
    |tmp_89_reg_12750                   |   1|   0|    1|          0|
    |tmp_90_reg_12763                   |   1|   0|    1|          0|
    |tmp_91_reg_12770                   |   1|   0|    1|          0|
    |tmp_92_reg_12783                   |   1|   0|    1|          0|
    |tmp_93_reg_12825                   |   1|   0|    1|          0|
    |tmp_94_reg_12838                   |   1|   0|    1|          0|
    |tmp_95_reg_12845                   |   1|   0|    1|          0|
    |tmp_96_reg_12858                   |   1|   0|    1|          0|
    |tmp_97_reg_12910                   |   1|   0|    1|          0|
    |tmp_98_reg_12923                   |   1|   0|    1|          0|
    |tmp_99_reg_12865                   |   1|   0|    1|          0|
    |tmp_V_2_reg_13262                  |  40|   0|   40|          0|
    |tmp_V_reg_13252                    |  40|   0|   40|          0|
    |trunc_ln212_reg_10551              |   3|   0|    3|          0|
    |trunc_ln583_reg_10603              |  16|   0|   16|          0|
    |trunc_ln943_reg_13298              |   8|   0|    8|          0|
    |trunc_ln947_reg_13287              |   6|   0|    6|          0|
    |underflow_1_reg_13154              |   1|   0|    1|          0|
    |underflow_2_reg_13240              |   1|   0|    1|          0|
    |urem_ln212_reg_10546               |   7|   0|    7|          0|
    |x_V_reg_13161                      |  24|   0|   24|          0|
    |xor_ln571_reg_10518                |   1|   0|    1|          0|
    |xor_ln658_1_reg_10508              |   1|   0|    1|          0|
    |y_V_0_10_reg_12757                 |  40|   0|   40|          0|
    |y_V_0_11_reg_12872                 |  40|   0|   40|          0|
    |y_V_0_12_reg_12977                 |  40|   0|   40|          0|
    |y_V_0_3_reg_11752                  |  40|   0|   40|          0|
    |y_V_0_4_reg_11887                  |  40|   0|   40|          0|
    |y_V_0_5_reg_12037                  |  40|   0|   40|          0|
    |y_V_0_6_reg_12187                  |  40|   0|   40|          0|
    |y_V_0_7_reg_12337                  |  40|   0|   40|          0|
    |y_V_0_8_reg_12487                  |  40|   0|   40|          0|
    |y_V_0_9_reg_12627                  |  40|   0|   40|          0|
    |y_V_1_10_reg_12777                 |  40|   0|   40|          0|
    |y_V_1_11_reg_12892                 |  40|   0|   40|          0|
    |y_V_1_12_reg_12997                 |  40|   0|   40|          0|
    |y_V_1_3_reg_11772                  |  40|   0|   40|          0|
    |y_V_1_4_reg_11907                  |  40|   0|   40|          0|
    |y_V_1_5_reg_12057                  |  40|   0|   40|          0|
    |y_V_1_6_reg_12207                  |  40|   0|   40|          0|
    |y_V_1_7_reg_12357                  |  40|   0|   40|          0|
    |y_V_1_8_reg_12507                  |  40|   0|   40|          0|
    |y_V_1_9_reg_12647                  |  40|   0|   40|          0|
    |y_V_2_10_reg_12832                 |  40|   0|   40|          0|
    |y_V_2_11_reg_12937                 |  40|   0|   40|          0|
    |y_V_2_12_reg_13037                 |  40|   0|   40|          0|
    |y_V_2_3_reg_11847                  |  40|   0|   40|          0|
    |y_V_2_4_reg_11997                  |  40|   0|   40|          0|
    |y_V_2_5_reg_12147                  |  40|   0|   40|          0|
    |y_V_2_6_reg_12297                  |  40|   0|   40|          0|
    |y_V_2_7_reg_12447                  |  40|   0|   40|          0|
    |y_V_2_8_reg_12587                  |  40|   0|   40|          0|
    |y_V_2_9_reg_12717                  |  40|   0|   40|          0|
    |y_V_3_10_reg_12852                 |  40|   0|   40|          0|
    |y_V_3_11_reg_12957                 |  40|   0|   40|          0|
    |y_V_3_12_reg_13057                 |  40|   0|   40|          0|
    |y_V_3_3_reg_11867                  |  40|   0|   40|          0|
    |y_V_3_4_reg_12017                  |  40|   0|   40|          0|
    |y_V_3_5_reg_12167                  |  40|   0|   40|          0|
    |y_V_3_6_reg_12317                  |  40|   0|   40|          0|
    |y_V_3_7_reg_12467                  |  40|   0|   40|          0|
    |y_V_3_8_reg_12607                  |  40|   0|   40|          0|
    |y_V_3_9_reg_12737                  |  40|   0|   40|          0|
    |y_V_4_10_reg_12917                 |  40|   0|   40|          0|
    |y_V_4_11_reg_13017                 |  40|   0|   40|          0|
    |y_V_4_12_reg_13100                 |  40|   0|   40|          0|
    |y_V_4_3_reg_11977                  |  40|   0|   40|          0|
    |y_V_4_4_reg_12127                  |  40|   0|   40|          0|
    |y_V_4_5_reg_12277                  |  40|   0|   40|          0|
    |y_V_4_6_reg_12427                  |  40|   0|   40|          0|
    |y_V_4_7_reg_12567                  |  40|   0|   40|          0|
    |y_V_4_8_reg_12697                  |  40|   0|   40|          0|
    |y_V_4_9_reg_12812                  |  40|   0|   40|          0|
    |zext_ln635_reg_10673               |  32|   0|   54|         22|
    |add_ln1118_reg_11323               |  64|  32|    9|          0|
    |icmp_ln1497_reg_13181              |  64|  32|    1|          0|
    |icmp_ln211_reg_10532               |  64|  32|    1|          0|
    |icmp_ln220_reg_11319               |  64|  32|    1|          0|
    |k_1_reg_1903                       |  64|  32|    7|          0|
    |tmp_131_reg_13171                  |  64|  32|    1|          0|
    |x_V_reg_13161                      |  64|  32|   24|          0|
    +-----------------------------------+----+----+-----+-----------+
    |Total                              |6911| 224| 6529|         22|
    +-----------------------------------+----+----+-----+-----------+



================================================================
== Interface
================================================================
* Summary: 
+--------------+-----+-----+------------+---------------+--------------+
|   RTL Ports  | Dir | Bits|  Protocol  | Source Object |    C Type    |
+--------------+-----+-----+------------+---------------+--------------+
|ap_clk        |   in|    1|  ap_ctrl_hs|  fir_multiband|  return value|
|ap_rst        |   in|    1|  ap_ctrl_hs|  fir_multiband|  return value|
|ap_start      |   in|    1|  ap_ctrl_hs|  fir_multiband|  return value|
|ap_done       |  out|    1|  ap_ctrl_hs|  fir_multiband|  return value|
|ap_idle       |  out|    1|  ap_ctrl_hs|  fir_multiband|  return value|
|ap_ready      |  out|    1|  ap_ctrl_hs|  fir_multiband|  return value|
|in_r          |   in|   32|     ap_none|           in_r|       pointer|
|out_r         |  out|   32|      ap_vld|          out_r|       pointer|
|out_r_ap_vld  |  out|    1|      ap_vld|          out_r|       pointer|
|length_r      |   in|   32|     ap_none|       length_r|        scalar|
+--------------+-----+-----+------------+---------------+--------------+

