

================================================================
== Vitis HLS Report for 'fir_multiband'
================================================================
* Date:           Thu Oct  1 17:18:13 2026

* Version:        2020.2 (Build 3064766 on Wed Nov 18 09:12:45 MST 2020)
* Project:        synth_proj
* Solution:       solution1 (Vivado IP Flow Target)
* Product family: zynq
* Target device:  xc7z020-clg400-1


================================================================
== Performance Estimates
================================================================
+ Timing: 
    * Summary: 
    +--------+----------+----------+------------+
    |  Clock |  Target  | Estimated| Uncertainty|
    +--------+----------+----------+------------+
    |ap_clk  |  10.00 ns|  7.300 ns|     2.70 ns|
    +--------+----------+----------+------------+

+ Latency: 
    * Summary: 
    +---------+---------+----------+----------+-----+-----+---------+
    |  Latency (cycles) |  Latency (absolute) |  Interval | Pipeline|
    |   min   |   max   |    min   |    max   | min | max |   Type  |
    +---------+---------+----------+----------+-----+-----+---------+
    |        ?|        ?|         ?|         ?|    ?|    ?|     none|
    +---------+---------+----------+----------+-----+-----+---------+

    + Detail: 
        * Instance: 
        N/A

        * Loop: 
        +----------------------+---------+---------+----------+-----------+-----------+------+----------+
        |                      |  Latency (cycles) | Iteration|  Initiation Interval  | Trip |          |
        |       Loop Name      |   min   |   max   |  Latency |  achieved |   target  | Count| Pipelined|
        +----------------------+---------+---------+----------+-----------+-----------+------+----------+
        |- VITIS_LOOP_263_3    |        ?|        ?|       450|          -|          -|     ?|        no|
        | + VITIS_LOOP_270_4   |      398|      398|        13|          2|          1|   194|       yes|
        | + VITIS_LOOP_281_5   |       11|       11|        10|          1|          1|     3|       yes|
        | + VITIS_LOOP_356_10  |       12|       12|        10|          1|          1|     4|       yes|
        +----------------------+---------+---------+----------+-----------+-----------+------+----------+



================================================================
== Utilization Estimates
================================================================
* Summary: 
+-----------------+---------+-----+--------+-------+-----+
|       Name      | BRAM_18K| DSP |   FF   |  LUT  | URAM|
+-----------------+---------+-----+--------+-------+-----+
|DSP              |        -|  195|       -|      -|    -|
|Expression       |        -|    -|       0|   6280|    -|
|FIFO             |        -|    -|       -|      -|    -|
|Instance         |        6|    2|    1516|   1773|    -|
|Memory           |      194|    -|     160|     50|    -|
|Multiplexer      |        -|    -|       -|   2204|    -|
|Register         |        -|    -|   12493|    320|    -|
+-----------------+---------+-----+--------+-------+-----+
|Total            |      200|  197|   14169|  10627|    0|
+-----------------+---------+-----+--------+-------+-----+
|Available        |      280|  220|  106400|  53200|    0|
+-----------------+---------+-----+--------+-------+-----+
|Utilization (%)  |       71|   89|      13|     19|    0|
+-----------------+---------+-----+--------+-------+-----+

+ Detail: 
    * Instance: 
    +------------------------+---------------------+---------+----+-----+-----+-----+
    |        Instance        |        Module       | BRAM_18K| DSP|  FF | LUT | URAM|
    +------------------------+---------------------+---------+----+-----+-----+-----+
    |control_s_axi_U         |control_s_axi        |        4|   0|  450|  628|    0|
    |gmem_m_axi_U            |gmem_m_axi           |        2|   0|  537|  677|    0|
    |mul_25s_24s_49_1_1_U8   |mul_25s_24s_49_1_1   |        0|   1|    0|   47|    0|
    |mul_49s_24s_72_5_1_U9   |mul_49s_24s_72_5_1   |        0|   1|  334|   84|    0|
    |mul_8ns_10ns_17_1_1_U2  |mul_8ns_10ns_17_1_1  |        0|   0|    0|   63|    0|
    |mul_8ns_10ns_17_1_1_U3  |mul_8ns_10ns_17_1_1  |        0|   0|    0|   63|    0|
    |mux_42_24_1_1_U6        |mux_42_24_1_1        |        0|   0|    0|   20|    0|
    |mux_42_24_1_1_U7        |mux_42_24_1_1        |        0|   0|    0|   20|    0|
    |mux_42_40_1_1_U5        |mux_42_40_1_1        |        0|   0|    0|   20|    0|
    |mux_564_16_1_1_U4       |mux_564_16_1_1       |        0|   0|    0|   25|    0|
    |urem_8ns_4ns_8_12_1_U1  |urem_8ns_4ns_8_12_1  |        0|   0|  195|  126|    0|
    +------------------------+---------------------+---------+----+-----+-----+-----+
    |Total                   |                     |        6|   2| 1516| 1773|    0|
    +------------------------+---------------------+---------+----+-----+-----+-----+

    * DSP: 
    +------------------------------------+-------------------------------+--------------+
    |              Instance              |             Module            |  Expression  |
    +------------------------------------+-------------------------------+--------------+
    |mac_muladd_15s_16s_31s_31_4_1_U77   |mac_muladd_15s_16s_31s_31_4_1  |  i0 + i1 * i2|
    |mac_muladd_15s_16s_31s_31_4_1_U78   |mac_muladd_15s_16s_31s_31_4_1  |  i0 + i1 * i2|
    |mac_muladd_15s_16s_31s_31_4_1_U79   |mac_muladd_15s_16s_31s_31_4_1  |  i0 + i1 * i2|
    |mac_muladd_15s_16s_31s_31_4_1_U80   |mac_muladd_15s_16s_31s_31_4_1  |  i0 + i1 * i2|
    |mac_muladd_15s_16s_31s_31_4_1_U81   |mac_muladd_15s_16s_31s_31_4_1  |  i0 + i1 * i2|
    |mac_muladd_15s_16s_31s_31_4_1_U82   |mac_muladd_15s_16s_31s_31_4_1  |  i0 + i1 * i2|
    |mac_muladd_15s_16s_31s_31_4_1_U83   |mac_muladd_15s_16s_31s_31_4_1  |  i0 + i1 * i2|
    |mac_muladd_15s_16s_31s_31_4_1_U84   |mac_muladd_15s_16s_31s_31_4_1  |  i0 + i1 * i2|
    |mac_muladd_15s_16s_31s_31_4_1_U85   |mac_muladd_15s_16s_31s_31_4_1  |  i0 + i1 * i2|
    |mac_muladd_15s_16s_31s_31_4_1_U86   |mac_muladd_15s_16s_31s_31_4_1  |  i0 + i1 * i2|
    |mac_muladd_15s_16s_31s_31_4_1_U87   |mac_muladd_15s_16s_31s_31_4_1  |  i0 + i1 * i2|
    |mac_muladd_15s_16s_31s_31_4_1_U88   |mac_muladd_15s_16s_31s_31_4_1  |  i0 + i1 * i2|
    |mac_muladd_15s_16s_31s_31_4_1_U89   |mac_muladd_15s_16s_31s_31_4_1  |  i0 + i1 * i2|
    |mac_muladd_15s_16s_31s_31_4_1_U90   |mac_muladd_15s_16s_31s_31_4_1  |  i0 + i1 * i2|
    |mac_muladd_15s_16s_31s_31_4_1_U91   |mac_muladd_15s_16s_31s_31_4_1  |  i0 + i1 * i2|
    |mac_muladd_15s_16s_31s_31_4_1_U92   |mac_muladd_15s_16s_31s_31_4_1  |  i0 + i1 * i2|
    |mac_muladd_15s_16s_31s_31_4_1_U93   |mac_muladd_15s_16s_31s_31_4_1  |  i0 + i1 * i2|
    |mac_muladd_15s_16s_31s_31_4_1_U94   |mac_muladd_15s_16s_31s_31_4_1  |  i0 + i1 * i2|
    |mac_muladd_15s_16s_31s_31_4_1_U95   |mac_muladd_15s_16s_31s_31_4_1  |  i0 + i1 * i2|
    |mac_muladd_15s_16s_31s_31_4_1_U96   |mac_muladd_15s_16s_31s_31_4_1  |  i0 + i1 * i2|
    |mac_muladd_15s_16s_31s_31_4_1_U97   |mac_muladd_15s_16s_31s_31_4_1  |  i0 + i1 * i2|
    |mac_muladd_15s_16s_31s_31_4_1_U98   |mac_muladd_15s_16s_31s_31_4_1  |  i0 + i1 * i2|
    |mac_muladd_15s_16s_31s_31_4_1_U99   |mac_muladd_15s_16s_31s_31_4_1  |  i0 + i1 * i2|
    |mac_muladd_15s_16s_31s_31_4_1_U100  |mac_muladd_15s_16s_31s_31_4_1  |  i0 + i1 * i2|
    |mac_muladd_15s_16s_31s_31_4_1_U101  |mac_muladd_15s_16s_31s_31_4_1  |  i0 + i1 * i2|
    |mac_muladd_15s_16s_31s_31_4_1_U102  |mac_muladd_15s_16s_31s_31_4_1  |  i0 + i1 * i2|
    |mac_muladd_15s_16s_31s_31_4_1_U103  |mac_muladd_15s_16s_31s_31_4_1  |  i0 + i1 * i2|
    |mac_muladd_15s_16s_31s_31_4_1_U104  |mac_muladd_15s_16s_31s_31_4_1  |  i0 + i1 * i2|
    |mac_muladd_15s_16s_31s_31_4_1_U105  |mac_muladd_15s_16s_31s_31_4_1  |  i0 + i1 * i2|
    |mac_muladd_15s_16s_31s_31_4_1_U106  |mac_muladd_15s_16s_31s_31_4_1  |  i0 + i1 * i2|
    |mac_muladd_15s_16s_31s_31_4_1_U107  |mac_muladd_15s_16s_31s_31_4_1  |  i0 + i1 * i2|
    |mac_muladd_15s_16s_31s_31_4_1_U108  |mac_muladd_15s_16s_31s_31_4_1  |  i0 + i1 * i2|
    |mac_muladd_15s_16s_31s_31_4_1_U109  |mac_muladd_15s_16s_31s_31_4_1  |  i0 + i1 * i2|
    |mac_muladd_15s_16s_31s_31_4_1_U110  |mac_muladd_15s_16s_31s_31_4_1  |  i0 + i1 * i2|
    |mac_muladd_15s_16s_31s_31_4_1_U111  |mac_muladd_15s_16s_31s_31_4_1  |  i0 + i1 * i2|
    |mac_muladd_15s_16s_31s_31_4_1_U112  |mac_muladd_15s_16s_31s_31_4_1  |  i0 + i1 * i2|
    |mac_muladd_15s_16s_31s_31_4_1_U113  |mac_muladd_15s_16s_31s_31_4_1  |  i0 + i1 * i2|
    |mac_muladd_15s_16s_31s_31_4_1_U114  |mac_muladd_15s_16s_31s_31_4_1  |  i0 + i1 * i2|
    |mac_muladd_15s_16s_31s_31_4_1_U115  |mac_muladd_15s_16s_31s_31_4_1  |  i0 + i1 * i2|
    |mac_muladd_15s_16s_31s_31_4_1_U116  |mac_muladd_15s_16s_31s_31_4_1  |  i0 + i1 * i2|
    |mac_muladd_15s_16s_31s_31_4_1_U117  |mac_muladd_15s_16s_31s_31_4_1  |  i0 + i1 * i2|
    |mac_muladd_15s_16s_31s_31_4_1_U118  |mac_muladd_15s_16s_31s_31_4_1  |  i0 + i1 * i2|
    |mac_muladd_15s_16s_31s_31_4_1_U119  |mac_muladd_15s_16s_31s_31_4_1  |  i0 + i1 * i2|
    |mac_muladd_15s_16s_31s_31_4_1_U120  |mac_muladd_15s_16s_31s_31_4_1  |  i0 + i1 * i2|
    |mac_muladd_15s_16s_31s_31_4_1_U121  |mac_muladd_15s_16s_31s_31_4_1  |  i0 + i1 * i2|
    |mac_muladd_15s_16s_31s_31_4_1_U122  |mac_muladd_15s_16s_31s_31_4_1  |  i0 + i1 * i2|
    |mac_muladd_15s_16s_31s_31_4_1_U123  |mac_muladd_15s_16s_31s_31_4_1  |  i0 + i1 * i2|
    |mac_muladd_15s_16s_31s_31_4_1_U124  |mac_muladd_15s_16s_31s_31_4_1  |  i0 + i1 * i2|
    |mac_muladd_15s_16s_31s_31_4_1_U125  |mac_muladd_15s_16s_31s_31_4_1  |  i0 + i1 * i2|
    |mac_muladd_15s_16s_31s_31_4_1_U126  |mac_muladd_15s_16s_31s_31_4_1  |  i0 + i1 * i2|
    |mac_muladd_15s_16s_31s_31_4_1_U127  |mac_muladd_15s_16s_31s_31_4_1  |  i0 + i1 * i2|
    |mac_muladd_15s_16s_31s_31_4_1_U128  |mac_muladd_15s_16s_31s_31_4_1  |  i0 + i1 * i2|
    |mac_muladd_15s_16s_31s_31_4_1_U129  |mac_muladd_15s_16s_31s_31_4_1  |  i0 + i1 * i2|
    |mac_muladd_15s_16s_31s_31_4_1_U130  |mac_muladd_15s_16s_31s_31_4_1  |  i0 + i1 * i2|
    |mac_muladd_15s_16s_31s_31_4_1_U131  |mac_muladd_15s_16s_31s_31_4_1  |  i0 + i1 * i2|
    |mac_muladd_15s_16s_31s_31_4_1_U132  |mac_muladd_15s_16s_31s_31_4_1  |  i0 + i1 * i2|
    |mac_muladd_15s_16s_31s_31_4_1_U133  |mac_muladd_15s_16s_31s_31_4_1  |  i0 + i1 * i2|
    |mac_muladd_15s_16s_31s_31_4_1_U134  |mac_muladd_15s_16s_31s_31_4_1  |  i0 + i1 * i2|
    |mac_muladd_15s_16s_31s_31_4_1_U135  |mac_muladd_15s_16s_31s_31_4_1  |  i0 + i1 * i2|
    |mac_muladd_15s_16s_31s_31_4_1_U136  |mac_muladd_15s_16s_31s_31_4_1  |  i0 + i1 * i2|
    |mac_muladd_15s_16s_31s_31_4_1_U137  |mac_muladd_15s_16s_31s_31_4_1  |  i0 + i1 * i2|
    |mac_muladd_15s_16s_31s_31_4_1_U138  |mac_muladd_15s_16s_31s_31_4_1  |  i0 + i1 * i2|
    |mac_muladd_15s_16s_31s_31_4_1_U139  |mac_muladd_15s_16s_31s_31_4_1  |  i0 + i1 * i2|
    |mac_muladd_15s_16s_31s_31_4_1_U140  |mac_muladd_15s_16s_31s_31_4_1  |  i0 + i1 * i2|
    |mac_muladd_15s_16s_31s_31_4_1_U141  |mac_muladd_15s_16s_31s_31_4_1  |  i0 + i1 * i2|
    |mac_muladd_15s_16s_31s_31_4_1_U142  |mac_muladd_15s_16s_31s_31_4_1  |  i0 + i1 * i2|
    |mac_muladd_15s_16s_31s_31_4_1_U143  |mac_muladd_15s_16s_31s_31_4_1  |  i0 + i1 * i2|
    |mac_muladd_15s_16s_31s_32_4_1_U144  |mac_muladd_15s_16s_31s_32_4_1  |  i0 + i1 * i2|
    |mac_muladd_15s_16s_31s_32_4_1_U145  |mac_muladd_15s_16s_31s_32_4_1  |  i0 + i1 * i2|
    |mac_muladd_15s_16s_31s_32_4_1_U146  |mac_muladd_15s_16s_31s_32_4_1  |  i0 + i1 * i2|
    |mac_muladd_15s_16s_31s_32_4_1_U147  |mac_muladd_15s_16s_31s_32_4_1  |  i0 + i1 * i2|
    |mac_muladd_15s_16s_31s_32_4_1_U148  |mac_muladd_15s_16s_31s_32_4_1  |  i0 + i1 * i2|
    |mac_muladd_15s_16s_31s_32_4_1_U149  |mac_muladd_15s_16s_31s_32_4_1  |  i0 + i1 * i2|
    |mac_muladd_15s_16s_31s_32_4_1_U150  |mac_muladd_15s_16s_31s_32_4_1  |  i0 + i1 * i2|
    |mac_muladd_15s_16s_31s_32_4_1_U151  |mac_muladd_15s_16s_31s_32_4_1  |  i0 + i1 * i2|
    |mac_muladd_15s_16s_31s_32_4_1_U152  |mac_muladd_15s_16s_31s_32_4_1  |  i0 + i1 * i2|
    |mac_muladd_15s_16s_31s_32_4_1_U153  |mac_muladd_15s_16s_31s_32_4_1  |  i0 + i1 * i2|
    |mac_muladd_15s_16s_31s_32_4_1_U154  |mac_muladd_15s_16s_31s_32_4_1  |  i0 + i1 * i2|
    |mac_muladd_15s_16s_31s_32_4_1_U155  |mac_muladd_15s_16s_31s_32_4_1  |  i0 + i1 * i2|
    |mac_muladd_15s_16s_31s_32_4_1_U156  |mac_muladd_15s_16s_31s_32_4_1  |  i0 + i1 * i2|
    |mac_muladd_15s_16s_31s_32_4_1_U157  |mac_muladd_15s_16s_31s_32_4_1  |  i0 + i1 * i2|
    |mac_muladd_15s_16s_31s_32_4_1_U158  |mac_muladd_15s_16s_31s_32_4_1  |  i0 + i1 * i2|
    |mac_muladd_15s_16s_31s_32_4_1_U159  |mac_muladd_15s_16s_31s_32_4_1  |  i0 + i1 * i2|
    |mac_muladd_15s_16s_31s_32_4_1_U160  |mac_muladd_15s_16s_31s_32_4_1  |  i0 + i1 * i2|
    |mac_muladd_15s_16s_31s_32_4_1_U161  |mac_muladd_15s_16s_31s_32_4_1  |  i0 + i1 * i2|
    |mac_muladd_15s_16s_31s_32_4_1_U162  |mac_muladd_15s_16s_31s_32_4_1  |  i0 + i1 * i2|
    |mac_muladd_15s_16s_31s_32_4_1_U163  |mac_muladd_15s_16s_31s_32_4_1  |  i0 + i1 * i2|
    |mac_muladd_15s_16s_31s_32_4_1_U164  |mac_muladd_15s_16s_31s_32_4_1  |  i0 + i1 * i2|
    |mac_muladd_15s_16s_31s_32_4_1_U165  |mac_muladd_15s_16s_31s_32_4_1  |  i0 + i1 * i2|
    |mac_muladd_15s_16s_31s_32_4_1_U166  |mac_muladd_15s_16s_31s_32_4_1  |  i0 + i1 * i2|
    |mac_muladd_15s_16s_31s_32_4_1_U167  |mac_muladd_15s_16s_31s_32_4_1  |  i0 + i1 * i2|
    |mac_muladd_15s_16s_31s_32_4_1_U168  |mac_muladd_15s_16s_31s_32_4_1  |  i0 + i1 * i2|
    |mac_muladd_15s_16s_31s_32_4_1_U169  |mac_muladd_15s_16s_31s_32_4_1  |  i0 + i1 * i2|
    |mac_muladd_15s_16s_31s_32_4_1_U170  |mac_muladd_15s_16s_31s_32_4_1  |  i0 + i1 * i2|
    |mac_muladd_15s_16s_31s_32_4_1_U171  |mac_muladd_15s_16s_31s_32_4_1  |  i0 + i1 * i2|
    |mac_muladd_15s_16s_31s_32_4_1_U172  |mac_muladd_15s_16s_31s_32_4_1  |  i0 + i1 * i2|
    |mac_muladd_15s_16s_31s_32_4_1_U173  |mac_muladd_15s_16s_31s_32_4_1  |  i0 + i1 * i2|
    |mac_muladd_15s_16s_31s_32_4_1_U174  |mac_muladd_15s_16s_31s_32_4_1  |  i0 + i1 * i2|
    |mac_muladd_15s_16s_31s_32_4_1_U175  |mac_muladd_15s_16s_31s_32_4_1  |  i0 + i1 * i2|
    |mac_muladd_15s_16s_31s_32_4_1_U176  |mac_muladd_15s_16s_31s_32_4_1  |  i0 + i1 * i2|
    |mac_muladd_15s_16s_31s_32_4_1_U177  |mac_muladd_15s_16s_31s_32_4_1  |  i0 + i1 * i2|
    |mac_muladd_15s_16s_31s_32_4_1_U178  |mac_muladd_15s_16s_31s_32_4_1  |  i0 + i1 * i2|
    |mac_muladd_15s_16s_31s_32_4_1_U179  |mac_muladd_15s_16s_31s_32_4_1  |  i0 + i1 * i2|
    |mac_muladd_15s_16s_31s_32_4_1_U180  |mac_muladd_15s_16s_31s_32_4_1  |  i0 + i1 * i2|
    |mac_muladd_15s_16s_31s_32_4_1_U181  |mac_muladd_15s_16s_31s_32_4_1  |  i0 + i1 * i2|
    |mac_muladd_15s_16s_31s_32_4_1_U182  |mac_muladd_15s_16s_31s_32_4_1  |  i0 + i1 * i2|
    |mac_muladd_15s_16s_31s_32_4_1_U183  |mac_muladd_15s_16s_31s_32_4_1  |  i0 + i1 * i2|
    |mac_muladd_15s_16s_31s_32_4_1_U184  |mac_muladd_15s_16s_31s_32_4_1  |  i0 + i1 * i2|
    |mac_muladd_15s_16s_31s_32_4_1_U185  |mac_muladd_15s_16s_31s_32_4_1  |  i0 + i1 * i2|
    |mac_muladd_15s_16s_31s_32_4_1_U186  |mac_muladd_15s_16s_31s_32_4_1  |  i0 + i1 * i2|
    |mac_muladd_15s_16s_31s_32_4_1_U187  |mac_muladd_15s_16s_31s_32_4_1  |  i0 + i1 * i2|
    |mac_muladd_15s_16s_31s_32_4_1_U188  |mac_muladd_15s_16s_31s_32_4_1  |  i0 + i1 * i2|
    |mac_muladd_15s_16s_31s_32_4_1_U189  |mac_muladd_15s_16s_31s_32_4_1  |  i0 + i1 * i2|
    |mac_muladd_15s_16s_31s_32_4_1_U190  |mac_muladd_15s_16s_31s_32_4_1  |  i0 + i1 * i2|
    |mac_muladd_15s_16s_31s_32_4_1_U191  |mac_muladd_15s_16s_31s_32_4_1  |  i0 + i1 * i2|
    |mac_muladd_15s_16s_31s_32_4_1_U192  |mac_muladd_15s_16s_31s_32_4_1  |  i0 + i1 * i2|
    |mac_muladd_15s_16s_31s_32_4_1_U193  |mac_muladd_15s_16s_31s_32_4_1  |  i0 + i1 * i2|
    |mac_muladd_15s_16s_31s_32_4_1_U194  |mac_muladd_15s_16s_31s_32_4_1  |  i0 + i1 * i2|
    |mac_muladd_15s_16s_31s_32_4_1_U195  |mac_muladd_15s_16s_31s_32_4_1  |  i0 + i1 * i2|
    |mac_muladd_15s_16s_31s_32_4_1_U196  |mac_muladd_15s_16s_31s_32_4_1  |  i0 + i1 * i2|
    |mac_muladd_15s_16s_31s_32_4_1_U197  |mac_muladd_15s_16s_31s_32_4_1  |  i0 + i1 * i2|
    |mac_muladd_15s_16s_31s_32_4_1_U198  |mac_muladd_15s_16s_31s_32_4_1  |  i0 + i1 * i2|
    |mac_muladd_15s_16s_31s_32_4_1_U199  |mac_muladd_15s_16s_31s_32_4_1  |  i0 + i1 * i2|
    |mac_muladd_15s_16s_31s_32_4_1_U200  |mac_muladd_15s_16s_31s_32_4_1  |  i0 + i1 * i2|
    |mac_muladd_15s_16s_31s_32_4_1_U201  |mac_muladd_15s_16s_31s_32_4_1  |  i0 + i1 * i2|
    |mac_muladd_15s_16s_31s_32_4_1_U202  |mac_muladd_15s_16s_31s_32_4_1  |  i0 + i1 * i2|
    |mac_muladd_15s_16s_31s_32_4_1_U203  |mac_muladd_15s_16s_31s_32_4_1  |  i0 + i1 * i2|
    |mac_muladd_15s_16s_31s_32_4_1_U204  |mac_muladd_15s_16s_31s_32_4_1  |  i0 + i1 * i2|
    |mul_mul_15s_16s_31_4_1_U10          |mul_mul_15s_16s_31_4_1         |       i0 * i1|
    |mul_mul_15s_16s_31_4_1_U11          |mul_mul_15s_16s_31_4_1         |       i0 * i1|
    |mul_mul_15s_16s_31_4_1_U12          |mul_mul_15s_16s_31_4_1         |       i0 * i1|
    |mul_mul_15s_16s_31_4_1_U13          |mul_mul_15s_16s_31_4_1         |       i0 * i1|
    |mul_mul_15s_16s_31_4_1_U14          |mul_mul_15s_16s_31_4_1         |       i0 * i1|
    |mul_mul_15s_16s_31_4_1_U15          |mul_mul_15s_16s_31_4_1         |       i0 * i1|
    |mul_mul_15s_16s_31_4_1_U16          |mul_mul_15s_16s_31_4_1         |       i0 * i1|
    |mul_mul_15s_16s_31_4_1_U17          |mul_mul_15s_16s_31_4_1         |       i0 * i1|
    |mul_mul_15s_16s_31_4_1_U18          |mul_mul_15s_16s_31_4_1         |       i0 * i1|
    |mul_mul_15s_16s_31_4_1_U19          |mul_mul_15s_16s_31_4_1         |       i0 * i1|
    |mul_mul_15s_16s_31_4_1_U20          |mul_mul_15s_16s_31_4_1         |       i0 * i1|
    |mul_mul_15s_16s_31_4_1_U21          |mul_mul_15s_16s_31_4_1         |       i0 * i1|
    |mul_mul_15s_16s_31_4_1_U22          |mul_mul_15s_16s_31_4_1         |       i0 * i1|
    |mul_mul_15s_16s_31_4_1_U23          |mul_mul_15s_16s_31_4_1         |       i0 * i1|
    |mul_mul_15s_16s_31_4_1_U24          |mul_mul_15s_16s_31_4_1         |       i0 * i1|
    |mul_mul_15s_16s_31_4_1_U25          |mul_mul_15s_16s_31_4_1         |       i0 * i1|
    |mul_mul_15s_16s_31_4_1_U26          |mul_mul_15s_16s_31_4_1         |       i0 * i1|
    |mul_mul_15s_16s_31_4_1_U27          |mul_mul_15s_16s_31_4_1         |       i0 * i1|
    |mul_mul_15s_16s_31_4_1_U28          |mul_mul_15s_16s_31_4_1         |       i0 * i1|
    |mul_mul_15s_16s_31_4_1_U29          |mul_mul_15s_16s_31_4_1         |       i0 * i1|
    |mul_mul_15s_16s_31_4_1_U30          |mul_mul_15s_16s_31_4_1         |       i0 * i1|
    |mul_mul_15s_16s_31_4_1_U31          |mul_mul_15s_16s_31_4_1         |       i0 * i1|
    |mul_mul_15s_16s_31_4_1_U32          |mul_mul_15s_16s_31_4_1         |       i0 * i1|
    |mul_mul_15s_16s_31_4_1_U33          |mul_mul_15s_16s_31_4_1         |       i0 * i1|
    |mul_mul_15s_16s_31_4_1_U34          |mul_mul_15s_16s_31_4_1         |       i0 * i1|
    |mul_mul_15s_16s_31_4_1_U35          |mul_mul_15s_16s_31_4_1         |       i0 * i1|
    |mul_mul_15s_16s_31_4_1_U36          |mul_mul_15s_16s_31_4_1         |       i0 * i1|
    |mul_mul_15s_16s_31_4_1_U37          |mul_mul_15s_16s_31_4_1         |       i0 * i1|
    |mul_mul_15s_16s_31_4_1_U38          |mul_mul_15s_16s_31_4_1         |       i0 * i1|
    |mul_mul_15s_16s_31_4_1_U39          |mul_mul_15s_16s_31_4_1         |       i0 * i1|
    |mul_mul_15s_16s_31_4_1_U40          |mul_mul_15s_16s_31_4_1         |       i0 * i1|
    |mul_mul_15s_16s_31_4_1_U41          |mul_mul_15s_16s_31_4_1         |       i0 * i1|
    |mul_mul_15s_16s_31_4_1_U42          |mul_mul_15s_16s_31_4_1         |       i0 * i1|
    |mul_mul_15s_16s_31_4_1_U43          |mul_mul_15s_16s_31_4_1         |       i0 * i1|
    |mul_mul_15s_16s_31_4_1_U44          |mul_mul_15s_16s_31_4_1         |       i0 * i1|
    |mul_mul_15s_16s_31_4_1_U45          |mul_mul_15s_16s_31_4_1         |       i0 * i1|
    |mul_mul_15s_16s_31_4_1_U46          |mul_mul_15s_16s_31_4_1         |       i0 * i1|
    |mul_mul_15s_16s_31_4_1_U47          |mul_mul_15s_16s_31_4_1         |       i0 * i1|
    |mul_mul_15s_16s_31_4_1_U48          |mul_mul_15s_16s_31_4_1         |       i0 * i1|
    |mul_mul_15s_16s_31_4_1_U49          |mul_mul_15s_16s_31_4_1         |       i0 * i1|
    |mul_mul_15s_16s_31_4_1_U50          |mul_mul_15s_16s_31_4_1         |       i0 * i1|
    |mul_mul_15s_16s_31_4_1_U51          |mul_mul_15s_16s_31_4_1         |       i0 * i1|
    |mul_mul_15s_16s_31_4_1_U52          |mul_mul_15s_16s_31_4_1         |       i0 * i1|
    |mul_mul_15s_16s_31_4_1_U53          |mul_mul_15s_16s_31_4_1         |       i0 * i1|
    |mul_mul_15s_16s_31_4_1_U54          |mul_mul_15s_16s_31_4_1         |       i0 * i1|
    |mul_mul_15s_16s_31_4_1_U55          |mul_mul_15s_16s_31_4_1         |       i0 * i1|
    |mul_mul_15s_16s_31_4_1_U56          |mul_mul_15s_16s_31_4_1         |       i0 * i1|
    |mul_mul_15s_16s_31_4_1_U57          |mul_mul_15s_16s_31_4_1         |       i0 * i1|
    |mul_mul_15s_16s_31_4_1_U58          |mul_mul_15s_16s_31_4_1         |       i0 * i1|
    |mul_mul_15s_16s_31_4_1_U59          |mul_mul_15s_16s_31_4_1         |       i0 * i1|
    |mul_mul_15s_16s_31_4_1_U60          |mul_mul_15s_16s_31_4_1         |       i0 * i1|
    |mul_mul_15s_16s_31_4_1_U61          |mul_mul_15s_16s_31_4_1         |       i0 * i1|
    |mul_mul_15s_16s_31_4_1_U62          |mul_mul_15s_16s_31_4_1         |       i0 * i1|
    |mul_mul_15s_16s_31_4_1_U63          |mul_mul_15s_16s_31_4_1         |       i0 * i1|
    |mul_mul_15s_16s_31_4_1_U64          |mul_mul_15s_16s_31_4_1         |       i0 * i1|
    |mul_mul_15s_16s_31_4_1_U65          |mul_mul_15s_16s_31_4_1         |       i0 * i1|
    |mul_mul_15s_16s_31_4_1_U66          |mul_mul_15s_16s_31_4_1         |       i0 * i1|
    |mul_mul_15s_16s_31_4_1_U67          |mul_mul_15s_16s_31_4_1         |       i0 * i1|
    |mul_mul_15s_16s_31_4_1_U68          |mul_mul_15s_16s_31_4_1         |       i0 * i1|
    |mul_mul_15s_16s_31_4_1_U69          |mul_mul_15s_16s_31_4_1         |       i0 * i1|
    |mul_mul_15s_16s_31_4_1_U70          |mul_mul_15s_16s_31_4_1         |       i0 * i1|
    |mul_mul_15s_16s_31_4_1_U71          |mul_mul_15s_16s_31_4_1         |       i0 * i1|
    |mul_mul_15s_16s_31_4_1_U72          |mul_mul_15s_16s_31_4_1         |       i0 * i1|
    |mul_mul_15s_16s_31_4_1_U73          |mul_mul_15s_16s_31_4_1         |       i0 * i1|
    |mul_mul_15s_16s_31_4_1_U74          |mul_mul_15s_16s_31_4_1         |       i0 * i1|
    |mul_mul_15s_16s_31_4_1_U75          |mul_mul_15s_16s_31_4_1         |       i0 * i1|
    |mul_mul_15s_16s_31_4_1_U76          |mul_mul_15s_16s_31_4_1         |       i0 * i1|
    +------------------------------------+-------------------------------+--------------+

    * Memory: 
    +------------+----------+---------+----+----+-----+------+-----+------+-------------+
    |   Memory   |  Module  | BRAM_18K| FF | LUT| URAM| Words| Bits| Banks| W*Bits*Banks|
    +------------+----------+---------+----+----+-----+------+-----+------+-------------+
    |FIR_LP_V_U  |FIR_LP_V  |      194|   0|   0|    0|   585|   15|     1|         8775|
    |hist_V_4_U  |hist_V_4  |        0|  32|  10|    0|    39|   16|     1|          624|
    |hist_V_0_U  |hist_V_4  |        0|  32|  10|    0|    39|   16|     1|          624|
    |hist_V_1_U  |hist_V_4  |        0|  32|  10|    0|    39|   16|     1|          624|
    |hist_V_2_U  |hist_V_4  |        0|  32|  10|    0|    39|   16|     1|          624|
    |hist_V_3_U  |hist_V_4  |        0|  32|  10|    0|    39|   16|     1|          624|
    +------------+----------+---------+----+----+-----+------+-----+------+-------------+
    |Total       |          |      194| 160|  50|    0|   780|   95|     6|        11895|
    +------------+----------+---------+----+----+-----+------+-----+------+-------------+

    * FIFO: 
    N/A

    * Expression: 
    +---------------------------+----------+----+---+----+------------+------------+
    |       Variable Name       | Operation| DSP| FF| LUT| Bitwidth P0| Bitwidth P1|
    +---------------------------+----------+----+---+----+------------+------------+
    |acc_V_1_fu_9276_p2         |         +|   0|  0|  47|          40|          40|
    |add_ln1118_100_fu_5326_p2  |         +|   0|  0|  14|           9|           7|
    |add_ln1118_101_fu_6950_p2  |         +|   0|  0|  14|           9|           7|
    |add_ln1118_102_fu_5337_p2  |         +|   0|  0|  14|           9|           7|
    |add_ln1118_103_fu_5348_p2  |         +|   0|  0|  14|           9|           7|
    |add_ln1118_104_fu_6049_p2  |         +|   0|  0|  14|           9|           7|
    |add_ln1118_105_fu_6059_p2  |         +|   0|  0|  14|           9|           7|
    |add_ln1118_106_fu_5359_p2  |         +|   0|  0|  14|           9|           7|
    |add_ln1118_107_fu_6960_p2  |         +|   0|  0|  14|           9|           7|
    |add_ln1118_108_fu_6970_p2  |         +|   0|  0|  14|           9|           7|
    |add_ln1118_109_fu_6069_p2  |         +|   0|  0|  14|           9|           7|
    |add_ln1118_10_fu_4985_p2   |         +|   0|  0|  14|           9|           4|
    |add_ln1118_110_fu_6980_p2  |         +|   0|  0|  14|           9|           7|
    |add_ln1118_111_fu_6079_p2  |         +|   0|  0|  14|           9|           7|
    |add_ln1118_112_fu_6089_p2  |         +|   0|  0|  14|           9|           7|
    |add_ln1118_113_fu_6099_p2  |         +|   0|  0|  14|           9|           7|
    |add_ln1118_114_fu_6109_p2  |         +|   0|  0|  14|           9|           7|
    |add_ln1118_115_fu_5370_p2  |         +|   0|  0|  14|           9|           7|
    |add_ln1118_116_fu_6990_p2  |         +|   0|  0|  14|           9|           7|
    |add_ln1118_117_fu_5381_p2  |         +|   0|  0|  14|           9|           7|
    |add_ln1118_118_fu_5392_p2  |         +|   0|  0|  14|           9|           7|
    |add_ln1118_119_fu_5403_p2  |         +|   0|  0|  14|           9|           7|
    |add_ln1118_11_fu_5729_p2   |         +|   0|  0|  14|           9|           4|
    |add_ln1118_120_fu_6119_p2  |         +|   0|  0|  14|           9|           7|
    |add_ln1118_121_fu_5414_p2  |         +|   0|  0|  13|          10|           7|
    |add_ln1118_122_fu_5425_p2  |         +|   0|  0|  13|          10|           7|
    |add_ln1118_123_fu_5436_p2  |         +|   0|  0|  13|          10|           7|
    |add_ln1118_124_fu_7000_p2  |         +|   0|  0|  13|          10|           7|
    |add_ln1118_125_fu_6129_p2  |         +|   0|  0|  13|          10|           7|
    |add_ln1118_126_fu_5447_p2  |         +|   0|  0|  13|          10|           7|
    |add_ln1118_127_fu_7011_p2  |         +|   0|  0|  13|          10|           8|
    |add_ln1118_128_fu_7022_p2  |         +|   0|  0|  13|          10|           8|
    |add_ln1118_129_fu_5458_p2  |         +|   0|  0|  13|          10|           8|
    |add_ln1118_12_fu_6680_p2   |         +|   0|  0|  14|           9|           4|
    |add_ln1118_130_fu_7033_p2  |         +|   0|  0|  13|          10|           8|
    |add_ln1118_131_fu_6140_p2  |         +|   0|  0|  13|          10|           8|
    |add_ln1118_132_fu_6151_p2  |         +|   0|  0|  13|          10|           8|
    |add_ln1118_133_fu_6162_p2  |         +|   0|  0|  13|          10|           8|
    |add_ln1118_134_fu_6173_p2  |         +|   0|  0|  13|          10|           8|
    |add_ln1118_135_fu_5469_p2  |         +|   0|  0|  13|          10|           8|
    |add_ln1118_136_fu_7044_p2  |         +|   0|  0|  13|          10|           8|
    |add_ln1118_137_fu_5480_p2  |         +|   0|  0|  13|          10|           8|
    |add_ln1118_138_fu_5491_p2  |         +|   0|  0|  13|          10|           8|
    |add_ln1118_139_fu_7055_p2  |         +|   0|  0|  13|          10|           8|
    |add_ln1118_13_fu_5739_p2   |         +|   0|  0|  14|           9|           4|
    |add_ln1118_140_fu_6184_p2  |         +|   0|  0|  13|          10|           8|
    |add_ln1118_141_fu_5502_p2  |         +|   0|  0|  13|          10|           8|
    |add_ln1118_142_fu_7066_p2  |         +|   0|  0|  13|          10|           8|
    |add_ln1118_143_fu_7077_p2  |         +|   0|  0|  13|          10|           8|
    |add_ln1118_144_fu_5513_p2  |         +|   0|  0|  13|          10|           8|
    |add_ln1118_145_fu_7088_p2  |         +|   0|  0|  13|          10|           8|
    |add_ln1118_146_fu_6195_p2  |         +|   0|  0|  13|          10|           8|
    |add_ln1118_147_fu_7099_p2  |         +|   0|  0|  13|          10|           8|
    |add_ln1118_148_fu_7110_p2  |         +|   0|  0|  13|          10|           8|
    |add_ln1118_149_fu_5524_p2  |         +|   0|  0|  13|          10|           8|
    |add_ln1118_14_fu_6690_p2   |         +|   0|  0|  14|           9|           4|
    |add_ln1118_150_fu_7121_p2  |         +|   0|  0|  13|          10|           8|
    |add_ln1118_151_fu_6206_p2  |         +|   0|  0|  13|          10|           8|
    |add_ln1118_152_fu_6217_p2  |         +|   0|  0|  13|          10|           8|
    |add_ln1118_153_fu_6228_p2  |         +|   0|  0|  13|          10|           8|
    |add_ln1118_154_fu_6239_p2  |         +|   0|  0|  13|          10|           8|
    |add_ln1118_155_fu_5535_p2  |         +|   0|  0|  13|          10|           8|
    |add_ln1118_156_fu_7132_p2  |         +|   0|  0|  13|          10|           8|
    |add_ln1118_157_fu_5546_p2  |         +|   0|  0|  13|          10|           8|
    |add_ln1118_158_fu_5557_p2  |         +|   0|  0|  13|          10|           8|
    |add_ln1118_159_fu_7143_p2  |         +|   0|  0|  13|          10|           8|
    |add_ln1118_15_fu_5749_p2   |         +|   0|  0|  14|           9|           5|
    |add_ln1118_160_fu_6250_p2  |         +|   0|  0|  13|          10|           8|
    |add_ln1118_161_fu_5568_p2  |         +|   0|  0|  13|          10|           8|
    |add_ln1118_162_fu_7154_p2  |         +|   0|  0|  13|          10|           8|
    |add_ln1118_163_fu_7165_p2  |         +|   0|  0|  13|          10|           8|
    |add_ln1118_164_fu_5579_p2  |         +|   0|  0|  13|          10|           8|
    |add_ln1118_165_fu_7176_p2  |         +|   0|  0|  13|          10|           8|
    |add_ln1118_166_fu_6261_p2  |         +|   0|  0|  13|          10|           8|
    |add_ln1118_167_fu_6272_p2  |         +|   0|  0|  13|          10|           8|
    |add_ln1118_168_fu_6283_p2  |         +|   0|  0|  13|          10|           8|
    |add_ln1118_169_fu_6294_p2  |         +|   0|  0|  13|          10|           8|
    |add_ln1118_16_fu_5759_p2   |         +|   0|  0|  14|           9|           5|
    |add_ln1118_170_fu_5590_p2  |         +|   0|  0|  13|          10|           8|
    |add_ln1118_171_fu_7187_p2  |         +|   0|  0|  13|          10|           8|
    |add_ln1118_172_fu_6305_p2  |         +|   0|  0|  13|          10|           8|
    |add_ln1118_173_fu_5601_p2  |         +|   0|  0|  13|          10|           8|
    |add_ln1118_174_fu_6316_p2  |         +|   0|  0|  13|          10|           8|
    |add_ln1118_175_fu_5612_p2  |         +|   0|  0|  13|          10|           8|
    |add_ln1118_176_fu_7198_p2  |         +|   0|  0|  13|          10|           8|
    |add_ln1118_177_fu_5623_p2  |         +|   0|  0|  13|          10|           8|
    |add_ln1118_178_fu_7209_p2  |         +|   0|  0|  13|          10|           8|
    |add_ln1118_179_fu_7220_p2  |         +|   0|  0|  13|          10|           8|
    |add_ln1118_17_fu_5769_p2   |         +|   0|  0|  14|           9|           5|
    |add_ln1118_180_fu_6327_p2  |         +|   0|  0|  13|          10|           8|
    |add_ln1118_181_fu_5634_p2  |         +|   0|  0|  13|          10|           8|
    |add_ln1118_182_fu_7231_p2  |         +|   0|  0|  13|          10|           8|
    |add_ln1118_183_fu_6338_p2  |         +|   0|  0|  13|          10|           8|
    |add_ln1118_184_fu_7242_p2  |         +|   0|  0|  13|          10|           8|
    |add_ln1118_185_fu_6349_p2  |         +|   0|  0|  13|          10|           8|
    |add_ln1118_186_fu_5645_p2  |         +|   0|  0|  13|          10|           8|
    |add_ln1118_187_fu_6360_p2  |         +|   0|  0|  13|          10|           8|
    |add_ln1118_188_fu_7253_p2  |         +|   0|  0|  13|          10|           8|
    |add_ln1118_189_fu_5656_p2  |         +|   0|  0|  13|          10|           8|
    |add_ln1118_18_fu_4996_p2   |         +|   0|  0|  14|           9|           5|
    |add_ln1118_190_fu_7264_p2  |         +|   0|  0|  13|          10|           8|
    |add_ln1118_191_fu_6371_p2  |         +|   0|  0|  13|          10|           8|
    |add_ln1118_192_fu_5667_p2  |         +|   0|  0|  13|          10|           8|
    |add_ln1118_193_fu_5678_p2  |         +|   0|  0|  13|          10|           8|
    |add_ln1118_194_fu_4946_p2  |         +|   0|  0|  13|          10|           8|
    |add_ln1118_19_fu_5007_p2   |         +|   0|  0|  14|           9|           5|
    |add_ln1118_1_fu_4952_p2    |         +|   0|  0|  14|           9|           2|
    |add_ln1118_20_fu_6700_p2   |         +|   0|  0|  14|           9|           5|
    |add_ln1118_21_fu_5018_p2   |         +|   0|  0|  14|           9|           5|
    |add_ln1118_22_fu_5779_p2   |         +|   0|  0|  14|           9|           5|
    |add_ln1118_23_fu_5029_p2   |         +|   0|  0|  14|           9|           5|
    |add_ln1118_24_fu_5040_p2   |         +|   0|  0|  14|           9|           5|
    |add_ln1118_25_fu_6710_p2   |         +|   0|  0|  14|           9|           5|
    |add_ln1118_26_fu_6720_p2   |         +|   0|  0|  14|           9|           5|
    |add_ln1118_27_fu_5051_p2   |         +|   0|  0|  14|           9|           5|
    |add_ln1118_28_fu_6730_p2   |         +|   0|  0|  14|           9|           5|
    |add_ln1118_29_fu_5789_p2   |         +|   0|  0|  14|           9|           5|
    |add_ln1118_2_fu_4963_p2    |         +|   0|  0|  14|           9|           2|
    |add_ln1118_30_fu_5062_p2   |         +|   0|  0|  14|           9|           5|
    |add_ln1118_31_fu_5073_p2   |         +|   0|  0|  14|           9|           6|
    |add_ln1118_32_fu_6740_p2   |         +|   0|  0|  14|           9|           6|
    |add_ln1118_33_fu_5799_p2   |         +|   0|  0|  14|           9|           6|
    |add_ln1118_34_fu_6750_p2   |         +|   0|  0|  14|           9|           6|
    |add_ln1118_35_fu_5809_p2   |         +|   0|  0|  14|           9|           6|
    |add_ln1118_36_fu_5819_p2   |         +|   0|  0|  14|           9|           6|
    |add_ln1118_37_fu_5829_p2   |         +|   0|  0|  14|           9|           6|
    |add_ln1118_38_fu_5084_p2   |         +|   0|  0|  14|           9|           6|
    |add_ln1118_39_fu_5095_p2   |         +|   0|  0|  14|           9|           6|
    |add_ln1118_3_fu_6650_p2    |         +|   0|  0|  14|           9|           3|
    |add_ln1118_40_fu_6760_p2   |         +|   0|  0|  14|           9|           6|
    |add_ln1118_41_fu_6770_p2   |         +|   0|  0|  14|           9|           6|
    |add_ln1118_42_fu_5106_p2   |         +|   0|  0|  14|           9|           6|
    |add_ln1118_43_fu_6780_p2   |         +|   0|  0|  14|           9|           6|
    |add_ln1118_44_fu_5839_p2   |         +|   0|  0|  14|           9|           6|
    |add_ln1118_45_fu_5117_p2   |         +|   0|  0|  14|           9|           6|
    |add_ln1118_46_fu_5128_p2   |         +|   0|  0|  14|           9|           6|
    |add_ln1118_47_fu_5139_p2   |         +|   0|  0|  14|           9|           6|
    |add_ln1118_48_fu_6790_p2   |         +|   0|  0|  14|           9|           6|
    |add_ln1118_49_fu_5849_p2   |         +|   0|  0|  14|           9|           6|
    |add_ln1118_4_fu_4974_p2    |         +|   0|  0|  14|           9|           3|
    |add_ln1118_50_fu_5150_p2   |         +|   0|  0|  14|           9|           6|
    |add_ln1118_51_fu_5161_p2   |         +|   0|  0|  14|           9|           6|
    |add_ln1118_52_fu_6800_p2   |         +|   0|  0|  14|           9|           6|
    |add_ln1118_53_fu_5859_p2   |         +|   0|  0|  14|           9|           6|
    |add_ln1118_54_fu_6810_p2   |         +|   0|  0|  14|           9|           6|
    |add_ln1118_55_fu_5869_p2   |         +|   0|  0|  14|           9|           6|
    |add_ln1118_56_fu_5879_p2   |         +|   0|  0|  14|           9|           6|
    |add_ln1118_57_fu_5889_p2   |         +|   0|  0|  14|           9|           6|
    |add_ln1118_58_fu_5172_p2   |         +|   0|  0|  14|           9|           6|
    |add_ln1118_59_fu_5183_p2   |         +|   0|  0|  14|           9|           6|
    |add_ln1118_5_fu_6660_p2    |         +|   0|  0|  14|           9|           3|
    |add_ln1118_60_fu_5899_p2   |         +|   0|  0|  14|           9|           6|
    |add_ln1118_61_fu_6820_p2   |         +|   0|  0|  14|           9|           6|
    |add_ln1118_62_fu_5194_p2   |         +|   0|  0|  14|           9|           6|
    |add_ln1118_63_fu_6830_p2   |         +|   0|  0|  14|           9|           7|
    |add_ln1118_64_fu_5909_p2   |         +|   0|  0|  14|           9|           7|
    |add_ln1118_65_fu_5919_p2   |         +|   0|  0|  14|           9|           7|
    |add_ln1118_66_fu_5205_p2   |         +|   0|  0|  14|           9|           7|
    |add_ln1118_67_fu_6840_p2   |         +|   0|  0|  14|           9|           7|
    |add_ln1118_68_fu_5929_p2   |         +|   0|  0|  14|           9|           7|
    |add_ln1118_69_fu_6850_p2   |         +|   0|  0|  14|           9|           7|
    |add_ln1118_6_fu_5699_p2    |         +|   0|  0|  14|           9|           3|
    |add_ln1118_70_fu_5216_p2   |         +|   0|  0|  14|           9|           7|
    |add_ln1118_71_fu_5939_p2   |         +|   0|  0|  14|           9|           7|
    |add_ln1118_72_fu_6860_p2   |         +|   0|  0|  14|           9|           7|
    |add_ln1118_73_fu_5949_p2   |         +|   0|  0|  14|           9|           7|
    |add_ln1118_74_fu_6870_p2   |         +|   0|  0|  14|           9|           7|
    |add_ln1118_75_fu_6880_p2   |         +|   0|  0|  14|           9|           7|
    |add_ln1118_76_fu_5959_p2   |         +|   0|  0|  14|           9|           7|
    |add_ln1118_77_fu_5969_p2   |         +|   0|  0|  14|           9|           7|
    |add_ln1118_78_fu_5227_p2   |         +|   0|  0|  14|           9|           7|
    |add_ln1118_79_fu_5238_p2   |         +|   0|  0|  14|           9|           7|
    |add_ln1118_7_fu_6670_p2    |         +|   0|  0|  14|           9|           4|
    |add_ln1118_80_fu_5249_p2   |         +|   0|  0|  14|           9|           7|
    |add_ln1118_81_fu_6890_p2   |         +|   0|  0|  14|           9|           7|
    |add_ln1118_82_fu_5260_p2   |         +|   0|  0|  14|           9|           7|
    |add_ln1118_83_fu_6900_p2   |         +|   0|  0|  14|           9|           7|
    |add_ln1118_84_fu_5979_p2   |         +|   0|  0|  14|           9|           7|
    |add_ln1118_85_fu_5989_p2   |         +|   0|  0|  14|           9|           7|
    |add_ln1118_86_fu_5271_p2   |         +|   0|  0|  14|           9|           7|
    |add_ln1118_87_fu_6910_p2   |         +|   0|  0|  14|           9|           7|
    |add_ln1118_88_fu_5999_p2   |         +|   0|  0|  14|           9|           7|
    |add_ln1118_89_fu_6920_p2   |         +|   0|  0|  14|           9|           7|
    |add_ln1118_8_fu_5709_p2    |         +|   0|  0|  14|           9|           4|
    |add_ln1118_90_fu_6930_p2   |         +|   0|  0|  14|           9|           7|
    |add_ln1118_91_fu_6009_p2   |         +|   0|  0|  14|           9|           7|
    |add_ln1118_92_fu_6019_p2   |         +|   0|  0|  14|           9|           7|
    |add_ln1118_93_fu_5282_p2   |         +|   0|  0|  14|           9|           7|
    |add_ln1118_94_fu_5293_p2   |         +|   0|  0|  14|           9|           7|
    |add_ln1118_95_fu_5304_p2   |         +|   0|  0|  14|           9|           7|
    |add_ln1118_96_fu_6940_p2   |         +|   0|  0|  14|           9|           7|
    |add_ln1118_97_fu_6029_p2   |         +|   0|  0|  14|           9|           7|
    |add_ln1118_98_fu_6039_p2   |         +|   0|  0|  14|           9|           7|
    |add_ln1118_99_fu_5315_p2   |         +|   0|  0|  14|           9|           7|
    |add_ln1118_9_fu_5719_p2    |         +|   0|  0|  14|           9|           4|
    |add_ln1118_fu_5689_p2      |         +|   0|  0|  14|           9|           1|
    |add_ln263_fu_4218_p2       |         +|   0|  0|  39|          32|           1|
    |add_ln270_fu_4241_p2       |         +|   0|  0|  15|           8|           2|
    |add_ln281_fu_4925_p2       |         +|   0|  0|  10|           2|           1|
    |add_ln356_fu_8836_p2       |         +|   0|  0|  11|           3|           1|
    |add_ln703_100_fu_8203_p2   |         +|   0|  0|  40|          33|          33|
    |add_ln703_105_fu_8215_p2   |         +|   0|  0|  40|          33|          33|
    |add_ln703_106_fu_8547_p2   |         +|   0|  0|  41|          34|          34|
    |add_ln703_10_fu_8395_p2    |         +|   0|  0|  41|          34|          34|
    |add_ln703_111_fu_8227_p2   |         +|   0|  0|  40|          33|          33|
    |add_ln703_116_fu_8239_p2   |         +|   0|  0|  40|          33|          33|
    |add_ln703_117_fu_8563_p2   |         +|   0|  0|  41|          34|          34|
    |add_ln703_118_fu_8573_p2   |         +|   0|  0|  42|          35|          35|
    |add_ln703_123_fu_8251_p2   |         +|   0|  0|  40|          33|          33|
    |add_ln703_128_fu_8263_p2   |         +|   0|  0|  40|          33|          33|
    |add_ln703_129_fu_8585_p2   |         +|   0|  0|  41|          34|          34|
    |add_ln703_134_fu_8275_p2   |         +|   0|  0|  40|          33|          33|
    |add_ln703_139_fu_7942_p2   |         +|   0|  0|  39|          32|          32|
    |add_ln703_140_fu_8287_p2   |         +|   0|  0|  40|          33|          33|
    |add_ln703_141_fu_8601_p2   |         +|   0|  0|  41|          34|          34|
    |add_ln703_142_fu_8611_p2   |         +|   0|  0|  42|          35|          35|
    |add_ln703_143_fu_8737_p2   |         +|   0|  0|  43|          36|          36|
    |add_ln703_148_fu_8299_p2   |         +|   0|  0|  40|          33|          33|
    |add_ln703_153_fu_8311_p2   |         +|   0|  0|  40|          33|          33|
    |add_ln703_154_fu_8623_p2   |         +|   0|  0|  41|          34|          34|
    |add_ln703_159_fu_8323_p2   |         +|   0|  0|  40|          33|          33|
    |add_ln703_15_fu_8035_p2    |         +|   0|  0|  40|          33|          33|
    |add_ln703_164_fu_8335_p2   |         +|   0|  0|  40|          33|          33|
    |add_ln703_165_fu_8639_p2   |         +|   0|  0|  41|          34|          34|
    |add_ln703_166_fu_8649_p2   |         +|   0|  0|  42|          35|          35|
    |add_ln703_171_fu_8347_p2   |         +|   0|  0|  40|          33|          33|
    |add_ln703_176_fu_8359_p2   |         +|   0|  0|  40|          33|          33|
    |add_ln703_177_fu_8661_p2   |         +|   0|  0|  41|          34|          34|
    |add_ln703_182_fu_8371_p2   |         +|   0|  0|  40|          33|          33|
    |add_ln703_187_fu_7999_p2   |         +|   0|  0|  39|          32|          32|
    |add_ln703_188_fu_8383_p2   |         +|   0|  0|  40|          33|          33|
    |add_ln703_189_fu_8677_p2   |         +|   0|  0|  41|          34|          34|
    |add_ln703_190_fu_8687_p2   |         +|   0|  0|  42|          35|          35|
    |add_ln703_191_fu_8753_p2   |         +|   0|  0|  43|          36|          36|
    |add_ln703_192_fu_8763_p2   |         +|   0|  0|  44|          37|          37|
    |add_ln703_20_fu_8047_p2    |         +|   0|  0|  40|          33|          33|
    |add_ln703_21_fu_8411_p2    |         +|   0|  0|  41|          34|          34|
    |add_ln703_22_fu_8421_p2    |         +|   0|  0|  42|          35|          35|
    |add_ln703_27_fu_8059_p2    |         +|   0|  0|  40|          33|          33|
    |add_ln703_32_fu_8071_p2    |         +|   0|  0|  40|          33|          33|
    |add_ln703_33_fu_8433_p2    |         +|   0|  0|  41|          34|          34|
    |add_ln703_38_fu_8083_p2    |         +|   0|  0|  40|          33|          33|
    |add_ln703_43_fu_8095_p2    |         +|   0|  0|  40|          33|          33|
    |add_ln703_44_fu_8449_p2    |         +|   0|  0|  41|          34|          34|
    |add_ln703_45_fu_8459_p2    |         +|   0|  0|  42|          35|          35|
    |add_ln703_46_fu_8699_p2    |         +|   0|  0|  43|          36|          36|
    |add_ln703_4_fu_8011_p2     |         +|   0|  0|  40|          33|          33|
    |add_ln703_51_fu_8107_p2    |         +|   0|  0|  40|          33|          33|
    |add_ln703_56_fu_8119_p2    |         +|   0|  0|  40|          33|          33|
    |add_ln703_57_fu_8471_p2    |         +|   0|  0|  41|          34|          34|
    |add_ln703_62_fu_8131_p2    |         +|   0|  0|  40|          33|          33|
    |add_ln703_67_fu_8143_p2    |         +|   0|  0|  40|          33|          33|
    |add_ln703_68_fu_8487_p2    |         +|   0|  0|  41|          34|          34|
    |add_ln703_69_fu_8497_p2    |         +|   0|  0|  42|          35|          35|
    |add_ln703_74_fu_8155_p2    |         +|   0|  0|  40|          33|          33|
    |add_ln703_79_fu_8167_p2    |         +|   0|  0|  40|          33|          33|
    |add_ln703_80_fu_8509_p2    |         +|   0|  0|  41|          34|          34|
    |add_ln703_85_fu_8179_p2    |         +|   0|  0|  40|          33|          33|
    |add_ln703_90_fu_7885_p2    |         +|   0|  0|  39|          32|          32|
    |add_ln703_91_fu_8191_p2    |         +|   0|  0|  40|          33|          33|
    |add_ln703_92_fu_8525_p2    |         +|   0|  0|  41|          34|          34|
    |add_ln703_93_fu_8535_p2    |         +|   0|  0|  42|          35|          35|
    |add_ln703_94_fu_8715_p2    |         +|   0|  0|  43|          36|          36|
    |add_ln703_95_fu_8725_p2    |         +|   0|  0|  44|          37|          37|
    |add_ln703_9_fu_8023_p2     |         +|   0|  0|  40|          33|          33|
    |ret_V_fu_9103_p2           |         +|   0|  0|  56|          49|          49|
    |ylp_V_0_fu_8775_p2         |         +|   0|  0|  45|          38|          38|
    |band_V_1_fu_8806_p2        |         -|   0|  0|  47|          40|          40|
    |band_V_2_fu_8812_p2        |         -|   0|  0|  47|          40|          40|
    |band_V_3_fu_8830_p2        |         -|   0|  0|  47|          40|          40|
    |p_Val2_10_fu_9014_p2       |         -|   0|  0|  31|           1|          24|
    |ret_V_2_fu_9074_p2         |         -|   0|  0|  32|          25|          25|
    |overflow_1_fu_8917_p2      |       and|   0|  0|   2|           1|           1|
    |overflow_3_fu_9191_p2      |       and|   0|  0|   2|           1|           1|
    |overflow_fu_9336_p2        |       and|   0|  0|   2|           1|           1|
    |underflow_1_fu_8941_p2     |       and|   0|  0|   2|           1|           1|
    |underflow_2_fu_9207_p2     |       and|   0|  0|   2|           1|           1|
    |underflow_fu_9360_p2       |       and|   0|  0|   2|           1|           1|
    |icmp_ln1497_fu_9052_p2     |      icmp|   0|  0|  15|          24|          24|
    |icmp_ln239_fu_4077_p2      |      icmp|   0|  0|  18|          32|           1|
    |icmp_ln263_fu_4224_p2      |      icmp|   0|  0|  18|          32|          32|
    |icmp_ln270_fu_4229_p2      |      icmp|   0|  0|  11|           8|           1|
    |icmp_ln281_fu_4940_p2      |      icmp|   0|  0|   8|           2|           2|
    |icmp_ln356_fu_8842_p2      |      icmp|   0|  0|   9|           3|           4|
    |icmp_ln768_1_fu_8899_p2    |      icmp|   0|  0|  10|           6|           1|
    |icmp_ln768_2_fu_9170_p2    |      icmp|   0|  0|   9|           4|           1|
    |icmp_ln768_fu_9318_p2      |      icmp|   0|  0|  10|           7|           1|
    |icmp_ln786_1_fu_8929_p2    |      icmp|   0|  0|  10|           6|           2|
    |icmp_ln786_2_fu_9176_p2    |      icmp|   0|  0|   9|           4|           2|
    |icmp_ln786_fu_9348_p2      |      icmp|   0|  0|  10|           7|           2|
    |tobool98_fu_4083_p2        |      icmp|   0|  0|  18|          32|           1|
    |ap_block_state20_io        |        or|   0|  0|   2|           1|           1|
    |or_ln340_1_fu_9378_p2      |        or|   0|  0|   2|           1|           1|
    |or_ln340_2_fu_8947_p2      |        or|   0|  0|   2|           1|           1|
    |or_ln340_3_fu_8966_p2      |        or|   0|  0|   2|           1|           1|
    |or_ln340_4_fu_9212_p2      |        or|   0|  0|   2|           1|           1|
    |or_ln340_5_fu_9224_p2      |        or|   0|  0|   2|           1|           1|
    |or_ln340_fu_9366_p2        |        or|   0|  0|   2|           1|           1|
    |or_ln785_1_fu_8905_p2      |        or|   0|  0|   2|           1|           1|
    |or_ln785_2_fu_9182_p2      |        or|   0|  0|   2|           1|           1|
    |or_ln785_fu_9324_p2        |        or|   0|  0|   2|           1|           1|
    |or_ln786_1_fu_8935_p2      |        or|   0|  0|   2|           1|           1|
    |or_ln786_2_fu_9202_p2      |        or|   0|  0|   2|           1|           1|
    |or_ln786_fu_9354_p2        |        or|   0|  0|   2|           1|           1|
    |sign_V_fu_9115_p2          |        or|   0|  0|  24|          23|          24|
    |a_V_fu_9040_p3             |    select|   0|  0|  23|           1|          23|
    |p_pn_fu_9270_p3            |    select|   0|  0|  40|           1|          40|
    |s_V_10_fu_9400_p3          |    select|   0|  0|  16|           1|          16|
    |select_ln1497_fu_9252_p3   |    select|   0|  0|  24|           1|          24|
    |select_ln340_2_fu_8953_p3  |    select|   0|  0|  24|           1|          23|
    |select_ln340_4_fu_9032_p3  |    select|   0|  0|  23|           1|           2|
    |select_ln340_5_fu_9230_p3  |    select|   0|  0|  24|           1|          23|
    |select_ln340_6_fu_9244_p3  |    select|   0|  0|  24|           1|          24|
    |select_ln340_fu_9384_p3    |    select|   0|  0|  16|           1|          15|
    |select_ln388_1_fu_8971_p3  |    select|   0|  0|  25|           1|          25|
    |select_ln388_2_fu_9237_p3  |    select|   0|  0|  25|           1|          25|
    |select_ln388_fu_9392_p3    |    select|   0|  0|  17|           1|          17|
    |x_V_fu_8977_p3             |    select|   0|  0|  24|           1|          24|
    |ap_enable_pp0              |       xor|   0|  0|   2|           1|           2|
    |ap_enable_pp1              |       xor|   0|  0|   2|           1|           2|
    |ap_enable_pp2              |       xor|   0|  0|   2|           1|           2|
    |ap_enable_reg_pp1_iter1    |       xor|   0|  0|   2|           2|           1|
    |xor_ln340_1_fu_8961_p2     |       xor|   0|  0|   2|           1|           2|
    |xor_ln340_2_fu_9218_p2     |       xor|   0|  0|   2|           1|           2|
    |xor_ln340_fu_9372_p2       |       xor|   0|  0|   2|           1|           2|
    |xor_ln785_1_fu_8911_p2     |       xor|   0|  0|   2|           1|           2|
    |xor_ln785_2_fu_9186_p2     |       xor|   0|  0|   2|           1|           2|
    |xor_ln785_fu_9330_p2       |       xor|   0|  0|   2|           1|           2|
    |xor_ln786_1_fu_8923_p2     |       xor|   0|  0|   2|           1|           2|
    |xor_ln786_2_fu_9197_p2     |       xor|   0|  0|   2|           1|           2|
    |xor_ln786_fu_9342_p2       |       xor|   0|  0|   2|           1|           2|
    +---------------------------+----------+----+---+----+------------+------------+
    |Total                      |          |   0|  0|6280|        4577|        4231|
    +---------------------------+----------+----+---+----+------------+------------+

    * Multiplexer: 
    +-----------------------------------+-----+-----------+-----+-----------+
    |                Name               | LUT | Input Size| Bits| Total Bits|
    +-----------------------------------+-----+-----------+-----+-----------+
    |acc_V_reg_4062                     |    9|          2|   40|         80|
    |ap_NS_fsm                          |  265|         62|    1|         62|
    |ap_enable_reg_pp0_iter6            |    9|          2|    1|          2|
    |ap_enable_reg_pp1_iter1            |    9|          2|    1|          2|
    |ap_enable_reg_pp1_iter9            |    9|          2|    1|          2|
    |ap_enable_reg_pp2_iter8            |    9|          2|    1|          2|
    |ap_enable_reg_pp2_iter9            |    9|          2|    1|          2|
    |ap_phi_mux_b_phi_fu_4031_p4        |    9|          2|    2|          4|
    |ap_phi_mux_k_phi_fu_4019_p4        |    9|          2|    8|         16|
    |ap_phi_mux_phi_mul_phi_fu_4043_p4  |    9|          2|   10|         20|
    |b_reg_4027                         |    9|          2|    2|          4|
    |drc_ratio_address0                 |   25|          5|    2|         10|
    |drc_thr_address0                   |   25|          5|    2|         10|
    |gmem_blk_n_AR                      |    9|          2|    1|          2|
    |gmem_blk_n_AW                      |    9|          2|    1|          2|
    |gmem_blk_n_B                       |    9|          2|    1|          2|
    |gmem_blk_n_R                       |    9|          2|    1|          2|
    |gmem_blk_n_W                       |    9|          2|    1|          2|
    |hist_V_0_address0                  |  113|         22|    6|        132|
    |hist_V_0_address1                  |  113|         22|    6|        132|
    |hist_V_0_d1                        |   20|          4|   16|         64|
    |hist_V_1_address0                  |  177|         40|    6|        240|
    |hist_V_1_address1                  |  177|         40|    6|        240|
    |hist_V_1_d1                        |   14|          3|   16|         48|
    |hist_V_2_address0                  |  177|         40|    6|        240|
    |hist_V_2_address1                  |  177|         40|    6|        240|
    |hist_V_2_d1                        |   14|          3|   16|         48|
    |hist_V_3_address0                  |  177|         40|    6|        240|
    |hist_V_3_address1                  |  177|         40|    6|        240|
    |hist_V_3_d1                        |   14|          3|   16|         48|
    |hist_V_4_address0                  |  177|         40|    6|        240|
    |hist_V_4_address1                  |  177|         40|    6|        240|
    |hist_V_4_d1                        |   14|          3|   16|         48|
    |i_reg_4051                         |    9|          2|    3|          6|
    |k_reg_4015                         |    9|          2|    8|         16|
    |n_reg_4004                         |    9|          2|   32|         64|
    |phi_mul_reg_4039                   |    9|          2|   10|         20|
    +-----------------------------------+-----+-----------+-----+-----------+
    |Total                              | 2204|        490|  270|       2772|
    +-----------------------------------+-----+-----------+-----+-----------+

    * Register: 
    +---------------------------------------+-----+----+-----+-----------+
    |                  Name                 |  FF | LUT| Bits| Const Bits|
    +---------------------------------------+-----+----+-----+-----------+
    |FIR_LP_V_load_reg_13674                |   15|   0|   15|          0|
    |FIR_LP_V_load_reg_13674_pp1_iter2_reg  |   15|   0|   15|          0|
    |acc_V_reg_4062                         |   40|   0|   40|          0|
    |add_ln1118_194_reg_12994               |   10|   0|   10|          0|
    |add_ln263_reg_10938                    |   32|   0|   32|          0|
    |add_ln270_reg_10951                    |    8|   0|    8|          0|
    |add_ln281_reg_12902                    |    2|   0|    2|          0|
    |add_ln703_100_reg_15689                |   33|   0|   33|          0|
    |add_ln703_105_reg_15694                |   33|   0|   33|          0|
    |add_ln703_111_reg_15699                |   33|   0|   33|          0|
    |add_ln703_116_reg_15704                |   33|   0|   33|          0|
    |add_ln703_118_reg_15789                |   35|   0|   35|          0|
    |add_ln703_123_reg_15709                |   33|   0|   33|          0|
    |add_ln703_128_reg_15714                |   33|   0|   33|          0|
    |add_ln703_134_reg_15719                |   33|   0|   33|          0|
    |add_ln703_139_reg_15524                |   32|   0|   32|          0|
    |add_ln703_140_reg_15724                |   33|   0|   33|          0|
    |add_ln703_142_reg_15794                |   35|   0|   35|          0|
    |add_ln703_148_reg_15729                |   33|   0|   33|          0|
    |add_ln703_153_reg_15734                |   33|   0|   33|          0|
    |add_ln703_159_reg_15739                |   33|   0|   33|          0|
    |add_ln703_15_reg_15619                 |   33|   0|   33|          0|
    |add_ln703_164_reg_15744                |   33|   0|   33|          0|
    |add_ln703_166_reg_15799                |   35|   0|   35|          0|
    |add_ln703_171_reg_15749                |   33|   0|   33|          0|
    |add_ln703_176_reg_15754                |   33|   0|   33|          0|
    |add_ln703_182_reg_15759                |   33|   0|   33|          0|
    |add_ln703_187_reg_15604                |   32|   0|   32|          0|
    |add_ln703_188_reg_15764                |   33|   0|   33|          0|
    |add_ln703_190_reg_15804                |   35|   0|   35|          0|
    |add_ln703_192_reg_15814                |   37|   0|   37|          0|
    |add_ln703_20_reg_15624                 |   33|   0|   33|          0|
    |add_ln703_22_reg_15769                 |   35|   0|   35|          0|
    |add_ln703_27_reg_15629                 |   33|   0|   33|          0|
    |add_ln703_32_reg_15634                 |   33|   0|   33|          0|
    |add_ln703_38_reg_15639                 |   33|   0|   33|          0|
    |add_ln703_43_reg_15644                 |   33|   0|   33|          0|
    |add_ln703_45_reg_15774                 |   35|   0|   35|          0|
    |add_ln703_4_reg_15609                  |   33|   0|   33|          0|
    |add_ln703_51_reg_15649                 |   33|   0|   33|          0|
    |add_ln703_56_reg_15654                 |   33|   0|   33|          0|
    |add_ln703_62_reg_15659                 |   33|   0|   33|          0|
    |add_ln703_67_reg_15664                 |   33|   0|   33|          0|
    |add_ln703_69_reg_15779                 |   35|   0|   35|          0|
    |add_ln703_74_reg_15669                 |   33|   0|   33|          0|
    |add_ln703_79_reg_15674                 |   33|   0|   33|          0|
    |add_ln703_85_reg_15679                 |   33|   0|   33|          0|
    |add_ln703_90_reg_15444                 |   32|   0|   32|          0|
    |add_ln703_91_reg_15684                 |   33|   0|   33|          0|
    |add_ln703_93_reg_15784                 |   35|   0|   35|          0|
    |add_ln703_95_reg_15809                 |   37|   0|   37|          0|
    |add_ln703_9_reg_15614                  |   33|   0|   33|          0|
    |ap_CS_fsm                              |   61|   0|   61|          0|
    |ap_enable_reg_pp0_iter0                |    1|   0|    1|          0|
    |ap_enable_reg_pp0_iter1                |    1|   0|    1|          0|
    |ap_enable_reg_pp0_iter2                |    1|   0|    1|          0|
    |ap_enable_reg_pp0_iter3                |    1|   0|    1|          0|
    |ap_enable_reg_pp0_iter4                |    1|   0|    1|          0|
    |ap_enable_reg_pp0_iter5                |    1|   0|    1|          0|
    |ap_enable_reg_pp0_iter6                |    1|   0|    1|          0|
    |ap_enable_reg_pp1_iter0                |    1|   0|    1|          0|
    |ap_enable_reg_pp1_iter1                |    1|   0|    1|          0|
    |ap_enable_reg_pp1_iter2                |    1|   0|    1|          0|
    |ap_enable_reg_pp1_iter3                |    1|   0|    1|          0|
    |ap_enable_reg_pp1_iter4                |    1|   0|    1|          0|
    |ap_enable_reg_pp1_iter5                |    1|   0|    1|          0|
    |ap_enable_reg_pp1_iter6                |    1|   0|    1|          0|
    |ap_enable_reg_pp1_iter7                |    1|   0|    1|          0|
    |ap_enable_reg_pp1_iter8                |    1|   0|    1|          0|
    |ap_enable_reg_pp1_iter9                |    1|   0|    1|          0|
    |ap_enable_reg_pp2_iter0                |    1|   0|    1|          0|
    |ap_enable_reg_pp2_iter1                |    1|   0|    1|          0|
    |ap_enable_reg_pp2_iter2                |    1|   0|    1|          0|
    |ap_enable_reg_pp2_iter3                |    1|   0|    1|          0|
    |ap_enable_reg_pp2_iter4                |    1|   0|    1|          0|
    |ap_enable_reg_pp2_iter5                |    1|   0|    1|          0|
    |ap_enable_reg_pp2_iter6                |    1|   0|    1|          0|
    |ap_enable_reg_pp2_iter7                |    1|   0|    1|          0|
    |ap_enable_reg_pp2_iter8                |    1|   0|    1|          0|
    |ap_enable_reg_pp2_iter9                |    1|   0|    1|          0|
    |b_reg_4027                             |    2|   0|    2|          0|
    |band_V_0_fu_1034                       |   40|   0|   40|          0|
    |band_V_1_reg_15819                     |   40|   0|   40|          0|
    |band_V_2_reg_15824                     |   40|   0|   40|          0|
    |band_V_3_reg_15829                     |   40|   0|   40|          0|
    |bypass_read_reg_10767                  |   32|   0|   32|          0|
    |empty_33_reg_12907                     |    9|   0|    9|          0|
    |empty_33_reg_12907_pp1_iter1_reg       |    9|   0|    9|          0|
    |hist_V_0_load_10_reg_11271             |   16|   0|   16|          0|
    |hist_V_0_load_11_reg_11296             |   16|   0|   16|          0|
    |hist_V_0_load_12_reg_11321             |   16|   0|   16|          0|
    |hist_V_0_load_13_reg_11346             |   16|   0|   16|          0|
    |hist_V_0_load_14_reg_11371             |   16|   0|   16|          0|
    |hist_V_0_load_15_reg_11396             |   16|   0|   16|          0|
    |hist_V_0_load_16_reg_11421             |   16|   0|   16|          0|
    |hist_V_0_load_17_reg_11446             |   16|   0|   16|          0|
    |hist_V_0_load_18_reg_11471             |   16|   0|   16|          0|
    |hist_V_0_load_19_reg_11496             |   16|   0|   16|          0|
    |hist_V_0_load_1_reg_11046              |   16|   0|   16|          0|
    |hist_V_0_load_20_reg_11521             |   16|   0|   16|          0|
    |hist_V_0_load_21_reg_11546             |   16|   0|   16|          0|
    |hist_V_0_load_22_reg_11571             |   16|   0|   16|          0|
    |hist_V_0_load_23_reg_11596             |   16|   0|   16|          0|
    |hist_V_0_load_24_reg_11621             |   16|   0|   16|          0|
    |hist_V_0_load_25_reg_11646             |   16|   0|   16|          0|
    |hist_V_0_load_26_reg_11671             |   16|   0|   16|          0|
    |hist_V_0_load_27_reg_11696             |   16|   0|   16|          0|
    |hist_V_0_load_28_reg_11721             |   16|   0|   16|          0|
    |hist_V_0_load_29_reg_11746             |   16|   0|   16|          0|
    |hist_V_0_load_2_reg_11071              |   16|   0|   16|          0|
    |hist_V_0_load_30_reg_11771             |   16|   0|   16|          0|
    |hist_V_0_load_31_reg_11796             |   16|   0|   16|          0|
    |hist_V_0_load_32_reg_11821             |   16|   0|   16|          0|
    |hist_V_0_load_33_reg_11846             |   16|   0|   16|          0|
    |hist_V_0_load_34_reg_11877             |   16|   0|   16|          0|
    |hist_V_0_load_35_reg_11902             |   16|   0|   16|          0|
    |hist_V_0_load_3_reg_11096              |   16|   0|   16|          0|
    |hist_V_0_load_4_reg_11121              |   16|   0|   16|          0|
    |hist_V_0_load_5_reg_11146              |   16|   0|   16|          0|
    |hist_V_0_load_6_reg_11171              |   16|   0|   16|          0|
    |hist_V_0_load_7_reg_11196              |   16|   0|   16|          0|
    |hist_V_0_load_8_reg_11221              |   16|   0|   16|          0|
    |hist_V_0_load_9_reg_11246              |   16|   0|   16|          0|
    |hist_V_0_load_reg_11021                |   16|   0|   16|          0|
    |hist_V_1_load_10_reg_11226             |   16|   0|   16|          0|
    |hist_V_1_load_11_reg_11251             |   16|   0|   16|          0|
    |hist_V_1_load_12_reg_11276             |   16|   0|   16|          0|
    |hist_V_1_load_13_reg_11301             |   16|   0|   16|          0|
    |hist_V_1_load_14_reg_11326             |   16|   0|   16|          0|
    |hist_V_1_load_15_reg_11351             |   16|   0|   16|          0|
    |hist_V_1_load_16_reg_11376             |   16|   0|   16|          0|
    |hist_V_1_load_17_reg_11401             |   16|   0|   16|          0|
    |hist_V_1_load_18_reg_11426             |   16|   0|   16|          0|
    |hist_V_1_load_19_reg_11451             |   16|   0|   16|          0|
    |hist_V_1_load_1_reg_11001              |   16|   0|   16|          0|
    |hist_V_1_load_20_reg_11476             |   16|   0|   16|          0|
    |hist_V_1_load_21_reg_11501             |   16|   0|   16|          0|
    |hist_V_1_load_22_reg_11526             |   16|   0|   16|          0|
    |hist_V_1_load_23_reg_11551             |   16|   0|   16|          0|
    |hist_V_1_load_24_reg_11576             |   16|   0|   16|          0|
    |hist_V_1_load_25_reg_11601             |   16|   0|   16|          0|
    |hist_V_1_load_26_reg_11626             |   16|   0|   16|          0|
    |hist_V_1_load_27_reg_11651             |   16|   0|   16|          0|
    |hist_V_1_load_28_reg_11676             |   16|   0|   16|          0|
    |hist_V_1_load_29_reg_11701             |   16|   0|   16|          0|
    |hist_V_1_load_2_reg_11026              |   16|   0|   16|          0|
    |hist_V_1_load_30_reg_11726             |   16|   0|   16|          0|
    |hist_V_1_load_31_reg_11751             |   16|   0|   16|          0|
    |hist_V_1_load_32_reg_11776             |   16|   0|   16|          0|
    |hist_V_1_load_33_reg_11801             |   16|   0|   16|          0|
    |hist_V_1_load_34_reg_11826             |   16|   0|   16|          0|
    |hist_V_1_load_35_reg_11851             |   16|   0|   16|          0|
    |hist_V_1_load_36_reg_11882             |   16|   0|   16|          0|
    |hist_V_1_load_37_reg_11907             |   16|   0|   16|          0|
    |hist_V_1_load_3_reg_11051              |   16|   0|   16|          0|
    |hist_V_1_load_4_reg_11076              |   16|   0|   16|          0|
    |hist_V_1_load_5_reg_11101              |   16|   0|   16|          0|
    |hist_V_1_load_6_reg_11126              |   16|   0|   16|          0|
    |hist_V_1_load_7_reg_11151              |   16|   0|   16|          0|
    |hist_V_1_load_8_reg_11176              |   16|   0|   16|          0|
    |hist_V_1_load_9_reg_11201              |   16|   0|   16|          0|
    |hist_V_2_load_10_reg_11256             |   16|   0|   16|          0|
    |hist_V_2_load_11_reg_11281             |   16|   0|   16|          0|
    |hist_V_2_load_12_reg_11306             |   16|   0|   16|          0|
    |hist_V_2_load_13_reg_11331             |   16|   0|   16|          0|
    |hist_V_2_load_14_reg_11356             |   16|   0|   16|          0|
    |hist_V_2_load_15_reg_11381             |   16|   0|   16|          0|
    |hist_V_2_load_16_reg_11406             |   16|   0|   16|          0|
    |hist_V_2_load_17_reg_11431             |   16|   0|   16|          0|
    |hist_V_2_load_18_reg_11456             |   16|   0|   16|          0|
    |hist_V_2_load_19_reg_11481             |   16|   0|   16|          0|
    |hist_V_2_load_1_reg_11031              |   16|   0|   16|          0|
    |hist_V_2_load_20_reg_11506             |   16|   0|   16|          0|
    |hist_V_2_load_21_reg_11531             |   16|   0|   16|          0|
    |hist_V_2_load_22_reg_11556             |   16|   0|   16|          0|
    |hist_V_2_load_23_reg_11581             |   16|   0|   16|          0|
    |hist_V_2_load_24_reg_11606             |   16|   0|   16|          0|
    |hist_V_2_load_25_reg_11631             |   16|   0|   16|          0|
    |hist_V_2_load_26_reg_11656             |   16|   0|   16|          0|
    |hist_V_2_load_27_reg_11681             |   16|   0|   16|          0|
    |hist_V_2_load_28_reg_11706             |   16|   0|   16|          0|
    |hist_V_2_load_29_reg_11731             |   16|   0|   16|          0|
    |hist_V_2_load_2_reg_11056              |   16|   0|   16|          0|
    |hist_V_2_load_30_reg_11756             |   16|   0|   16|          0|
    |hist_V_2_load_31_reg_11781             |   16|   0|   16|          0|
    |hist_V_2_load_32_reg_11806             |   16|   0|   16|          0|
    |hist_V_2_load_33_reg_11831             |   16|   0|   16|          0|
    |hist_V_2_load_34_reg_11856             |   16|   0|   16|          0|
    |hist_V_2_load_35_reg_11887             |   16|   0|   16|          0|
    |hist_V_2_load_36_reg_11912             |   16|   0|   16|          0|
    |hist_V_2_load_3_reg_11081              |   16|   0|   16|          0|
    |hist_V_2_load_4_reg_11106              |   16|   0|   16|          0|
    |hist_V_2_load_5_reg_11131              |   16|   0|   16|          0|
    |hist_V_2_load_6_reg_11156              |   16|   0|   16|          0|
    |hist_V_2_load_7_reg_11181              |   16|   0|   16|          0|
    |hist_V_2_load_8_reg_11206              |   16|   0|   16|          0|
    |hist_V_2_load_9_reg_11231              |   16|   0|   16|          0|
    |hist_V_2_load_reg_11006                |   16|   0|   16|          0|
    |hist_V_3_load_10_reg_11261             |   16|   0|   16|          0|
    |hist_V_3_load_11_reg_11286             |   16|   0|   16|          0|
    |hist_V_3_load_12_reg_11311             |   16|   0|   16|          0|
    |hist_V_3_load_13_reg_11336             |   16|   0|   16|          0|
    |hist_V_3_load_14_reg_11361             |   16|   0|   16|          0|
    |hist_V_3_load_15_reg_11386             |   16|   0|   16|          0|
    |hist_V_3_load_16_reg_11411             |   16|   0|   16|          0|
    |hist_V_3_load_17_reg_11436             |   16|   0|   16|          0|
    |hist_V_3_load_18_reg_11461             |   16|   0|   16|          0|
    |hist_V_3_load_19_reg_11486             |   16|   0|   16|          0|
    |hist_V_3_load_1_reg_11036              |   16|   0|   16|          0|
    |hist_V_3_load_20_reg_11511             |   16|   0|   16|          0|
    |hist_V_3_load_21_reg_11536             |   16|   0|   16|          0|
    |hist_V_3_load_22_reg_11561             |   16|   0|   16|          0|
    |hist_V_3_load_23_reg_11586             |   16|   0|   16|          0|
    |hist_V_3_load_24_reg_11611             |   16|   0|   16|          0|
    |hist_V_3_load_25_reg_11636             |   16|   0|   16|          0|
    |hist_V_3_load_26_reg_11661             |   16|   0|   16|          0|
    |hist_V_3_load_27_reg_11686             |   16|   0|   16|          0|
    |hist_V_3_load_28_reg_11711             |   16|   0|   16|          0|
    |hist_V_3_load_29_reg_11736             |   16|   0|   16|          0|
    |hist_V_3_load_2_reg_11061              |   16|   0|   16|          0|
    |hist_V_3_load_30_reg_11761             |   16|   0|   16|          0|
    |hist_V_3_load_31_reg_11786             |   16|   0|   16|          0|
    |hist_V_3_load_32_reg_11811             |   16|   0|   16|          0|
    |hist_V_3_load_33_reg_11836             |   16|   0|   16|          0|
    |hist_V_3_load_34_reg_11861             |   16|   0|   16|          0|
    |hist_V_3_load_35_reg_11892             |   16|   0|   16|          0|
    |hist_V_3_load_36_reg_11917             |   16|   0|   16|          0|
    |hist_V_3_load_3_reg_11086              |   16|   0|   16|          0|
    |hist_V_3_load_4_reg_11111              |   16|   0|   16|          0|
    |hist_V_3_load_5_reg_11136              |   16|   0|   16|          0|
    |hist_V_3_load_6_reg_11161              |   16|   0|   16|          0|
    |hist_V_3_load_7_reg_11186              |   16|   0|   16|          0|
    |hist_V_3_load_8_reg_11211              |   16|   0|   16|          0|
    |hist_V_3_load_9_reg_11236              |   16|   0|   16|          0|
    |hist_V_3_load_reg_11011                |   16|   0|   16|          0|
    |hist_V_4_load_10_reg_11266             |   16|   0|   16|          0|
    |hist_V_4_load_11_reg_11291             |   16|   0|   16|          0|
    |hist_V_4_load_12_reg_11316             |   16|   0|   16|          0|
    |hist_V_4_load_13_reg_11341             |   16|   0|   16|          0|
    |hist_V_4_load_14_reg_11366             |   16|   0|   16|          0|
    |hist_V_4_load_15_reg_11391             |   16|   0|   16|          0|
    |hist_V_4_load_16_reg_11416             |   16|   0|   16|          0|
    |hist_V_4_load_17_reg_11441             |   16|   0|   16|          0|
    |hist_V_4_load_18_reg_11466             |   16|   0|   16|          0|
    |hist_V_4_load_19_reg_11491             |   16|   0|   16|          0|
    |hist_V_4_load_1_reg_11041              |   16|   0|   16|          0|
    |hist_V_4_load_20_reg_11516             |   16|   0|   16|          0|
    |hist_V_4_load_21_reg_11541             |   16|   0|   16|          0|
    |hist_V_4_load_22_reg_11566             |   16|   0|   16|          0|
    |hist_V_4_load_23_reg_11591             |   16|   0|   16|          0|
    |hist_V_4_load_24_reg_11616             |   16|   0|   16|          0|
    |hist_V_4_load_25_reg_11641             |   16|   0|   16|          0|
    |hist_V_4_load_26_reg_11666             |   16|   0|   16|          0|
    |hist_V_4_load_27_reg_11691             |   16|   0|   16|          0|
    |hist_V_4_load_28_reg_11716             |   16|   0|   16|          0|
    |hist_V_4_load_29_reg_11741             |   16|   0|   16|          0|
    |hist_V_4_load_2_reg_11066              |   16|   0|   16|          0|
    |hist_V_4_load_30_reg_11766             |   16|   0|   16|          0|
    |hist_V_4_load_31_reg_11791             |   16|   0|   16|          0|
    |hist_V_4_load_32_reg_11816             |   16|   0|   16|          0|
    |hist_V_4_load_33_reg_11841             |   16|   0|   16|          0|
    |hist_V_4_load_34_reg_11866             |   16|   0|   16|          0|
    |hist_V_4_load_35_reg_11897             |   16|   0|   16|          0|
    |hist_V_4_load_36_reg_11922             |   16|   0|   16|          0|
    |hist_V_4_load_3_reg_11091              |   16|   0|   16|          0|
    |hist_V_4_load_4_reg_11116              |   16|   0|   16|          0|
    |hist_V_4_load_5_reg_11141              |   16|   0|   16|          0|
    |hist_V_4_load_6_reg_11166              |   16|   0|   16|          0|
    |hist_V_4_load_7_reg_11191              |   16|   0|   16|          0|
    |hist_V_4_load_8_reg_11216              |   16|   0|   16|          0|
    |hist_V_4_load_9_reg_11241              |   16|   0|   16|          0|
    |hist_V_4_load_reg_11016                |   16|   0|   16|          0|
    |i_reg_4051                             |    3|   0|    3|          0|
    |icmp_ln1497_reg_15890                  |    1|   0|    1|          0|
    |icmp_ln239_reg_10789                   |    1|   0|    1|          0|
    |icmp_ln270_reg_10947                   |    1|   0|    1|          0|
    |icmp_ln281_reg_12990                   |    1|   0|    1|          0|
    |icmp_ln356_reg_15839                   |    1|   0|    1|          0|
    |icmp_ln768_2_reg_15943                 |    1|   0|    1|          0|
    |icmp_ln786_2_reg_15948                 |    1|   0|    1|          0|
    |in_read_reg_10784                      |   64|   0|   64|          0|
    |k_reg_4015                             |    8|   0|    8|          0|
    |length_read_reg_10772                  |   32|   0|   32|          0|
    |n_reg_4004                             |   32|   0|   32|          0|
    |out_read_reg_10779                     |   64|   0|   64|          0|
    |overflow_1_reg_15859                   |    1|   0|    1|          0|
    |p_Result_4_reg_15925                   |    1|   0|    1|          0|
    |p_Result_5_reg_15937                   |    1|   0|    1|          0|
    |p_Val2_12_reg_15931                    |   24|   0|   24|          0|
    |p_Val2_8_reg_15849                     |   40|   0|   40|          0|
    |p_Val2_9_reg_15854                     |   24|   0|   24|          0|
    |phi_mul_reg_4039                       |   10|   0|   10|          0|
    |phi_mul_reg_4039_pp1_iter1_reg         |   10|   0|   10|          0|
    |q_1_reg_10843                          |   16|   0|   16|          0|
    |q_2_reg_10858                          |   16|   0|   16|          0|
    |q_3_reg_10863                          |   16|   0|   16|          0|
    |q_4_reg_10878                          |   16|   0|   16|          0|
    |q_5_reg_10883                          |   16|   0|   16|          0|
    |q_8_reg_11871                          |   16|   0|   16|          0|
    |q_reg_10838                            |   16|   0|   16|          0|
    |r_V_reg_15905                          |   49|   0|   49|          0|
    |ratio_V_reg_15885                      |   24|   0|   24|          0|
    |ret_V_2_reg_15900                      |   25|   0|   25|          0|
    |ret_V_reg_15910                        |   49|   0|   49|          0|
    |s_V_10_reg_15958                       |   16|   0|   16|          0|
    |select_ln340_2_reg_15870               |   24|   0|   24|          0|
    |sext_ln1116_100_reg_12427              |   31|   0|   31|          0|
    |sext_ln1116_101_reg_12432              |   31|   0|   31|          0|
    |sext_ln1116_102_reg_12437              |   31|   0|   31|          0|
    |sext_ln1116_103_reg_12442              |   31|   0|   31|          0|
    |sext_ln1116_104_reg_12447              |   31|   0|   31|          0|
    |sext_ln1116_105_reg_12452              |   31|   0|   31|          0|
    |sext_ln1116_106_reg_12457              |   31|   0|   31|          0|
    |sext_ln1116_107_reg_12462              |   31|   0|   31|          0|
    |sext_ln1116_108_reg_12467              |   31|   0|   31|          0|
    |sext_ln1116_109_reg_12472              |   31|   0|   31|          0|
    |sext_ln1116_10_reg_11977               |   31|   0|   31|          0|
    |sext_ln1116_110_reg_12477              |   31|   0|   31|          0|
    |sext_ln1116_111_reg_12482              |   31|   0|   31|          0|
    |sext_ln1116_112_reg_12487              |   31|   0|   31|          0|
    |sext_ln1116_113_reg_12492              |   31|   0|   31|          0|
    |sext_ln1116_114_reg_12497              |   31|   0|   31|          0|
    |sext_ln1116_115_reg_12502              |   31|   0|   31|          0|
    |sext_ln1116_116_reg_12507              |   31|   0|   31|          0|
    |sext_ln1116_117_reg_12512              |   31|   0|   31|          0|
    |sext_ln1116_118_reg_12517              |   31|   0|   31|          0|
    |sext_ln1116_119_reg_12522              |   31|   0|   31|          0|
    |sext_ln1116_11_reg_11982               |   31|   0|   31|          0|
    |sext_ln1116_120_reg_12527              |   31|   0|   31|          0|
    |sext_ln1116_121_reg_12532              |   31|   0|   31|          0|
    |sext_ln1116_122_reg_12537              |   31|   0|   31|          0|
    |sext_ln1116_123_reg_12542              |   31|   0|   31|          0|
    |sext_ln1116_124_reg_12547              |   31|   0|   31|          0|
    |sext_ln1116_125_reg_12552              |   31|   0|   31|          0|
    |sext_ln1116_126_reg_12557              |   31|   0|   31|          0|
    |sext_ln1116_127_reg_12562              |   31|   0|   31|          0|
    |sext_ln1116_128_reg_12567              |   31|   0|   31|          0|
    |sext_ln1116_129_reg_12572              |   31|   0|   31|          0|
    |sext_ln1116_12_reg_11987               |   31|   0|   31|          0|
    |sext_ln1116_130_reg_12577              |   31|   0|   31|          0|
    |sext_ln1116_131_reg_12582              |   31|   0|   31|          0|
    |sext_ln1116_132_reg_12587              |   31|   0|   31|          0|
    |sext_ln1116_133_reg_12592              |   31|   0|   31|          0|
    |sext_ln1116_134_reg_12597              |   31|   0|   31|          0|
    |sext_ln1116_135_reg_12602              |   31|   0|   31|          0|
    |sext_ln1116_136_reg_12607              |   31|   0|   31|          0|
    |sext_ln1116_137_reg_12612              |   31|   0|   31|          0|
    |sext_ln1116_138_reg_12617              |   31|   0|   31|          0|
    |sext_ln1116_139_reg_12622              |   31|   0|   31|          0|
    |sext_ln1116_13_reg_11992               |   31|   0|   31|          0|
    |sext_ln1116_140_reg_12627              |   31|   0|   31|          0|
    |sext_ln1116_141_reg_12632              |   31|   0|   31|          0|
    |sext_ln1116_142_reg_12637              |   31|   0|   31|          0|
    |sext_ln1116_143_reg_12642              |   31|   0|   31|          0|
    |sext_ln1116_144_reg_12647              |   31|   0|   31|          0|
    |sext_ln1116_145_reg_12652              |   31|   0|   31|          0|
    |sext_ln1116_146_reg_12657              |   31|   0|   31|          0|
    |sext_ln1116_147_reg_12662              |   31|   0|   31|          0|
    |sext_ln1116_148_reg_12667              |   31|   0|   31|          0|
    |sext_ln1116_149_reg_12672              |   31|   0|   31|          0|
    |sext_ln1116_14_reg_11997               |   31|   0|   31|          0|
    |sext_ln1116_150_reg_12677              |   31|   0|   31|          0|
    |sext_ln1116_151_reg_12682              |   31|   0|   31|          0|
    |sext_ln1116_152_reg_12687              |   31|   0|   31|          0|
    |sext_ln1116_153_reg_12692              |   31|   0|   31|          0|
    |sext_ln1116_154_reg_12697              |   31|   0|   31|          0|
    |sext_ln1116_155_reg_12702              |   31|   0|   31|          0|
    |sext_ln1116_156_reg_12707              |   31|   0|   31|          0|
    |sext_ln1116_157_reg_12712              |   31|   0|   31|          0|
    |sext_ln1116_158_reg_12717              |   31|   0|   31|          0|
    |sext_ln1116_159_reg_12722              |   31|   0|   31|          0|
    |sext_ln1116_15_reg_12002               |   31|   0|   31|          0|
    |sext_ln1116_160_reg_12727              |   31|   0|   31|          0|
    |sext_ln1116_161_reg_12732              |   31|   0|   31|          0|
    |sext_ln1116_162_reg_12737              |   31|   0|   31|          0|
    |sext_ln1116_163_reg_12742              |   31|   0|   31|          0|
    |sext_ln1116_164_reg_12747              |   31|   0|   31|          0|
    |sext_ln1116_165_reg_12752              |   31|   0|   31|          0|
    |sext_ln1116_166_reg_12757              |   31|   0|   31|          0|
    |sext_ln1116_167_reg_12762              |   31|   0|   31|          0|
    |sext_ln1116_168_reg_12767              |   31|   0|   31|          0|
    |sext_ln1116_169_reg_12772              |   31|   0|   31|          0|
    |sext_ln1116_16_reg_12007               |   31|   0|   31|          0|
    |sext_ln1116_170_reg_12777              |   31|   0|   31|          0|
    |sext_ln1116_171_reg_12782              |   31|   0|   31|          0|
    |sext_ln1116_172_reg_12787              |   31|   0|   31|          0|
    |sext_ln1116_173_reg_12792              |   31|   0|   31|          0|
    |sext_ln1116_174_reg_12797              |   31|   0|   31|          0|
    |sext_ln1116_175_reg_12802              |   31|   0|   31|          0|
    |sext_ln1116_176_reg_12807              |   31|   0|   31|          0|
    |sext_ln1116_177_reg_12812              |   31|   0|   31|          0|
    |sext_ln1116_178_reg_12817              |   31|   0|   31|          0|
    |sext_ln1116_179_reg_12822              |   31|   0|   31|          0|
    |sext_ln1116_17_reg_12012               |   31|   0|   31|          0|
    |sext_ln1116_180_reg_12827              |   31|   0|   31|          0|
    |sext_ln1116_181_reg_12832              |   31|   0|   31|          0|
    |sext_ln1116_182_reg_12837              |   31|   0|   31|          0|
    |sext_ln1116_183_reg_12842              |   31|   0|   31|          0|
    |sext_ln1116_184_reg_12847              |   31|   0|   31|          0|
    |sext_ln1116_185_reg_12852              |   31|   0|   31|          0|
    |sext_ln1116_186_reg_12857              |   31|   0|   31|          0|
    |sext_ln1116_187_reg_12862              |   31|   0|   31|          0|
    |sext_ln1116_188_reg_12867              |   31|   0|   31|          0|
    |sext_ln1116_189_reg_12872              |   31|   0|   31|          0|
    |sext_ln1116_18_reg_12017               |   31|   0|   31|          0|
    |sext_ln1116_190_reg_12877              |   31|   0|   31|          0|
    |sext_ln1116_191_reg_12882              |   31|   0|   31|          0|
    |sext_ln1116_192_reg_12887              |   31|   0|   31|          0|
    |sext_ln1116_193_reg_12892              |   31|   0|   31|          0|
    |sext_ln1116_19_reg_12022               |   31|   0|   31|          0|
    |sext_ln1116_1_reg_11932                |   31|   0|   31|          0|
    |sext_ln1116_20_reg_12027               |   31|   0|   31|          0|
    |sext_ln1116_21_reg_12032               |   31|   0|   31|          0|
    |sext_ln1116_22_reg_12037               |   31|   0|   31|          0|
    |sext_ln1116_23_reg_12042               |   31|   0|   31|          0|
    |sext_ln1116_24_reg_12047               |   31|   0|   31|          0|
    |sext_ln1116_25_reg_12052               |   31|   0|   31|          0|
    |sext_ln1116_26_reg_12057               |   31|   0|   31|          0|
    |sext_ln1116_27_reg_12062               |   31|   0|   31|          0|
    |sext_ln1116_28_reg_12067               |   31|   0|   31|          0|
    |sext_ln1116_29_reg_12072               |   31|   0|   31|          0|
    |sext_ln1116_2_reg_11937                |   31|   0|   31|          0|
    |sext_ln1116_30_reg_12077               |   31|   0|   31|          0|
    |sext_ln1116_31_reg_12082               |   31|   0|   31|          0|
    |sext_ln1116_32_reg_12087               |   31|   0|   31|          0|
    |sext_ln1116_33_reg_12092               |   31|   0|   31|          0|
    |sext_ln1116_34_reg_12097               |   31|   0|   31|          0|
    |sext_ln1116_35_reg_12102               |   31|   0|   31|          0|
    |sext_ln1116_36_reg_12107               |   31|   0|   31|          0|
    |sext_ln1116_37_reg_12112               |   31|   0|   31|          0|
    |sext_ln1116_38_reg_12117               |   31|   0|   31|          0|
    |sext_ln1116_39_reg_12122               |   31|   0|   31|          0|
    |sext_ln1116_3_reg_11942                |   31|   0|   31|          0|
    |sext_ln1116_40_reg_12127               |   31|   0|   31|          0|
    |sext_ln1116_41_reg_12132               |   31|   0|   31|          0|
    |sext_ln1116_42_reg_12137               |   31|   0|   31|          0|
    |sext_ln1116_43_reg_12142               |   31|   0|   31|          0|
    |sext_ln1116_44_reg_12147               |   31|   0|   31|          0|
    |sext_ln1116_45_reg_12152               |   31|   0|   31|          0|
    |sext_ln1116_46_reg_12157               |   31|   0|   31|          0|
    |sext_ln1116_47_reg_12162               |   31|   0|   31|          0|
    |sext_ln1116_48_reg_12167               |   31|   0|   31|          0|
    |sext_ln1116_49_reg_12172               |   31|   0|   31|          0|
    |sext_ln1116_4_reg_11947                |   31|   0|   31|          0|
    |sext_ln1116_50_reg_12177               |   31|   0|   31|          0|
    |sext_ln1116_51_reg_12182               |   31|   0|   31|          0|
    |sext_ln1116_52_reg_12187               |   31|   0|   31|          0|
    |sext_ln1116_53_reg_12192               |   31|   0|   31|          0|
    |sext_ln1116_54_reg_12197               |   31|   0|   31|          0|
    |sext_ln1116_55_reg_12202               |   31|   0|   31|          0|
    |sext_ln1116_56_reg_12207               |   31|   0|   31|          0|
    |sext_ln1116_57_reg_12212               |   31|   0|   31|          0|
    |sext_ln1116_58_reg_12217               |   31|   0|   31|          0|
    |sext_ln1116_59_reg_12222               |   31|   0|   31|          0|
    |sext_ln1116_5_reg_11952                |   31|   0|   31|          0|
    |sext_ln1116_60_reg_12227               |   31|   0|   31|          0|
    |sext_ln1116_61_reg_12232               |   31|   0|   31|          0|
    |sext_ln1116_62_reg_12237               |   31|   0|   31|          0|
    |sext_ln1116_63_reg_12242               |   31|   0|   31|          0|
    |sext_ln1116_64_reg_12247               |   31|   0|   31|          0|
    |sext_ln1116_65_reg_12252               |   31|   0|   31|          0|
    |sext_ln1116_66_reg_12257               |   31|   0|   31|          0|
    |sext_ln1116_67_reg_12262               |   31|   0|   31|          0|
    |sext_ln1116_68_reg_12267               |   31|   0|   31|          0|
    |sext_ln1116_69_reg_12272               |   31|   0|   31|          0|
    |sext_ln1116_6_reg_11957                |   31|   0|   31|          0|
    |sext_ln1116_70_reg_12277               |   31|   0|   31|          0|
    |sext_ln1116_71_reg_12282               |   31|   0|   31|          0|
    |sext_ln1116_72_reg_12287               |   31|   0|   31|          0|
    |sext_ln1116_73_reg_12292               |   31|   0|   31|          0|
    |sext_ln1116_74_reg_12297               |   31|   0|   31|          0|
    |sext_ln1116_75_reg_12302               |   31|   0|   31|          0|
    |sext_ln1116_76_reg_12307               |   31|   0|   31|          0|
    |sext_ln1116_77_reg_12312               |   31|   0|   31|          0|
    |sext_ln1116_78_reg_12317               |   31|   0|   31|          0|
    |sext_ln1116_79_reg_12322               |   31|   0|   31|          0|
    |sext_ln1116_7_reg_11962                |   31|   0|   31|          0|
    |sext_ln1116_80_reg_12327               |   31|   0|   31|          0|
    |sext_ln1116_81_reg_12332               |   31|   0|   31|          0|
    |sext_ln1116_82_reg_12337               |   31|   0|   31|          0|
    |sext_ln1116_83_reg_12342               |   31|   0|   31|          0|
    |sext_ln1116_84_reg_12347               |   31|   0|   31|          0|
    |sext_ln1116_85_reg_12352               |   31|   0|   31|          0|
    |sext_ln1116_86_reg_12357               |   31|   0|   31|          0|
    |sext_ln1116_87_reg_12362               |   31|   0|   31|          0|
    |sext_ln1116_88_reg_12367               |   31|   0|   31|          0|
    |sext_ln1116_89_reg_12372               |   31|   0|   31|          0|
    |sext_ln1116_8_reg_11967                |   31|   0|   31|          0|
    |sext_ln1116_90_reg_12377               |   31|   0|   31|          0|
    |sext_ln1116_91_reg_12382               |   31|   0|   31|          0|
    |sext_ln1116_92_reg_12387               |   31|   0|   31|          0|
    |sext_ln1116_93_reg_12392               |   31|   0|   31|          0|
    |sext_ln1116_94_reg_12397               |   31|   0|   31|          0|
    |sext_ln1116_95_reg_12402               |   31|   0|   31|          0|
    |sext_ln1116_96_reg_12407               |   31|   0|   31|          0|
    |sext_ln1116_97_reg_12412               |   31|   0|   31|          0|
    |sext_ln1116_98_reg_12417               |   31|   0|   31|          0|
    |sext_ln1116_99_reg_12422               |   31|   0|   31|          0|
    |sext_ln1116_9_reg_11972                |   31|   0|   31|          0|
    |sext_ln1116_reg_11927                  |   31|   0|   31|          0|
    |sext_ln259_1_reg_10908                 |   17|   0|   24|          7|
    |sext_ln259_2_reg_10918                 |   17|   0|   24|          7|
    |sext_ln259_3_reg_10928                 |   17|   0|   24|          7|
    |sext_ln259_reg_10898                   |   17|   0|   24|          7|
    |sext_ln260_1_reg_10913                 |   17|   0|   24|          7|
    |sext_ln260_2_reg_10923                 |   17|   0|   24|          7|
    |sext_ln260_3_reg_10933                 |   17|   0|   24|          7|
    |sext_ln260_reg_10903                   |   17|   0|   24|          7|
    |sext_ln281_reg_12897                   |   31|   0|   31|          0|
    |thr_V_reg_15880                        |   24|   0|   24|          0|
    |thr_V_reg_15880_pp2_iter2_reg          |   24|   0|   24|          0|
    |tmp_10_reg_15895                       |    1|   0|    1|          0|
    |tmp_1_reg_10957                        |    6|   0|    6|          0|
    |tmp_2_reg_10971                        |    6|   0|    6|          0|
    |tobool98_reg_10811                     |    1|   0|    1|          0|
    |trunc_ln1265_reg_15843                 |    2|   0|    2|          0|
    |trunc_ln271_reg_10967                  |    3|   0|    3|          0|
    |underflow_1_reg_15864                  |    1|   0|    1|          0|
    |urem_ln271_reg_10962                   |    8|   0|    8|          0|
    |x_V_reg_15875                          |   24|   0|   24|          0|
    |ylp_V_1_0224_fu_1038                   |   40|   0|   40|          0|
    |ylp_V_2_0225_fu_1042                   |   40|   0|   40|          0|
    |add_ln270_reg_10951                    |   64|  32|    8|          0|
    |b_reg_4027                             |   64|  32|    2|          0|
    |icmp_ln1497_reg_15890                  |   64|  32|    1|          0|
    |icmp_ln270_reg_10947                   |   64|  32|    1|          0|
    |icmp_ln281_reg_12990                   |   64|  32|    1|          0|
    |icmp_ln356_reg_15839                   |   64|  32|    1|          0|
    |k_reg_4015                             |   64|  32|    8|          0|
    |p_Val2_8_reg_15849                     |   64|  32|   40|          0|
    |tmp_10_reg_15895                       |   64|  32|    1|          0|
    |x_V_reg_15875                          |   64|  32|   24|          0|
    +---------------------------------------+-----+----+-----+-----------+
    |Total                                  |12493| 320|11996|         56|
    +---------------------------------------+-----+----+-----+-----------+



================================================================
== Interface
================================================================
* Summary: 
+-----------------------+-----+-----+------------+---------------+--------------+
|       RTL Ports       | Dir | Bits|  Protocol  | Source Object |    C Type    |
+-----------------------+-----+-----+------------+---------------+--------------+
|s_axi_control_AWVALID  |   in|    1|       s_axi|        control|        scalar|
|s_axi_control_AWREADY  |  out|    1|       s_axi|        control|        scalar|
|s_axi_control_AWADDR   |   in|    7|       s_axi|        control|        scalar|
|s_axi_control_WVALID   |   in|    1|       s_axi|        control|        scalar|
|s_axi_control_WREADY   |  out|    1|       s_axi|        control|        scalar|
|s_axi_control_WDATA    |   in|   32|       s_axi|        control|        scalar|
|s_axi_control_WSTRB    |   in|    4|       s_axi|        control|        scalar|
|s_axi_control_ARVALID  |   in|    1|       s_axi|        control|        scalar|
|s_axi_control_ARREADY  |  out|    1|       s_axi|        control|        scalar|
|s_axi_control_ARADDR   |   in|    7|       s_axi|        control|        scalar|
|s_axi_control_RVALID   |  out|    1|       s_axi|        control|        scalar|
|s_axi_control_RREADY   |   in|    1|       s_axi|        control|        scalar|
|s_axi_control_RDATA    |  out|   32|       s_axi|        control|        scalar|
|s_axi_control_RRESP    |  out|    2|       s_axi|        control|        scalar|
|s_axi_control_BVALID   |  out|    1|       s_axi|        control|        scalar|
|s_axi_control_BREADY   |   in|    1|       s_axi|        control|        scalar|
|s_axi_control_BRESP    |  out|    2|       s_axi|        control|        scalar|
|ap_clk                 |   in|    1|  ap_ctrl_hs|  fir_multiband|  return value|
|ap_rst_n               |   in|    1|  ap_ctrl_hs|  fir_multiband|  return value|
|interrupt              |  out|    1|  ap_ctrl_hs|  fir_multiband|  return value|
|m_axi_gmem_AWVALID     |  out|    1|       m_axi|           gmem|       pointer|
|m_axi_gmem_AWREADY     |   in|    1|       m_axi|           gmem|       pointer|
|m_axi_gmem_AWADDR      |  out|   64|       m_axi|           gmem|       pointer|
|m_axi_gmem_AWID        |  out|    1|       m_axi|           gmem|       pointer|
|m_axi_gmem_AWLEN       |  out|    8|       m_axi|           gmem|       pointer|
|m_axi_gmem_AWSIZE      |  out|    3|       m_axi|           gmem|       pointer|
|m_axi_gmem_AWBURST     |  out|    2|       m_axi|           gmem|       pointer|
|m_axi_gmem_AWLOCK      |  out|    2|       m_axi|           gmem|       pointer|
|m_axi_gmem_AWCACHE     |  out|    4|       m_axi|           gmem|       pointer|
|m_axi_gmem_AWPROT      |  out|    3|       m_axi|           gmem|       pointer|
|m_axi_gmem_AWQOS       |  out|    4|       m_axi|           gmem|       pointer|
|m_axi_gmem_AWREGION    |  out|    4|       m_axi|           gmem|       pointer|
|m_axi_gmem_AWUSER      |  out|    1|       m_axi|           gmem|       pointer|
|m_axi_gmem_WVALID      |  out|    1|       m_axi|           gmem|       pointer|
|m_axi_gmem_WREADY      |   in|    1|       m_axi|           gmem|       pointer|
|m_axi_gmem_WDATA       |  out|   32|       m_axi|           gmem|       pointer|
|m_axi_gmem_WSTRB       |  out|    4|       m_axi|           gmem|       pointer|
|m_axi_gmem_WLAST       |  out|    1|       m_axi|           gmem|       pointer|
|m_axi_gmem_WID         |  out|    1|       m_axi|           gmem|       pointer|
|m_axi_gmem_WUSER       |  out|    1|       m_axi|           gmem|       pointer|
|m_axi_gmem_ARVALID     |  out|    1|       m_axi|           gmem|       pointer|
|m_axi_gmem_ARREADY     |   in|    1|       m_axi|           gmem|       pointer|
|m_axi_gmem_ARADDR      |  out|   64|       m_axi|           gmem|       pointer|
|m_axi_gmem_ARID        |  out|    1|       m_axi|           gmem|       pointer|
|m_axi_gmem_ARLEN       |  out|    8|       m_axi|           gmem|       pointer|
|m_axi_gmem_ARSIZE      |  out|    3|       m_axi|           gmem|       pointer|
|m_axi_gmem_ARBURST     |  out|    2|       m_axi|           gmem|       pointer|
|m_axi_gmem_ARLOCK      |  out|    2|       m_axi|           gmem|       pointer|
|m_axi_gmem_ARCACHE     |  out|    4|       m_axi|           gmem|       pointer|
|m_axi_gmem_ARPROT      |  out|    3|       m_axi|           gmem|       pointer|
|m_axi_gmem_ARQOS       |  out|    4|       m_axi|           gmem|       pointer|
|m_axi_gmem_ARREGION    |  out|    4|       m_axi|           gmem|       pointer|
|m_axi_gmem_ARUSER      |  out|    1|       m_axi|           gmem|       pointer|
|m_axi_gmem_RVALID      |   in|    1|       m_axi|           gmem|       pointer|
|m_axi_gmem_RREADY      |  out|    1|       m_axi|           gmem|       pointer|
|m_axi_gmem_RDATA       |   in|   32|       m_axi|           gmem|       pointer|
|m_axi_gmem_RLAST       |   in|    1|       m_axi|           gmem|       pointer|
|m_axi_gmem_RID         |   in|    1|       m_axi|           gmem|       pointer|
|m_axi_gmem_RUSER       |   in|    1|       m_axi|           gmem|       pointer|
|m_axi_gmem_RRESP       |   in|    2|       m_axi|           gmem|       pointer|
|m_axi_gmem_BVALID      |   in|    1|       m_axi|           gmem|       pointer|
|m_axi_gmem_BREADY      |  out|    1|       m_axi|           gmem|       pointer|
|m_axi_gmem_BRESP       |   in|    2|       m_axi|           gmem|       pointer|
|m_axi_gmem_BID         |   in|    1|       m_axi|           gmem|       pointer|
|m_axi_gmem_BUSER       |   in|    1|       m_axi|           gmem|       pointer|
+-----------------------+-----+-----+------------+---------------+--------------+

