

================================================================
== Vitis HLS Report for 'fir_multiband'
================================================================
* Date:           Tue Sep 29 17:49:47 2026

* Version:        2020.2 (Build 3064766 on Wed Nov 18 09:12:45 MST 2020)
* Project:        synth_proj
* Solution:       solution1 (Vivado IP Flow Target)
* Product family: zynq
* Target device:  xc7z020-clg400-1


================================================================
== Performance Estimates
================================================================
+ Timing: 
    * Summary: 
    +--------+----------+----------+------------+
    |  Clock |  Target  | Estimated| Uncertainty|
    +--------+----------+----------+------------+
    |ap_clk  |  10.00 ns|  7.238 ns|     2.70 ns|
    +--------+----------+----------+------------+

+ Latency: 
    * Summary: 
    +---------+---------+----------+----------+-----+-----+---------+
    |  Latency (cycles) |  Latency (absolute) |  Interval | Pipeline|
    |   min   |   max   |    min   |    max   | min | max |   Type  |
    +---------+---------+----------+----------+-----+-----+---------+
    |        ?|        ?|         ?|         ?|    ?|    ?|     none|
    +---------+---------+----------+----------+-----+-----+---------+

    + Detail: 
        * Instance: 
        N/A

        * Loop: 
        +---------------------+---------+---------+----------+-----------+-----------+------+----------+
        |                     |  Latency (cycles) | Iteration|  Initiation Interval  | Trip |          |
        |      Loop Name      |   min   |   max   |  Latency |  achieved |   target  | Count| Pipelined|
        +---------------------+---------+---------+----------+-----------+-----------+------+----------+
        |- VITIS_LOOP_200_1   |       65|       65|         1|          1|          1|    65|       yes|
        |- VITIS_LOOP_204_2   |        ?|        ?|       253|          -|          -|     ?|        no|
        | + VITIS_LOOP_211_3  |      137|      137|        12|          2|          1|    64|       yes|
        | + VITIS_LOOP_220_4  |      100|      100|        50|         14|          1|     4|       yes|
        +---------------------+---------+---------+----------+-----------+-----------+------+----------+



================================================================
== Utilization Estimates
================================================================
* Summary: 
+-----------------+---------+-----+--------+-------+-----+
|       Name      | BRAM_18K| DSP |   FF   |  LUT  | URAM|
+-----------------+---------+-----+--------+-------+-----+
|DSP              |        -|    -|       -|      -|    -|
|Expression       |        -|    -|       0|  16575|    -|
|FIFO             |        -|    -|       -|      -|    -|
|Instance         |        -|    6|     484|    278|    -|
|Memory           |        4|    -|     160|     20|    -|
|Multiplexer      |        -|    -|       -|   1787|    -|
|Register         |        -|    -|    7071|     96|    -|
+-----------------+---------+-----+--------+-------+-----+
|Total            |        4|    6|    7715|  18756|    0|
+-----------------+---------+-----+--------+-------+-----+
|Available        |      280|  220|  106400|  53200|    0|
+-----------------+---------+-----+--------+-------+-----+
|Utilization (%)  |        1|    2|       7|     35|    0|
+-----------------+---------+-----+--------+-------+-----+

+ Detail: 
    * Instance: 
    +-----------------------------+--------------------------+---------+----+-----+-----+-----+
    |           Instance          |          Module          | BRAM_18K| DSP|  FF | LUT | URAM|
    +-----------------------------+--------------------------+---------+----+-----+-----+-----+
    |fpext_32ns_64_2_no_dsp_1_U7  |fpext_32ns_64_2_no_dsp_1  |        0|   0|    0|    0|    0|
    |mul_18s_16s_34_1_1_U1        |mul_18s_16s_34_1_1        |        0|   1|    0|    6|    0|
    |mul_18s_16s_34_1_1_U2        |mul_18s_16s_34_1_1        |        0|   1|    0|    6|    0|
    |mul_18s_16s_34_1_1_U3        |mul_18s_16s_34_1_1        |        0|   1|    0|    6|    0|
    |mul_18s_16s_34_1_1_U5        |mul_18s_16s_34_1_1        |        0|   1|    0|    6|    0|
    |mul_26s_24s_47_1_1_U4        |mul_26s_24s_47_1_1        |        0|   1|    0|   47|    0|
    |mul_47ns_24s_71_5_1_U6       |mul_47ns_24s_71_5_1       |        0|   1|  322|   80|    0|
    |mux_564_16_1_1_U9            |mux_564_16_1_1            |        0|   0|    0|   25|    0|
    |urem_7ns_4ns_7_11_1_U8       |urem_7ns_4ns_7_11_1       |        0|   0|  162|  102|    0|
    +-----------------------------+--------------------------+---------+----+-----+-----+-----+
    |Total                        |                          |        0|   6|  484|  278|    0|
    +-----------------------------+--------------------------+---------+----+-----+-----+-----+

    * DSP: 
    N/A

    * Memory: 
    +----------------+--------------+---------+----+----+-----+------+-----+------+-------------+
    |     Memory     |    Module    | BRAM_18K| FF | LUT| URAM| Words| Bits| Banks| W*Bits*Banks|
    +----------------+--------------+---------+----+----+-----+------+-----+------+-------------+
    |FIR_COEFFS_V_U  |FIR_COEFFS_V  |        4|   0|   0|    0|   260|   18|     1|         4680|
    |hist_V_0_U      |hist_V_0      |        0|  32|   4|    0|    13|   16|     1|          208|
    |hist_V_1_U      |hist_V_1      |        0|  32|   4|    0|    13|   16|     1|          208|
    |hist_V_2_U      |hist_V_1      |        0|  32|   4|    0|    13|   16|     1|          208|
    |hist_V_3_U      |hist_V_1      |        0|  32|   4|    0|    13|   16|     1|          208|
    |hist_V_4_U      |hist_V_1      |        0|  32|   4|    0|    13|   16|     1|          208|
    +----------------+--------------+---------+----+----+-----+------+-----+------+-------------+
    |Total           |              |        4| 160|  20|    0|   325|   98|     6|         5720|
    +----------------+--------------+---------+----+----+-----+------+-----+------+-------------+

    * FIFO: 
    N/A

    * Expression: 
    +------------------------------+----------+----+---+-----+------------+------------+
    |         Variable Name        | Operation| DSP| FF| LUT | Bitwidth P0| Bitwidth P1|
    +------------------------------+----------+----+---+-----+------------+------------+
    |acc_V_4_fu_10060_p2           |         +|   0|  0|   47|          40|          40|
    |add_ln1118_10_fu_3214_p2      |         +|   0|  0|   14|           9|           4|
    |add_ln1118_11_fu_3224_p2      |         +|   0|  0|   14|           9|           4|
    |add_ln1118_12_fu_3274_p2      |         +|   0|  0|   14|           9|           4|
    |add_ln1118_13_fu_3349_p2      |         +|   0|  0|   14|           9|           4|
    |add_ln1118_14_fu_3359_p2      |         +|   0|  0|   14|           9|           4|
    |add_ln1118_15_fu_3234_p2      |         +|   0|  0|   14|           9|           4|
    |add_ln1118_16_fu_3244_p2      |         +|   0|  0|   14|           9|           5|
    |add_ln1118_17_fu_3284_p2      |         +|   0|  0|   14|           9|           5|
    |add_ln1118_18_fu_3416_p2      |         +|   0|  0|   14|           9|           5|
    |add_ln1118_19_fu_3426_p2      |         +|   0|  0|   14|           9|           5|
    |add_ln1118_1_fu_3160_p2       |         +|   0|  0|   14|           9|           1|
    |add_ln1118_20_fu_3294_p2      |         +|   0|  0|   14|           9|           5|
    |add_ln1118_21_fu_3369_p2      |         +|   0|  0|   14|           9|           5|
    |add_ln1118_22_fu_3436_p2      |         +|   0|  0|   14|           9|           5|
    |add_ln1118_23_fu_3611_p2      |         +|   0|  0|   14|           9|           5|
    |add_ln1118_24_fu_3621_p2      |         +|   0|  0|   14|           9|           5|
    |add_ln1118_25_fu_3446_p2      |         +|   0|  0|   14|           9|           5|
    |add_ln1118_26_fu_3456_p2      |         +|   0|  0|   14|           9|           5|
    |add_ln1118_27_fu_3631_p2      |         +|   0|  0|   14|           9|           5|
    |add_ln1118_28_fu_3899_p2      |         +|   0|  0|   14|           9|           5|
    |add_ln1118_29_fu_3909_p2      |         +|   0|  0|   14|           9|           5|
    |add_ln1118_2_fu_3171_p2       |         +|   0|  0|   14|           9|           2|
    |add_ln1118_30_fu_3641_p2      |         +|   0|  0|   14|           9|           5|
    |add_ln1118_31_fu_3651_p2      |         +|   0|  0|   14|           9|           5|
    |add_ln1118_32_fu_3919_p2      |         +|   0|  0|   14|           9|           6|
    |add_ln1118_33_fu_4221_p2      |         +|   0|  0|   14|           9|           6|
    |add_ln1118_34_fu_4231_p2      |         +|   0|  0|   14|           9|           6|
    |add_ln1118_35_fu_3929_p2      |         +|   0|  0|   14|           9|           6|
    |add_ln1118_36_fu_3939_p2      |         +|   0|  0|   14|           9|           6|
    |add_ln1118_37_fu_4241_p2      |         +|   0|  0|   14|           9|           6|
    |add_ln1118_38_fu_4824_p2      |         +|   0|  0|   14|           9|           6|
    |add_ln1118_39_fu_4834_p2      |         +|   0|  0|   14|           9|           6|
    |add_ln1118_3_fu_3254_p2       |         +|   0|  0|   14|           9|           2|
    |add_ln1118_40_fu_4251_p2      |         +|   0|  0|   14|           9|           6|
    |add_ln1118_41_fu_4261_p2      |         +|   0|  0|   14|           9|           6|
    |add_ln1118_42_fu_4844_p2      |         +|   0|  0|   14|           9|           6|
    |add_ln1118_43_fu_5419_p2      |         +|   0|  0|   14|           9|           6|
    |add_ln1118_44_fu_5429_p2      |         +|   0|  0|   14|           9|           6|
    |add_ln1118_45_fu_4854_p2      |         +|   0|  0|   14|           9|           6|
    |add_ln1118_46_fu_4864_p2      |         +|   0|  0|   14|           9|           6|
    |add_ln1118_47_fu_5439_p2      |         +|   0|  0|   14|           9|           6|
    |add_ln1118_48_fu_6014_p2      |         +|   0|  0|   14|           9|           6|
    |add_ln1118_49_fu_6024_p2      |         +|   0|  0|   14|           9|           6|
    |add_ln1118_4_fu_3329_p2       |         +|   0|  0|   14|           9|           3|
    |add_ln1118_50_fu_5449_p2      |         +|   0|  0|   14|           9|           6|
    |add_ln1118_51_fu_5459_p2      |         +|   0|  0|   14|           9|           6|
    |add_ln1118_52_fu_6034_p2      |         +|   0|  0|   14|           9|           6|
    |add_ln1118_53_fu_6609_p2      |         +|   0|  0|   14|           9|           6|
    |add_ln1118_54_fu_6619_p2      |         +|   0|  0|   14|           9|           6|
    |add_ln1118_55_fu_6044_p2      |         +|   0|  0|   14|           9|           6|
    |add_ln1118_56_fu_6054_p2      |         +|   0|  0|   14|           9|           6|
    |add_ln1118_57_fu_6629_p2      |         +|   0|  0|   14|           9|           6|
    |add_ln1118_58_fu_7204_p2      |         +|   0|  0|   14|           9|           6|
    |add_ln1118_59_fu_7214_p2      |         +|   0|  0|   14|           9|           6|
    |add_ln1118_5_fu_3182_p2       |         +|   0|  0|   14|           9|           3|
    |add_ln1118_60_fu_6639_p2      |         +|   0|  0|   14|           9|           6|
    |add_ln1118_61_fu_6649_p2      |         +|   0|  0|   14|           9|           6|
    |add_ln1118_62_fu_7224_p2      |         +|   0|  0|   14|           9|           6|
    |add_ln1118_63_fu_7234_p2      |         +|   0|  0|   14|           9|           6|
    |add_ln1118_64_fu_7244_p2      |         +|   0|  0|   14|           9|           7|
    |add_ln1118_6_fu_3193_p2       |         +|   0|  0|   14|           9|           3|
    |add_ln1118_7_fu_3204_p2       |         +|   0|  0|   14|           9|           3|
    |add_ln1118_8_fu_3264_p2       |         +|   0|  0|   14|           9|           4|
    |add_ln1118_9_fu_3339_p2       |         +|   0|  0|   14|           9|           4|
    |add_ln1118_fu_3149_p2         |         +|   0|  0|   14|           9|           9|
    |add_ln1192_10_fu_3866_p2      |         +|   0|  0|   48|          41|          41|
    |add_ln1192_11_fu_4113_p2      |         +|   0|  0|   48|          41|          41|
    |add_ln1192_12_fu_4498_p2      |         +|   0|  0|   48|          41|          41|
    |add_ln1192_13_fu_4885_p2      |         +|   0|  0|   48|          41|          41|
    |add_ln1192_14_fu_4989_p2      |         +|   0|  0|   48|          41|          41|
    |add_ln1192_15_fu_4612_p2      |         +|   0|  0|   48|          41|          41|
    |add_ln1192_16_fu_4716_p2      |         +|   0|  0|   48|          41|          41|
    |add_ln1192_17_fu_5093_p2      |         +|   0|  0|   48|          41|          41|
    |add_ln1192_18_fu_5480_p2      |         +|   0|  0|   48|          41|          41|
    |add_ln1192_19_fu_5584_p2      |         +|   0|  0|   48|          41|          41|
    |add_ln1192_20_fu_5207_p2      |         +|   0|  0|   48|          41|          41|
    |add_ln1192_21_fu_5311_p2      |         +|   0|  0|   48|          41|          41|
    |add_ln1192_22_fu_5688_p2      |         +|   0|  0|   48|          41|          41|
    |add_ln1192_23_fu_6075_p2      |         +|   0|  0|   48|          41|          41|
    |add_ln1192_24_fu_6179_p2      |         +|   0|  0|   48|          41|          41|
    |add_ln1192_25_fu_5802_p2      |         +|   0|  0|   48|          41|          41|
    |add_ln1192_26_fu_5906_p2      |         +|   0|  0|   48|          41|          41|
    |add_ln1192_27_fu_6283_p2      |         +|   0|  0|   48|          41|          41|
    |add_ln1192_28_fu_6670_p2      |         +|   0|  0|   48|          41|          41|
    |add_ln1192_29_fu_6774_p2      |         +|   0|  0|   48|          41|          41|
    |add_ln1192_30_fu_6397_p2      |         +|   0|  0|   48|          41|          41|
    |add_ln1192_31_fu_6501_p2      |         +|   0|  0|   48|          41|          41|
    |add_ln1192_32_fu_6878_p2      |         +|   0|  0|   48|          41|          41|
    |add_ln1192_33_fu_7265_p2      |         +|   0|  0|   48|          41|          41|
    |add_ln1192_34_fu_7369_p2      |         +|   0|  0|   48|          41|          41|
    |add_ln1192_35_fu_6992_p2      |         +|   0|  0|   48|          41|          41|
    |add_ln1192_36_fu_7096_p2      |         +|   0|  0|   48|          41|          41|
    |add_ln1192_37_fu_7473_p2      |         +|   0|  0|   48|          41|          41|
    |add_ln1192_38_fu_7816_p2      |         +|   0|  0|   48|          41|          41|
    |add_ln1192_39_fu_7920_p2      |         +|   0|  0|   48|          41|          41|
    |add_ln1192_40_fu_7587_p2      |         +|   0|  0|   48|          41|          41|
    |add_ln1192_41_fu_7691_p2      |         +|   0|  0|   48|          41|          41|
    |add_ln1192_42_fu_8024_p2      |         +|   0|  0|   48|          41|          41|
    |add_ln1192_43_fu_8361_p2      |         +|   0|  0|   48|          41|          41|
    |add_ln1192_44_fu_8465_p2      |         +|   0|  0|   48|          41|          41|
    |add_ln1192_45_fu_8138_p2      |         +|   0|  0|   48|          41|          41|
    |add_ln1192_46_fu_8242_p2      |         +|   0|  0|   48|          41|          41|
    |add_ln1192_47_fu_8569_p2      |         +|   0|  0|   48|          41|          41|
    |add_ln1192_48_fu_8906_p2      |         +|   0|  0|   48|          41|          41|
    |add_ln1192_49_fu_9010_p2      |         +|   0|  0|   48|          41|          41|
    |add_ln1192_50_fu_8683_p2      |         +|   0|  0|   48|          41|          41|
    |add_ln1192_51_fu_8787_p2      |         +|   0|  0|   48|          41|          41|
    |add_ln1192_52_fu_9114_p2      |         +|   0|  0|   48|          41|          41|
    |add_ln1192_53_fu_9284_p2      |         +|   0|  0|   48|          41|          41|
    |add_ln1192_54_fu_9388_p2      |         +|   0|  0|   48|          41|          41|
    |add_ln1192_55_fu_9213_p2      |         +|   0|  0|   48|          41|          41|
    |add_ln1192_56_fu_9487_p2      |         +|   0|  0|   48|          41|          41|
    |add_ln1192_57_fu_9553_p2      |         +|   0|  0|   48|          41|          41|
    |add_ln1192_58_fu_9619_p2      |         +|   0|  0|   48|          41|          41|
    |add_ln1192_5_fu_3533_p2       |         +|   0|  0|   48|          41|          41|
    |add_ln1192_6_fu_3573_p2       |         +|   0|  0|   48|          41|          41|
    |add_ln1192_7_fu_3826_p2       |         +|   0|  0|   48|          41|          41|
    |add_ln1192_8_fu_4288_p2       |         +|   0|  0|   48|          41|          41|
    |add_ln1192_9_fu_4393_p2       |         +|   0|  0|   48|          41|          41|
    |add_ln200_fu_2172_p2          |         +|   0|  0|   14|           7|           1|
    |add_ln201_fu_2188_p2          |         +|   0|  0|   17|          14|           8|
    |add_ln204_fu_2285_p2          |         +|   0|  0|   39|          32|           1|
    |add_ln211_fu_2308_p2          |         +|   0|  0|   14|           7|           2|
    |add_ln212_fu_2318_p2          |         +|   0|  0|   14|           6|           2|
    |add_ln220_fu_7799_p2          |         +|   0|  0|   11|           3|           1|
    |add_ln581_fu_2461_p2          |         +|   0|  0|   12|          12|           5|
    |add_ln612_fu_2519_p2          |         +|   0|  0|   12|          12|          11|
    |add_ln703_1_fu_9501_p2        |         +|   0|  0|   47|          40|          40|
    |add_ln703_2_fu_9567_p2        |         +|   0|  0|   47|          40|          40|
    |add_ln703_3_fu_9633_p2        |         +|   0|  0|   47|          40|          40|
    |add_ln703_fu_9227_p2          |         +|   0|  0|   47|          40|          40|
    |add_ln954_fu_10296_p2         |         +|   0|  0|   39|          32|           6|
    |add_ln964_fu_10363_p2         |         +|   0|  0|    8|           8|           8|
    |grp_fu_2146_p2                |         +|   0|  0|   41|          34|          34|
    |lsb_index_fu_10160_p2         |         +|   0|  0|   39|          32|           6|
    |m_1_fu_10324_p2               |         +|   0|  0|   48|          41|          41|
    |next_urem_fu_2213_p2          |         +|   0|  0|   14|           7|           1|
    |pos1_fu_2531_p2               |         +|   0|  0|   12|          12|           1|
    |pos2_fu_2620_p2               |         +|   0|  0|   12|          12|           2|
    |ret_V_3_fu_9860_p2            |         +|   0|  0|   31|          24|          20|
    |ret_V_4_fu_10046_p2           |         +|   0|  0|   48|          41|          41|
    |ret_V_fu_9874_p2              |         +|   0|  0|   54|          47|          41|
    |y_V_0_10_fu_7601_p2           |         +|   0|  0|   47|          40|          40|
    |y_V_0_11_fu_8152_p2           |         +|   0|  0|   47|          40|          40|
    |y_V_0_12_fu_8697_p2           |         +|   0|  0|   47|          40|          40|
    |y_V_0_1_fu_3379_p2            |         +|   0|  0|   41|          34|          34|
    |y_V_0_2_fu_3492_p2            |         +|   0|  0|   42|          35|          35|
    |y_V_0_3_fu_3547_p2            |         +|   0|  0|   47|          40|          40|
    |y_V_0_4_fu_3880_p2            |         +|   0|  0|   47|          40|          40|
    |y_V_0_5_fu_4626_p2            |         +|   0|  0|   47|          40|          40|
    |y_V_0_6_fu_5221_p2            |         +|   0|  0|   47|          40|          40|
    |y_V_0_7_fu_5816_p2            |         +|   0|  0|   47|          40|          40|
    |y_V_0_8_fu_6411_p2            |         +|   0|  0|   47|          40|          40|
    |y_V_0_9_fu_7006_p2            |         +|   0|  0|   47|          40|          40|
    |y_V_1_10_fu_7705_p2           |         +|   0|  0|   47|          40|          40|
    |y_V_1_11_fu_8256_p2           |         +|   0|  0|   47|          40|          40|
    |y_V_1_12_fu_8801_p2           |         +|   0|  0|   47|          40|          40|
    |y_V_1_1_fu_3385_p2            |         +|   0|  0|   41|          34|          34|
    |y_V_1_2_fu_3506_p2            |         +|   0|  0|   42|          35|          35|
    |y_V_1_3_fu_3587_p2            |         +|   0|  0|   47|          40|          40|
    |y_V_1_4_fu_4127_p2            |         +|   0|  0|   47|          40|          40|
    |y_V_1_5_fu_4730_p2            |         +|   0|  0|   47|          40|          40|
    |y_V_1_6_fu_5325_p2            |         +|   0|  0|   47|          40|          40|
    |y_V_1_7_fu_5920_p2            |         +|   0|  0|   47|          40|          40|
    |y_V_1_8_fu_6515_p2            |         +|   0|  0|   47|          40|          40|
    |y_V_1_9_fu_7110_p2            |         +|   0|  0|   47|          40|          40|
    |y_V_2_10_fu_8038_p2           |         +|   0|  0|   47|          40|          40|
    |y_V_2_11_fu_8583_p2           |         +|   0|  0|   47|          40|          40|
    |y_V_2_12_fu_9128_p2           |         +|   0|  0|   47|          40|          40|
    |y_V_2_1_fu_3477_p2            |         +|   0|  0|   41|          34|          34|
    |y_V_2_2_fu_3678_p2            |         +|   0|  0|   42|          35|          35|
    |y_V_2_3_fu_3840_p2            |         +|   0|  0|   47|          40|          40|
    |y_V_2_4_fu_4512_p2            |         +|   0|  0|   47|          40|          40|
    |y_V_2_5_fu_5107_p2            |         +|   0|  0|   47|          40|          40|
    |y_V_2_6_fu_5702_p2            |         +|   0|  0|   47|          40|          40|
    |y_V_2_7_fu_6297_p2            |         +|   0|  0|   47|          40|          40|
    |y_V_2_8_fu_6892_p2            |         +|   0|  0|   47|          40|          40|
    |y_V_2_9_fu_7487_p2            |         +|   0|  0|   47|          40|          40|
    |y_V_3_10_fu_8375_p2           |         +|   0|  0|   47|          40|          40|
    |y_V_3_11_fu_8920_p2           |         +|   0|  0|   47|          40|          40|
    |y_V_3_12_fu_9298_p2           |         +|   0|  0|   47|          40|          40|
    |y_V_3_2_fu_3960_p2            |         +|   0|  0|   42|          35|          35|
    |y_V_3_3_fu_4302_p2            |         +|   0|  0|   47|          40|          40|
    |y_V_3_4_fu_4899_p2            |         +|   0|  0|   47|          40|          40|
    |y_V_3_5_fu_5494_p2            |         +|   0|  0|   47|          40|          40|
    |y_V_3_6_fu_6089_p2            |         +|   0|  0|   47|          40|          40|
    |y_V_3_7_fu_6684_p2            |         +|   0|  0|   47|          40|          40|
    |y_V_3_8_fu_7279_p2            |         +|   0|  0|   47|          40|          40|
    |y_V_3_9_fu_7830_p2            |         +|   0|  0|   47|          40|          40|
    |y_V_4_10_fu_8479_p2           |         +|   0|  0|   47|          40|          40|
    |y_V_4_11_fu_9024_p2           |         +|   0|  0|   47|          40|          40|
    |y_V_4_12_fu_9402_p2           |         +|   0|  0|   47|          40|          40|
    |y_V_4_2_fu_3970_p2            |         +|   0|  0|   42|          35|          35|
    |y_V_4_3_fu_4407_p2            |         +|   0|  0|   47|          40|          40|
    |y_V_4_4_fu_5003_p2            |         +|   0|  0|   47|          40|          40|
    |y_V_4_5_fu_5598_p2            |         +|   0|  0|   47|          40|          40|
    |y_V_4_6_fu_6193_p2            |         +|   0|  0|   47|          40|          40|
    |y_V_4_7_fu_6788_p2            |         +|   0|  0|   47|          40|          40|
    |y_V_4_8_fu_7383_p2            |         +|   0|  0|   47|          40|          40|
    |y_V_4_9_fu_7934_p2            |         +|   0|  0|   47|          40|          40|
    |F2_fu_2439_p2                 |         -|   0|  0|   12|          11|          12|
    |man_V_2_fu_2426_p2            |         -|   0|  0|   61|           1|          54|
    |p_Val2_4_fu_9810_p2           |         -|   0|  0|   31|           1|          24|
    |sub_ln581_fu_2467_p2          |         -|   0|  0|   12|           4|          12|
    |sub_ln944_fu_10154_p2         |         -|   0|  0|   39|           6|          32|
    |sub_ln947_fu_10197_p2         |         -|   0|  0|   14|           1|           6|
    |sub_ln955_fu_10282_p2         |         -|   0|  0|   39|           5|          32|
    |sub_ln964_fu_10358_p2         |         -|   0|  0|    8|           4|           8|
    |tmp_V_fu_10103_p2             |         -|   0|  0|   47|           1|          40|
    |Range1_all_ones_3_fu_2569_p2  |       and|   0|  0|    2|           1|           1|
    |Range1_all_ones_fu_2728_p2    |       and|   0|  0|    2|           1|           1|
    |and_ln340_1_fu_2895_p2        |       and|   0|  0|    2|           1|           1|
    |and_ln340_fu_2890_p2          |       and|   0|  0|    2|           1|           1|
    |and_ln581_fu_2513_p2          |       and|   0|  0|    2|           1|           1|
    |and_ln585_1_fu_2662_p2        |       and|   0|  0|    2|           1|           1|
    |and_ln585_fu_2602_p2          |       and|   0|  0|    2|           1|           1|
    |and_ln603_fu_2646_p2          |       and|   0|  0|    2|           1|           1|
    |and_ln639_1_fu_2785_p2        |       and|   0|  0|    2|           1|           1|
    |and_ln639_fu_2780_p2          |       and|   0|  0|    2|           1|           1|
    |and_ln641_fu_2743_p2          |       and|   0|  0|    2|           1|           1|
    |and_ln659_fu_2840_p2          |       and|   0|  0|    2|           1|           1|
    |and_ln785_10_fu_4645_p2       |       and|   0|  0|    2|           1|           1|
    |and_ln785_11_fu_4749_p2       |       and|   0|  0|    2|           1|           1|
    |and_ln785_12_fu_5126_p2       |       and|   0|  0|    2|           1|           1|
    |and_ln785_13_fu_5513_p2       |       and|   0|  0|    2|           1|           1|
    |and_ln785_14_fu_5617_p2       |       and|   0|  0|    2|           1|           1|
    |and_ln785_15_fu_5240_p2       |       and|   0|  0|    2|           1|           1|
    |and_ln785_16_fu_5344_p2       |       and|   0|  0|    2|           1|           1|
    |and_ln785_17_fu_5721_p2       |       and|   0|  0|    2|           1|           1|
    |and_ln785_18_fu_6108_p2       |       and|   0|  0|    2|           1|           1|
    |and_ln785_19_fu_6212_p2       |       and|   0|  0|    2|           1|           1|
    |and_ln785_1_fu_3761_p2        |       and|   0|  0|    2|           1|           1|
    |and_ln785_20_fu_5835_p2       |       and|   0|  0|    2|           1|           1|
    |and_ln785_21_fu_5939_p2       |       and|   0|  0|    2|           1|           1|
    |and_ln785_22_fu_6316_p2       |       and|   0|  0|    2|           1|           1|
    |and_ln785_23_fu_6703_p2       |       and|   0|  0|    2|           1|           1|
    |and_ln785_24_fu_6807_p2       |       and|   0|  0|    2|           1|           1|
    |and_ln785_25_fu_6430_p2       |       and|   0|  0|    2|           1|           1|
    |and_ln785_26_fu_6534_p2       |       and|   0|  0|    2|           1|           1|
    |and_ln785_27_fu_6911_p2       |       and|   0|  0|    2|           1|           1|
    |and_ln785_28_fu_7298_p2       |       and|   0|  0|    2|           1|           1|
    |and_ln785_29_fu_7402_p2       |       and|   0|  0|    2|           1|           1|
    |and_ln785_2_fu_3981_p2        |       and|   0|  0|    2|           1|           1|
    |and_ln785_30_fu_7025_p2       |       and|   0|  0|    2|           1|           1|
    |and_ln785_31_fu_7129_p2       |       and|   0|  0|    2|           1|           1|
    |and_ln785_32_fu_7506_p2       |       and|   0|  0|    2|           1|           1|
    |and_ln785_33_fu_7849_p2       |       and|   0|  0|    2|           1|           1|
    |and_ln785_34_fu_7953_p2       |       and|   0|  0|    2|           1|           1|
    |and_ln785_35_fu_7620_p2       |       and|   0|  0|    2|           1|           1|
    |and_ln785_36_fu_7724_p2       |       and|   0|  0|    2|           1|           1|
    |and_ln785_37_fu_8057_p2       |       and|   0|  0|    2|           1|           1|
    |and_ln785_38_fu_8394_p2       |       and|   0|  0|    2|           1|           1|
    |and_ln785_39_fu_8498_p2       |       and|   0|  0|    2|           1|           1|
    |and_ln785_3_fu_4322_p2        |       and|   0|  0|    2|           1|           1|
    |and_ln785_40_fu_8171_p2       |       and|   0|  0|    2|           1|           1|
    |and_ln785_41_fu_8275_p2       |       and|   0|  0|    2|           1|           1|
    |and_ln785_42_fu_8602_p2       |       and|   0|  0|    2|           1|           1|
    |and_ln785_43_fu_8939_p2       |       and|   0|  0|    2|           1|           1|
    |and_ln785_44_fu_9043_p2       |       and|   0|  0|    2|           1|           1|
    |and_ln785_45_fu_8716_p2       |       and|   0|  0|    2|           1|           1|
    |and_ln785_46_fu_8820_p2       |       and|   0|  0|    2|           1|           1|
    |and_ln785_47_fu_9147_p2       |       and|   0|  0|    2|           1|           1|
    |and_ln785_48_fu_9317_p2       |       and|   0|  0|    2|           1|           1|
    |and_ln785_49_fu_9421_p2       |       and|   0|  0|    2|           1|           1|
    |and_ln785_4_fu_4427_p2        |       and|   0|  0|    2|           1|           1|
    |and_ln785_50_fu_9245_p2       |       and|   0|  0|    2|           1|           1|
    |and_ln785_51_fu_9519_p2       |       and|   0|  0|    2|           1|           1|
    |and_ln785_52_fu_9585_p2       |       and|   0|  0|    2|           1|           1|
    |and_ln785_53_fu_9651_p2       |       and|   0|  0|    2|           1|           1|
    |and_ln785_5_fu_4049_p2        |       and|   0|  0|    2|           1|           1|
    |and_ln785_6_fu_4146_p2        |       and|   0|  0|    2|           1|           1|
    |and_ln785_7_fu_4531_p2        |       and|   0|  0|    2|           1|           1|
    |and_ln785_8_fu_4918_p2        |       and|   0|  0|    2|           1|           1|
    |and_ln785_9_fu_5022_p2        |       and|   0|  0|    2|           1|           1|
    |and_ln785_fu_3703_p2          |       and|   0|  0|    2|           1|           1|
    |and_ln786_10_fu_4657_p2       |       and|   0|  0|    2|           1|           1|
    |and_ln786_11_fu_4761_p2       |       and|   0|  0|    2|           1|           1|
    |and_ln786_12_fu_5138_p2       |       and|   0|  0|    2|           1|           1|
    |and_ln786_13_fu_5525_p2       |       and|   0|  0|    2|           1|           1|
    |and_ln786_14_fu_5629_p2       |       and|   0|  0|    2|           1|           1|
    |and_ln786_15_fu_5252_p2       |       and|   0|  0|    2|           1|           1|
    |and_ln786_16_fu_5356_p2       |       and|   0|  0|    2|           1|           1|
    |and_ln786_17_fu_5733_p2       |       and|   0|  0|    2|           1|           1|
    |and_ln786_18_fu_6120_p2       |       and|   0|  0|    2|           1|           1|
    |and_ln786_19_fu_6224_p2       |       and|   0|  0|    2|           1|           1|
    |and_ln786_1_fu_3771_p2        |       and|   0|  0|    2|           1|           1|
    |and_ln786_20_fu_5847_p2       |       and|   0|  0|    2|           1|           1|
    |and_ln786_21_fu_5951_p2       |       and|   0|  0|    2|           1|           1|
    |and_ln786_22_fu_6328_p2       |       and|   0|  0|    2|           1|           1|
    |and_ln786_23_fu_6715_p2       |       and|   0|  0|    2|           1|           1|
    |and_ln786_24_fu_6819_p2       |       and|   0|  0|    2|           1|           1|
    |and_ln786_25_fu_6442_p2       |       and|   0|  0|    2|           1|           1|
    |and_ln786_26_fu_6546_p2       |       and|   0|  0|    2|           1|           1|
    |and_ln786_27_fu_6923_p2       |       and|   0|  0|    2|           1|           1|
    |and_ln786_28_fu_7310_p2       |       and|   0|  0|    2|           1|           1|
    |and_ln786_29_fu_7414_p2       |       and|   0|  0|    2|           1|           1|
    |and_ln786_2_fu_3991_p2        |       and|   0|  0|    2|           1|           1|
    |and_ln786_30_fu_7037_p2       |       and|   0|  0|    2|           1|           1|
    |and_ln786_31_fu_7141_p2       |       and|   0|  0|    2|           1|           1|
    |and_ln786_32_fu_7518_p2       |       and|   0|  0|    2|           1|           1|
    |and_ln786_33_fu_7861_p2       |       and|   0|  0|    2|           1|           1|
    |and_ln786_34_fu_7965_p2       |       and|   0|  0|    2|           1|           1|
    |and_ln786_35_fu_7632_p2       |       and|   0|  0|    2|           1|           1|
    |and_ln786_36_fu_7736_p2       |       and|   0|  0|    2|           1|           1|
    |and_ln786_37_fu_8069_p2       |       and|   0|  0|    2|           1|           1|
    |and_ln786_38_fu_8406_p2       |       and|   0|  0|    2|           1|           1|
    |and_ln786_39_fu_8510_p2       |       and|   0|  0|    2|           1|           1|
    |and_ln786_3_fu_4334_p2        |       and|   0|  0|    2|           1|           1|
    |and_ln786_40_fu_8183_p2       |       and|   0|  0|    2|           1|           1|
    |and_ln786_41_fu_8287_p2       |       and|   0|  0|    2|           1|           1|
    |and_ln786_42_fu_8614_p2       |       and|   0|  0|    2|           1|           1|
    |and_ln786_43_fu_8951_p2       |       and|   0|  0|    2|           1|           1|
    |and_ln786_44_fu_9055_p2       |       and|   0|  0|    2|           1|           1|
    |and_ln786_45_fu_8728_p2       |       and|   0|  0|    2|           1|           1|
    |and_ln786_46_fu_8832_p2       |       and|   0|  0|    2|           1|           1|
    |and_ln786_47_fu_9159_p2       |       and|   0|  0|    2|           1|           1|
    |and_ln786_48_fu_9329_p2       |       and|   0|  0|    2|           1|           1|
    |and_ln786_49_fu_9433_p2       |       and|   0|  0|    2|           1|           1|
    |and_ln786_4_fu_4439_p2        |       and|   0|  0|    2|           1|           1|
    |and_ln786_5_fu_4059_p2        |       and|   0|  0|    2|           1|           1|
    |and_ln786_6_fu_4158_p2        |       and|   0|  0|    2|           1|           1|
    |and_ln786_7_fu_4543_p2        |       and|   0|  0|    2|           1|           1|
    |and_ln786_8_fu_4930_p2        |       and|   0|  0|    2|           1|           1|
    |and_ln786_9_fu_5034_p2        |       and|   0|  0|    2|           1|           1|
    |and_ln786_fu_3713_p2          |       and|   0|  0|    2|           1|           1|
    |and_ln949_1_fu_10256_p2       |       and|   0|  0|    2|           1|           1|
    |and_ln949_fu_10227_p2         |       and|   0|  0|   40|          40|          40|
    |neg_src_1_fu_2818_p2          |       and|   0|  0|    2|           1|           1|
    |overflow_1_fu_9733_p2         |       and|   0|  0|    2|           1|           1|
    |overflow_3_fu_9959_p2         |       and|   0|  0|    2|           1|           1|
    |overflow_4_fu_10079_p2        |       and|   0|  0|    2|           1|           1|
    |overflow_fu_2835_p2           |       and|   0|  0|    2|           1|           1|
    |underflow_1_fu_9757_p2        |       and|   0|  0|    2|           1|           1|
    |underflow_2_fu_9975_p2        |       and|   0|  0|    2|           1|           1|
    |underflow_fu_2850_p2          |       and|   0|  0|    2|           1|           1|
    |ashr_ln586_fu_2587_p2         |      ashr|   0|  0|  161|          54|          54|
    |Range2_all_ones_fu_2702_p2    |      icmp|   0|  0|   25|          54|          54|
    |empty_32_fu_2219_p2           |      icmp|   0|  0|   10|           7|           3|
    |icmp_ln1497_fu_9852_p2        |      icmp|   0|  0|   15|          23|          19|
    |icmp_ln200_fu_2178_p2         |      icmp|   0|  0|   10|           7|           7|
    |icmp_ln204_fu_2291_p2         |      icmp|   0|  0|   18|          32|          32|
    |icmp_ln211_fu_2296_p2         |      icmp|   0|  0|   10|           7|           1|
    |icmp_ln220_fu_3131_p2         |      icmp|   0|  0|    9|           3|           4|
    |icmp_ln571_fu_2262_p2         |      icmp|   0|  0|   28|          63|           1|
    |icmp_ln581_1_fu_2615_p2       |      icmp|   0|  0|   12|          12|           4|
    |icmp_ln581_fu_2455_p2         |      icmp|   0|  0|   11|           8|           1|
    |icmp_ln582_fu_2481_p2         |      icmp|   0|  0|   12|          12|           4|
    |icmp_ln585_fu_2578_p2         |      icmp|   0|  0|   12|          12|           6|
    |icmp_ln603_fu_2501_p2         |      icmp|   0|  0|   11|           8|           1|
    |icmp_ln611_fu_2525_p2         |      icmp|   0|  0|   12|          12|           1|
    |icmp_ln621_1_fu_2555_p2       |      icmp|   0|  0|   12|          12|           6|
    |icmp_ln621_fu_2541_p2         |      icmp|   0|  0|   12|          12|           6|
    |icmp_ln631_1_fu_2692_p2       |      icmp|   0|  0|   12|          12|           6|
    |icmp_ln631_fu_2687_p2         |      icmp|   0|  0|   12|          12|           6|
    |icmp_ln641_fu_2738_p2         |      icmp|   0|  0|   25|          54|           1|
    |icmp_ln642_fu_2749_p2         |      icmp|   0|  0|   12|          12|           6|
    |icmp_ln768_1_fu_9938_p2       |      icmp|   0|  0|    8|           3|           1|
    |icmp_ln768_fu_9715_p2         |      icmp|   0|  0|   10|           6|           1|
    |icmp_ln786_1_fu_9944_p2       |      icmp|   0|  0|    8|           3|           2|
    |icmp_ln786_fu_9745_p2         |      icmp|   0|  0|   10|           6|           2|
    |icmp_ln935_fu_10276_p2        |      icmp|   0|  0|   21|          40|           1|
    |icmp_ln946_fu_10192_p2        |      icmp|   0|  0|   17|          31|           1|
    |icmp_ln949_fu_10232_p2        |      icmp|   0|  0|   21|          40|           1|
    |icmp_ln954_fu_10251_p2        |      icmp|   0|  0|   18|          32|           1|
    |Range2_V_1_fu_2633_p2         |      lshr|   0|  0|  161|          54|          54|
    |lshr_ln947_fu_10206_p2        |      lshr|   0|  0|  133|           2|          40|
    |lshr_ln954_fu_10305_p2        |      lshr|   0|  0|  133|          40|          40|
    |r_fu_2697_p2                  |      lshr|   0|  0|  161|           2|          54|
    |or_ln340_10_fu_4352_p2        |        or|   0|  0|    2|           1|           1|
    |or_ln340_11_fu_4457_p2        |        or|   0|  0|    2|           1|           1|
    |or_ln340_12_fu_4074_p2        |        or|   0|  0|    2|           1|           1|
    |or_ln340_13_fu_4176_p2        |        or|   0|  0|    2|           1|           1|
    |or_ln340_14_fu_4561_p2        |        or|   0|  0|    2|           1|           1|
    |or_ln340_15_fu_4948_p2        |        or|   0|  0|    2|           1|           1|
    |or_ln340_16_fu_5052_p2        |        or|   0|  0|    2|           1|           1|
    |or_ln340_17_fu_4675_p2        |        or|   0|  0|    2|           1|           1|
    |or_ln340_18_fu_4779_p2        |        or|   0|  0|    2|           1|           1|
    |or_ln340_19_fu_5156_p2        |        or|   0|  0|    2|           1|           1|
    |or_ln340_1_fu_2870_p2         |        or|   0|  0|    2|           1|           1|
    |or_ln340_20_fu_5543_p2        |        or|   0|  0|    2|           1|           1|
    |or_ln340_21_fu_5647_p2        |        or|   0|  0|    2|           1|           1|
    |or_ln340_22_fu_5270_p2        |        or|   0|  0|    2|           1|           1|
    |or_ln340_23_fu_5374_p2        |        or|   0|  0|    2|           1|           1|
    |or_ln340_24_fu_5751_p2        |        or|   0|  0|    2|           1|           1|
    |or_ln340_25_fu_6138_p2        |        or|   0|  0|    2|           1|           1|
    |or_ln340_26_fu_6242_p2        |        or|   0|  0|    2|           1|           1|
    |or_ln340_27_fu_5865_p2        |        or|   0|  0|    2|           1|           1|
    |or_ln340_28_fu_5969_p2        |        or|   0|  0|    2|           1|           1|
    |or_ln340_29_fu_6346_p2        |        or|   0|  0|    2|           1|           1|
    |or_ln340_2_fu_9763_p2         |        or|   0|  0|    2|           1|           1|
    |or_ln340_30_fu_6733_p2        |        or|   0|  0|    2|           1|           1|
    |or_ln340_31_fu_6837_p2        |        or|   0|  0|    2|           1|           1|
    |or_ln340_32_fu_6460_p2        |        or|   0|  0|    2|           1|           1|
    |or_ln340_33_fu_6564_p2        |        or|   0|  0|    2|           1|           1|
    |or_ln340_34_fu_6941_p2        |        or|   0|  0|    2|           1|           1|
    |or_ln340_35_fu_7328_p2        |        or|   0|  0|    2|           1|           1|
    |or_ln340_36_fu_7432_p2        |        or|   0|  0|    2|           1|           1|
    |or_ln340_37_fu_7055_p2        |        or|   0|  0|    2|           1|           1|
    |or_ln340_38_fu_7159_p2        |        or|   0|  0|    2|           1|           1|
    |or_ln340_39_fu_7536_p2        |        or|   0|  0|    2|           1|           1|
    |or_ln340_3_fu_9772_p2         |        or|   0|  0|    2|           1|           1|
    |or_ln340_40_fu_7879_p2        |        or|   0|  0|    2|           1|           1|
    |or_ln340_41_fu_7983_p2        |        or|   0|  0|    2|           1|           1|
    |or_ln340_42_fu_7650_p2        |        or|   0|  0|    2|           1|           1|
    |or_ln340_43_fu_7754_p2        |        or|   0|  0|    2|           1|           1|
    |or_ln340_44_fu_8087_p2        |        or|   0|  0|    2|           1|           1|
    |or_ln340_45_fu_8424_p2        |        or|   0|  0|    2|           1|           1|
    |or_ln340_46_fu_8528_p2        |        or|   0|  0|    2|           1|           1|
    |or_ln340_47_fu_8201_p2        |        or|   0|  0|    2|           1|           1|
    |or_ln340_48_fu_8305_p2        |        or|   0|  0|    2|           1|           1|
    |or_ln340_49_fu_8632_p2        |        or|   0|  0|    2|           1|           1|
    |or_ln340_4_fu_9980_p2         |        or|   0|  0|    2|           1|           1|
    |or_ln340_50_fu_8969_p2        |        or|   0|  0|    2|           1|           1|
    |or_ln340_51_fu_9073_p2        |        or|   0|  0|    2|           1|           1|
    |or_ln340_52_fu_8746_p2        |        or|   0|  0|    2|           1|           1|
    |or_ln340_53_fu_8850_p2        |        or|   0|  0|    2|           1|           1|
    |or_ln340_54_fu_9177_p2        |        or|   0|  0|    2|           1|           1|
    |or_ln340_55_fu_9347_p2        |        or|   0|  0|    2|           1|           1|
    |or_ln340_56_fu_9451_p2        |        or|   0|  0|    2|           1|           1|
    |or_ln340_5_fu_9992_p2         |        or|   0|  0|    2|           1|           1|
    |or_ln340_6_fu_2865_p2         |        or|   0|  0|    2|           1|           1|
    |or_ln340_7_fu_3728_p2         |        or|   0|  0|    2|           1|           1|
    |or_ln340_8_fu_3786_p2         |        or|   0|  0|    2|           1|           1|
    |or_ln340_9_fu_4006_p2         |        or|   0|  0|    2|           1|           1|
    |or_ln340_fu_2855_p2           |        or|   0|  0|    2|           1|           1|
    |or_ln611_fu_2908_p2           |        or|   0|  0|    2|           1|           1|
    |or_ln621_1_fu_2799_p2         |        or|   0|  0|    2|           1|           1|
    |or_ln621_fu_2774_p2           |        or|   0|  0|    2|           1|           1|
    |or_ln639_fu_2813_p2           |        or|   0|  0|    2|           1|           1|
    |or_ln658_fu_2829_p2           |        or|   0|  0|    2|           1|           1|
    |or_ln785_1_fu_9950_p2         |        or|   0|  0|    2|           1|           1|
    |or_ln785_fu_9721_p2           |        or|   0|  0|    2|           1|           1|
    |or_ln786_1_fu_9970_p2         |        or|   0|  0|    2|           1|           1|
    |or_ln786_fu_9751_p2           |        or|   0|  0|    2|           1|           1|
    |or_ln949_1_fu_10221_p2        |        or|   0|  0|   40|          40|          40|
    |sign_V_fu_9887_p2             |        or|   0|  0|   24|          23|          24|
    |Range2_all_ones_2_fu_2720_p3  |    select|   0|  0|    2|           1|           1|
    |a_V_fu_9836_p3                |    select|   0|  0|   23|           1|          23|
    |acc_V_fu_10096_p3             |    select|   0|  0|   40|           1|          40|
    |deleted_ones_fu_2805_p3       |    select|   0|  0|    2|           1|           1|
    |deleted_zeros_fu_2791_p3      |    select|   0|  0|    2|           1|           1|
    |idx_urem_fu_2225_p3           |    select|   0|  0|    7|           1|           7|
    |m_fu_10310_p3                 |    select|   0|  0|   40|           1|          40|
    |man_V_fu_2432_p3              |    select|   0|  0|   54|           1|          54|
    |out_r                         |    select|   0|  0|   32|           1|           1|
    |p_Val2_1_fu_2667_p3           |    select|   0|  0|   16|           1|          16|
    |select_ln1497_fu_10020_p3     |    select|   0|  0|   24|           1|          24|
    |select_ln340_100_fu_8654_p3   |    select|   0|  0|   40|           1|          40|
    |select_ln340_101_fu_8991_p3   |    select|   0|  0|   40|           1|          40|
    |select_ln340_102_fu_9095_p3   |    select|   0|  0|   40|           1|          40|
    |select_ln340_103_fu_8768_p3   |    select|   0|  0|   40|           1|          40|
    |select_ln340_104_fu_8872_p3   |    select|   0|  0|   40|           1|          40|
    |select_ln340_105_fu_9199_p3   |    select|   0|  0|   40|           1|          40|
    |select_ln340_106_fu_9369_p3   |    select|   0|  0|   40|           1|          40|
    |select_ln340_107_fu_9473_p3   |    select|   0|  0|   40|           1|          40|
    |select_ln340_109_fu_9998_p3   |    select|   0|  0|   24|           1|          23|
    |select_ln340_10_fu_4374_p3    |    select|   0|  0|   40|           1|          40|
    |select_ln340_110_fu_10012_p3  |    select|   0|  0|   24|           1|          24|
    |select_ln340_11_fu_4463_p3    |    select|   0|  0|   40|           1|          39|
    |select_ln340_12_fu_4479_p3    |    select|   0|  0|   40|           1|          40|
    |select_ln340_13_fu_4080_p3    |    select|   0|  0|   40|           1|          39|
    |select_ln340_14_fu_4094_p3    |    select|   0|  0|   40|           1|          40|
    |select_ln340_15_fu_4182_p3    |    select|   0|  0|   40|           1|          39|
    |select_ln340_16_fu_4198_p3    |    select|   0|  0|   40|           1|          40|
    |select_ln340_17_fu_4567_p3    |    select|   0|  0|   40|           1|          39|
    |select_ln340_18_fu_4583_p3    |    select|   0|  0|   40|           1|          40|
    |select_ln340_19_fu_4954_p3    |    select|   0|  0|   40|           1|          39|
    |select_ln340_1_fu_9777_p3     |    select|   0|  0|   24|           1|          23|
    |select_ln340_20_fu_4970_p3    |    select|   0|  0|   40|           1|          40|
    |select_ln340_21_fu_5058_p3    |    select|   0|  0|   40|           1|          39|
    |select_ln340_22_fu_5074_p3    |    select|   0|  0|   40|           1|          40|
    |select_ln340_23_fu_4681_p3    |    select|   0|  0|   40|           1|          39|
    |select_ln340_24_fu_4697_p3    |    select|   0|  0|   40|           1|          40|
    |select_ln340_25_fu_4785_p3    |    select|   0|  0|   40|           1|          39|
    |select_ln340_26_fu_5162_p3    |    select|   0|  0|   40|           1|          39|
    |select_ln340_27_fu_5549_p3    |    select|   0|  0|   40|           1|          39|
    |select_ln340_28_fu_5653_p3    |    select|   0|  0|   40|           1|          39|
    |select_ln340_29_fu_5276_p3    |    select|   0|  0|   40|           1|          39|
    |select_ln340_2_fu_2900_p3     |    select|   0|  0|   16|           1|          16|
    |select_ln340_30_fu_5380_p3    |    select|   0|  0|   40|           1|          39|
    |select_ln340_31_fu_5757_p3    |    select|   0|  0|   40|           1|          39|
    |select_ln340_32_fu_6144_p3    |    select|   0|  0|   40|           1|          39|
    |select_ln340_33_fu_6248_p3    |    select|   0|  0|   40|           1|          39|
    |select_ln340_34_fu_5871_p3    |    select|   0|  0|   40|           1|          39|
    |select_ln340_35_fu_5975_p3    |    select|   0|  0|   40|           1|          39|
    |select_ln340_36_fu_6352_p3    |    select|   0|  0|   40|           1|          39|
    |select_ln340_37_fu_6739_p3    |    select|   0|  0|   40|           1|          39|
    |select_ln340_38_fu_6843_p3    |    select|   0|  0|   40|           1|          39|
    |select_ln340_39_fu_6466_p3    |    select|   0|  0|   40|           1|          39|
    |select_ln340_3_fu_3734_p3     |    select|   0|  0|   40|           1|          39|
    |select_ln340_40_fu_6570_p3    |    select|   0|  0|   40|           1|          39|
    |select_ln340_41_fu_6947_p3    |    select|   0|  0|   40|           1|          39|
    |select_ln340_42_fu_7334_p3    |    select|   0|  0|   40|           1|          39|
    |select_ln340_43_fu_7438_p3    |    select|   0|  0|   40|           1|          39|
    |select_ln340_44_fu_7061_p3    |    select|   0|  0|   40|           1|          39|
    |select_ln340_45_fu_7165_p3    |    select|   0|  0|   40|           1|          39|
    |select_ln340_46_fu_7542_p3    |    select|   0|  0|   40|           1|          39|
    |select_ln340_47_fu_7885_p3    |    select|   0|  0|   40|           1|          39|
    |select_ln340_48_fu_7989_p3    |    select|   0|  0|   40|           1|          39|
    |select_ln340_49_fu_7656_p3    |    select|   0|  0|   40|           1|          39|
    |select_ln340_4_fu_3748_p3     |    select|   0|  0|   40|           1|          40|
    |select_ln340_50_fu_7760_p3    |    select|   0|  0|   40|           1|          39|
    |select_ln340_51_fu_8093_p3    |    select|   0|  0|   40|           1|          39|
    |select_ln340_52_fu_8430_p3    |    select|   0|  0|   40|           1|          39|
    |select_ln340_53_fu_8534_p3    |    select|   0|  0|   40|           1|          39|
    |select_ln340_54_fu_8207_p3    |    select|   0|  0|   40|           1|          39|
    |select_ln340_55_fu_8311_p3    |    select|   0|  0|   40|           1|          39|
    |select_ln340_56_fu_8638_p3    |    select|   0|  0|   40|           1|          39|
    |select_ln340_57_fu_8975_p3    |    select|   0|  0|   40|           1|          39|
    |select_ln340_58_fu_9079_p3    |    select|   0|  0|   40|           1|          39|
    |select_ln340_59_fu_8752_p3    |    select|   0|  0|   40|           1|          39|
    |select_ln340_5_fu_3792_p3     |    select|   0|  0|   40|           1|          39|
    |select_ln340_60_fu_8856_p3    |    select|   0|  0|   40|           1|          39|
    |select_ln340_61_fu_9183_p3    |    select|   0|  0|   40|           1|          39|
    |select_ln340_62_fu_9353_p3    |    select|   0|  0|   40|           1|          39|
    |select_ln340_63_fu_9457_p3    |    select|   0|  0|   40|           1|          39|
    |select_ln340_64_fu_9265_p3    |    select|   0|  0|   40|           1|          40|
    |select_ln340_65_fu_9539_p3    |    select|   0|  0|   40|           1|          40|
    |select_ln340_66_fu_9605_p3    |    select|   0|  0|   40|           1|          40|
    |select_ln340_67_fu_9671_p3    |    select|   0|  0|   40|           1|          40|
    |select_ln340_68_fu_4801_p3    |    select|   0|  0|   40|           1|          40|
    |select_ln340_69_fu_9828_p3    |    select|   0|  0|   23|           1|           2|
    |select_ln340_6_fu_3806_p3     |    select|   0|  0|   40|           1|          40|
    |select_ln340_70_fu_5178_p3    |    select|   0|  0|   40|           1|          40|
    |select_ln340_71_fu_5565_p3    |    select|   0|  0|   40|           1|          40|
    |select_ln340_72_fu_5669_p3    |    select|   0|  0|   40|           1|          40|
    |select_ln340_73_fu_5292_p3    |    select|   0|  0|   40|           1|          40|
    |select_ln340_74_fu_5396_p3    |    select|   0|  0|   40|           1|          40|
    |select_ln340_75_fu_5773_p3    |    select|   0|  0|   40|           1|          40|
    |select_ln340_76_fu_6160_p3    |    select|   0|  0|   40|           1|          40|
    |select_ln340_77_fu_6264_p3    |    select|   0|  0|   40|           1|          40|
    |select_ln340_78_fu_5887_p3    |    select|   0|  0|   40|           1|          40|
    |select_ln340_79_fu_5991_p3    |    select|   0|  0|   40|           1|          40|
    |select_ln340_7_fu_4012_p3     |    select|   0|  0|   40|           1|          39|
    |select_ln340_80_fu_6368_p3    |    select|   0|  0|   40|           1|          40|
    |select_ln340_81_fu_6755_p3    |    select|   0|  0|   40|           1|          40|
    |select_ln340_82_fu_6859_p3    |    select|   0|  0|   40|           1|          40|
    |select_ln340_83_fu_6482_p3    |    select|   0|  0|   40|           1|          40|
    |select_ln340_84_fu_6586_p3    |    select|   0|  0|   40|           1|          40|
    |select_ln340_85_fu_6963_p3    |    select|   0|  0|   40|           1|          40|
    |select_ln340_86_fu_7350_p3    |    select|   0|  0|   40|           1|          40|
    |select_ln340_87_fu_7454_p3    |    select|   0|  0|   40|           1|          40|
    |select_ln340_88_fu_7077_p3    |    select|   0|  0|   40|           1|          40|
    |select_ln340_89_fu_7181_p3    |    select|   0|  0|   40|           1|          40|
    |select_ln340_8_fu_4026_p3     |    select|   0|  0|   40|           1|          40|
    |select_ln340_90_fu_7558_p3    |    select|   0|  0|   40|           1|          40|
    |select_ln340_91_fu_7901_p3    |    select|   0|  0|   40|           1|          40|
    |select_ln340_92_fu_8005_p3    |    select|   0|  0|   40|           1|          40|
    |select_ln340_93_fu_7672_p3    |    select|   0|  0|   40|           1|          40|
    |select_ln340_94_fu_7776_p3    |    select|   0|  0|   40|           1|          40|
    |select_ln340_95_fu_8109_p3    |    select|   0|  0|   40|           1|          40|
    |select_ln340_96_fu_8446_p3    |    select|   0|  0|   40|           1|          40|
    |select_ln340_97_fu_8550_p3    |    select|   0|  0|   40|           1|          40|
    |select_ln340_98_fu_8223_p3    |    select|   0|  0|   40|           1|          40|
    |select_ln340_99_fu_8327_p3    |    select|   0|  0|   40|           1|          40|
    |select_ln340_9_fu_4358_p3     |    select|   0|  0|   40|           1|          39|
    |select_ln340_fu_2876_p3       |    select|   0|  0|   16|           1|          15|
    |select_ln384_1_fu_9531_p3     |    select|   0|  0|   41|           1|          39|
    |select_ln384_2_fu_9597_p3     |    select|   0|  0|   41|           1|          39|
    |select_ln384_3_fu_9663_p3     |    select|   0|  0|   41|           1|          39|
    |select_ln384_4_fu_10088_p3    |    select|   0|  0|   41|           1|          39|
    |select_ln384_fu_9257_p3       |    select|   0|  0|   41|           1|          39|
    |select_ln388_10_fu_4962_p3    |    select|   0|  0|   41|           1|          41|
    |select_ln388_11_fu_5066_p3    |    select|   0|  0|   41|           1|          41|
    |select_ln388_12_fu_4689_p3    |    select|   0|  0|   41|           1|          41|
    |select_ln388_13_fu_4793_p3    |    select|   0|  0|   41|           1|          41|
    |select_ln388_14_fu_5170_p3    |    select|   0|  0|   41|           1|          41|
    |select_ln388_15_fu_5557_p3    |    select|   0|  0|   41|           1|          41|
    |select_ln388_16_fu_5661_p3    |    select|   0|  0|   41|           1|          41|
    |select_ln388_17_fu_5284_p3    |    select|   0|  0|   41|           1|          41|
    |select_ln388_18_fu_5388_p3    |    select|   0|  0|   41|           1|          41|
    |select_ln388_19_fu_5765_p3    |    select|   0|  0|   41|           1|          41|
    |select_ln388_1_fu_9784_p3     |    select|   0|  0|   25|           1|          25|
    |select_ln388_20_fu_6152_p3    |    select|   0|  0|   41|           1|          41|
    |select_ln388_21_fu_6256_p3    |    select|   0|  0|   41|           1|          41|
    |select_ln388_22_fu_5879_p3    |    select|   0|  0|   41|           1|          41|
    |select_ln388_23_fu_5983_p3    |    select|   0|  0|   41|           1|          41|
    |select_ln388_24_fu_6360_p3    |    select|   0|  0|   41|           1|          41|
    |select_ln388_25_fu_6747_p3    |    select|   0|  0|   41|           1|          41|
    |select_ln388_26_fu_6851_p3    |    select|   0|  0|   41|           1|          41|
    |select_ln388_27_fu_6474_p3    |    select|   0|  0|   41|           1|          41|
    |select_ln388_28_fu_6578_p3    |    select|   0|  0|   41|           1|          41|
    |select_ln388_29_fu_6955_p3    |    select|   0|  0|   41|           1|          41|
    |select_ln388_2_fu_3741_p3     |    select|   0|  0|   41|           1|          41|
    |select_ln388_30_fu_7342_p3    |    select|   0|  0|   41|           1|          41|
    |select_ln388_31_fu_7446_p3    |    select|   0|  0|   41|           1|          41|
    |select_ln388_32_fu_7069_p3    |    select|   0|  0|   41|           1|          41|
    |select_ln388_33_fu_7173_p3    |    select|   0|  0|   41|           1|          41|
    |select_ln388_34_fu_7550_p3    |    select|   0|  0|   41|           1|          41|
    |select_ln388_35_fu_7893_p3    |    select|   0|  0|   41|           1|          41|
    |select_ln388_36_fu_7997_p3    |    select|   0|  0|   41|           1|          41|
    |select_ln388_37_fu_7664_p3    |    select|   0|  0|   41|           1|          41|
    |select_ln388_38_fu_7768_p3    |    select|   0|  0|   41|           1|          41|
    |select_ln388_39_fu_8101_p3    |    select|   0|  0|   41|           1|          41|
    |select_ln388_3_fu_3799_p3     |    select|   0|  0|   41|           1|          41|
    |select_ln388_40_fu_8438_p3    |    select|   0|  0|   41|           1|          41|
    |select_ln388_41_fu_8542_p3    |    select|   0|  0|   41|           1|          41|
    |select_ln388_42_fu_8215_p3    |    select|   0|  0|   41|           1|          41|
    |select_ln388_43_fu_8319_p3    |    select|   0|  0|   41|           1|          41|
    |select_ln388_44_fu_8646_p3    |    select|   0|  0|   41|           1|          41|
    |select_ln388_45_fu_8983_p3    |    select|   0|  0|   41|           1|          41|
    |select_ln388_46_fu_9087_p3    |    select|   0|  0|   41|           1|          41|
    |select_ln388_47_fu_8760_p3    |    select|   0|  0|   41|           1|          41|
    |select_ln388_48_fu_8864_p3    |    select|   0|  0|   41|           1|          41|
    |select_ln388_49_fu_9191_p3    |    select|   0|  0|   41|           1|          41|
    |select_ln388_4_fu_4019_p3     |    select|   0|  0|   41|           1|          41|
    |select_ln388_50_fu_9361_p3    |    select|   0|  0|   41|           1|          41|
    |select_ln388_51_fu_9465_p3    |    select|   0|  0|   41|           1|          41|
    |select_ln388_52_fu_10005_p3   |    select|   0|  0|   25|           1|          25|
    |select_ln388_5_fu_4366_p3     |    select|   0|  0|   41|           1|          41|
    |select_ln388_6_fu_4471_p3     |    select|   0|  0|   41|           1|          41|
    |select_ln388_7_fu_4087_p3     |    select|   0|  0|   41|           1|          41|
    |select_ln388_8_fu_4190_p3     |    select|   0|  0|   41|           1|          41|
    |select_ln388_9_fu_4575_p3     |    select|   0|  0|   41|           1|          41|
    |select_ln388_fu_2883_p3       |    select|   0|  0|   17|           1|          17|
    |select_ln571_fu_2919_p3       |    select|   0|  0|   16|           1|           1|
    |select_ln582_fu_2596_p3       |    select|   0|  0|   16|           1|          16|
    |select_ln585_fu_2607_p3       |    select|   0|  0|   16|           1|          16|
    |select_ln588_fu_2273_p3       |    select|   0|  0|    2|           1|           2|
    |select_ln603_fu_2650_p3       |    select|   0|  0|   16|           1|          16|
    |select_ln611_fu_2912_p3       |    select|   0|  0|   16|           1|          16|
    |select_ln642_1_fu_2762_p3     |    select|   0|  0|    2|           1|           1|
    |select_ln642_fu_2754_p3       |    select|   0|  0|    2|           1|           1|
    |select_ln943_fu_10351_p3      |    select|   0|  0|    7|           1|           7|
    |select_ln946_fu_10261_p3      |    select|   0|  0|    2|           1|           1|
    |select_ln954_fu_10268_p3      |    select|   0|  0|    2|           1|           1|
    |sh_amt_fu_2473_p3             |    select|   0|  0|   12|           1|          12|
    |tmp_V_2_fu_10117_p3           |    select|   0|  0|   40|           1|          40|
    |x_V_fu_9790_p3                |    select|   0|  0|   24|           1|          24|
    |shl_ln604_fu_2641_p2          |       shl|   0|  0|   35|          16|          16|
    |shl_ln949_fu_10215_p2         |       shl|   0|  0|  133|           1|          40|
    |shl_ln955_fu_10291_p2         |       shl|   0|  0|  133|          40|          40|
    |Range1_all_zeros_fu_2733_p2   |       xor|   0|  0|    2|           2|           1|
    |Range2_all_ones_1_fu_2714_p2  |       xor|   0|  0|    2|           1|           2|
    |ap_enable_pp1                 |       xor|   0|  0|    2|           1|           2|
    |ap_enable_pp2                 |       xor|   0|  0|    2|           1|           2|
    |xor_ln340_100_fu_9335_p2      |       xor|   0|  0|    2|           1|           1|
    |xor_ln340_101_fu_9341_p2      |       xor|   0|  0|    2|           1|           2|
    |xor_ln340_102_fu_9439_p2      |       xor|   0|  0|    2|           1|           1|
    |xor_ln340_103_fu_9445_p2      |       xor|   0|  0|    2|           1|           2|
    |xor_ln340_104_fu_9251_p2      |       xor|   0|  0|    2|           1|           1|
    |xor_ln340_105_fu_9525_p2      |       xor|   0|  0|    2|           1|           1|
    |xor_ln340_106_fu_9591_p2      |       xor|   0|  0|    2|           1|           1|
    |xor_ln340_107_fu_9657_p2      |       xor|   0|  0|    2|           1|           1|
    |xor_ln340_10_fu_4451_p2       |       xor|   0|  0|    2|           1|           2|
    |xor_ln340_11_fu_4064_p2       |       xor|   0|  0|    2|           1|           1|
    |xor_ln340_12_fu_4068_p2       |       xor|   0|  0|    2|           1|           2|
    |xor_ln340_13_fu_4164_p2       |       xor|   0|  0|    2|           1|           1|
    |xor_ln340_14_fu_9767_p2       |       xor|   0|  0|    2|           1|           2|
    |xor_ln340_15_fu_4170_p2       |       xor|   0|  0|    2|           1|           2|
    |xor_ln340_16_fu_4549_p2       |       xor|   0|  0|    2|           1|           1|
    |xor_ln340_17_fu_9986_p2       |       xor|   0|  0|    2|           1|           2|
    |xor_ln340_18_fu_10084_p2      |       xor|   0|  0|    2|           1|           1|
    |xor_ln340_19_fu_4555_p2       |       xor|   0|  0|    2|           1|           2|
    |xor_ln340_1_fu_3718_p2        |       xor|   0|  0|    2|           1|           1|
    |xor_ln340_20_fu_4936_p2       |       xor|   0|  0|    2|           1|           1|
    |xor_ln340_21_fu_4942_p2       |       xor|   0|  0|    2|           1|           2|
    |xor_ln340_22_fu_5040_p2       |       xor|   0|  0|    2|           1|           1|
    |xor_ln340_23_fu_5046_p2       |       xor|   0|  0|    2|           1|           2|
    |xor_ln340_24_fu_4663_p2       |       xor|   0|  0|    2|           1|           1|
    |xor_ln340_25_fu_4669_p2       |       xor|   0|  0|    2|           1|           2|
    |xor_ln340_26_fu_4767_p2       |       xor|   0|  0|    2|           1|           1|
    |xor_ln340_27_fu_4773_p2       |       xor|   0|  0|    2|           1|           2|
    |xor_ln340_28_fu_5144_p2       |       xor|   0|  0|    2|           1|           1|
    |xor_ln340_29_fu_5150_p2       |       xor|   0|  0|    2|           1|           2|
    |xor_ln340_2_fu_3722_p2        |       xor|   0|  0|    2|           1|           2|
    |xor_ln340_30_fu_5531_p2       |       xor|   0|  0|    2|           1|           1|
    |xor_ln340_31_fu_5537_p2       |       xor|   0|  0|    2|           1|           2|
    |xor_ln340_32_fu_5635_p2       |       xor|   0|  0|    2|           1|           1|
    |xor_ln340_33_fu_5641_p2       |       xor|   0|  0|    2|           1|           2|
    |xor_ln340_34_fu_5258_p2       |       xor|   0|  0|    2|           1|           1|
    |xor_ln340_35_fu_5264_p2       |       xor|   0|  0|    2|           1|           2|
    |xor_ln340_36_fu_5362_p2       |       xor|   0|  0|    2|           1|           1|
    |xor_ln340_37_fu_5368_p2       |       xor|   0|  0|    2|           1|           2|
    |xor_ln340_38_fu_5739_p2       |       xor|   0|  0|    2|           1|           1|
    |xor_ln340_39_fu_5745_p2       |       xor|   0|  0|    2|           1|           2|
    |xor_ln340_3_fu_3776_p2        |       xor|   0|  0|    2|           1|           1|
    |xor_ln340_40_fu_6126_p2       |       xor|   0|  0|    2|           1|           1|
    |xor_ln340_41_fu_6132_p2       |       xor|   0|  0|    2|           1|           2|
    |xor_ln340_42_fu_6230_p2       |       xor|   0|  0|    2|           1|           1|
    |xor_ln340_43_fu_6236_p2       |       xor|   0|  0|    2|           1|           2|
    |xor_ln340_44_fu_5853_p2       |       xor|   0|  0|    2|           1|           1|
    |xor_ln340_45_fu_5859_p2       |       xor|   0|  0|    2|           1|           2|
    |xor_ln340_46_fu_5957_p2       |       xor|   0|  0|    2|           1|           1|
    |xor_ln340_47_fu_5963_p2       |       xor|   0|  0|    2|           1|           2|
    |xor_ln340_48_fu_6334_p2       |       xor|   0|  0|    2|           1|           1|
    |xor_ln340_49_fu_6340_p2       |       xor|   0|  0|    2|           1|           2|
    |xor_ln340_4_fu_3780_p2        |       xor|   0|  0|    2|           1|           2|
    |xor_ln340_50_fu_6721_p2       |       xor|   0|  0|    2|           1|           1|
    |xor_ln340_51_fu_6727_p2       |       xor|   0|  0|    2|           1|           2|
    |xor_ln340_52_fu_6825_p2       |       xor|   0|  0|    2|           1|           1|
    |xor_ln340_53_fu_6831_p2       |       xor|   0|  0|    2|           1|           2|
    |xor_ln340_54_fu_6448_p2       |       xor|   0|  0|    2|           1|           1|
    |xor_ln340_55_fu_6454_p2       |       xor|   0|  0|    2|           1|           2|
    |xor_ln340_56_fu_6552_p2       |       xor|   0|  0|    2|           1|           1|
    |xor_ln340_57_fu_6558_p2       |       xor|   0|  0|    2|           1|           2|
    |xor_ln340_58_fu_6929_p2       |       xor|   0|  0|    2|           1|           1|
    |xor_ln340_59_fu_6935_p2       |       xor|   0|  0|    2|           1|           2|
    |xor_ln340_5_fu_3996_p2        |       xor|   0|  0|    2|           1|           1|
    |xor_ln340_60_fu_7316_p2       |       xor|   0|  0|    2|           1|           1|
    |xor_ln340_61_fu_7322_p2       |       xor|   0|  0|    2|           1|           2|
    |xor_ln340_62_fu_7420_p2       |       xor|   0|  0|    2|           1|           1|
    |xor_ln340_63_fu_7426_p2       |       xor|   0|  0|    2|           1|           2|
    |xor_ln340_64_fu_7043_p2       |       xor|   0|  0|    2|           1|           1|
    |xor_ln340_65_fu_7049_p2       |       xor|   0|  0|    2|           1|           2|
    |xor_ln340_66_fu_7147_p2       |       xor|   0|  0|    2|           1|           1|
    |xor_ln340_67_fu_7153_p2       |       xor|   0|  0|    2|           1|           2|
    |xor_ln340_68_fu_7524_p2       |       xor|   0|  0|    2|           1|           1|
    |xor_ln340_69_fu_7530_p2       |       xor|   0|  0|    2|           1|           2|
    |xor_ln340_6_fu_4000_p2        |       xor|   0|  0|    2|           1|           2|
    |xor_ln340_70_fu_7867_p2       |       xor|   0|  0|    2|           1|           1|
    |xor_ln340_71_fu_7873_p2       |       xor|   0|  0|    2|           1|           2|
    |xor_ln340_72_fu_7971_p2       |       xor|   0|  0|    2|           1|           1|
    |xor_ln340_73_fu_7977_p2       |       xor|   0|  0|    2|           1|           2|
    |xor_ln340_74_fu_7638_p2       |       xor|   0|  0|    2|           1|           1|
    |xor_ln340_75_fu_7644_p2       |       xor|   0|  0|    2|           1|           2|
    |xor_ln340_76_fu_7742_p2       |       xor|   0|  0|    2|           1|           1|
    |xor_ln340_77_fu_7748_p2       |       xor|   0|  0|    2|           1|           2|
    |xor_ln340_78_fu_8075_p2       |       xor|   0|  0|    2|           1|           1|
    |xor_ln340_79_fu_8081_p2       |       xor|   0|  0|    2|           1|           2|
    |xor_ln340_7_fu_4340_p2        |       xor|   0|  0|    2|           1|           1|
    |xor_ln340_80_fu_8412_p2       |       xor|   0|  0|    2|           1|           1|
    |xor_ln340_81_fu_8418_p2       |       xor|   0|  0|    2|           1|           2|
    |xor_ln340_82_fu_8516_p2       |       xor|   0|  0|    2|           1|           1|
    |xor_ln340_83_fu_8522_p2       |       xor|   0|  0|    2|           1|           2|
    |xor_ln340_84_fu_8189_p2       |       xor|   0|  0|    2|           1|           1|
    |xor_ln340_85_fu_8195_p2       |       xor|   0|  0|    2|           1|           2|
    |xor_ln340_86_fu_8293_p2       |       xor|   0|  0|    2|           1|           1|
    |xor_ln340_87_fu_8299_p2       |       xor|   0|  0|    2|           1|           2|
    |xor_ln340_88_fu_8620_p2       |       xor|   0|  0|    2|           1|           1|
    |xor_ln340_89_fu_8626_p2       |       xor|   0|  0|    2|           1|           2|
    |xor_ln340_8_fu_4346_p2        |       xor|   0|  0|    2|           1|           2|
    |xor_ln340_90_fu_8957_p2       |       xor|   0|  0|    2|           1|           1|
    |xor_ln340_91_fu_8963_p2       |       xor|   0|  0|    2|           1|           2|
    |xor_ln340_92_fu_9061_p2       |       xor|   0|  0|    2|           1|           1|
    |xor_ln340_93_fu_9067_p2       |       xor|   0|  0|    2|           1|           2|
    |xor_ln340_94_fu_8734_p2       |       xor|   0|  0|    2|           1|           1|
    |xor_ln340_95_fu_8740_p2       |       xor|   0|  0|    2|           1|           2|
    |xor_ln340_96_fu_8838_p2       |       xor|   0|  0|    2|           1|           1|
    |xor_ln340_97_fu_8844_p2       |       xor|   0|  0|    2|           1|           2|
    |xor_ln340_98_fu_9165_p2       |       xor|   0|  0|    2|           1|           1|
    |xor_ln340_99_fu_9171_p2       |       xor|   0|  0|    2|           1|           2|
    |xor_ln340_9_fu_4445_p2        |       xor|   0|  0|    2|           1|           1|
    |xor_ln340_fu_2860_p2          |       xor|   0|  0|    2|           1|           2|
    |xor_ln571_fu_2280_p2          |       xor|   0|  0|    2|           1|           2|
    |xor_ln582_fu_2507_p2          |       xor|   0|  0|    2|           1|           2|
    |xor_ln585_fu_2657_p2          |       xor|   0|  0|    2|           1|           2|
    |xor_ln621_1_fu_2682_p2        |       xor|   0|  0|    2|           1|           2|
    |xor_ln621_fu_2769_p2          |       xor|   0|  0|    2|           1|           2|
    |xor_ln658_1_fu_2268_p2        |       xor|   0|  0|    2|           1|           2|
    |xor_ln658_fu_2823_p2          |       xor|   0|  0|    2|           1|           2|
    |xor_ln659_fu_2844_p2          |       xor|   0|  0|    2|           2|           1|
    |xor_ln785_10_fu_4639_p2       |       xor|   0|  0|    2|           1|           2|
    |xor_ln785_11_fu_4743_p2       |       xor|   0|  0|    2|           1|           2|
    |xor_ln785_12_fu_5120_p2       |       xor|   0|  0|    2|           1|           2|
    |xor_ln785_13_fu_9727_p2       |       xor|   0|  0|    2|           1|           2|
    |xor_ln785_14_fu_5507_p2       |       xor|   0|  0|    2|           1|           2|
    |xor_ln785_15_fu_5611_p2       |       xor|   0|  0|    2|           1|           2|
    |xor_ln785_16_fu_9954_p2       |       xor|   0|  0|    2|           1|           2|
    |xor_ln785_17_fu_10074_p2      |       xor|   0|  0|    2|           1|           2|
    |xor_ln785_18_fu_5234_p2       |       xor|   0|  0|    2|           1|           2|
    |xor_ln785_19_fu_5338_p2       |       xor|   0|  0|    2|           1|           2|
    |xor_ln785_1_fu_3756_p2        |       xor|   0|  0|    2|           1|           2|
    |xor_ln785_20_fu_5715_p2       |       xor|   0|  0|    2|           1|           2|
    |xor_ln785_21_fu_6102_p2       |       xor|   0|  0|    2|           1|           2|
    |xor_ln785_22_fu_6206_p2       |       xor|   0|  0|    2|           1|           2|
    |xor_ln785_23_fu_5829_p2       |       xor|   0|  0|    2|           1|           2|
    |xor_ln785_24_fu_5933_p2       |       xor|   0|  0|    2|           1|           2|
    |xor_ln785_25_fu_6310_p2       |       xor|   0|  0|    2|           1|           2|
    |xor_ln785_26_fu_6697_p2       |       xor|   0|  0|    2|           1|           2|
    |xor_ln785_27_fu_6801_p2       |       xor|   0|  0|    2|           1|           2|
    |xor_ln785_28_fu_6424_p2       |       xor|   0|  0|    2|           1|           2|
    |xor_ln785_29_fu_6528_p2       |       xor|   0|  0|    2|           1|           2|
    |xor_ln785_2_fu_3976_p2        |       xor|   0|  0|    2|           1|           2|
    |xor_ln785_30_fu_6905_p2       |       xor|   0|  0|    2|           1|           2|
    |xor_ln785_31_fu_7292_p2       |       xor|   0|  0|    2|           1|           2|
    |xor_ln785_32_fu_7396_p2       |       xor|   0|  0|    2|           1|           2|
    |xor_ln785_33_fu_7019_p2       |       xor|   0|  0|    2|           1|           2|
    |xor_ln785_34_fu_7123_p2       |       xor|   0|  0|    2|           1|           2|
    |xor_ln785_35_fu_7500_p2       |       xor|   0|  0|    2|           1|           2|
    |xor_ln785_36_fu_7843_p2       |       xor|   0|  0|    2|           1|           2|
    |xor_ln785_37_fu_7947_p2       |       xor|   0|  0|    2|           1|           2|
    |xor_ln785_38_fu_7614_p2       |       xor|   0|  0|    2|           1|           2|
    |xor_ln785_39_fu_7718_p2       |       xor|   0|  0|    2|           1|           2|
    |xor_ln785_3_fu_4316_p2        |       xor|   0|  0|    2|           1|           2|
    |xor_ln785_40_fu_8051_p2       |       xor|   0|  0|    2|           1|           2|
    |xor_ln785_41_fu_8388_p2       |       xor|   0|  0|    2|           1|           2|
    |xor_ln785_42_fu_8492_p2       |       xor|   0|  0|    2|           1|           2|
    |xor_ln785_43_fu_8165_p2       |       xor|   0|  0|    2|           1|           2|
    |xor_ln785_44_fu_8269_p2       |       xor|   0|  0|    2|           1|           2|
    |xor_ln785_45_fu_8596_p2       |       xor|   0|  0|    2|           1|           2|
    |xor_ln785_46_fu_8933_p2       |       xor|   0|  0|    2|           1|           2|
    |xor_ln785_47_fu_9037_p2       |       xor|   0|  0|    2|           1|           2|
    |xor_ln785_48_fu_8710_p2       |       xor|   0|  0|    2|           1|           2|
    |xor_ln785_49_fu_8814_p2       |       xor|   0|  0|    2|           1|           2|
    |xor_ln785_4_fu_4421_p2        |       xor|   0|  0|    2|           1|           2|
    |xor_ln785_50_fu_9141_p2       |       xor|   0|  0|    2|           1|           2|
    |xor_ln785_51_fu_9311_p2       |       xor|   0|  0|    2|           1|           2|
    |xor_ln785_52_fu_9415_p2       |       xor|   0|  0|    2|           1|           2|
    |xor_ln785_53_fu_9239_p2       |       xor|   0|  0|    2|           1|           2|
    |xor_ln785_54_fu_9513_p2       |       xor|   0|  0|    2|           1|           2|
    |xor_ln785_55_fu_9579_p2       |       xor|   0|  0|    2|           1|           2|
    |xor_ln785_56_fu_9645_p2       |       xor|   0|  0|    2|           1|           2|
    |xor_ln785_5_fu_4044_p2        |       xor|   0|  0|    2|           1|           2|
    |xor_ln785_6_fu_4140_p2        |       xor|   0|  0|    2|           1|           2|
    |xor_ln785_7_fu_4525_p2        |       xor|   0|  0|    2|           1|           2|
    |xor_ln785_8_fu_4912_p2        |       xor|   0|  0|    2|           1|           2|
    |xor_ln785_9_fu_5016_p2        |       xor|   0|  0|    2|           1|           2|
    |xor_ln785_fu_3698_p2          |       xor|   0|  0|    2|           1|           2|
    |xor_ln786_10_fu_4651_p2       |       xor|   0|  0|    2|           1|           2|
    |xor_ln786_11_fu_4755_p2       |       xor|   0|  0|    2|           1|           2|
    |xor_ln786_12_fu_5132_p2       |       xor|   0|  0|    2|           1|           2|
    |xor_ln786_13_fu_9739_p2       |       xor|   0|  0|    2|           1|           2|
    |xor_ln786_14_fu_5519_p2       |       xor|   0|  0|    2|           1|           2|
    |xor_ln786_15_fu_5623_p2       |       xor|   0|  0|    2|           1|           2|
    |xor_ln786_16_fu_9965_p2       |       xor|   0|  0|    2|           1|           2|
    |xor_ln786_17_fu_5246_p2       |       xor|   0|  0|    2|           1|           2|
    |xor_ln786_18_fu_5350_p2       |       xor|   0|  0|    2|           1|           2|
    |xor_ln786_19_fu_5727_p2       |       xor|   0|  0|    2|           1|           2|
    |xor_ln786_1_fu_3766_p2        |       xor|   0|  0|    2|           1|           2|
    |xor_ln786_20_fu_6114_p2       |       xor|   0|  0|    2|           1|           2|
    |xor_ln786_21_fu_6218_p2       |       xor|   0|  0|    2|           1|           2|
    |xor_ln786_22_fu_5841_p2       |       xor|   0|  0|    2|           1|           2|
    |xor_ln786_23_fu_5945_p2       |       xor|   0|  0|    2|           1|           2|
    |xor_ln786_24_fu_6322_p2       |       xor|   0|  0|    2|           1|           2|
    |xor_ln786_25_fu_6709_p2       |       xor|   0|  0|    2|           1|           2|
    |xor_ln786_26_fu_6813_p2       |       xor|   0|  0|    2|           1|           2|
    |xor_ln786_27_fu_6436_p2       |       xor|   0|  0|    2|           1|           2|
    |xor_ln786_28_fu_6540_p2       |       xor|   0|  0|    2|           1|           2|
    |xor_ln786_29_fu_6917_p2       |       xor|   0|  0|    2|           1|           2|
    |xor_ln786_2_fu_3986_p2        |       xor|   0|  0|    2|           1|           2|
    |xor_ln786_30_fu_7304_p2       |       xor|   0|  0|    2|           1|           2|
    |xor_ln786_31_fu_7408_p2       |       xor|   0|  0|    2|           1|           2|
    |xor_ln786_32_fu_7031_p2       |       xor|   0|  0|    2|           1|           2|
    |xor_ln786_33_fu_7135_p2       |       xor|   0|  0|    2|           1|           2|
    |xor_ln786_34_fu_7512_p2       |       xor|   0|  0|    2|           1|           2|
    |xor_ln786_35_fu_7855_p2       |       xor|   0|  0|    2|           1|           2|
    |xor_ln786_36_fu_7959_p2       |       xor|   0|  0|    2|           1|           2|
    |xor_ln786_37_fu_7626_p2       |       xor|   0|  0|    2|           1|           2|
    |xor_ln786_38_fu_7730_p2       |       xor|   0|  0|    2|           1|           2|
    |xor_ln786_39_fu_8063_p2       |       xor|   0|  0|    2|           1|           2|
    |xor_ln786_3_fu_4328_p2        |       xor|   0|  0|    2|           1|           2|
    |xor_ln786_40_fu_8400_p2       |       xor|   0|  0|    2|           1|           2|
    |xor_ln786_41_fu_8504_p2       |       xor|   0|  0|    2|           1|           2|
    |xor_ln786_42_fu_8177_p2       |       xor|   0|  0|    2|           1|           2|
    |xor_ln786_43_fu_8281_p2       |       xor|   0|  0|    2|           1|           2|
    |xor_ln786_44_fu_8608_p2       |       xor|   0|  0|    2|           1|           2|
    |xor_ln786_45_fu_8945_p2       |       xor|   0|  0|    2|           1|           2|
    |xor_ln786_46_fu_9049_p2       |       xor|   0|  0|    2|           1|           2|
    |xor_ln786_47_fu_8722_p2       |       xor|   0|  0|    2|           1|           2|
    |xor_ln786_48_fu_8826_p2       |       xor|   0|  0|    2|           1|           2|
    |xor_ln786_49_fu_9153_p2       |       xor|   0|  0|    2|           1|           2|
    |xor_ln786_4_fu_4433_p2        |       xor|   0|  0|    2|           1|           2|
    |xor_ln786_50_fu_9323_p2       |       xor|   0|  0|    2|           1|           2|
    |xor_ln786_51_fu_9427_p2       |       xor|   0|  0|    2|           1|           2|
    |xor_ln786_5_fu_4054_p2        |       xor|   0|  0|    2|           1|           2|
    |xor_ln786_6_fu_4152_p2        |       xor|   0|  0|    2|           1|           2|
    |xor_ln786_7_fu_4537_p2        |       xor|   0|  0|    2|           1|           2|
    |xor_ln786_8_fu_4924_p2        |       xor|   0|  0|    2|           1|           2|
    |xor_ln786_9_fu_5028_p2        |       xor|   0|  0|    2|           1|           2|
    |xor_ln786_fu_3708_p2          |       xor|   0|  0|    2|           1|           2|
    |xor_ln949_fu_10245_p2         |       xor|   0|  0|    2|           1|           2|
    +------------------------------+----------+----+---+-----+------------+------------+
    |Total                         |          |   0|  0|16575|        7156|       13582|
    +------------------------------+----------+----+---+-----+------------+------------+

    * Multiplexer: 
    +-------------------------------+-----+-----------+-----+-----------+
    |              Name             | LUT | Input Size| Bits| Total Bits|
    +-------------------------------+-----+-----------+-----+-----------+
    |FIR_COEFFS_V_address0          |   65|         14|    9|        126|
    |FIR_COEFFS_V_address1          |   65|         14|    9|        126|
    |FIR_COEFFS_V_address2          |   65|         14|    9|        126|
    |FIR_COEFFS_V_address3          |   65|         14|    9|        126|
    |FIR_COEFFS_V_address4          |   65|         14|    9|        126|
    |acc_V_3_reg_1691               |    9|          2|   40|         80|
    |ap_NS_fsm                      |  159|         36|    1|         36|
    |ap_enable_reg_pp1_iter5        |    9|          2|    1|          2|
    |ap_enable_reg_pp2_iter3        |    9|          2|    1|          2|
    |ap_phi_mux_b_phi_fu_1683_p4    |    9|          2|    3|          6|
    |ap_phi_mux_k_1_phi_fu_1671_p4  |    9|          2|    7|         14|
    |b_reg_1679                     |    9|          2|    3|          6|
    |grp_fu_1703_p0                 |   65|         14|   18|        252|
    |grp_fu_1703_p1                 |   65|         14|   16|        224|
    |grp_fu_1704_p0                 |   65|         15|   18|        270|
    |grp_fu_1704_p1                 |   65|         15|   16|        240|
    |grp_fu_1705_p0                 |   65|         15|   18|        270|
    |grp_fu_1705_p1                 |   65|         15|   16|        240|
    |grp_fu_1706_p0                 |   65|         15|   26|        390|
    |grp_fu_1706_p1                 |   65|         15|   24|        360|
    |grp_fu_1707_p0                 |   65|         14|   18|        252|
    |grp_fu_1707_p1                 |   65|         14|   16|        224|
    |hist_V_0_address0              |   53|         10|    4|         40|
    |hist_V_0_address1              |   42|          8|    4|         32|
    |hist_V_0_d0                    |   14|          3|   16|         48|
    |hist_V_1_address0              |   59|         11|    4|         44|
    |hist_V_1_address1              |   37|          7|    4|         28|
    |hist_V_1_d0                    |   14|          3|   16|         48|
    |hist_V_2_address0              |   59|         11|    4|         44|
    |hist_V_2_address1              |   37|          7|    4|         28|
    |hist_V_2_d0                    |   14|          3|   16|         48|
    |hist_V_3_address0              |   59|         11|    4|         44|
    |hist_V_3_address1              |   37|          7|    4|         28|
    |hist_V_3_d0                    |   14|          3|   16|         48|
    |hist_V_4_address0              |   59|         11|    4|         44|
    |hist_V_4_address1              |   37|          7|    4|         28|
    |hist_V_4_d0                    |   14|          3|   16|         48|
    |k_1_reg_1667                   |    9|          2|    7|         14|
    |k_reg_1623                     |    9|          2|    7|         14|
    |phi_mul_reg_1634               |    9|          2|   14|         28|
    |phi_urem_reg_1645              |    9|          2|    7|         14|
    |reg_1656                       |   14|          3|   47|        141|
    +-------------------------------+-----+-----------+-----+-----------+
    |Total                          | 1787|        380|  489|       4309|
    +-------------------------------+-----+-----------+-----+-----------+

    * Register: 
    +-------------------------------------+----+----+-----+-----------+
    |                 Name                | FF | LUT| Bits| Const Bits|
    +-------------------------------------+----+----+-----+-----------+
    |F2_reg_10864                         |  12|   0|   12|          0|
    |Range1_all_ones_3_reg_10916          |   1|   0|    1|          0|
    |Range2_V_1_reg_10956                 |  54|   0|   54|          0|
    |a_V_reg_12438                        |  23|   0|   23|          0|
    |acc_V_3_reg_1691                     |  40|   0|   40|          0|
    |acc_V_4_reg_12508                    |  40|   0|   40|          0|
    |add_ln1118_reg_11596                 |   9|   0|    9|          0|
    |add_ln204_reg_10796                  |  32|   0|   32|          0|
    |add_ln211_reg_10809                  |   7|   0|    7|          0|
    |add_ln212_reg_10814                  |   6|   0|    6|          0|
    |add_ln220_reg_12301                  |   3|   0|    3|          0|
    |and_ln581_reg_10892                  |   1|   0|    1|          0|
    |ap_CS_fsm                            |  35|   0|   35|          0|
    |ap_enable_reg_pp1_iter0              |   1|   0|    1|          0|
    |ap_enable_reg_pp1_iter1              |   1|   0|    1|          0|
    |ap_enable_reg_pp1_iter2              |   1|   0|    1|          0|
    |ap_enable_reg_pp1_iter3              |   1|   0|    1|          0|
    |ap_enable_reg_pp1_iter4              |   1|   0|    1|          0|
    |ap_enable_reg_pp1_iter5              |   1|   0|    1|          0|
    |ap_enable_reg_pp2_iter0              |   1|   0|    1|          0|
    |ap_enable_reg_pp2_iter1              |   1|   0|    1|          0|
    |ap_enable_reg_pp2_iter2              |   1|   0|    1|          0|
    |ap_enable_reg_pp2_iter3              |   1|   0|    1|          0|
    |b_reg_1679                           |   3|   0|    3|          0|
    |deleted_ones_reg_10994               |   1|   0|    1|          0|
    |hist_V_0_load_1_reg_11036            |  16|   0|   16|          0|
    |hist_V_0_load_2_reg_11067            |  16|   0|   16|          0|
    |hist_V_0_load_3_reg_11092            |  16|   0|   16|          0|
    |hist_V_0_load_4_reg_11117            |  16|   0|   16|          0|
    |hist_V_0_load_5_reg_11142            |  16|   0|   16|          0|
    |hist_V_0_load_6_reg_11167            |  16|   0|   16|          0|
    |hist_V_0_load_7_reg_11192            |  16|   0|   16|          0|
    |hist_V_0_load_8_reg_11217            |  16|   0|   16|          0|
    |hist_V_0_load_9_reg_11242            |  16|   0|   16|          0|
    |hist_V_0_load_reg_11011              |  16|   0|   16|          0|
    |hist_V_1_load_10_reg_11247           |  16|   0|   16|          0|
    |hist_V_1_load_1_reg_11016            |  16|   0|   16|          0|
    |hist_V_1_load_2_reg_11041            |  16|   0|   16|          0|
    |hist_V_1_load_3_reg_11072            |  16|   0|   16|          0|
    |hist_V_1_load_4_reg_11097            |  16|   0|   16|          0|
    |hist_V_1_load_5_reg_11122            |  16|   0|   16|          0|
    |hist_V_1_load_6_reg_11147            |  16|   0|   16|          0|
    |hist_V_1_load_7_reg_11172            |  16|   0|   16|          0|
    |hist_V_1_load_8_reg_11197            |  16|   0|   16|          0|
    |hist_V_1_load_9_reg_11222            |  16|   0|   16|          0|
    |hist_V_1_load_reg_10962              |  16|   0|   16|          0|
    |hist_V_2_load_10_reg_11252           |  16|   0|   16|          0|
    |hist_V_2_load_1_reg_11021            |  16|   0|   16|          0|
    |hist_V_2_load_2_reg_11046            |  16|   0|   16|          0|
    |hist_V_2_load_3_reg_11077            |  16|   0|   16|          0|
    |hist_V_2_load_4_reg_11102            |  16|   0|   16|          0|
    |hist_V_2_load_5_reg_11127            |  16|   0|   16|          0|
    |hist_V_2_load_6_reg_11152            |  16|   0|   16|          0|
    |hist_V_2_load_7_reg_11177            |  16|   0|   16|          0|
    |hist_V_2_load_8_reg_11202            |  16|   0|   16|          0|
    |hist_V_2_load_9_reg_11227            |  16|   0|   16|          0|
    |hist_V_2_load_reg_10967              |  16|   0|   16|          0|
    |hist_V_3_load_10_reg_11257           |  16|   0|   16|          0|
    |hist_V_3_load_1_reg_11026            |  16|   0|   16|          0|
    |hist_V_3_load_2_reg_11051            |  16|   0|   16|          0|
    |hist_V_3_load_3_reg_11082            |  16|   0|   16|          0|
    |hist_V_3_load_4_reg_11107            |  16|   0|   16|          0|
    |hist_V_3_load_5_reg_11132            |  16|   0|   16|          0|
    |hist_V_3_load_6_reg_11157            |  16|   0|   16|          0|
    |hist_V_3_load_7_reg_11182            |  16|   0|   16|          0|
    |hist_V_3_load_8_reg_11207            |  16|   0|   16|          0|
    |hist_V_3_load_9_reg_11232            |  16|   0|   16|          0|
    |hist_V_3_load_reg_10972              |  16|   0|   16|          0|
    |hist_V_4_load_10_reg_11262           |  16|   0|   16|          0|
    |hist_V_4_load_1_reg_11031            |  16|   0|   16|          0|
    |hist_V_4_load_2_reg_11056            |  16|   0|   16|          0|
    |hist_V_4_load_3_reg_11087            |  16|   0|   16|          0|
    |hist_V_4_load_4_reg_11112            |  16|   0|   16|          0|
    |hist_V_4_load_5_reg_11137            |  16|   0|   16|          0|
    |hist_V_4_load_6_reg_11162            |  16|   0|   16|          0|
    |hist_V_4_load_7_reg_11187            |  16|   0|   16|          0|
    |hist_V_4_load_8_reg_11212            |  16|   0|   16|          0|
    |hist_V_4_load_9_reg_11237            |  16|   0|   16|          0|
    |hist_V_4_load_reg_10977              |  16|   0|   16|          0|
    |icmp_ln1497_reg_12449                |   1|   0|    1|          0|
    |icmp_ln1497_reg_12449_pp2_iter3_reg  |   1|   0|    1|          0|
    |icmp_ln211_reg_10805                 |   1|   0|    1|          0|
    |icmp_ln220_reg_11592                 |   1|   0|    1|          0|
    |icmp_ln571_reg_10454                 |   1|   0|    1|          0|
    |icmp_ln581_1_reg_10938               |   1|   0|    1|          0|
    |icmp_ln582_reg_10876                 |   1|   0|    1|          0|
    |icmp_ln585_reg_10928                 |   1|   0|    1|          0|
    |icmp_ln603_reg_10887                 |   1|   0|    1|          0|
    |icmp_ln611_reg_10898                 |   1|   0|    1|          0|
    |icmp_ln621_reg_10904                 |   1|   0|    1|          0|
    |icmp_ln768_1_reg_12492               |   1|   0|    1|          0|
    |icmp_ln786_1_reg_12497               |   1|   0|    1|          0|
    |icmp_ln935_reg_12585                 |   1|   0|    1|          0|
    |icmp_ln954_reg_12575                 |   1|   0|    1|          0|
    |ireg_reg_10441                       |  64|   0|   64|          0|
    |k_1_reg_1667                         |   7|   0|    7|          0|
    |k_reg_1623                           |   7|   0|    7|          0|
    |lsb_index_reg_12547                  |  32|   0|   32|          0|
    |m_4_reg_12590                        |  40|   0|   40|          0|
    |man_V_reg_10858                      |  54|   0|   54|          0|
    |neg_src_1_reg_10999                  |   1|   0|    1|          0|
    |overflow_1_reg_12420                 |   1|   0|    1|          0|
    |overflow_reg_11005                   |   1|   0|    1|          0|
    |p_Result_13_reg_10447                |   1|   0|    1|          0|
    |p_Result_15_reg_10989                |   1|   0|    1|          0|
    |p_Result_19_reg_12474                |   1|   0|    1|          0|
    |p_Result_20_reg_12486                |   1|   0|    1|          0|
    |p_Result_21_reg_12502                |   1|   0|    1|          0|
    |p_Result_22_reg_12513                |   1|   0|    1|          0|
    |p_Result_23_reg_12529                |   1|   0|    1|          0|
    |p_Result_25_reg_12564                |   1|   0|    1|          0|
    |p_Result_5_reg_12595                 |   1|   0|    1|          0|
    |p_Val2_1_reg_10982                   |  16|   0|   16|          0|
    |p_Val2_3_reg_12414                   |  24|   0|   24|          0|
    |p_Val2_6_reg_12480                   |  24|   0|   24|          0|
    |phi_mul_reg_1634                     |  14|   0|   14|          0|
    |phi_urem_reg_1645                    |   7|   0|    7|          0|
    |pos2_reg_10943                       |  12|   0|   12|          0|
    |reg_1656                             |  47|   0|   47|          0|
    |reg_1756                             |  34|   0|   34|          0|
    |reg_1832                             |  34|   0|   34|          0|
    |reg_1838                             |  34|   0|   34|          0|
    |reg_1858                             |  34|   0|   34|          0|
    |reg_2152                             |  18|   0|   18|          0|
    |reg_2156                             |  18|   0|   18|          0|
    |reg_2160                             |  18|   0|   18|          0|
    |reg_2164                             |  18|   0|   18|          0|
    |reg_2168                             |  18|   0|   18|          0|
    |ret_V_3_reg_12454                    |  24|   0|   24|          0|
    |ret_V_reg_12459                      |  47|   0|   47|          0|
    |select_ln340_100_reg_12348           |  40|   0|   40|          0|
    |select_ln340_101_reg_12366           |  40|   0|   40|          0|
    |select_ln340_102_reg_12372           |  40|   0|   40|          0|
    |select_ln340_103_reg_12354           |  40|   0|   40|          0|
    |select_ln340_104_reg_12360           |  40|   0|   40|          0|
    |select_ln340_105_reg_12378           |  40|   0|   40|          0|
    |select_ln340_106_reg_12390           |  40|   0|   40|          0|
    |select_ln340_107_reg_12396           |  40|   0|   40|          0|
    |select_ln340_10_reg_11996            |  40|   0|   40|          0|
    |select_ln340_12_reg_12002            |  40|   0|   40|          0|
    |select_ln340_14_reg_11959            |  40|   0|   40|          0|
    |select_ln340_16_reg_11965            |  40|   0|   40|          0|
    |select_ln340_18_reg_12008            |  40|   0|   40|          0|
    |select_ln340_20_reg_12051            |  40|   0|   40|          0|
    |select_ln340_22_reg_12057            |  40|   0|   40|          0|
    |select_ln340_24_reg_12014            |  40|   0|   40|          0|
    |select_ln340_64_reg_12384            |  40|   0|   40|          0|
    |select_ln340_65_reg_12402            |  40|   0|   40|          0|
    |select_ln340_66_reg_12408            |  40|   0|   40|          0|
    |select_ln340_68_reg_12020            |  40|   0|   40|          0|
    |select_ln340_6_reg_11870             |  40|   0|   40|          0|
    |select_ln340_70_reg_12063            |  40|   0|   40|          0|
    |select_ln340_71_reg_12106            |  40|   0|   40|          0|
    |select_ln340_72_reg_12112            |  40|   0|   40|          0|
    |select_ln340_73_reg_12069            |  40|   0|   40|          0|
    |select_ln340_74_reg_12075            |  40|   0|   40|          0|
    |select_ln340_75_reg_12118            |  40|   0|   40|          0|
    |select_ln340_76_reg_12161            |  40|   0|   40|          0|
    |select_ln340_77_reg_12167            |  40|   0|   40|          0|
    |select_ln340_78_reg_12124            |  40|   0|   40|          0|
    |select_ln340_79_reg_12130            |  40|   0|   40|          0|
    |select_ln340_80_reg_12173            |  40|   0|   40|          0|
    |select_ln340_81_reg_12216            |  40|   0|   40|          0|
    |select_ln340_82_reg_12222            |  40|   0|   40|          0|
    |select_ln340_83_reg_12179            |  40|   0|   40|          0|
    |select_ln340_84_reg_12185            |  40|   0|   40|          0|
    |select_ln340_85_reg_12228            |  40|   0|   40|          0|
    |select_ln340_86_reg_12271            |  40|   0|   40|          0|
    |select_ln340_87_reg_12277            |  40|   0|   40|          0|
    |select_ln340_88_reg_12234            |  40|   0|   40|          0|
    |select_ln340_89_reg_12240            |  40|   0|   40|          0|
    |select_ln340_8_reg_11953             |  40|   0|   40|          0|
    |select_ln340_90_reg_12283            |  40|   0|   40|          0|
    |select_ln340_91_reg_12306            |  40|   0|   40|          0|
    |select_ln340_92_reg_12312            |  40|   0|   40|          0|
    |select_ln340_93_reg_12289            |  40|   0|   40|          0|
    |select_ln340_94_reg_12295            |  40|   0|   40|          0|
    |select_ln340_95_reg_12318            |  40|   0|   40|          0|
    |select_ln340_96_reg_12336            |  40|   0|   40|          0|
    |select_ln340_97_reg_12342            |  40|   0|   40|          0|
    |select_ln340_98_reg_12324            |  40|   0|   40|          0|
    |select_ln340_99_reg_12330            |  40|   0|   40|          0|
    |select_ln571_reg_11061               |  16|   0|   16|          0|
    |select_ln585_reg_10933               |  16|   0|   16|          0|
    |select_ln588_reg_10786               |  16|   0|   16|          0|
    |select_ln954_reg_12580               |   1|   0|    1|          0|
    |sext_ln1116_10_reg_11317             |  34|   0|   34|          0|
    |sext_ln1116_11_reg_11322             |  34|   0|   34|          0|
    |sext_ln1116_12_reg_11327             |  34|   0|   34|          0|
    |sext_ln1116_13_reg_11332             |  34|   0|   34|          0|
    |sext_ln1116_14_reg_11337             |  34|   0|   34|          0|
    |sext_ln1116_15_reg_11342             |  34|   0|   34|          0|
    |sext_ln1116_16_reg_11347             |  34|   0|   34|          0|
    |sext_ln1116_17_reg_11352             |  34|   0|   34|          0|
    |sext_ln1116_18_reg_11357             |  34|   0|   34|          0|
    |sext_ln1116_19_reg_11362             |  34|   0|   34|          0|
    |sext_ln1116_1_reg_11272              |  34|   0|   34|          0|
    |sext_ln1116_20_reg_11367             |  34|   0|   34|          0|
    |sext_ln1116_21_reg_11372             |  34|   0|   34|          0|
    |sext_ln1116_22_reg_11377             |  34|   0|   34|          0|
    |sext_ln1116_23_reg_11382             |  34|   0|   34|          0|
    |sext_ln1116_24_reg_11387             |  34|   0|   34|          0|
    |sext_ln1116_25_reg_11392             |  34|   0|   34|          0|
    |sext_ln1116_26_reg_11397             |  34|   0|   34|          0|
    |sext_ln1116_27_reg_11402             |  34|   0|   34|          0|
    |sext_ln1116_28_reg_11407             |  34|   0|   34|          0|
    |sext_ln1116_29_reg_11412             |  34|   0|   34|          0|
    |sext_ln1116_2_reg_11277              |  34|   0|   34|          0|
    |sext_ln1116_30_reg_11417             |  34|   0|   34|          0|
    |sext_ln1116_31_reg_11422             |  34|   0|   34|          0|
    |sext_ln1116_32_reg_11427             |  34|   0|   34|          0|
    |sext_ln1116_33_reg_11432             |  34|   0|   34|          0|
    |sext_ln1116_34_reg_11437             |  34|   0|   34|          0|
    |sext_ln1116_35_reg_11442             |  34|   0|   34|          0|
    |sext_ln1116_36_reg_11447             |  34|   0|   34|          0|
    |sext_ln1116_37_reg_11452             |  34|   0|   34|          0|
    |sext_ln1116_38_reg_11457             |  34|   0|   34|          0|
    |sext_ln1116_39_reg_11462             |  34|   0|   34|          0|
    |sext_ln1116_3_reg_11282              |  34|   0|   34|          0|
    |sext_ln1116_40_reg_11467             |  34|   0|   34|          0|
    |sext_ln1116_41_reg_11472             |  34|   0|   34|          0|
    |sext_ln1116_42_reg_11477             |  34|   0|   34|          0|
    |sext_ln1116_43_reg_11482             |  34|   0|   34|          0|
    |sext_ln1116_44_reg_11487             |  34|   0|   34|          0|
    |sext_ln1116_45_reg_11492             |  34|   0|   34|          0|
    |sext_ln1116_46_reg_11497             |  34|   0|   34|          0|
    |sext_ln1116_47_reg_11502             |  34|   0|   34|          0|
    |sext_ln1116_48_reg_11507             |  34|   0|   34|          0|
    |sext_ln1116_49_reg_11512             |  34|   0|   34|          0|
    |sext_ln1116_4_reg_11287              |  34|   0|   34|          0|
    |sext_ln1116_50_reg_11517             |  34|   0|   34|          0|
    |sext_ln1116_51_reg_11522             |  34|   0|   34|          0|
    |sext_ln1116_52_reg_11527             |  34|   0|   34|          0|
    |sext_ln1116_53_reg_11532             |  34|   0|   34|          0|
    |sext_ln1116_54_reg_11537             |  34|   0|   34|          0|
    |sext_ln1116_55_reg_11542             |  34|   0|   34|          0|
    |sext_ln1116_56_reg_11547             |  34|   0|   34|          0|
    |sext_ln1116_57_reg_11552             |  34|   0|   34|          0|
    |sext_ln1116_58_reg_11557             |  34|   0|   34|          0|
    |sext_ln1116_59_reg_11562             |  34|   0|   34|          0|
    |sext_ln1116_5_reg_11292              |  34|   0|   34|          0|
    |sext_ln1116_60_reg_11567             |  34|   0|   34|          0|
    |sext_ln1116_61_reg_11572             |  34|   0|   34|          0|
    |sext_ln1116_62_reg_11577             |  34|   0|   34|          0|
    |sext_ln1116_63_reg_11582             |  34|   0|   34|          0|
    |sext_ln1116_64_reg_11587             |  34|   0|   34|          0|
    |sext_ln1116_6_reg_11297              |  34|   0|   34|          0|
    |sext_ln1116_7_reg_11302              |  34|   0|   34|          0|
    |sext_ln1116_8_reg_11307              |  34|   0|   34|          0|
    |sext_ln1116_9_reg_11312              |  34|   0|   34|          0|
    |sext_ln1116_reg_11267                |  34|   0|   34|          0|
    |sext_ln581_reg_10923                 |  32|   0|   32|          0|
    |sh_amt_reg_10870                     |  12|   0|   12|          0|
    |sub_ln944_reg_12541                  |  32|   0|   32|          0|
    |tmp_11_reg_10911                     |   1|   0|    1|          0|
    |tmp_131_reg_12444                    |   1|   0|    1|          0|
    |tmp_131_reg_12444_pp2_iter2_reg      |   1|   0|    1|          0|
    |tmp_14_reg_10828                     |   5|   0|    5|          0|
    |tmp_16_reg_12554                     |  31|   0|   31|          0|
    |tmp_19_reg_11800                     |   1|   0|    1|          0|
    |tmp_20_reg_11813                     |   1|   0|    1|          0|
    |tmp_21_reg_11820                     |   1|   0|    1|          0|
    |tmp_22_reg_11833                     |   1|   0|    1|          0|
    |tmp_23_reg_11876                     |   1|   0|    1|          0|
    |tmp_24_reg_11889                     |   1|   0|    1|          0|
    |tmp_29_reg_11896                     |   1|   0|    1|          0|
    |tmp_30_reg_11909                     |   1|   0|    1|          0|
    |tmp_6_reg_10436                      |   1|   0|    1|          0|
    |tmp_V_2_reg_12534                    |  40|   0|   40|          0|
    |tmp_V_reg_12524                      |  40|   0|   40|          0|
    |trunc_ln212_reg_10824                |   3|   0|    3|          0|
    |trunc_ln583_reg_10881                |  16|   0|   16|          0|
    |trunc_ln943_reg_12570                |   8|   0|    8|          0|
    |trunc_ln947_reg_12559                |   6|   0|    6|          0|
    |underflow_1_reg_12426                |   1|   0|    1|          0|
    |urem_ln212_reg_10819                 |   7|   0|    7|          0|
    |x_V_reg_12433                        |  24|   0|   24|          0|
    |x_V_reg_12433_pp2_iter2_reg          |  24|   0|   24|          0|
    |xor_ln571_reg_10791                  |   1|   0|    1|          0|
    |xor_ln658_1_reg_10781                |   1|   0|    1|          0|
    |y_V_0_1_reg_11760                    |  34|   0|   34|          0|
    |y_V_0_3_reg_11807                    |  40|   0|   40|          0|
    |y_V_0_4_reg_11903                    |  40|   0|   40|          0|
    |y_V_1_1_reg_11765                    |  34|   0|   34|          0|
    |y_V_1_3_reg_11827                    |  40|   0|   40|          0|
    |y_V_2_1_reg_11795                    |  34|   0|   34|          0|
    |y_V_2_3_reg_11883                    |  40|   0|   40|          0|
    |y_V_2_reg_1759                       |  34|   0|   34|          0|
    |y_V_3_1_reg_11865                    |  34|   0|   34|          0|
    |y_V_3_2_reg_11941                    |  35|   0|   35|          0|
    |y_V_4_2_reg_11947                    |  35|   0|   35|          0|
    |zext_ln635_reg_10951                 |  32|   0|   54|         22|
    |icmp_ln211_reg_10805                 |  64|  32|    1|          0|
    |icmp_ln220_reg_11592                 |  64|  32|    1|          0|
    |k_1_reg_1667                         |  64|  32|    7|          0|
    +-------------------------------------+----+----+-----+-----------+
    |Total                                |7071|  96| 6910|         22|
    +-------------------------------------+----+----+-----+-----------+



================================================================
== Interface
================================================================
* Summary: 
+--------------+-----+-----+------------+---------------+--------------+
|   RTL Ports  | Dir | Bits|  Protocol  | Source Object |    C Type    |
+--------------+-----+-----+------------+---------------+--------------+
|ap_clk        |   in|    1|  ap_ctrl_hs|  fir_multiband|  return value|
|ap_rst        |   in|    1|  ap_ctrl_hs|  fir_multiband|  return value|
|ap_start      |   in|    1|  ap_ctrl_hs|  fir_multiband|  return value|
|ap_done       |  out|    1|  ap_ctrl_hs|  fir_multiband|  return value|
|ap_idle       |  out|    1|  ap_ctrl_hs|  fir_multiband|  return value|
|ap_ready      |  out|    1|  ap_ctrl_hs|  fir_multiband|  return value|
|in_r          |   in|   32|     ap_none|           in_r|       pointer|
|out_r         |  out|   32|      ap_vld|          out_r|       pointer|
|out_r_ap_vld  |  out|    1|      ap_vld|          out_r|       pointer|
|length_r      |   in|   32|     ap_none|       length_r|        scalar|
+--------------+-----+-----+------------+---------------+--------------+

