Copyright 1986-2020 Xilinx, Inc. All Rights Reserved.
------------------------------------------------------------------------------------------------------------------------------------------------------
| Tool Version : Vivado v.2020.2 (win64) Build 3064766 Wed Nov 18 09:12:45 MST 2020
| Date         : Tue Sep 29 20:32:10 2026
| Host         : yu running 64-bit major release  (build 9200)
| Command      : report_utilization -hierarchical -file D:/pynq-multiband-audio-accel/build/hls/reports/v4_ref_limit5_impl/utilization_synth_hier.rpt
| Design       : fir_multiband
| Device       : 7z020clg400-1
| Design State : Synthesized
------------------------------------------------------------------------------------------------------------------------------------------------------

Utilization Design Information

Table of Contents
-----------------
1. Utilization by Hierarchy

1. Utilization by Hierarchy
---------------------------

+----------------------------------------------------------------------------+------------------------------------------------+------------+------------+---------+------+-------+--------+--------+------------+
|                                  Instance                                  |                     Module                     | Total LUTs | Logic LUTs | LUTRAMs | SRLs |  FFs  | RAMB36 | RAMB18 | DSP Blocks |
+----------------------------------------------------------------------------+------------------------------------------------+------------+------------+---------+------+-------+--------+--------+------------+
| fir_multiband                                                              |                                          (top) |       7153 |       6522 |     256 |  375 | 11077 |      1 |      5 |         27 |
|   (fir_multiband)                                                          |                                          (top) |        527 |        166 |       0 |  361 |  8839 |      0 |      0 |          0 |
|   FIR_COEFFS_U                                                             |                       fir_multiband_FIR_COEFFS |        136 |        136 |       0 |    0 |     0 |      0 |      5 |          0 |
|     fir_multiband_FIR_COEFFS_rom_U                                         |                   fir_multiband_FIR_COEFFS_rom |        136 |        136 |       0 |    0 |     0 |      0 |      5 |          0 |
|   facc_32ns_32ns_1ns_32_6_no_dsp_1_U17                                     | fir_multiband_facc_32ns_32ns_1ns_32_6_no_dsp_1 |        738 |        731 |       0 |    7 |   311 |      0 |      0 |          0 |
|     FAcc_u                                                                 |                                           FAcc |        738 |        731 |       0 |    7 |   311 |      0 |      0 |          0 |
|       (FAcc_u)                                                             |                                           FAcc |         18 |         18 |       0 |    0 |     0 |      0 |      0 |          0 |
|       inst                                                                 |         floating_point_v7_1_11__parameterized2 |        720 |        713 |       0 |    7 |   311 |      0 |      0 |          0 |
|         (inst)                                                             |         floating_point_v7_1_11__parameterized2 |          0 |          0 |       0 |    0 |     0 |      0 |      0 |          0 |
|         i_synth                                                            |     floating_point_v7_1_11_viv__parameterized5 |        720 |        713 |       0 |    7 |   311 |      0 |      0 |          0 |
|           (i_synth)                                                        |     floating_point_v7_1_11_viv__parameterized5 |          1 |          1 |       0 |    0 |     1 |      0 |      0 |          0 |
|           ACCUM_OP.OP                                                      |                                      flt_accum |        718 |        711 |       0 |    7 |   309 |      0 |      0 |          0 |
|             (ACCUM_OP.OP)                                                  |                                      flt_accum |          1 |          1 |       0 |    0 |     9 |      0 |      0 |          0 |
|             g_accum_split[0].g_fabric_split.i_reg                          |                         delay__parameterized59 |        166 |        166 |       0 |    0 |    66 |      0 |      0 |          0 |
|               i_pipe                                                       |         xbip_pipe_v3_0_6_viv__parameterized100 |        166 |        166 |       0 |    0 |    66 |      0 |      0 |          0 |
|             g_accum_split[0].g_last_overflow.g_is_zero.i_is_zero           |                  compare_eq_im__parameterized5 |          0 |          0 |       0 |    0 |     0 |      0 |      0 |          0 |
|               CARRY_ZERO_DET                                               |                   carry_chain__parameterized11 |          0 |          0 |       0 |    0 |     0 |      0 |      0 |          0 |
|             g_target_overflow1.i_target_is_not_overflow1                   |                     compare_eq__parameterized0 |          1 |          1 |       0 |    0 |     0 |      0 |      0 |          0 |
|               WIDE_AND                                                     |                   carry_chain__parameterized13 |          1 |          1 |       0 |    0 |     0 |      0 |      0 |          0 |
|             g_target_overflow1.i_target_overflow1                          |                     delay__parameterized39_501 |          2 |          2 |       0 |    0 |     2 |      0 |      0 |          0 |
|               i_pipe                                                       |      xbip_pipe_v3_0_6_viv__parameterized64_552 |          2 |          2 |       0 |    0 |     2 |      0 |      0 |          0 |
|             g_trunc_bits_are_zero2.i_trunc_bits_are_zero2                  |                     compare_gt__parameterized1 |          1 |          1 |       0 |    0 |     2 |      0 |      0 |          0 |
|               C_CHAIN                                                      |                   carry_chain__parameterized17 |          1 |          1 |       0 |    0 |     2 |      0 |      0 |          0 |
|                 (C_CHAIN)                                                  |                   carry_chain__parameterized17 |          0 |          0 |       0 |    0 |     1 |      0 |      0 |          0 |
|                 CHAIN_GEN[3].CARRYS_DEL.NEED_DEL.CARRYS_DEL                |                     delay__parameterized61_550 |          1 |          1 |       0 |    0 |     1 |      0 |      0 |          0 |
|                   i_pipe                                                   |      xbip_pipe_v3_0_6_viv__parameterized23_551 |          1 |          1 |       0 |    0 |     1 |      0 |      0 |          0 |
|             i_accum_is_overflow                                            |                   carry_chain__parameterized12 |          9 |          9 |       0 |    0 |     2 |      0 |      0 |          0 |
|               (i_accum_is_overflow)                                        |                   carry_chain__parameterized12 |          0 |          0 |       0 |    0 |     1 |      0 |      0 |          0 |
|               CHAIN_GEN[0].CARRYS_DEL.NEED_DEL.CARRYS_DEL                  |                         delay__parameterized61 |          9 |          9 |       0 |    0 |     1 |      0 |      0 |          0 |
|                 i_pipe                                                     |      xbip_pipe_v3_0_6_viv__parameterized23_549 |          9 |          9 |       0 |    0 |     1 |      0 |      0 |          0 |
|             i_accum_sign                                                   |                         delay__parameterized63 |         12 |         12 |       0 |    0 |     2 |      0 |      0 |          0 |
|               i_pipe                                                       |     xbip_pipe_v3_0_6_viv__parameterized104_548 |         12 |         12 |       0 |    0 |     2 |      0 |      0 |          0 |
|             i_dist_is_zero                                                 |                  compare_eq_im__parameterized6 |          1 |          1 |       0 |    0 |     0 |      0 |      0 |          0 |
|               CARRY_ZERO_DET                                               |                carry_chain__parameterized7_547 |          1 |          1 |       0 |    0 |     0 |      0 |      0 |          0 |
|             i_flt_to_fix                                                   |                           flt_accum_flt_to_fix |        296 |        296 |       0 |    0 |    70 |      0 |      0 |          0 |
|               ALIGN_SHIFT                                                  |                                shift_msb_first |        161 |        161 |       0 |    0 |    66 |      0 |      0 |          0 |
|                 MUX_LOOP[1].DEL_SHIFT                                      |                         delay__parameterized55 |        156 |        156 |       0 |    0 |    64 |      0 |      0 |          0 |
|                   i_pipe                                                   |          xbip_pipe_v3_0_6_viv__parameterized92 |        156 |        156 |       0 |    0 |    64 |      0 |      0 |          0 |
|                 MUX_LOOP[2].SKEW_DIST_DEL.DEL_DIST                         |                     delay__parameterized30_545 |          5 |          5 |       0 |    0 |     2 |      0 |      0 |          0 |
|                   i_pipe                                                   |      xbip_pipe_v3_0_6_viv__parameterized56_546 |          5 |          5 |       0 |    0 |     2 |      0 |      0 |          0 |
|               INVALID_OP_P1_REG                                            |                     delay__parameterized32_539 |          0 |          0 |       0 |    0 |     1 |      0 |      0 |          0 |
|                 i_pipe                                                     |      xbip_pipe_v3_0_6_viv__parameterized27_544 |          0 |          0 |       0 |    0 |     1 |      0 |      0 |          0 |
|               OP_STATE_P1_REG                                              |                     delay__parameterized13_540 |        122 |        122 |       0 |    0 |     2 |      0 |      0 |          0 |
|                 i_pipe                                                     |      xbip_pipe_v3_0_6_viv__parameterized25_543 |        122 |        122 |       0 |    0 |     2 |      0 |      0 |          0 |
|               OVERFLOW_P1_REG                                              |                     delay__parameterized32_541 |         14 |         14 |       0 |    0 |     1 |      0 |      0 |          0 |
|                 i_pipe                                                     |      xbip_pipe_v3_0_6_viv__parameterized27_542 |         14 |         14 |       0 |    0 |     1 |      0 |      0 |          0 |
|             i_input_is_overflow                                            |                         delay__parameterized56 |          2 |          1 |       0 |    1 |     1 |      0 |      0 |          0 |
|               i_pipe                                                       |          xbip_pipe_v3_0_6_viv__parameterized94 |          2 |          1 |       0 |    1 |     1 |      0 |      0 |          0 |
|             i_input_sign                                                   |                         delay__parameterized50 |          2 |          1 |       0 |    1 |     1 |      0 |      0 |          0 |
|               i_pipe                                                       |      xbip_pipe_v3_0_6_viv__parameterized84_538 |          2 |          1 |       0 |    1 |     1 |      0 |      0 |          0 |
|             i_last_at_recomb                                               |                     delay__parameterized50_502 |          1 |          0 |       0 |    1 |     1 |      0 |      0 |          0 |
|               i_pipe                                                       |          xbip_pipe_v3_0_6_viv__parameterized84 |          1 |          0 |       0 |    1 |     1 |      0 |      0 |          0 |
|             i_load_and_sub_delay                                           |                         delay__parameterized57 |          5 |          5 |       0 |    0 |     3 |      0 |      0 |          0 |
|               i_pipe                                                       |          xbip_pipe_v3_0_6_viv__parameterized96 |          5 |          5 |       0 |    0 |     3 |      0 |      0 |          0 |
|             i_lsb_detect_final                                             |           flt_accum_bit_encode__parameterized0 |          4 |          4 |       0 |    0 |     0 |      0 |      0 |          0 |
|               g_encode_in_out_lsb_det.g_encode_out_msb[2].i_encode_out_msb |                   carry_chain__parameterized16 |          1 |          1 |       0 |    0 |     0 |      0 |      0 |          0 |
|               g_encode_in_out_lsb_det.g_encode_out_msb[3].i_encode_out_msb |               carry_chain__parameterized16_525 |          1 |          1 |       0 |    0 |     0 |      0 |      0 |          0 |
|               g_encode_in_out_lsb_det.g_encode_out_msb[4].i_encode_out_msb |               carry_chain__parameterized16_526 |          1 |          1 |       0 |    0 |     0 |      0 |      0 |          0 |
|               g_encode_in_out_lsb_det.g_encode_out_msb[5].i_encode_out_msb |               carry_chain__parameterized16_527 |          1 |          1 |       0 |    0 |     0 |      0 |      0 |          0 |
|               g_encode_in_out_lsb_det.g_encode_out_msb[6].i_encode_out_msb |               carry_chain__parameterized16_528 |          1 |          1 |       0 |    0 |     0 |      0 |      0 |          0 |
|               g_encode_in_out_lsb_det.g_encode_out_msb[7].i_encode_out_msb |               carry_chain__parameterized16_529 |          1 |          1 |       0 |    0 |     0 |      0 |      0 |          0 |
|               g_lsb_select[0].i_lsb_select                                 |               carry_chain__parameterized14_530 |          1 |          1 |       0 |    0 |     0 |      0 |      0 |          0 |
|               g_lsb_select[1].i_lsb_select                                 |               carry_chain__parameterized14_531 |          1 |          1 |       0 |    0 |     0 |      0 |      0 |          0 |
|               g_msb_select[0].i_msb_select                                 |               carry_chain__parameterized15_532 |          0 |          0 |       0 |    0 |     0 |      0 |      0 |          0 |
|               g_msb_select[1].i_msb_select                                 |               carry_chain__parameterized15_533 |          0 |          0 |       0 |    0 |     0 |      0 |      0 |          0 |
|               g_msb_select[2].i_msb_select                                 |               carry_chain__parameterized15_534 |          0 |          0 |       0 |    0 |     0 |      0 |      0 |          0 |
|               g_msb_select[3].i_msb_select                                 |               carry_chain__parameterized15_535 |          0 |          0 |       0 |    0 |     0 |      0 |      0 |          0 |
|               g_msb_select[4].i_msb_select                                 |               carry_chain__parameterized15_536 |          0 |          0 |       0 |    0 |     0 |      0 |      0 |          0 |
|               g_msb_select[5].i_msb_select                                 |               carry_chain__parameterized15_537 |          0 |          0 |       0 |    0 |     0 |      0 |      0 |          0 |
|             i_msb_detect_final                                             |                           flt_accum_bit_encode |          7 |          7 |       0 |    0 |     0 |      0 |      0 |          0 |
|               g_lsb_select[0].i_lsb_select                                 |                   carry_chain__parameterized14 |          1 |          1 |       0 |    0 |     0 |      0 |      0 |          0 |
|               g_lsb_select[1].i_lsb_select                                 |               carry_chain__parameterized14_518 |          0 |          0 |       0 |    0 |     0 |      0 |      0 |          0 |
|               g_msb_select[0].i_msb_select                                 |                   carry_chain__parameterized15 |          1 |          1 |       0 |    0 |     0 |      0 |      0 |          0 |
|               g_msb_select[1].i_msb_select                                 |               carry_chain__parameterized15_519 |          1 |          1 |       0 |    0 |     0 |      0 |      0 |          0 |
|               g_msb_select[2].i_msb_select                                 |               carry_chain__parameterized15_520 |          3 |          3 |       0 |    0 |     0 |      0 |      0 |          0 |
|               g_msb_select[3].i_msb_select                                 |               carry_chain__parameterized15_521 |          0 |          0 |       0 |    0 |     0 |      0 |      0 |          0 |
|               g_msb_select[4].i_msb_select                                 |               carry_chain__parameterized15_522 |          1 |          1 |       0 |    0 |     0 |      0 |      0 |          0 |
|               g_msb_select[5].i_msb_select                                 |               carry_chain__parameterized15_523 |          0 |          0 |       0 |    0 |     0 |      0 |      0 |          0 |
|               i_all_zeros                                                  |               carry_chain__parameterized15_524 |          0 |          0 |       0 |    0 |     0 |      0 |      0 |          0 |
|             i_norm_dist                                                    |                     delay__parameterized16_503 |          2 |          2 |       0 |    0 |     8 |      0 |      0 |          0 |
|               i_pipe                                                       |      xbip_pipe_v3_0_6_viv__parameterized31_517 |          2 |          2 |       0 |    0 |     8 |      0 |      0 |          0 |
|             i_normalization_distance                                       |                     delay__parameterized16_504 |          0 |          0 |       0 |    0 |     8 |      0 |      0 |          0 |
|               i_pipe                                                       |      xbip_pipe_v3_0_6_viv__parameterized31_516 |          0 |          0 |       0 |    0 |     8 |      0 |      0 |          0 |
|             i_normalization_shift                                          |                shift_msb_first__parameterized0 |        118 |        118 |       0 |    0 |    27 |      0 |      0 |          0 |
|               (i_normalization_shift)                                      |                shift_msb_first__parameterized0 |         94 |         94 |       0 |    0 |     0 |      0 |      0 |          0 |
|               MUX_LOOP[2].DEL_SHIFT                                        |                     delay__parameterized66_514 |         24 |         24 |       0 |    0 |    27 |      0 |      0 |          0 |
|                 i_pipe                                                     |     xbip_pipe_v3_0_6_viv__parameterized110_515 |         24 |         24 |       0 |    0 |    27 |      0 |      0 |          0 |
|             i_normalize_ip                                                 |                         delay__parameterized66 |          0 |          0 |       0 |    0 |    65 |      0 |      0 |          0 |
|               i_pipe                                                       |         xbip_pipe_v3_0_6_viv__parameterized110 |          0 |          0 |       0 |    0 |    65 |      0 |      0 |          0 |
|             i_result                                                       |                         delay__parameterized70 |          0 |          0 |       0 |    0 |    32 |      0 |      0 |          0 |
|               i_pipe                                                       |         xbip_pipe_v3_0_6_viv__parameterized118 |          0 |          0 |       0 |    0 |    32 |      0 |      0 |          0 |
|             i_result_exp                                                   |                 flt_log_addsub__parameterized0 |          8 |          8 |       0 |    0 |     0 |      0 |      0 |          0 |
|             i_result_exp_plus1                                             |             flt_log_addsub__parameterized0_505 |          8 |          8 |       0 |    0 |     0 |      0 |      0 |          0 |
|             i_rst_at_recomb                                                |                         delay__parameterized49 |          1 |          0 |       0 |    1 |     2 |      0 |      0 |          0 |
|               i_pipe                                                       |      xbip_pipe_v3_0_6_viv__parameterized82_513 |          1 |          0 |       0 |    1 |     2 |      0 |      0 |          0 |
|             i_sign_mag                                                     |                                 flt_log_addsub |         50 |         50 |       0 |    0 |     0 |      0 |      0 |          0 |
|             i_special_case                                                 |                 special_detect__parameterized1 |         16 |         14 |       0 |    2 |     5 |      0 |      0 |          0 |
|               EXP_DET_LUT.EXP_ALL_ONE_DEL                                  |                     delay__parameterized49_509 |          8 |          7 |       0 |    1 |     2 |      0 |      0 |          0 |
|                 i_pipe                                                     |      xbip_pipe_v3_0_6_viv__parameterized82_512 |          8 |          7 |       0 |    1 |     2 |      0 |      0 |          0 |
|               EXP_DET_LUT.EXP_ALL_ZERO_DEL                                 |                     delay__parameterized49_510 |          1 |          1 |       0 |    0 |     1 |      0 |      0 |          0 |
|                 i_pipe                                                     |      xbip_pipe_v3_0_6_viv__parameterized82_511 |          1 |          1 |       0 |    0 |     1 |      0 |      0 |          0 |
|               MANT_LUTS.CHUNK_IS_ZERO_DEL                                  |                         delay__parameterized48 |          7 |          6 |       0 |    1 |     2 |      0 |      0 |          0 |
|                 i_pipe                                                     |          xbip_pipe_v3_0_6_viv__parameterized82 |          7 |          6 |       0 |    1 |     2 |      0 |      0 |          0 |
|             i_target_all_zeros                                             |                     delay__parameterized63_506 |          0 |          0 |       0 |    0 |     2 |      0 |      0 |          0 |
|               i_pipe                                                       |     xbip_pipe_v3_0_6_viv__parameterized104_508 |          0 |          0 |       0 |    0 |     2 |      0 |      0 |          0 |
|             i_valid_at_recomb                                              |                     delay__parameterized63_507 |          5 |          4 |       0 |    1 |     1 |      0 |      0 |          0 |
|               i_pipe                                                       |         xbip_pipe_v3_0_6_viv__parameterized104 |          5 |          4 |       0 |    1 |     1 |      0 |      0 |          0 |
|           i_nd_to_rdy                                                      |          xbip_pipe_v3_0_6_viv__parameterized80 |          1 |          1 |       0 |    0 |     1 |      0 |      0 |          0 |
|   fadd_32ns_32ns_32_5_full_dsp_1_U10                                       |   fir_multiband_fadd_32ns_32ns_32_5_full_dsp_1 |        587 |        587 |       0 |    0 |   175 |      0 |      0 |          2 |
|     (fadd_32ns_32ns_32_5_full_dsp_1_U10)                                   |   fir_multiband_fadd_32ns_32ns_32_5_full_dsp_1 |        362 |        362 |       0 |    0 |    64 |      0 |      0 |          0 |
|     fir_multiband_ap_fadd_3_full_dsp_32_u                                  |        fir_multiband_ap_fadd_3_full_dsp_32_435 |        225 |        225 |       0 |    0 |   111 |      0 |      0 |          2 |
|       (fir_multiband_ap_fadd_3_full_dsp_32_u)                              |        fir_multiband_ap_fadd_3_full_dsp_32_435 |          0 |          0 |       0 |    0 |     0 |      0 |      0 |          0 |
|       inst                                                                 |      floating_point_v7_1_11__parameterized0__5 |        225 |        225 |       0 |    0 |   111 |      0 |      0 |          2 |
|         (inst)                                                             |      floating_point_v7_1_11__parameterized0__5 |          0 |          0 |       0 |    0 |     0 |      0 |      0 |          0 |
|         i_synth                                                            |  floating_point_v7_1_11_viv__parameterized1__5 |        225 |        225 |       0 |    0 |   111 |      0 |      0 |          2 |
|           (i_synth)                                                        |  floating_point_v7_1_11_viv__parameterized1__5 |          0 |          0 |       0 |    0 |     0 |      0 |      0 |          0 |
|           ADDSUB_OP.ADDSUB                                                 |                                    flt_add_436 |        224 |        224 |       0 |    0 |   110 |      0 |      0 |          2 |
|             DSP.OP                                                         |                                flt_add_dsp_438 |        224 |        224 |       0 |    0 |   110 |      0 |      0 |          2 |
|               A_IP_DELAY                                                   |                     delay__parameterized22_439 |         30 |         30 |       0 |    0 |    23 |      0 |      0 |          0 |
|                 i_pipe                                                     |      xbip_pipe_v3_0_6_viv__parameterized44_500 |         30 |         30 |       0 |    0 |    23 |      0 |      0 |          0 |
|               B_IP_DELAY                                                   |                     delay__parameterized22_440 |         23 |         23 |       0 |    0 |    23 |      0 |      0 |          0 |
|                 i_pipe                                                     |      xbip_pipe_v3_0_6_viv__parameterized44_499 |         23 |         23 |       0 |    0 |    23 |      0 |      0 |          0 |
|               DSP48E1_BODY.ALIGN_ADD                                       |                      align_add_dsp48e1_sgl_441 |         51 |         51 |       0 |    0 |     1 |      0 |      0 |          1 |
|                 (DSP48E1_BODY.ALIGN_ADD)                                   |                      align_add_dsp48e1_sgl_441 |          3 |          3 |       0 |    0 |     0 |      0 |      0 |          0 |
|                 DSP2                                                       |            dsp48e1_wrapper__parameterized2_493 |         48 |         48 |       0 |    0 |     0 |      0 |      0 |          1 |
|                 ZERO_14_DET.CARRY_MUX                                      |                carry_chain__parameterized2_494 |          0 |          0 |       0 |    0 |     0 |      0 |      0 |          0 |
|                 ZERO_14_DET.ZERO_DET                                       |              compare_eq_im__parameterized0_495 |          0 |          0 |       0 |    0 |     0 |      0 |      0 |          0 |
|                   CARRY_ZERO_DET                                           |                carry_chain__parameterized1_498 |          0 |          0 |       0 |    0 |     0 |      0 |      0 |          0 |
|                 Z_14_LZD_DELAY                                             |                     delay__parameterized12_496 |          0 |          0 |       0 |    0 |     1 |      0 |      0 |          0 |
|                   i_pipe                                                   |      xbip_pipe_v3_0_6_viv__parameterized23_497 |          0 |          0 |       0 |    0 |     1 |      0 |      0 |          0 |
|               DSP48E1_BODY.EXP                                             |                             flt_add_exp_sp_442 |        102 |        102 |       0 |    0 |    60 |      0 |      0 |          0 |
|                 (DSP48E1_BODY.EXP)                                         |                             flt_add_exp_sp_442 |          9 |          9 |       0 |    0 |     0 |      0 |      0 |          0 |
|                 A_EXP_DELAY                                                |                     delay__parameterized16_450 |          0 |          0 |       0 |    0 |     8 |      0 |      0 |          0 |
|                   i_pipe                                                   |      xbip_pipe_v3_0_6_viv__parameterized31_492 |          0 |          0 |       0 |    0 |     8 |      0 |      0 |          0 |
|                 A_SIGN_DELAY                                               |                     delay__parameterized12_451 |          0 |          0 |       0 |    0 |     1 |      0 |      0 |          0 |
|                   i_pipe                                                   |      xbip_pipe_v3_0_6_viv__parameterized23_491 |          0 |          0 |       0 |    0 |     1 |      0 |      0 |          0 |
|                 BMA_EXP_DELAY                                              |                     delay__parameterized36_452 |         22 |         22 |       0 |    0 |     9 |      0 |      0 |          0 |
|                   i_pipe                                                   |      xbip_pipe_v3_0_6_viv__parameterized60_490 |         22 |         22 |       0 |    0 |     9 |      0 |      0 |          0 |
|                 B_EXP_DELAY                                                |                     delay__parameterized16_453 |          0 |          0 |       0 |    0 |     8 |      0 |      0 |          0 |
|                   i_pipe                                                   |      xbip_pipe_v3_0_6_viv__parameterized31_489 |          0 |          0 |       0 |    0 |     8 |      0 |      0 |          0 |
|                 B_SIGN_DELAY                                               |                     delay__parameterized12_454 |          1 |          1 |       0 |    0 |     1 |      0 |      0 |          0 |
|                   i_pipe                                                   |      xbip_pipe_v3_0_6_viv__parameterized23_488 |          1 |          1 |       0 |    0 |     1 |      0 |      0 |          0 |
|                 CANCELLATION_DELAY                                         |                     delay__parameterized32_455 |          0 |          0 |       0 |    0 |     1 |      0 |      0 |          0 |
|                   i_pipe                                                   |      xbip_pipe_v3_0_6_viv__parameterized27_487 |          0 |          0 |       0 |    0 |     1 |      0 |      0 |          0 |
|                 COND_DET_A                                                 |             special_detect__parameterized0_456 |          9 |          9 |       0 |    0 |     3 |      0 |      0 |          0 |
|                   EXP_DET_LUT.EXP_ALL_ONE_DEL                              |                     delay__parameterized32_481 |          2 |          2 |       0 |    0 |     1 |      0 |      0 |          0 |
|                     i_pipe                                                 |      xbip_pipe_v3_0_6_viv__parameterized27_486 |          2 |          2 |       0 |    0 |     1 |      0 |      0 |          0 |
|                   EXP_DET_LUT.EXP_ALL_ZERO_DEL                             |                     delay__parameterized32_482 |          3 |          3 |       0 |    0 |     1 |      0 |      0 |          0 |
|                     i_pipe                                                 |      xbip_pipe_v3_0_6_viv__parameterized27_485 |          3 |          3 |       0 |    0 |     1 |      0 |      0 |          0 |
|                   MANT_CARRY.MANT_ALL_ZERO_DET                             |              compare_eq_im__parameterized1_483 |          4 |          4 |       0 |    0 |     1 |      0 |      0 |          0 |
|                     CARRY_ZERO_DET                                         |                carry_chain__parameterized3_484 |          4 |          4 |       0 |    0 |     1 |      0 |      0 |          0 |
|                 COND_DET_B                                                 |             special_detect__parameterized0_457 |         15 |         15 |       0 |    0 |     3 |      0 |      0 |          0 |
|                   EXP_DET_LUT.EXP_ALL_ONE_DEL                              |                     delay__parameterized32_475 |          2 |          2 |       0 |    0 |     1 |      0 |      0 |          0 |
|                     i_pipe                                                 |      xbip_pipe_v3_0_6_viv__parameterized27_480 |          2 |          2 |       0 |    0 |     1 |      0 |      0 |          0 |
|                   EXP_DET_LUT.EXP_ALL_ZERO_DEL                             |                     delay__parameterized32_476 |          5 |          5 |       0 |    0 |     1 |      0 |      0 |          0 |
|                     i_pipe                                                 |      xbip_pipe_v3_0_6_viv__parameterized27_479 |          5 |          5 |       0 |    0 |     1 |      0 |      0 |          0 |
|                   MANT_CARRY.MANT_ALL_ZERO_DET                             |              compare_eq_im__parameterized1_477 |          8 |          8 |       0 |    0 |     1 |      0 |      0 |          0 |
|                     CARRY_ZERO_DET                                         |                carry_chain__parameterized3_478 |          8 |          8 |       0 |    0 |     1 |      0 |      0 |          0 |
|                 DET_SIGN_DELAY                                             |                     delay__parameterized39_458 |          0 |          0 |       0 |    0 |     2 |      0 |      0 |          0 |
|                   i_pipe                                                   |      xbip_pipe_v3_0_6_viv__parameterized64_474 |          0 |          0 |       0 |    0 |     2 |      0 |      0 |          0 |
|                 EXP_OFF.LRG_EXP_DELAY                                      |                     delay__parameterized36_459 |          5 |          5 |       0 |    0 |     8 |      0 |      0 |          0 |
|                   i_pipe                                                   |      xbip_pipe_v3_0_6_viv__parameterized60_473 |          5 |          5 |       0 |    0 |     8 |      0 |      0 |          0 |
|                 EXP_OFF.STRUCT_ADD                                         |                carry_chain__parameterized5_460 |          0 |          0 |       0 |    0 |     0 |      0 |      0 |          0 |
|                 INV_OP_DEL                                                 |                     delay__parameterized38_461 |          0 |          0 |       0 |    0 |     1 |      0 |      0 |          0 |
|                   i_pipe                                                   |      xbip_pipe_v3_0_6_viv__parameterized64_472 |          0 |          0 |       0 |    0 |     1 |      0 |      0 |          0 |
|                 NOT_LOW_LATENCY_NORM_DIST.NORM_EXP_DELAY                   |                     delay__parameterized41_462 |         10 |         10 |       0 |    0 |     9 |      0 |      0 |          0 |
|                   i_pipe                                                   |      xbip_pipe_v3_0_6_viv__parameterized68_471 |         10 |         10 |       0 |    0 |     9 |      0 |      0 |          0 |
|                 NUMB_CMP                                                   |                                    compare_463 |         16 |         16 |       0 |    0 |     1 |      0 |      0 |          0 |
|                   NOT_FAST.CMP                                             |                                 compare_gt_469 |         16 |         16 |       0 |    0 |     1 |      0 |      0 |          0 |
|                     C_CHAIN                                                |                carry_chain__parameterized4_470 |         16 |         16 |       0 |    0 |     1 |      0 |      0 |          0 |
|                 STATE_DELAY                                                |                     delay__parameterized37_464 |         13 |         13 |       0 |    0 |     4 |      0 |      0 |          0 |
|                   i_pipe                                                   |      xbip_pipe_v3_0_6_viv__parameterized62_468 |         13 |         13 |       0 |    0 |     4 |      0 |      0 |          0 |
|                 SUB_DELAY                                                  |                     delay__parameterized12_465 |          2 |          2 |       0 |    0 |     1 |      0 |      0 |          0 |
|                   i_pipe                                                   |      xbip_pipe_v3_0_6_viv__parameterized23_467 |          2 |          2 |       0 |    0 |     1 |      0 |      0 |          0 |
|                 merged_sub_mux.STRUCT_ADD                                  |                carry_chain__parameterized5_466 |          0 |          0 |       0 |    0 |     0 |      0 |      0 |          0 |
|               DSP48E1_BODY.NORM_RND                                        |                 norm_and_round_dsp48e1_sgl_443 |         18 |         18 |       0 |    0 |     3 |      0 |      0 |          1 |
|                 (DSP48E1_BODY.NORM_RND)                                    |                 norm_and_round_dsp48e1_sgl_443 |          3 |          3 |       0 |    0 |     0 |      0 |      0 |          0 |
|                 FULL_USAGE_DSP.LOD                                         |                     lead_zero_encode_shift_444 |         15 |         15 |       0 |    0 |     0 |      0 |      0 |          0 |
|                 FULL_USAGE_DSP.MSBS_DELAY                                  |                     delay__parameterized30_445 |          0 |          0 |       0 |    0 |     2 |      0 |      0 |          0 |
|                   i_pipe                                                   |      xbip_pipe_v3_0_6_viv__parameterized56_449 |          0 |          0 |       0 |    0 |     2 |      0 |      0 |          0 |
|                 FULL_USAGE_DSP.ROUND_BIT_DELAY                             |                     delay__parameterized12_446 |          0 |          0 |       0 |    0 |     1 |      0 |      0 |          0 |
|                   i_pipe                                                   |      xbip_pipe_v3_0_6_viv__parameterized23_448 |          0 |          0 |       0 |    0 |     1 |      0 |      0 |          0 |
|                 FULL_USAGE_DSP.SHIFT_RND                                   |            dsp48e1_wrapper__parameterized3_447 |          0 |          0 |       0 |    0 |     0 |      0 |      0 |          1 |
|           i_nd_to_rdy                                                      |      xbip_pipe_v3_0_6_viv__parameterized42_437 |          1 |          1 |       0 |    0 |     1 |      0 |      0 |          0 |
|   fadd_32ns_32ns_32_5_full_dsp_1_U11                                       | fir_multiband_fadd_32ns_32ns_32_5_full_dsp_1_0 |        323 |        323 |       0 |    0 |   175 |      0 |      0 |          2 |
|     (fadd_32ns_32ns_32_5_full_dsp_1_U11)                                   | fir_multiband_fadd_32ns_32ns_32_5_full_dsp_1_0 |         98 |         98 |       0 |    0 |    64 |      0 |      0 |          0 |
|     fir_multiband_ap_fadd_3_full_dsp_32_u                                  |        fir_multiband_ap_fadd_3_full_dsp_32_369 |        225 |        225 |       0 |    0 |   111 |      0 |      0 |          2 |
|       (fir_multiband_ap_fadd_3_full_dsp_32_u)                              |        fir_multiband_ap_fadd_3_full_dsp_32_369 |          0 |          0 |       0 |    0 |     0 |      0 |      0 |          0 |
|       inst                                                                 |         floating_point_v7_1_11__parameterized0 |        225 |        225 |       0 |    0 |   111 |      0 |      0 |          2 |
|         (inst)                                                             |         floating_point_v7_1_11__parameterized0 |          0 |          0 |       0 |    0 |     0 |      0 |      0 |          0 |
|         i_synth                                                            |     floating_point_v7_1_11_viv__parameterized1 |        225 |        225 |       0 |    0 |   111 |      0 |      0 |          2 |
|           (i_synth)                                                        |     floating_point_v7_1_11_viv__parameterized1 |          0 |          0 |       0 |    0 |     0 |      0 |      0 |          0 |
|           ADDSUB_OP.ADDSUB                                                 |                                    flt_add_370 |        224 |        224 |       0 |    0 |   110 |      0 |      0 |          2 |
|             DSP.OP                                                         |                                flt_add_dsp_372 |        224 |        224 |       0 |    0 |   110 |      0 |      0 |          2 |
|               A_IP_DELAY                                                   |                     delay__parameterized22_373 |         30 |         30 |       0 |    0 |    23 |      0 |      0 |          0 |
|                 i_pipe                                                     |      xbip_pipe_v3_0_6_viv__parameterized44_434 |         30 |         30 |       0 |    0 |    23 |      0 |      0 |          0 |
|               B_IP_DELAY                                                   |                     delay__parameterized22_374 |         23 |         23 |       0 |    0 |    23 |      0 |      0 |          0 |
|                 i_pipe                                                     |      xbip_pipe_v3_0_6_viv__parameterized44_433 |         23 |         23 |       0 |    0 |    23 |      0 |      0 |          0 |
|               DSP48E1_BODY.ALIGN_ADD                                       |                      align_add_dsp48e1_sgl_375 |         51 |         51 |       0 |    0 |     1 |      0 |      0 |          1 |
|                 (DSP48E1_BODY.ALIGN_ADD)                                   |                      align_add_dsp48e1_sgl_375 |          3 |          3 |       0 |    0 |     0 |      0 |      0 |          0 |
|                 DSP2                                                       |            dsp48e1_wrapper__parameterized2_427 |         48 |         48 |       0 |    0 |     0 |      0 |      0 |          1 |
|                 ZERO_14_DET.CARRY_MUX                                      |                carry_chain__parameterized2_428 |          0 |          0 |       0 |    0 |     0 |      0 |      0 |          0 |
|                 ZERO_14_DET.ZERO_DET                                       |              compare_eq_im__parameterized0_429 |          0 |          0 |       0 |    0 |     0 |      0 |      0 |          0 |
|                   CARRY_ZERO_DET                                           |                carry_chain__parameterized1_432 |          0 |          0 |       0 |    0 |     0 |      0 |      0 |          0 |
|                 Z_14_LZD_DELAY                                             |                     delay__parameterized12_430 |          0 |          0 |       0 |    0 |     1 |      0 |      0 |          0 |
|                   i_pipe                                                   |      xbip_pipe_v3_0_6_viv__parameterized23_431 |          0 |          0 |       0 |    0 |     1 |      0 |      0 |          0 |
|               DSP48E1_BODY.EXP                                             |                             flt_add_exp_sp_376 |        102 |        102 |       0 |    0 |    60 |      0 |      0 |          0 |
|                 (DSP48E1_BODY.EXP)                                         |                             flt_add_exp_sp_376 |          9 |          9 |       0 |    0 |     0 |      0 |      0 |          0 |
|                 A_EXP_DELAY                                                |                     delay__parameterized16_384 |          0 |          0 |       0 |    0 |     8 |      0 |      0 |          0 |
|                   i_pipe                                                   |      xbip_pipe_v3_0_6_viv__parameterized31_426 |          0 |          0 |       0 |    0 |     8 |      0 |      0 |          0 |
|                 A_SIGN_DELAY                                               |                     delay__parameterized12_385 |          0 |          0 |       0 |    0 |     1 |      0 |      0 |          0 |
|                   i_pipe                                                   |      xbip_pipe_v3_0_6_viv__parameterized23_425 |          0 |          0 |       0 |    0 |     1 |      0 |      0 |          0 |
|                 BMA_EXP_DELAY                                              |                     delay__parameterized36_386 |         22 |         22 |       0 |    0 |     9 |      0 |      0 |          0 |
|                   i_pipe                                                   |      xbip_pipe_v3_0_6_viv__parameterized60_424 |         22 |         22 |       0 |    0 |     9 |      0 |      0 |          0 |
|                 B_EXP_DELAY                                                |                     delay__parameterized16_387 |          0 |          0 |       0 |    0 |     8 |      0 |      0 |          0 |
|                   i_pipe                                                   |      xbip_pipe_v3_0_6_viv__parameterized31_423 |          0 |          0 |       0 |    0 |     8 |      0 |      0 |          0 |
|                 B_SIGN_DELAY                                               |                     delay__parameterized12_388 |          1 |          1 |       0 |    0 |     1 |      0 |      0 |          0 |
|                   i_pipe                                                   |      xbip_pipe_v3_0_6_viv__parameterized23_422 |          1 |          1 |       0 |    0 |     1 |      0 |      0 |          0 |
|                 CANCELLATION_DELAY                                         |                     delay__parameterized32_389 |          0 |          0 |       0 |    0 |     1 |      0 |      0 |          0 |
|                   i_pipe                                                   |      xbip_pipe_v3_0_6_viv__parameterized27_421 |          0 |          0 |       0 |    0 |     1 |      0 |      0 |          0 |
|                 COND_DET_A                                                 |             special_detect__parameterized0_390 |          9 |          9 |       0 |    0 |     3 |      0 |      0 |          0 |
|                   EXP_DET_LUT.EXP_ALL_ONE_DEL                              |                     delay__parameterized32_415 |          2 |          2 |       0 |    0 |     1 |      0 |      0 |          0 |
|                     i_pipe                                                 |      xbip_pipe_v3_0_6_viv__parameterized27_420 |          2 |          2 |       0 |    0 |     1 |      0 |      0 |          0 |
|                   EXP_DET_LUT.EXP_ALL_ZERO_DEL                             |                     delay__parameterized32_416 |          3 |          3 |       0 |    0 |     1 |      0 |      0 |          0 |
|                     i_pipe                                                 |      xbip_pipe_v3_0_6_viv__parameterized27_419 |          3 |          3 |       0 |    0 |     1 |      0 |      0 |          0 |
|                   MANT_CARRY.MANT_ALL_ZERO_DET                             |              compare_eq_im__parameterized1_417 |          4 |          4 |       0 |    0 |     1 |      0 |      0 |          0 |
|                     CARRY_ZERO_DET                                         |                carry_chain__parameterized3_418 |          4 |          4 |       0 |    0 |     1 |      0 |      0 |          0 |
|                 COND_DET_B                                                 |             special_detect__parameterized0_391 |         15 |         15 |       0 |    0 |     3 |      0 |      0 |          0 |
|                   EXP_DET_LUT.EXP_ALL_ONE_DEL                              |                     delay__parameterized32_409 |          2 |          2 |       0 |    0 |     1 |      0 |      0 |          0 |
|                     i_pipe                                                 |      xbip_pipe_v3_0_6_viv__parameterized27_414 |          2 |          2 |       0 |    0 |     1 |      0 |      0 |          0 |
|                   EXP_DET_LUT.EXP_ALL_ZERO_DEL                             |                     delay__parameterized32_410 |          5 |          5 |       0 |    0 |     1 |      0 |      0 |          0 |
|                     i_pipe                                                 |      xbip_pipe_v3_0_6_viv__parameterized27_413 |          5 |          5 |       0 |    0 |     1 |      0 |      0 |          0 |
|                   MANT_CARRY.MANT_ALL_ZERO_DET                             |              compare_eq_im__parameterized1_411 |          8 |          8 |       0 |    0 |     1 |      0 |      0 |          0 |
|                     CARRY_ZERO_DET                                         |                carry_chain__parameterized3_412 |          8 |          8 |       0 |    0 |     1 |      0 |      0 |          0 |
|                 DET_SIGN_DELAY                                             |                     delay__parameterized39_392 |          0 |          0 |       0 |    0 |     2 |      0 |      0 |          0 |
|                   i_pipe                                                   |      xbip_pipe_v3_0_6_viv__parameterized64_408 |          0 |          0 |       0 |    0 |     2 |      0 |      0 |          0 |
|                 EXP_OFF.LRG_EXP_DELAY                                      |                     delay__parameterized36_393 |          5 |          5 |       0 |    0 |     8 |      0 |      0 |          0 |
|                   i_pipe                                                   |      xbip_pipe_v3_0_6_viv__parameterized60_407 |          5 |          5 |       0 |    0 |     8 |      0 |      0 |          0 |
|                 EXP_OFF.STRUCT_ADD                                         |                carry_chain__parameterized5_394 |          0 |          0 |       0 |    0 |     0 |      0 |      0 |          0 |
|                 INV_OP_DEL                                                 |                     delay__parameterized38_395 |          0 |          0 |       0 |    0 |     1 |      0 |      0 |          0 |
|                   i_pipe                                                   |      xbip_pipe_v3_0_6_viv__parameterized64_406 |          0 |          0 |       0 |    0 |     1 |      0 |      0 |          0 |
|                 NOT_LOW_LATENCY_NORM_DIST.NORM_EXP_DELAY                   |                     delay__parameterized41_396 |         10 |         10 |       0 |    0 |     9 |      0 |      0 |          0 |
|                   i_pipe                                                   |      xbip_pipe_v3_0_6_viv__parameterized68_405 |         10 |         10 |       0 |    0 |     9 |      0 |      0 |          0 |
|                 NUMB_CMP                                                   |                                    compare_397 |         16 |         16 |       0 |    0 |     1 |      0 |      0 |          0 |
|                   NOT_FAST.CMP                                             |                                 compare_gt_403 |         16 |         16 |       0 |    0 |     1 |      0 |      0 |          0 |
|                     C_CHAIN                                                |                carry_chain__parameterized4_404 |         16 |         16 |       0 |    0 |     1 |      0 |      0 |          0 |
|                 STATE_DELAY                                                |                     delay__parameterized37_398 |         13 |         13 |       0 |    0 |     4 |      0 |      0 |          0 |
|                   i_pipe                                                   |      xbip_pipe_v3_0_6_viv__parameterized62_402 |         13 |         13 |       0 |    0 |     4 |      0 |      0 |          0 |
|                 SUB_DELAY                                                  |                     delay__parameterized12_399 |          2 |          2 |       0 |    0 |     1 |      0 |      0 |          0 |
|                   i_pipe                                                   |      xbip_pipe_v3_0_6_viv__parameterized23_401 |          2 |          2 |       0 |    0 |     1 |      0 |      0 |          0 |
|                 merged_sub_mux.STRUCT_ADD                                  |                carry_chain__parameterized5_400 |          0 |          0 |       0 |    0 |     0 |      0 |      0 |          0 |
|               DSP48E1_BODY.NORM_RND                                        |                 norm_and_round_dsp48e1_sgl_377 |         18 |         18 |       0 |    0 |     3 |      0 |      0 |          1 |
|                 (DSP48E1_BODY.NORM_RND)                                    |                 norm_and_round_dsp48e1_sgl_377 |          3 |          3 |       0 |    0 |     0 |      0 |      0 |          0 |
|                 FULL_USAGE_DSP.LOD                                         |                     lead_zero_encode_shift_378 |         15 |         15 |       0 |    0 |     0 |      0 |      0 |          0 |
|                 FULL_USAGE_DSP.MSBS_DELAY                                  |                     delay__parameterized30_379 |          0 |          0 |       0 |    0 |     2 |      0 |      0 |          0 |
|                   i_pipe                                                   |      xbip_pipe_v3_0_6_viv__parameterized56_383 |          0 |          0 |       0 |    0 |     2 |      0 |      0 |          0 |
|                 FULL_USAGE_DSP.ROUND_BIT_DELAY                             |                     delay__parameterized12_380 |          0 |          0 |       0 |    0 |     1 |      0 |      0 |          0 |
|                   i_pipe                                                   |      xbip_pipe_v3_0_6_viv__parameterized23_382 |          0 |          0 |       0 |    0 |     1 |      0 |      0 |          0 |
|                 FULL_USAGE_DSP.SHIFT_RND                                   |            dsp48e1_wrapper__parameterized3_381 |          0 |          0 |       0 |    0 |     0 |      0 |      0 |          1 |
|           i_nd_to_rdy                                                      |      xbip_pipe_v3_0_6_viv__parameterized42_371 |          1 |          1 |       0 |    0 |     1 |      0 |      0 |          0 |
|   fadd_32ns_32ns_32_5_full_dsp_1_U6                                        | fir_multiband_fadd_32ns_32ns_32_5_full_dsp_1_1 |        618 |        618 |       0 |    0 |   175 |      0 |      0 |          2 |
|     (fadd_32ns_32ns_32_5_full_dsp_1_U6)                                    | fir_multiband_fadd_32ns_32ns_32_5_full_dsp_1_1 |        393 |        393 |       0 |    0 |    64 |      0 |      0 |          0 |
|     fir_multiband_ap_fadd_3_full_dsp_32_u                                  |        fir_multiband_ap_fadd_3_full_dsp_32_303 |        225 |        225 |       0 |    0 |   111 |      0 |      0 |          2 |
|       (fir_multiband_ap_fadd_3_full_dsp_32_u)                              |        fir_multiband_ap_fadd_3_full_dsp_32_303 |          0 |          0 |       0 |    0 |     0 |      0 |      0 |          0 |
|       inst                                                                 |      floating_point_v7_1_11__parameterized0__1 |        225 |        225 |       0 |    0 |   111 |      0 |      0 |          2 |
|         (inst)                                                             |      floating_point_v7_1_11__parameterized0__1 |          0 |          0 |       0 |    0 |     0 |      0 |      0 |          0 |
|         i_synth                                                            |  floating_point_v7_1_11_viv__parameterized1__1 |        225 |        225 |       0 |    0 |   111 |      0 |      0 |          2 |
|           (i_synth)                                                        |  floating_point_v7_1_11_viv__parameterized1__1 |          0 |          0 |       0 |    0 |     0 |      0 |      0 |          0 |
|           ADDSUB_OP.ADDSUB                                                 |                                    flt_add_304 |        224 |        224 |       0 |    0 |   110 |      0 |      0 |          2 |
|             DSP.OP                                                         |                                flt_add_dsp_306 |        224 |        224 |       0 |    0 |   110 |      0 |      0 |          2 |
|               A_IP_DELAY                                                   |                     delay__parameterized22_307 |         30 |         30 |       0 |    0 |    23 |      0 |      0 |          0 |
|                 i_pipe                                                     |      xbip_pipe_v3_0_6_viv__parameterized44_368 |         30 |         30 |       0 |    0 |    23 |      0 |      0 |          0 |
|               B_IP_DELAY                                                   |                     delay__parameterized22_308 |         23 |         23 |       0 |    0 |    23 |      0 |      0 |          0 |
|                 i_pipe                                                     |      xbip_pipe_v3_0_6_viv__parameterized44_367 |         23 |         23 |       0 |    0 |    23 |      0 |      0 |          0 |
|               DSP48E1_BODY.ALIGN_ADD                                       |                      align_add_dsp48e1_sgl_309 |         51 |         51 |       0 |    0 |     1 |      0 |      0 |          1 |
|                 (DSP48E1_BODY.ALIGN_ADD)                                   |                      align_add_dsp48e1_sgl_309 |          3 |          3 |       0 |    0 |     0 |      0 |      0 |          0 |
|                 DSP2                                                       |            dsp48e1_wrapper__parameterized2_361 |         48 |         48 |       0 |    0 |     0 |      0 |      0 |          1 |
|                 ZERO_14_DET.CARRY_MUX                                      |                carry_chain__parameterized2_362 |          0 |          0 |       0 |    0 |     0 |      0 |      0 |          0 |
|                 ZERO_14_DET.ZERO_DET                                       |              compare_eq_im__parameterized0_363 |          0 |          0 |       0 |    0 |     0 |      0 |      0 |          0 |
|                   CARRY_ZERO_DET                                           |                carry_chain__parameterized1_366 |          0 |          0 |       0 |    0 |     0 |      0 |      0 |          0 |
|                 Z_14_LZD_DELAY                                             |                     delay__parameterized12_364 |          0 |          0 |       0 |    0 |     1 |      0 |      0 |          0 |
|                   i_pipe                                                   |      xbip_pipe_v3_0_6_viv__parameterized23_365 |          0 |          0 |       0 |    0 |     1 |      0 |      0 |          0 |
|               DSP48E1_BODY.EXP                                             |                             flt_add_exp_sp_310 |        102 |        102 |       0 |    0 |    60 |      0 |      0 |          0 |
|                 (DSP48E1_BODY.EXP)                                         |                             flt_add_exp_sp_310 |          9 |          9 |       0 |    0 |     0 |      0 |      0 |          0 |
|                 A_EXP_DELAY                                                |                     delay__parameterized16_318 |          0 |          0 |       0 |    0 |     8 |      0 |      0 |          0 |
|                   i_pipe                                                   |      xbip_pipe_v3_0_6_viv__parameterized31_360 |          0 |          0 |       0 |    0 |     8 |      0 |      0 |          0 |
|                 A_SIGN_DELAY                                               |                     delay__parameterized12_319 |          0 |          0 |       0 |    0 |     1 |      0 |      0 |          0 |
|                   i_pipe                                                   |      xbip_pipe_v3_0_6_viv__parameterized23_359 |          0 |          0 |       0 |    0 |     1 |      0 |      0 |          0 |
|                 BMA_EXP_DELAY                                              |                     delay__parameterized36_320 |         22 |         22 |       0 |    0 |     9 |      0 |      0 |          0 |
|                   i_pipe                                                   |      xbip_pipe_v3_0_6_viv__parameterized60_358 |         22 |         22 |       0 |    0 |     9 |      0 |      0 |          0 |
|                 B_EXP_DELAY                                                |                     delay__parameterized16_321 |          0 |          0 |       0 |    0 |     8 |      0 |      0 |          0 |
|                   i_pipe                                                   |      xbip_pipe_v3_0_6_viv__parameterized31_357 |          0 |          0 |       0 |    0 |     8 |      0 |      0 |          0 |
|                 B_SIGN_DELAY                                               |                     delay__parameterized12_322 |          1 |          1 |       0 |    0 |     1 |      0 |      0 |          0 |
|                   i_pipe                                                   |      xbip_pipe_v3_0_6_viv__parameterized23_356 |          1 |          1 |       0 |    0 |     1 |      0 |      0 |          0 |
|                 CANCELLATION_DELAY                                         |                     delay__parameterized32_323 |          0 |          0 |       0 |    0 |     1 |      0 |      0 |          0 |
|                   i_pipe                                                   |      xbip_pipe_v3_0_6_viv__parameterized27_355 |          0 |          0 |       0 |    0 |     1 |      0 |      0 |          0 |
|                 COND_DET_A                                                 |             special_detect__parameterized0_324 |          9 |          9 |       0 |    0 |     3 |      0 |      0 |          0 |
|                   EXP_DET_LUT.EXP_ALL_ONE_DEL                              |                     delay__parameterized32_349 |          2 |          2 |       0 |    0 |     1 |      0 |      0 |          0 |
|                     i_pipe                                                 |      xbip_pipe_v3_0_6_viv__parameterized27_354 |          2 |          2 |       0 |    0 |     1 |      0 |      0 |          0 |
|                   EXP_DET_LUT.EXP_ALL_ZERO_DEL                             |                     delay__parameterized32_350 |          3 |          3 |       0 |    0 |     1 |      0 |      0 |          0 |
|                     i_pipe                                                 |      xbip_pipe_v3_0_6_viv__parameterized27_353 |          3 |          3 |       0 |    0 |     1 |      0 |      0 |          0 |
|                   MANT_CARRY.MANT_ALL_ZERO_DET                             |              compare_eq_im__parameterized1_351 |          4 |          4 |       0 |    0 |     1 |      0 |      0 |          0 |
|                     CARRY_ZERO_DET                                         |                carry_chain__parameterized3_352 |          4 |          4 |       0 |    0 |     1 |      0 |      0 |          0 |
|                 COND_DET_B                                                 |             special_detect__parameterized0_325 |         15 |         15 |       0 |    0 |     3 |      0 |      0 |          0 |
|                   EXP_DET_LUT.EXP_ALL_ONE_DEL                              |                     delay__parameterized32_343 |          2 |          2 |       0 |    0 |     1 |      0 |      0 |          0 |
|                     i_pipe                                                 |      xbip_pipe_v3_0_6_viv__parameterized27_348 |          2 |          2 |       0 |    0 |     1 |      0 |      0 |          0 |
|                   EXP_DET_LUT.EXP_ALL_ZERO_DEL                             |                     delay__parameterized32_344 |          5 |          5 |       0 |    0 |     1 |      0 |      0 |          0 |
|                     i_pipe                                                 |      xbip_pipe_v3_0_6_viv__parameterized27_347 |          5 |          5 |       0 |    0 |     1 |      0 |      0 |          0 |
|                   MANT_CARRY.MANT_ALL_ZERO_DET                             |              compare_eq_im__parameterized1_345 |          8 |          8 |       0 |    0 |     1 |      0 |      0 |          0 |
|                     CARRY_ZERO_DET                                         |                carry_chain__parameterized3_346 |          8 |          8 |       0 |    0 |     1 |      0 |      0 |          0 |
|                 DET_SIGN_DELAY                                             |                     delay__parameterized39_326 |          0 |          0 |       0 |    0 |     2 |      0 |      0 |          0 |
|                   i_pipe                                                   |      xbip_pipe_v3_0_6_viv__parameterized64_342 |          0 |          0 |       0 |    0 |     2 |      0 |      0 |          0 |
|                 EXP_OFF.LRG_EXP_DELAY                                      |                     delay__parameterized36_327 |          5 |          5 |       0 |    0 |     8 |      0 |      0 |          0 |
|                   i_pipe                                                   |      xbip_pipe_v3_0_6_viv__parameterized60_341 |          5 |          5 |       0 |    0 |     8 |      0 |      0 |          0 |
|                 EXP_OFF.STRUCT_ADD                                         |                carry_chain__parameterized5_328 |          0 |          0 |       0 |    0 |     0 |      0 |      0 |          0 |
|                 INV_OP_DEL                                                 |                     delay__parameterized38_329 |          0 |          0 |       0 |    0 |     1 |      0 |      0 |          0 |
|                   i_pipe                                                   |      xbip_pipe_v3_0_6_viv__parameterized64_340 |          0 |          0 |       0 |    0 |     1 |      0 |      0 |          0 |
|                 NOT_LOW_LATENCY_NORM_DIST.NORM_EXP_DELAY                   |                     delay__parameterized41_330 |         10 |         10 |       0 |    0 |     9 |      0 |      0 |          0 |
|                   i_pipe                                                   |      xbip_pipe_v3_0_6_viv__parameterized68_339 |         10 |         10 |       0 |    0 |     9 |      0 |      0 |          0 |
|                 NUMB_CMP                                                   |                                    compare_331 |         16 |         16 |       0 |    0 |     1 |      0 |      0 |          0 |
|                   NOT_FAST.CMP                                             |                                 compare_gt_337 |         16 |         16 |       0 |    0 |     1 |      0 |      0 |          0 |
|                     C_CHAIN                                                |                carry_chain__parameterized4_338 |         16 |         16 |       0 |    0 |     1 |      0 |      0 |          0 |
|                 STATE_DELAY                                                |                     delay__parameterized37_332 |         13 |         13 |       0 |    0 |     4 |      0 |      0 |          0 |
|                   i_pipe                                                   |      xbip_pipe_v3_0_6_viv__parameterized62_336 |         13 |         13 |       0 |    0 |     4 |      0 |      0 |          0 |
|                 SUB_DELAY                                                  |                     delay__parameterized12_333 |          2 |          2 |       0 |    0 |     1 |      0 |      0 |          0 |
|                   i_pipe                                                   |      xbip_pipe_v3_0_6_viv__parameterized23_335 |          2 |          2 |       0 |    0 |     1 |      0 |      0 |          0 |
|                 merged_sub_mux.STRUCT_ADD                                  |                carry_chain__parameterized5_334 |          0 |          0 |       0 |    0 |     0 |      0 |      0 |          0 |
|               DSP48E1_BODY.NORM_RND                                        |                 norm_and_round_dsp48e1_sgl_311 |         18 |         18 |       0 |    0 |     3 |      0 |      0 |          1 |
|                 (DSP48E1_BODY.NORM_RND)                                    |                 norm_and_round_dsp48e1_sgl_311 |          3 |          3 |       0 |    0 |     0 |      0 |      0 |          0 |
|                 FULL_USAGE_DSP.LOD                                         |                     lead_zero_encode_shift_312 |         15 |         15 |       0 |    0 |     0 |      0 |      0 |          0 |
|                 FULL_USAGE_DSP.MSBS_DELAY                                  |                     delay__parameterized30_313 |          0 |          0 |       0 |    0 |     2 |      0 |      0 |          0 |
|                   i_pipe                                                   |      xbip_pipe_v3_0_6_viv__parameterized56_317 |          0 |          0 |       0 |    0 |     2 |      0 |      0 |          0 |
|                 FULL_USAGE_DSP.ROUND_BIT_DELAY                             |                     delay__parameterized12_314 |          0 |          0 |       0 |    0 |     1 |      0 |      0 |          0 |
|                   i_pipe                                                   |      xbip_pipe_v3_0_6_viv__parameterized23_316 |          0 |          0 |       0 |    0 |     1 |      0 |      0 |          0 |
|                 FULL_USAGE_DSP.SHIFT_RND                                   |            dsp48e1_wrapper__parameterized3_315 |          0 |          0 |       0 |    0 |     0 |      0 |      0 |          1 |
|           i_nd_to_rdy                                                      |      xbip_pipe_v3_0_6_viv__parameterized42_305 |          1 |          1 |       0 |    0 |     1 |      0 |      0 |          0 |
|   fadd_32ns_32ns_32_5_full_dsp_1_U7                                        | fir_multiband_fadd_32ns_32ns_32_5_full_dsp_1_2 |        639 |        639 |       0 |    0 |   175 |      0 |      0 |          2 |
|     (fadd_32ns_32ns_32_5_full_dsp_1_U7)                                    | fir_multiband_fadd_32ns_32ns_32_5_full_dsp_1_2 |        414 |        414 |       0 |    0 |    64 |      0 |      0 |          0 |
|     fir_multiband_ap_fadd_3_full_dsp_32_u                                  |        fir_multiband_ap_fadd_3_full_dsp_32_237 |        225 |        225 |       0 |    0 |   111 |      0 |      0 |          2 |
|       (fir_multiband_ap_fadd_3_full_dsp_32_u)                              |        fir_multiband_ap_fadd_3_full_dsp_32_237 |          0 |          0 |       0 |    0 |     0 |      0 |      0 |          0 |
|       inst                                                                 |      floating_point_v7_1_11__parameterized0__2 |        225 |        225 |       0 |    0 |   111 |      0 |      0 |          2 |
|         (inst)                                                             |      floating_point_v7_1_11__parameterized0__2 |          0 |          0 |       0 |    0 |     0 |      0 |      0 |          0 |
|         i_synth                                                            |  floating_point_v7_1_11_viv__parameterized1__2 |        225 |        225 |       0 |    0 |   111 |      0 |      0 |          2 |
|           (i_synth)                                                        |  floating_point_v7_1_11_viv__parameterized1__2 |          0 |          0 |       0 |    0 |     0 |      0 |      0 |          0 |
|           ADDSUB_OP.ADDSUB                                                 |                                    flt_add_238 |        224 |        224 |       0 |    0 |   110 |      0 |      0 |          2 |
|             DSP.OP                                                         |                                flt_add_dsp_240 |        224 |        224 |       0 |    0 |   110 |      0 |      0 |          2 |
|               A_IP_DELAY                                                   |                     delay__parameterized22_241 |         30 |         30 |       0 |    0 |    23 |      0 |      0 |          0 |
|                 i_pipe                                                     |      xbip_pipe_v3_0_6_viv__parameterized44_302 |         30 |         30 |       0 |    0 |    23 |      0 |      0 |          0 |
|               B_IP_DELAY                                                   |                     delay__parameterized22_242 |         23 |         23 |       0 |    0 |    23 |      0 |      0 |          0 |
|                 i_pipe                                                     |      xbip_pipe_v3_0_6_viv__parameterized44_301 |         23 |         23 |       0 |    0 |    23 |      0 |      0 |          0 |
|               DSP48E1_BODY.ALIGN_ADD                                       |                      align_add_dsp48e1_sgl_243 |         51 |         51 |       0 |    0 |     1 |      0 |      0 |          1 |
|                 (DSP48E1_BODY.ALIGN_ADD)                                   |                      align_add_dsp48e1_sgl_243 |          3 |          3 |       0 |    0 |     0 |      0 |      0 |          0 |
|                 DSP2                                                       |            dsp48e1_wrapper__parameterized2_295 |         48 |         48 |       0 |    0 |     0 |      0 |      0 |          1 |
|                 ZERO_14_DET.CARRY_MUX                                      |                carry_chain__parameterized2_296 |          0 |          0 |       0 |    0 |     0 |      0 |      0 |          0 |
|                 ZERO_14_DET.ZERO_DET                                       |              compare_eq_im__parameterized0_297 |          0 |          0 |       0 |    0 |     0 |      0 |      0 |          0 |
|                   CARRY_ZERO_DET                                           |                carry_chain__parameterized1_300 |          0 |          0 |       0 |    0 |     0 |      0 |      0 |          0 |
|                 Z_14_LZD_DELAY                                             |                     delay__parameterized12_298 |          0 |          0 |       0 |    0 |     1 |      0 |      0 |          0 |
|                   i_pipe                                                   |      xbip_pipe_v3_0_6_viv__parameterized23_299 |          0 |          0 |       0 |    0 |     1 |      0 |      0 |          0 |
|               DSP48E1_BODY.EXP                                             |                             flt_add_exp_sp_244 |        102 |        102 |       0 |    0 |    60 |      0 |      0 |          0 |
|                 (DSP48E1_BODY.EXP)                                         |                             flt_add_exp_sp_244 |          9 |          9 |       0 |    0 |     0 |      0 |      0 |          0 |
|                 A_EXP_DELAY                                                |                     delay__parameterized16_252 |          0 |          0 |       0 |    0 |     8 |      0 |      0 |          0 |
|                   i_pipe                                                   |      xbip_pipe_v3_0_6_viv__parameterized31_294 |          0 |          0 |       0 |    0 |     8 |      0 |      0 |          0 |
|                 A_SIGN_DELAY                                               |                     delay__parameterized12_253 |          0 |          0 |       0 |    0 |     1 |      0 |      0 |          0 |
|                   i_pipe                                                   |      xbip_pipe_v3_0_6_viv__parameterized23_293 |          0 |          0 |       0 |    0 |     1 |      0 |      0 |          0 |
|                 BMA_EXP_DELAY                                              |                     delay__parameterized36_254 |         22 |         22 |       0 |    0 |     9 |      0 |      0 |          0 |
|                   i_pipe                                                   |      xbip_pipe_v3_0_6_viv__parameterized60_292 |         22 |         22 |       0 |    0 |     9 |      0 |      0 |          0 |
|                 B_EXP_DELAY                                                |                     delay__parameterized16_255 |          0 |          0 |       0 |    0 |     8 |      0 |      0 |          0 |
|                   i_pipe                                                   |      xbip_pipe_v3_0_6_viv__parameterized31_291 |          0 |          0 |       0 |    0 |     8 |      0 |      0 |          0 |
|                 B_SIGN_DELAY                                               |                     delay__parameterized12_256 |          1 |          1 |       0 |    0 |     1 |      0 |      0 |          0 |
|                   i_pipe                                                   |      xbip_pipe_v3_0_6_viv__parameterized23_290 |          1 |          1 |       0 |    0 |     1 |      0 |      0 |          0 |
|                 CANCELLATION_DELAY                                         |                     delay__parameterized32_257 |          0 |          0 |       0 |    0 |     1 |      0 |      0 |          0 |
|                   i_pipe                                                   |      xbip_pipe_v3_0_6_viv__parameterized27_289 |          0 |          0 |       0 |    0 |     1 |      0 |      0 |          0 |
|                 COND_DET_A                                                 |             special_detect__parameterized0_258 |          9 |          9 |       0 |    0 |     3 |      0 |      0 |          0 |
|                   EXP_DET_LUT.EXP_ALL_ONE_DEL                              |                     delay__parameterized32_283 |          2 |          2 |       0 |    0 |     1 |      0 |      0 |          0 |
|                     i_pipe                                                 |      xbip_pipe_v3_0_6_viv__parameterized27_288 |          2 |          2 |       0 |    0 |     1 |      0 |      0 |          0 |
|                   EXP_DET_LUT.EXP_ALL_ZERO_DEL                             |                     delay__parameterized32_284 |          3 |          3 |       0 |    0 |     1 |      0 |      0 |          0 |
|                     i_pipe                                                 |      xbip_pipe_v3_0_6_viv__parameterized27_287 |          3 |          3 |       0 |    0 |     1 |      0 |      0 |          0 |
|                   MANT_CARRY.MANT_ALL_ZERO_DET                             |              compare_eq_im__parameterized1_285 |          4 |          4 |       0 |    0 |     1 |      0 |      0 |          0 |
|                     CARRY_ZERO_DET                                         |                carry_chain__parameterized3_286 |          4 |          4 |       0 |    0 |     1 |      0 |      0 |          0 |
|                 COND_DET_B                                                 |             special_detect__parameterized0_259 |         15 |         15 |       0 |    0 |     3 |      0 |      0 |          0 |
|                   EXP_DET_LUT.EXP_ALL_ONE_DEL                              |                     delay__parameterized32_277 |          2 |          2 |       0 |    0 |     1 |      0 |      0 |          0 |
|                     i_pipe                                                 |      xbip_pipe_v3_0_6_viv__parameterized27_282 |          2 |          2 |       0 |    0 |     1 |      0 |      0 |          0 |
|                   EXP_DET_LUT.EXP_ALL_ZERO_DEL                             |                     delay__parameterized32_278 |          5 |          5 |       0 |    0 |     1 |      0 |      0 |          0 |
|                     i_pipe                                                 |      xbip_pipe_v3_0_6_viv__parameterized27_281 |          5 |          5 |       0 |    0 |     1 |      0 |      0 |          0 |
|                   MANT_CARRY.MANT_ALL_ZERO_DET                             |              compare_eq_im__parameterized1_279 |          8 |          8 |       0 |    0 |     1 |      0 |      0 |          0 |
|                     CARRY_ZERO_DET                                         |                carry_chain__parameterized3_280 |          8 |          8 |       0 |    0 |     1 |      0 |      0 |          0 |
|                 DET_SIGN_DELAY                                             |                     delay__parameterized39_260 |          0 |          0 |       0 |    0 |     2 |      0 |      0 |          0 |
|                   i_pipe                                                   |      xbip_pipe_v3_0_6_viv__parameterized64_276 |          0 |          0 |       0 |    0 |     2 |      0 |      0 |          0 |
|                 EXP_OFF.LRG_EXP_DELAY                                      |                     delay__parameterized36_261 |          5 |          5 |       0 |    0 |     8 |      0 |      0 |          0 |
|                   i_pipe                                                   |      xbip_pipe_v3_0_6_viv__parameterized60_275 |          5 |          5 |       0 |    0 |     8 |      0 |      0 |          0 |
|                 EXP_OFF.STRUCT_ADD                                         |                carry_chain__parameterized5_262 |          0 |          0 |       0 |    0 |     0 |      0 |      0 |          0 |
|                 INV_OP_DEL                                                 |                     delay__parameterized38_263 |          0 |          0 |       0 |    0 |     1 |      0 |      0 |          0 |
|                   i_pipe                                                   |      xbip_pipe_v3_0_6_viv__parameterized64_274 |          0 |          0 |       0 |    0 |     1 |      0 |      0 |          0 |
|                 NOT_LOW_LATENCY_NORM_DIST.NORM_EXP_DELAY                   |                     delay__parameterized41_264 |         10 |         10 |       0 |    0 |     9 |      0 |      0 |          0 |
|                   i_pipe                                                   |      xbip_pipe_v3_0_6_viv__parameterized68_273 |         10 |         10 |       0 |    0 |     9 |      0 |      0 |          0 |
|                 NUMB_CMP                                                   |                                    compare_265 |         16 |         16 |       0 |    0 |     1 |      0 |      0 |          0 |
|                   NOT_FAST.CMP                                             |                                 compare_gt_271 |         16 |         16 |       0 |    0 |     1 |      0 |      0 |          0 |
|                     C_CHAIN                                                |                carry_chain__parameterized4_272 |         16 |         16 |       0 |    0 |     1 |      0 |      0 |          0 |
|                 STATE_DELAY                                                |                     delay__parameterized37_266 |         13 |         13 |       0 |    0 |     4 |      0 |      0 |          0 |
|                   i_pipe                                                   |      xbip_pipe_v3_0_6_viv__parameterized62_270 |         13 |         13 |       0 |    0 |     4 |      0 |      0 |          0 |
|                 SUB_DELAY                                                  |                     delay__parameterized12_267 |          2 |          2 |       0 |    0 |     1 |      0 |      0 |          0 |
|                   i_pipe                                                   |      xbip_pipe_v3_0_6_viv__parameterized23_269 |          2 |          2 |       0 |    0 |     1 |      0 |      0 |          0 |
|                 merged_sub_mux.STRUCT_ADD                                  |                carry_chain__parameterized5_268 |          0 |          0 |       0 |    0 |     0 |      0 |      0 |          0 |
|               DSP48E1_BODY.NORM_RND                                        |                 norm_and_round_dsp48e1_sgl_245 |         18 |         18 |       0 |    0 |     3 |      0 |      0 |          1 |
|                 (DSP48E1_BODY.NORM_RND)                                    |                 norm_and_round_dsp48e1_sgl_245 |          3 |          3 |       0 |    0 |     0 |      0 |      0 |          0 |
|                 FULL_USAGE_DSP.LOD                                         |                     lead_zero_encode_shift_246 |         15 |         15 |       0 |    0 |     0 |      0 |      0 |          0 |
|                 FULL_USAGE_DSP.MSBS_DELAY                                  |                     delay__parameterized30_247 |          0 |          0 |       0 |    0 |     2 |      0 |      0 |          0 |
|                   i_pipe                                                   |      xbip_pipe_v3_0_6_viv__parameterized56_251 |          0 |          0 |       0 |    0 |     2 |      0 |      0 |          0 |
|                 FULL_USAGE_DSP.ROUND_BIT_DELAY                             |                     delay__parameterized12_248 |          0 |          0 |       0 |    0 |     1 |      0 |      0 |          0 |
|                   i_pipe                                                   |      xbip_pipe_v3_0_6_viv__parameterized23_250 |          0 |          0 |       0 |    0 |     1 |      0 |      0 |          0 |
|                 FULL_USAGE_DSP.SHIFT_RND                                   |            dsp48e1_wrapper__parameterized3_249 |          0 |          0 |       0 |    0 |     0 |      0 |      0 |          1 |
|           i_nd_to_rdy                                                      |      xbip_pipe_v3_0_6_viv__parameterized42_239 |          1 |          1 |       0 |    0 |     1 |      0 |      0 |          0 |
|   fadd_32ns_32ns_32_5_full_dsp_1_U8                                        | fir_multiband_fadd_32ns_32ns_32_5_full_dsp_1_3 |        628 |        628 |       0 |    0 |   175 |      0 |      0 |          2 |
|     (fadd_32ns_32ns_32_5_full_dsp_1_U8)                                    | fir_multiband_fadd_32ns_32ns_32_5_full_dsp_1_3 |        403 |        403 |       0 |    0 |    64 |      0 |      0 |          0 |
|     fir_multiband_ap_fadd_3_full_dsp_32_u                                  |        fir_multiband_ap_fadd_3_full_dsp_32_171 |        225 |        225 |       0 |    0 |   111 |      0 |      0 |          2 |
|       (fir_multiband_ap_fadd_3_full_dsp_32_u)                              |        fir_multiband_ap_fadd_3_full_dsp_32_171 |          0 |          0 |       0 |    0 |     0 |      0 |      0 |          0 |
|       inst                                                                 |      floating_point_v7_1_11__parameterized0__3 |        225 |        225 |       0 |    0 |   111 |      0 |      0 |          2 |
|         (inst)                                                             |      floating_point_v7_1_11__parameterized0__3 |          0 |          0 |       0 |    0 |     0 |      0 |      0 |          0 |
|         i_synth                                                            |  floating_point_v7_1_11_viv__parameterized1__3 |        225 |        225 |       0 |    0 |   111 |      0 |      0 |          2 |
|           (i_synth)                                                        |  floating_point_v7_1_11_viv__parameterized1__3 |          0 |          0 |       0 |    0 |     0 |      0 |      0 |          0 |
|           ADDSUB_OP.ADDSUB                                                 |                                    flt_add_172 |        224 |        224 |       0 |    0 |   110 |      0 |      0 |          2 |
|             DSP.OP                                                         |                                flt_add_dsp_174 |        224 |        224 |       0 |    0 |   110 |      0 |      0 |          2 |
|               A_IP_DELAY                                                   |                     delay__parameterized22_175 |         30 |         30 |       0 |    0 |    23 |      0 |      0 |          0 |
|                 i_pipe                                                     |      xbip_pipe_v3_0_6_viv__parameterized44_236 |         30 |         30 |       0 |    0 |    23 |      0 |      0 |          0 |
|               B_IP_DELAY                                                   |                     delay__parameterized22_176 |         23 |         23 |       0 |    0 |    23 |      0 |      0 |          0 |
|                 i_pipe                                                     |      xbip_pipe_v3_0_6_viv__parameterized44_235 |         23 |         23 |       0 |    0 |    23 |      0 |      0 |          0 |
|               DSP48E1_BODY.ALIGN_ADD                                       |                      align_add_dsp48e1_sgl_177 |         51 |         51 |       0 |    0 |     1 |      0 |      0 |          1 |
|                 (DSP48E1_BODY.ALIGN_ADD)                                   |                      align_add_dsp48e1_sgl_177 |          3 |          3 |       0 |    0 |     0 |      0 |      0 |          0 |
|                 DSP2                                                       |            dsp48e1_wrapper__parameterized2_229 |         48 |         48 |       0 |    0 |     0 |      0 |      0 |          1 |
|                 ZERO_14_DET.CARRY_MUX                                      |                carry_chain__parameterized2_230 |          0 |          0 |       0 |    0 |     0 |      0 |      0 |          0 |
|                 ZERO_14_DET.ZERO_DET                                       |              compare_eq_im__parameterized0_231 |          0 |          0 |       0 |    0 |     0 |      0 |      0 |          0 |
|                   CARRY_ZERO_DET                                           |                carry_chain__parameterized1_234 |          0 |          0 |       0 |    0 |     0 |      0 |      0 |          0 |
|                 Z_14_LZD_DELAY                                             |                     delay__parameterized12_232 |          0 |          0 |       0 |    0 |     1 |      0 |      0 |          0 |
|                   i_pipe                                                   |      xbip_pipe_v3_0_6_viv__parameterized23_233 |          0 |          0 |       0 |    0 |     1 |      0 |      0 |          0 |
|               DSP48E1_BODY.EXP                                             |                             flt_add_exp_sp_178 |        102 |        102 |       0 |    0 |    60 |      0 |      0 |          0 |
|                 (DSP48E1_BODY.EXP)                                         |                             flt_add_exp_sp_178 |          9 |          9 |       0 |    0 |     0 |      0 |      0 |          0 |
|                 A_EXP_DELAY                                                |                     delay__parameterized16_186 |          0 |          0 |       0 |    0 |     8 |      0 |      0 |          0 |
|                   i_pipe                                                   |      xbip_pipe_v3_0_6_viv__parameterized31_228 |          0 |          0 |       0 |    0 |     8 |      0 |      0 |          0 |
|                 A_SIGN_DELAY                                               |                     delay__parameterized12_187 |          0 |          0 |       0 |    0 |     1 |      0 |      0 |          0 |
|                   i_pipe                                                   |      xbip_pipe_v3_0_6_viv__parameterized23_227 |          0 |          0 |       0 |    0 |     1 |      0 |      0 |          0 |
|                 BMA_EXP_DELAY                                              |                     delay__parameterized36_188 |         22 |         22 |       0 |    0 |     9 |      0 |      0 |          0 |
|                   i_pipe                                                   |      xbip_pipe_v3_0_6_viv__parameterized60_226 |         22 |         22 |       0 |    0 |     9 |      0 |      0 |          0 |
|                 B_EXP_DELAY                                                |                     delay__parameterized16_189 |          0 |          0 |       0 |    0 |     8 |      0 |      0 |          0 |
|                   i_pipe                                                   |      xbip_pipe_v3_0_6_viv__parameterized31_225 |          0 |          0 |       0 |    0 |     8 |      0 |      0 |          0 |
|                 B_SIGN_DELAY                                               |                     delay__parameterized12_190 |          1 |          1 |       0 |    0 |     1 |      0 |      0 |          0 |
|                   i_pipe                                                   |      xbip_pipe_v3_0_6_viv__parameterized23_224 |          1 |          1 |       0 |    0 |     1 |      0 |      0 |          0 |
|                 CANCELLATION_DELAY                                         |                     delay__parameterized32_191 |          0 |          0 |       0 |    0 |     1 |      0 |      0 |          0 |
|                   i_pipe                                                   |      xbip_pipe_v3_0_6_viv__parameterized27_223 |          0 |          0 |       0 |    0 |     1 |      0 |      0 |          0 |
|                 COND_DET_A                                                 |             special_detect__parameterized0_192 |          9 |          9 |       0 |    0 |     3 |      0 |      0 |          0 |
|                   EXP_DET_LUT.EXP_ALL_ONE_DEL                              |                     delay__parameterized32_217 |          2 |          2 |       0 |    0 |     1 |      0 |      0 |          0 |
|                     i_pipe                                                 |      xbip_pipe_v3_0_6_viv__parameterized27_222 |          2 |          2 |       0 |    0 |     1 |      0 |      0 |          0 |
|                   EXP_DET_LUT.EXP_ALL_ZERO_DEL                             |                     delay__parameterized32_218 |          3 |          3 |       0 |    0 |     1 |      0 |      0 |          0 |
|                     i_pipe                                                 |      xbip_pipe_v3_0_6_viv__parameterized27_221 |          3 |          3 |       0 |    0 |     1 |      0 |      0 |          0 |
|                   MANT_CARRY.MANT_ALL_ZERO_DET                             |              compare_eq_im__parameterized1_219 |          4 |          4 |       0 |    0 |     1 |      0 |      0 |          0 |
|                     CARRY_ZERO_DET                                         |                carry_chain__parameterized3_220 |          4 |          4 |       0 |    0 |     1 |      0 |      0 |          0 |
|                 COND_DET_B                                                 |             special_detect__parameterized0_193 |         15 |         15 |       0 |    0 |     3 |      0 |      0 |          0 |
|                   EXP_DET_LUT.EXP_ALL_ONE_DEL                              |                     delay__parameterized32_211 |          2 |          2 |       0 |    0 |     1 |      0 |      0 |          0 |
|                     i_pipe                                                 |      xbip_pipe_v3_0_6_viv__parameterized27_216 |          2 |          2 |       0 |    0 |     1 |      0 |      0 |          0 |
|                   EXP_DET_LUT.EXP_ALL_ZERO_DEL                             |                     delay__parameterized32_212 |          5 |          5 |       0 |    0 |     1 |      0 |      0 |          0 |
|                     i_pipe                                                 |      xbip_pipe_v3_0_6_viv__parameterized27_215 |          5 |          5 |       0 |    0 |     1 |      0 |      0 |          0 |
|                   MANT_CARRY.MANT_ALL_ZERO_DET                             |              compare_eq_im__parameterized1_213 |          8 |          8 |       0 |    0 |     1 |      0 |      0 |          0 |
|                     CARRY_ZERO_DET                                         |                carry_chain__parameterized3_214 |          8 |          8 |       0 |    0 |     1 |      0 |      0 |          0 |
|                 DET_SIGN_DELAY                                             |                     delay__parameterized39_194 |          0 |          0 |       0 |    0 |     2 |      0 |      0 |          0 |
|                   i_pipe                                                   |      xbip_pipe_v3_0_6_viv__parameterized64_210 |          0 |          0 |       0 |    0 |     2 |      0 |      0 |          0 |
|                 EXP_OFF.LRG_EXP_DELAY                                      |                     delay__parameterized36_195 |          5 |          5 |       0 |    0 |     8 |      0 |      0 |          0 |
|                   i_pipe                                                   |      xbip_pipe_v3_0_6_viv__parameterized60_209 |          5 |          5 |       0 |    0 |     8 |      0 |      0 |          0 |
|                 EXP_OFF.STRUCT_ADD                                         |                carry_chain__parameterized5_196 |          0 |          0 |       0 |    0 |     0 |      0 |      0 |          0 |
|                 INV_OP_DEL                                                 |                     delay__parameterized38_197 |          0 |          0 |       0 |    0 |     1 |      0 |      0 |          0 |
|                   i_pipe                                                   |      xbip_pipe_v3_0_6_viv__parameterized64_208 |          0 |          0 |       0 |    0 |     1 |      0 |      0 |          0 |
|                 NOT_LOW_LATENCY_NORM_DIST.NORM_EXP_DELAY                   |                     delay__parameterized41_198 |         10 |         10 |       0 |    0 |     9 |      0 |      0 |          0 |
|                   i_pipe                                                   |      xbip_pipe_v3_0_6_viv__parameterized68_207 |         10 |         10 |       0 |    0 |     9 |      0 |      0 |          0 |
|                 NUMB_CMP                                                   |                                    compare_199 |         16 |         16 |       0 |    0 |     1 |      0 |      0 |          0 |
|                   NOT_FAST.CMP                                             |                                 compare_gt_205 |         16 |         16 |       0 |    0 |     1 |      0 |      0 |          0 |
|                     C_CHAIN                                                |                carry_chain__parameterized4_206 |         16 |         16 |       0 |    0 |     1 |      0 |      0 |          0 |
|                 STATE_DELAY                                                |                     delay__parameterized37_200 |         13 |         13 |       0 |    0 |     4 |      0 |      0 |          0 |
|                   i_pipe                                                   |      xbip_pipe_v3_0_6_viv__parameterized62_204 |         13 |         13 |       0 |    0 |     4 |      0 |      0 |          0 |
|                 SUB_DELAY                                                  |                     delay__parameterized12_201 |          2 |          2 |       0 |    0 |     1 |      0 |      0 |          0 |
|                   i_pipe                                                   |      xbip_pipe_v3_0_6_viv__parameterized23_203 |          2 |          2 |       0 |    0 |     1 |      0 |      0 |          0 |
|                 merged_sub_mux.STRUCT_ADD                                  |                carry_chain__parameterized5_202 |          0 |          0 |       0 |    0 |     0 |      0 |      0 |          0 |
|               DSP48E1_BODY.NORM_RND                                        |                 norm_and_round_dsp48e1_sgl_179 |         18 |         18 |       0 |    0 |     3 |      0 |      0 |          1 |
|                 (DSP48E1_BODY.NORM_RND)                                    |                 norm_and_round_dsp48e1_sgl_179 |          3 |          3 |       0 |    0 |     0 |      0 |      0 |          0 |
|                 FULL_USAGE_DSP.LOD                                         |                     lead_zero_encode_shift_180 |         15 |         15 |       0 |    0 |     0 |      0 |      0 |          0 |
|                 FULL_USAGE_DSP.MSBS_DELAY                                  |                     delay__parameterized30_181 |          0 |          0 |       0 |    0 |     2 |      0 |      0 |          0 |
|                   i_pipe                                                   |      xbip_pipe_v3_0_6_viv__parameterized56_185 |          0 |          0 |       0 |    0 |     2 |      0 |      0 |          0 |
|                 FULL_USAGE_DSP.ROUND_BIT_DELAY                             |                     delay__parameterized12_182 |          0 |          0 |       0 |    0 |     1 |      0 |      0 |          0 |
|                   i_pipe                                                   |      xbip_pipe_v3_0_6_viv__parameterized23_184 |          0 |          0 |       0 |    0 |     1 |      0 |      0 |          0 |
|                 FULL_USAGE_DSP.SHIFT_RND                                   |            dsp48e1_wrapper__parameterized3_183 |          0 |          0 |       0 |    0 |     0 |      0 |      0 |          1 |
|           i_nd_to_rdy                                                      |      xbip_pipe_v3_0_6_viv__parameterized42_173 |          1 |          1 |       0 |    0 |     1 |      0 |      0 |          0 |
|   fadd_32ns_32ns_32_5_full_dsp_1_U9                                        | fir_multiband_fadd_32ns_32ns_32_5_full_dsp_1_4 |        670 |        670 |       0 |    0 |   175 |      0 |      0 |          2 |
|     (fadd_32ns_32ns_32_5_full_dsp_1_U9)                                    | fir_multiband_fadd_32ns_32ns_32_5_full_dsp_1_4 |        445 |        445 |       0 |    0 |    64 |      0 |      0 |          0 |
|     fir_multiband_ap_fadd_3_full_dsp_32_u                                  |            fir_multiband_ap_fadd_3_full_dsp_32 |        225 |        225 |       0 |    0 |   111 |      0 |      0 |          2 |
|       (fir_multiband_ap_fadd_3_full_dsp_32_u)                              |            fir_multiband_ap_fadd_3_full_dsp_32 |          0 |          0 |       0 |    0 |     0 |      0 |      0 |          0 |
|       inst                                                                 |      floating_point_v7_1_11__parameterized0__4 |        225 |        225 |       0 |    0 |   111 |      0 |      0 |          2 |
|         (inst)                                                             |      floating_point_v7_1_11__parameterized0__4 |          0 |          0 |       0 |    0 |     0 |      0 |      0 |          0 |
|         i_synth                                                            |  floating_point_v7_1_11_viv__parameterized1__4 |        225 |        225 |       0 |    0 |   111 |      0 |      0 |          2 |
|           (i_synth)                                                        |  floating_point_v7_1_11_viv__parameterized1__4 |          0 |          0 |       0 |    0 |     0 |      0 |      0 |          0 |
|           ADDSUB_OP.ADDSUB                                                 |                                        flt_add |        224 |        224 |       0 |    0 |   110 |      0 |      0 |          2 |
|             DSP.OP                                                         |                                    flt_add_dsp |        224 |        224 |       0 |    0 |   110 |      0 |      0 |          2 |
|               A_IP_DELAY                                                   |                         delay__parameterized22 |         30 |         30 |       0 |    0 |    23 |      0 |      0 |          0 |
|                 i_pipe                                                     |      xbip_pipe_v3_0_6_viv__parameterized44_170 |         30 |         30 |       0 |    0 |    23 |      0 |      0 |          0 |
|               B_IP_DELAY                                                   |                     delay__parameterized22_141 |         23 |         23 |       0 |    0 |    23 |      0 |      0 |          0 |
|                 i_pipe                                                     |          xbip_pipe_v3_0_6_viv__parameterized44 |         23 |         23 |       0 |    0 |    23 |      0 |      0 |          0 |
|               DSP48E1_BODY.ALIGN_ADD                                       |                          align_add_dsp48e1_sgl |         51 |         51 |       0 |    0 |     1 |      0 |      0 |          1 |
|                 (DSP48E1_BODY.ALIGN_ADD)                                   |                          align_add_dsp48e1_sgl |          3 |          3 |       0 |    0 |     0 |      0 |      0 |          0 |
|                 DSP2                                                       |                dsp48e1_wrapper__parameterized2 |         48 |         48 |       0 |    0 |     0 |      0 |      0 |          1 |
|                 ZERO_14_DET.CARRY_MUX                                      |                    carry_chain__parameterized2 |          0 |          0 |       0 |    0 |     0 |      0 |      0 |          0 |
|                 ZERO_14_DET.ZERO_DET                                       |                  compare_eq_im__parameterized0 |          0 |          0 |       0 |    0 |     0 |      0 |      0 |          0 |
|                   CARRY_ZERO_DET                                           |                    carry_chain__parameterized1 |          0 |          0 |       0 |    0 |     0 |      0 |      0 |          0 |
|                 Z_14_LZD_DELAY                                             |                     delay__parameterized12_168 |          0 |          0 |       0 |    0 |     1 |      0 |      0 |          0 |
|                   i_pipe                                                   |      xbip_pipe_v3_0_6_viv__parameterized23_169 |          0 |          0 |       0 |    0 |     1 |      0 |      0 |          0 |
|               DSP48E1_BODY.EXP                                             |                                 flt_add_exp_sp |        102 |        102 |       0 |    0 |    60 |      0 |      0 |          0 |
|                 (DSP48E1_BODY.EXP)                                         |                                 flt_add_exp_sp |          9 |          9 |       0 |    0 |     0 |      0 |      0 |          0 |
|                 A_EXP_DELAY                                                |                     delay__parameterized16_142 |          0 |          0 |       0 |    0 |     8 |      0 |      0 |          0 |
|                   i_pipe                                                   |      xbip_pipe_v3_0_6_viv__parameterized31_167 |          0 |          0 |       0 |    0 |     8 |      0 |      0 |          0 |
|                 A_SIGN_DELAY                                               |                     delay__parameterized12_143 |          0 |          0 |       0 |    0 |     1 |      0 |      0 |          0 |
|                   i_pipe                                                   |      xbip_pipe_v3_0_6_viv__parameterized23_166 |          0 |          0 |       0 |    0 |     1 |      0 |      0 |          0 |
|                 BMA_EXP_DELAY                                              |                         delay__parameterized36 |         22 |         22 |       0 |    0 |     9 |      0 |      0 |          0 |
|                   i_pipe                                                   |      xbip_pipe_v3_0_6_viv__parameterized60_165 |         22 |         22 |       0 |    0 |     9 |      0 |      0 |          0 |
|                 B_EXP_DELAY                                                |                     delay__parameterized16_144 |          0 |          0 |       0 |    0 |     8 |      0 |      0 |          0 |
|                   i_pipe                                                   |      xbip_pipe_v3_0_6_viv__parameterized31_164 |          0 |          0 |       0 |    0 |     8 |      0 |      0 |          0 |
|                 B_SIGN_DELAY                                               |                     delay__parameterized12_145 |          1 |          1 |       0 |    0 |     1 |      0 |      0 |          0 |
|                   i_pipe                                                   |      xbip_pipe_v3_0_6_viv__parameterized23_163 |          1 |          1 |       0 |    0 |     1 |      0 |      0 |          0 |
|                 CANCELLATION_DELAY                                         |                         delay__parameterized32 |          0 |          0 |       0 |    0 |     1 |      0 |      0 |          0 |
|                   i_pipe                                                   |      xbip_pipe_v3_0_6_viv__parameterized27_162 |          0 |          0 |       0 |    0 |     1 |      0 |      0 |          0 |
|                 COND_DET_A                                                 |                 special_detect__parameterized0 |          9 |          9 |       0 |    0 |     3 |      0 |      0 |          0 |
|                   EXP_DET_LUT.EXP_ALL_ONE_DEL                              |                     delay__parameterized32_156 |          2 |          2 |       0 |    0 |     1 |      0 |      0 |          0 |
|                     i_pipe                                                 |      xbip_pipe_v3_0_6_viv__parameterized27_161 |          2 |          2 |       0 |    0 |     1 |      0 |      0 |          0 |
|                   EXP_DET_LUT.EXP_ALL_ZERO_DEL                             |                     delay__parameterized32_157 |          3 |          3 |       0 |    0 |     1 |      0 |      0 |          0 |
|                     i_pipe                                                 |      xbip_pipe_v3_0_6_viv__parameterized27_160 |          3 |          3 |       0 |    0 |     1 |      0 |      0 |          0 |
|                   MANT_CARRY.MANT_ALL_ZERO_DET                             |              compare_eq_im__parameterized1_158 |          4 |          4 |       0 |    0 |     1 |      0 |      0 |          0 |
|                     CARRY_ZERO_DET                                         |                carry_chain__parameterized3_159 |          4 |          4 |       0 |    0 |     1 |      0 |      0 |          0 |
|                 COND_DET_B                                                 |             special_detect__parameterized0_146 |         15 |         15 |       0 |    0 |     3 |      0 |      0 |          0 |
|                   EXP_DET_LUT.EXP_ALL_ONE_DEL                              |                     delay__parameterized32_152 |          2 |          2 |       0 |    0 |     1 |      0 |      0 |          0 |
|                     i_pipe                                                 |      xbip_pipe_v3_0_6_viv__parameterized27_155 |          2 |          2 |       0 |    0 |     1 |      0 |      0 |          0 |
|                   EXP_DET_LUT.EXP_ALL_ZERO_DEL                             |                     delay__parameterized32_153 |          5 |          5 |       0 |    0 |     1 |      0 |      0 |          0 |
|                     i_pipe                                                 |      xbip_pipe_v3_0_6_viv__parameterized27_154 |          5 |          5 |       0 |    0 |     1 |      0 |      0 |          0 |
|                   MANT_CARRY.MANT_ALL_ZERO_DET                             |                  compare_eq_im__parameterized1 |          8 |          8 |       0 |    0 |     1 |      0 |      0 |          0 |
|                     CARRY_ZERO_DET                                         |                    carry_chain__parameterized3 |          8 |          8 |       0 |    0 |     1 |      0 |      0 |          0 |
|                 DET_SIGN_DELAY                                             |                         delay__parameterized39 |          0 |          0 |       0 |    0 |     2 |      0 |      0 |          0 |
|                   i_pipe                                                   |      xbip_pipe_v3_0_6_viv__parameterized64_151 |          0 |          0 |       0 |    0 |     2 |      0 |      0 |          0 |
|                 EXP_OFF.LRG_EXP_DELAY                                      |                     delay__parameterized36_147 |          5 |          5 |       0 |    0 |     8 |      0 |      0 |          0 |
|                   i_pipe                                                   |          xbip_pipe_v3_0_6_viv__parameterized60 |          5 |          5 |       0 |    0 |     8 |      0 |      0 |          0 |
|                 EXP_OFF.STRUCT_ADD                                         |                    carry_chain__parameterized5 |          0 |          0 |       0 |    0 |     0 |      0 |      0 |          0 |
|                 INV_OP_DEL                                                 |                         delay__parameterized38 |          0 |          0 |       0 |    0 |     1 |      0 |      0 |          0 |
|                   i_pipe                                                   |          xbip_pipe_v3_0_6_viv__parameterized64 |          0 |          0 |       0 |    0 |     1 |      0 |      0 |          0 |
|                 NOT_LOW_LATENCY_NORM_DIST.NORM_EXP_DELAY                   |                         delay__parameterized41 |         10 |         10 |       0 |    0 |     9 |      0 |      0 |          0 |
|                   i_pipe                                                   |          xbip_pipe_v3_0_6_viv__parameterized68 |         10 |         10 |       0 |    0 |     9 |      0 |      0 |          0 |
|                 NUMB_CMP                                                   |                                        compare |         16 |         16 |       0 |    0 |     1 |      0 |      0 |          0 |
|                   NOT_FAST.CMP                                             |                                     compare_gt |         16 |         16 |       0 |    0 |     1 |      0 |      0 |          0 |
|                     C_CHAIN                                                |                    carry_chain__parameterized4 |         16 |         16 |       0 |    0 |     1 |      0 |      0 |          0 |
|                 STATE_DELAY                                                |                         delay__parameterized37 |         13 |         13 |       0 |    0 |     4 |      0 |      0 |          0 |
|                   i_pipe                                                   |          xbip_pipe_v3_0_6_viv__parameterized62 |         13 |         13 |       0 |    0 |     4 |      0 |      0 |          0 |
|                 SUB_DELAY                                                  |                     delay__parameterized12_148 |          2 |          2 |       0 |    0 |     1 |      0 |      0 |          0 |
|                   i_pipe                                                   |      xbip_pipe_v3_0_6_viv__parameterized23_150 |          2 |          2 |       0 |    0 |     1 |      0 |      0 |          0 |
|                 merged_sub_mux.STRUCT_ADD                                  |                carry_chain__parameterized5_149 |          0 |          0 |       0 |    0 |     0 |      0 |      0 |          0 |
|               DSP48E1_BODY.NORM_RND                                        |                     norm_and_round_dsp48e1_sgl |         18 |         18 |       0 |    0 |     3 |      0 |      0 |          1 |
|                 (DSP48E1_BODY.NORM_RND)                                    |                     norm_and_round_dsp48e1_sgl |          3 |          3 |       0 |    0 |     0 |      0 |      0 |          0 |
|                 FULL_USAGE_DSP.LOD                                         |                         lead_zero_encode_shift |         15 |         15 |       0 |    0 |     0 |      0 |      0 |          0 |
|                 FULL_USAGE_DSP.MSBS_DELAY                                  |                         delay__parameterized30 |          0 |          0 |       0 |    0 |     2 |      0 |      0 |          0 |
|                   i_pipe                                                   |          xbip_pipe_v3_0_6_viv__parameterized56 |          0 |          0 |       0 |    0 |     2 |      0 |      0 |          0 |
|                 FULL_USAGE_DSP.ROUND_BIT_DELAY                             |                         delay__parameterized12 |          0 |          0 |       0 |    0 |     1 |      0 |      0 |          0 |
|                   i_pipe                                                   |          xbip_pipe_v3_0_6_viv__parameterized23 |          0 |          0 |       0 |    0 |     1 |      0 |      0 |          0 |
|                 FULL_USAGE_DSP.SHIFT_RND                                   |                dsp48e1_wrapper__parameterized3 |          0 |          0 |       0 |    0 |     0 |      0 |      0 |          1 |
|           i_nd_to_rdy                                                      |          xbip_pipe_v3_0_6_viv__parameterized42 |          1 |          1 |       0 |    0 |     1 |      0 |      0 |          0 |
|   fcmp_32ns_32ns_1_2_no_dsp_1_U12                                          |      fir_multiband_fcmp_32ns_32ns_1_2_no_dsp_1 |         75 |         75 |       0 |    0 |    33 |      0 |      0 |          0 |
|     (fcmp_32ns_32ns_1_2_no_dsp_1_U12)                                      |      fir_multiband_fcmp_32ns_32ns_1_2_no_dsp_1 |         32 |         32 |       0 |    0 |    33 |      0 |      0 |          0 |
|     fir_multiband_ap_fcmp_0_no_dsp_32_u                                    |              fir_multiband_ap_fcmp_0_no_dsp_32 |         43 |         43 |       0 |    0 |     0 |      0 |      0 |          0 |
|       (fir_multiband_ap_fcmp_0_no_dsp_32_u)                                |              fir_multiband_ap_fcmp_0_no_dsp_32 |          2 |          2 |       0 |    0 |     0 |      0 |      0 |          0 |
|       inst                                                                 |         floating_point_v7_1_11__parameterized1 |         41 |         41 |       0 |    0 |     0 |      0 |      0 |          0 |
|         (inst)                                                             |         floating_point_v7_1_11__parameterized1 |          0 |          0 |       0 |    0 |     0 |      0 |      0 |          0 |
|         i_synth                                                            |     floating_point_v7_1_11_viv__parameterized3 |         41 |         41 |       0 |    0 |     0 |      0 |      0 |          0 |
|           (i_synth)                                                        |     floating_point_v7_1_11_viv__parameterized3 |          0 |          0 |       0 |    0 |     0 |      0 |      0 |          0 |
|           COMP_OP.SPD.OP                                                   |                                         fp_cmp |         41 |         41 |       0 |    0 |     0 |      0 |      0 |          0 |
|             STRUCT_CMP.A_EQ_B_DET                                          |                                     compare_eq |         11 |         11 |       0 |    0 |     0 |      0 |      0 |          0 |
|               WIDE_AND                                                     |                    carry_chain__parameterized8 |         11 |         11 |       0 |    0 |     0 |      0 |      0 |          0 |
|             STRUCT_CMP.A_EXP_ALL_ONE_DET                                   |                  compare_eq_im__parameterized3 |          3 |          3 |       0 |    0 |     0 |      0 |      0 |          0 |
|               (STRUCT_CMP.A_EXP_ALL_ONE_DET)                               |                  compare_eq_im__parameterized3 |          1 |          1 |       0 |    0 |     0 |      0 |      0 |          0 |
|               CARRY_ZERO_DET                                               |                carry_chain__parameterized7_140 |          2 |          2 |       0 |    0 |     0 |      0 |      0 |          0 |
|             STRUCT_CMP.A_FRAC_NOT_ZERO_DET                                 |                                  compare_ne_im |          4 |          4 |       0 |    0 |     0 |      0 |      0 |          0 |
|               (STRUCT_CMP.A_FRAC_NOT_ZERO_DET)                             |                                  compare_ne_im |          4 |          4 |       0 |    0 |     0 |      0 |      0 |          0 |
|               WIDE_NOR                                                     |                carry_chain__parameterized0_139 |          0 |          0 |       0 |    0 |     0 |      0 |      0 |          0 |
|             STRUCT_CMP.A_GT_B_DET                                          |                     compare_gt__parameterized0 |         16 |         16 |       0 |    0 |     0 |      0 |      0 |          0 |
|               (STRUCT_CMP.A_GT_B_DET)                                      |                     compare_gt__parameterized0 |         10 |         10 |       0 |    0 |     0 |      0 |      0 |          0 |
|               C_CHAIN                                                      |                    carry_chain__parameterized9 |         16 |         16 |       0 |    0 |     0 |      0 |      0 |          0 |
|             STRUCT_CMP.B_EXP_ALL_ONE_DET                                   |              compare_eq_im__parameterized3_136 |          0 |          0 |       0 |    0 |     0 |      0 |      0 |          0 |
|               CARRY_ZERO_DET                                               |                    carry_chain__parameterized7 |          0 |          0 |       0 |    0 |     0 |      0 |      0 |          0 |
|             STRUCT_CMP.B_FRAC_NOT_ZERO_DET                                 |                              compare_ne_im_137 |          4 |          4 |       0 |    0 |     0 |      0 |      0 |          0 |
|               WIDE_NOR                                                     |                carry_chain__parameterized0_138 |          4 |          4 |       0 |    0 |     0 |      0 |      0 |          0 |
|             STRUCT_CMP.EXP_ALL_ZERO_DET                                    |                  compare_eq_im__parameterized2 |          3 |          3 |       0 |    0 |     0 |      0 |      0 |          0 |
|               (STRUCT_CMP.EXP_ALL_ZERO_DET)                                |                  compare_eq_im__parameterized2 |          2 |          2 |       0 |    0 |     0 |      0 |      0 |          0 |
|               CARRY_ZERO_DET                                               |                    carry_chain__parameterized6 |          1 |          1 |       0 |    0 |     0 |      0 |      0 |          0 |
|   fmul_32ns_32ns_32_4_max_dsp_1_U1                                         |    fir_multiband_fmul_32ns_32ns_32_4_max_dsp_1 |        332 |        332 |       0 |    0 |   111 |      0 |      0 |          3 |
|     (fmul_32ns_32ns_32_4_max_dsp_1_U1)                                     |    fir_multiband_fmul_32ns_32ns_32_4_max_dsp_1 |        257 |        257 |       0 |    0 |    62 |      0 |      0 |          0 |
|     fir_multiband_ap_fmul_2_max_dsp_32_u                                   |         fir_multiband_ap_fmul_2_max_dsp_32_107 |         75 |         75 |       0 |    0 |    49 |      0 |      0 |          3 |
|       (fir_multiband_ap_fmul_2_max_dsp_32_u)                               |         fir_multiband_ap_fmul_2_max_dsp_32_107 |          0 |          0 |       0 |    0 |     0 |      0 |      0 |          0 |
|       inst                                                                 |                         floating_point_v7_1_11 |         75 |         75 |       0 |    0 |    49 |      0 |      0 |          3 |
|         (inst)                                                             |                         floating_point_v7_1_11 |          0 |          0 |       0 |    0 |     0 |      0 |      0 |          0 |
|         i_synth                                                            |                     floating_point_v7_1_11_viv |         75 |         75 |       0 |    0 |    49 |      0 |      0 |          3 |
|           (i_synth)                                                        |                     floating_point_v7_1_11_viv |          0 |          0 |       0 |    0 |     0 |      0 |      0 |          0 |
|           MULT.OP                                                          |                                   flt_mult_108 |         74 |         74 |       0 |    0 |    48 |      0 |      0 |          3 |
|             i_non_prim.EXP                                                 |                               flt_mult_exp_110 |         40 |         40 |       0 |    0 |    16 |      0 |      0 |          0 |
|               COND_DET_A                                                   |                             special_detect_119 |          9 |          9 |       0 |    0 |     0 |      0 |      0 |          0 |
|                 MANT_CARRY.MANT_ALL_ZERO_DET                               |                              compare_eq_im_134 |          9 |          9 |       0 |    0 |     0 |      0 |      0 |          0 |
|                   (MANT_CARRY.MANT_ALL_ZERO_DET)                           |                              compare_eq_im_134 |          4 |          4 |       0 |    0 |     0 |      0 |      0 |          0 |
|                   CARRY_ZERO_DET                                           |                carry_chain__parameterized0_135 |          5 |          5 |       0 |    0 |     0 |      0 |      0 |          0 |
|               COND_DET_B                                                   |                             special_detect_120 |          5 |          5 |       0 |    0 |     0 |      0 |      0 |          0 |
|                 MANT_CARRY.MANT_ALL_ZERO_DET                               |                              compare_eq_im_132 |          5 |          5 |       0 |    0 |     0 |      0 |      0 |          0 |
|                   (MANT_CARRY.MANT_ALL_ZERO_DET)                           |                              compare_eq_im_132 |          4 |          4 |       0 |    0 |     0 |      0 |      0 |          0 |
|                   CARRY_ZERO_DET                                           |                carry_chain__parameterized0_133 |          1 |          1 |       0 |    0 |     0 |      0 |      0 |          0 |
|               EXP_ADD.C_CHAIN                                              |                                carry_chain_121 |         12 |         12 |       0 |    0 |     0 |      0 |      0 |          0 |
|               EXP_PRE_RND_DEL                                              |                     delay__parameterized16_122 |          0 |          0 |       0 |    0 |     8 |      0 |      0 |          0 |
|                 i_pipe                                                     |      xbip_pipe_v3_0_6_viv__parameterized31_131 |          0 |          0 |       0 |    0 |     8 |      0 |      0 |          0 |
|               INV_OP_DEL                                                   |                     delay__parameterized14_123 |          0 |          0 |       0 |    0 |     1 |      0 |      0 |          0 |
|                 i_pipe                                                     |      xbip_pipe_v3_0_6_viv__parameterized27_130 |          0 |          0 |       0 |    0 |     1 |      0 |      0 |          0 |
|               IP_SIGN_DELAY                                                |                     delay__parameterized14_124 |          0 |          0 |       0 |    0 |     1 |      0 |      0 |          0 |
|                 i_pipe                                                     |      xbip_pipe_v3_0_6_viv__parameterized27_129 |          0 |          0 |       0 |    0 |     1 |      0 |      0 |          0 |
|               SIG_DELAY                                                    |                     delay__parameterized15_125 |          5 |          5 |       0 |    0 |     4 |      0 |      0 |          0 |
|                 i_pipe                                                     |      xbip_pipe_v3_0_6_viv__parameterized29_128 |          5 |          5 |       0 |    0 |     4 |      0 |      0 |          0 |
|               STATE_DELAY                                                  |                     delay__parameterized13_126 |          9 |          9 |       0 |    0 |     2 |      0 |      0 |          0 |
|                 i_pipe                                                     |      xbip_pipe_v3_0_6_viv__parameterized25_127 |          9 |          9 |       0 |    0 |     2 |      0 |      0 |          0 |
|             i_non_prim.MULT                                                |                                   fix_mult_111 |         26 |         26 |       0 |    0 |     0 |      0 |      0 |          2 |
|               DSP48E1_SPD_SGL_VARIANT.FIX_MULT                             |                       fix_mult_dsp48e1_sgl_116 |         26 |         26 |       0 |    0 |     0 |      0 |      0 |          2 |
|                 DSP1                                                       |                            dsp48e1_wrapper_117 |          0 |          0 |       0 |    0 |     0 |      0 |      0 |          1 |
|                 DSP2                                                       |            dsp48e1_wrapper__parameterized0_118 |         26 |         26 |       0 |    0 |     0 |      0 |      0 |          1 |
|             i_non_prim.OP                                                  |                             flt_dec_op_lat_112 |          8 |          8 |       0 |    0 |    32 |      0 |      0 |          0 |
|             i_non_prim.R_AND_R                                             |                             flt_mult_round_113 |          0 |          0 |       0 |    0 |     0 |      0 |      0 |          1 |
|               LAT_OPT.FULL.R_AND_R                                         |                     flt_round_dsp_opt_full_114 |          0 |          0 |       0 |    0 |     0 |      0 |      0 |          1 |
|                 DSP48E1_SGL_EXP_IP.OLD_ADD.ADD                             |            dsp48e1_wrapper__parameterized1_115 |          0 |          0 |       0 |    0 |     0 |      0 |      0 |          1 |
|           i_nd_to_rdy                                                      |                       xbip_pipe_v3_0_6_viv_109 |          1 |          1 |       0 |    0 |     1 |      0 |      0 |          0 |
|   fmul_32ns_32ns_32_4_max_dsp_1_U2                                         |  fir_multiband_fmul_32ns_32ns_32_4_max_dsp_1_5 |        394 |        394 |       0 |    0 |   113 |      0 |      0 |          3 |
|     (fmul_32ns_32ns_32_4_max_dsp_1_U2)                                     |  fir_multiband_fmul_32ns_32ns_32_4_max_dsp_1_5 |        286 |        286 |       0 |    0 |    64 |      0 |      0 |          0 |
|     fir_multiband_ap_fmul_2_max_dsp_32_u                                   |          fir_multiband_ap_fmul_2_max_dsp_32_78 |        108 |        108 |       0 |    0 |    49 |      0 |      0 |          3 |
|       (fir_multiband_ap_fmul_2_max_dsp_32_u)                               |          fir_multiband_ap_fmul_2_max_dsp_32_78 |         32 |         32 |       0 |    0 |     0 |      0 |      0 |          0 |
|       inst                                                                 |                      floating_point_v7_1_11__4 |         76 |         76 |       0 |    0 |    49 |      0 |      0 |          3 |
|         (inst)                                                             |                      floating_point_v7_1_11__4 |          0 |          0 |       0 |    0 |     0 |      0 |      0 |          0 |
|         i_synth                                                            |                  floating_point_v7_1_11_viv__4 |         76 |         76 |       0 |    0 |    49 |      0 |      0 |          3 |
|           (i_synth)                                                        |                  floating_point_v7_1_11_viv__4 |          0 |          0 |       0 |    0 |     0 |      0 |      0 |          0 |
|           MULT.OP                                                          |                                    flt_mult_79 |         75 |         75 |       0 |    0 |    48 |      0 |      0 |          3 |
|             i_non_prim.EXP                                                 |                                flt_mult_exp_81 |         41 |         41 |       0 |    0 |    16 |      0 |      0 |          0 |
|               COND_DET_A                                                   |                              special_detect_90 |          9 |          9 |       0 |    0 |     0 |      0 |      0 |          0 |
|                 MANT_CARRY.MANT_ALL_ZERO_DET                               |                              compare_eq_im_105 |          9 |          9 |       0 |    0 |     0 |      0 |      0 |          0 |
|                   (MANT_CARRY.MANT_ALL_ZERO_DET)                           |                              compare_eq_im_105 |          4 |          4 |       0 |    0 |     0 |      0 |      0 |          0 |
|                   CARRY_ZERO_DET                                           |                carry_chain__parameterized0_106 |          5 |          5 |       0 |    0 |     0 |      0 |      0 |          0 |
|               COND_DET_B                                                   |                              special_detect_91 |          5 |          5 |       0 |    0 |     0 |      0 |      0 |          0 |
|                 MANT_CARRY.MANT_ALL_ZERO_DET                               |                              compare_eq_im_103 |          5 |          5 |       0 |    0 |     0 |      0 |      0 |          0 |
|                   (MANT_CARRY.MANT_ALL_ZERO_DET)                           |                              compare_eq_im_103 |          4 |          4 |       0 |    0 |     0 |      0 |      0 |          0 |
|                   CARRY_ZERO_DET                                           |                carry_chain__parameterized0_104 |          1 |          1 |       0 |    0 |     0 |      0 |      0 |          0 |
|               EXP_ADD.C_CHAIN                                              |                                 carry_chain_92 |         12 |         12 |       0 |    0 |     0 |      0 |      0 |          0 |
|               EXP_PRE_RND_DEL                                              |                      delay__parameterized16_93 |          0 |          0 |       0 |    0 |     8 |      0 |      0 |          0 |
|                 i_pipe                                                     |      xbip_pipe_v3_0_6_viv__parameterized31_102 |          0 |          0 |       0 |    0 |     8 |      0 |      0 |          0 |
|               INV_OP_DEL                                                   |                      delay__parameterized14_94 |          0 |          0 |       0 |    0 |     1 |      0 |      0 |          0 |
|                 i_pipe                                                     |      xbip_pipe_v3_0_6_viv__parameterized27_101 |          0 |          0 |       0 |    0 |     1 |      0 |      0 |          0 |
|               IP_SIGN_DELAY                                                |                      delay__parameterized14_95 |          0 |          0 |       0 |    0 |     1 |      0 |      0 |          0 |
|                 i_pipe                                                     |      xbip_pipe_v3_0_6_viv__parameterized27_100 |          0 |          0 |       0 |    0 |     1 |      0 |      0 |          0 |
|               SIG_DELAY                                                    |                      delay__parameterized15_96 |          5 |          5 |       0 |    0 |     4 |      0 |      0 |          0 |
|                 i_pipe                                                     |       xbip_pipe_v3_0_6_viv__parameterized29_99 |          5 |          5 |       0 |    0 |     4 |      0 |      0 |          0 |
|               STATE_DELAY                                                  |                      delay__parameterized13_97 |         10 |         10 |       0 |    0 |     2 |      0 |      0 |          0 |
|                 i_pipe                                                     |       xbip_pipe_v3_0_6_viv__parameterized25_98 |         10 |         10 |       0 |    0 |     2 |      0 |      0 |          0 |
|             i_non_prim.MULT                                                |                                    fix_mult_82 |         26 |         26 |       0 |    0 |     0 |      0 |      0 |          2 |
|               DSP48E1_SPD_SGL_VARIANT.FIX_MULT                             |                        fix_mult_dsp48e1_sgl_87 |         26 |         26 |       0 |    0 |     0 |      0 |      0 |          2 |
|                 DSP1                                                       |                             dsp48e1_wrapper_88 |          0 |          0 |       0 |    0 |     0 |      0 |      0 |          1 |
|                 DSP2                                                       |             dsp48e1_wrapper__parameterized0_89 |         26 |         26 |       0 |    0 |     0 |      0 |      0 |          1 |
|             i_non_prim.OP                                                  |                              flt_dec_op_lat_83 |          8 |          8 |       0 |    0 |    32 |      0 |      0 |          0 |
|             i_non_prim.R_AND_R                                             |                              flt_mult_round_84 |          0 |          0 |       0 |    0 |     0 |      0 |      0 |          1 |
|               LAT_OPT.FULL.R_AND_R                                         |                      flt_round_dsp_opt_full_85 |          0 |          0 |       0 |    0 |     0 |      0 |      0 |          1 |
|                 DSP48E1_SGL_EXP_IP.OLD_ADD.ADD                             |             dsp48e1_wrapper__parameterized1_86 |          0 |          0 |       0 |    0 |     0 |      0 |      0 |          1 |
|           i_nd_to_rdy                                                      |                        xbip_pipe_v3_0_6_viv_80 |          1 |          1 |       0 |    0 |     1 |      0 |      0 |          0 |
|   fmul_32ns_32ns_32_4_max_dsp_1_U3                                         |  fir_multiband_fmul_32ns_32ns_32_4_max_dsp_1_6 |        332 |        332 |       0 |    0 |   111 |      0 |      0 |          3 |
|     (fmul_32ns_32ns_32_4_max_dsp_1_U3)                                     |  fir_multiband_fmul_32ns_32ns_32_4_max_dsp_1_6 |        257 |        257 |       0 |    0 |    62 |      0 |      0 |          0 |
|     fir_multiband_ap_fmul_2_max_dsp_32_u                                   |          fir_multiband_ap_fmul_2_max_dsp_32_49 |         75 |         75 |       0 |    0 |    49 |      0 |      0 |          3 |
|       (fir_multiband_ap_fmul_2_max_dsp_32_u)                               |          fir_multiband_ap_fmul_2_max_dsp_32_49 |          0 |          0 |       0 |    0 |     0 |      0 |      0 |          0 |
|       inst                                                                 |                      floating_point_v7_1_11__3 |         75 |         75 |       0 |    0 |    49 |      0 |      0 |          3 |
|         (inst)                                                             |                      floating_point_v7_1_11__3 |          0 |          0 |       0 |    0 |     0 |      0 |      0 |          0 |
|         i_synth                                                            |                  floating_point_v7_1_11_viv__3 |         75 |         75 |       0 |    0 |    49 |      0 |      0 |          3 |
|           (i_synth)                                                        |                  floating_point_v7_1_11_viv__3 |          0 |          0 |       0 |    0 |     0 |      0 |      0 |          0 |
|           MULT.OP                                                          |                                    flt_mult_50 |         74 |         74 |       0 |    0 |    48 |      0 |      0 |          3 |
|             i_non_prim.EXP                                                 |                                flt_mult_exp_52 |         40 |         40 |       0 |    0 |    16 |      0 |      0 |          0 |
|               COND_DET_A                                                   |                              special_detect_61 |          9 |          9 |       0 |    0 |     0 |      0 |      0 |          0 |
|                 MANT_CARRY.MANT_ALL_ZERO_DET                               |                               compare_eq_im_76 |          9 |          9 |       0 |    0 |     0 |      0 |      0 |          0 |
|                   (MANT_CARRY.MANT_ALL_ZERO_DET)                           |                               compare_eq_im_76 |          4 |          4 |       0 |    0 |     0 |      0 |      0 |          0 |
|                   CARRY_ZERO_DET                                           |                 carry_chain__parameterized0_77 |          5 |          5 |       0 |    0 |     0 |      0 |      0 |          0 |
|               COND_DET_B                                                   |                              special_detect_62 |          5 |          5 |       0 |    0 |     0 |      0 |      0 |          0 |
|                 MANT_CARRY.MANT_ALL_ZERO_DET                               |                               compare_eq_im_74 |          5 |          5 |       0 |    0 |     0 |      0 |      0 |          0 |
|                   (MANT_CARRY.MANT_ALL_ZERO_DET)                           |                               compare_eq_im_74 |          4 |          4 |       0 |    0 |     0 |      0 |      0 |          0 |
|                   CARRY_ZERO_DET                                           |                 carry_chain__parameterized0_75 |          1 |          1 |       0 |    0 |     0 |      0 |      0 |          0 |
|               EXP_ADD.C_CHAIN                                              |                                 carry_chain_63 |         12 |         12 |       0 |    0 |     0 |      0 |      0 |          0 |
|               EXP_PRE_RND_DEL                                              |                      delay__parameterized16_64 |          0 |          0 |       0 |    0 |     8 |      0 |      0 |          0 |
|                 i_pipe                                                     |       xbip_pipe_v3_0_6_viv__parameterized31_73 |          0 |          0 |       0 |    0 |     8 |      0 |      0 |          0 |
|               INV_OP_DEL                                                   |                      delay__parameterized14_65 |          0 |          0 |       0 |    0 |     1 |      0 |      0 |          0 |
|                 i_pipe                                                     |       xbip_pipe_v3_0_6_viv__parameterized27_72 |          0 |          0 |       0 |    0 |     1 |      0 |      0 |          0 |
|               IP_SIGN_DELAY                                                |                      delay__parameterized14_66 |          0 |          0 |       0 |    0 |     1 |      0 |      0 |          0 |
|                 i_pipe                                                     |       xbip_pipe_v3_0_6_viv__parameterized27_71 |          0 |          0 |       0 |    0 |     1 |      0 |      0 |          0 |
|               SIG_DELAY                                                    |                      delay__parameterized15_67 |          5 |          5 |       0 |    0 |     4 |      0 |      0 |          0 |
|                 i_pipe                                                     |       xbip_pipe_v3_0_6_viv__parameterized29_70 |          5 |          5 |       0 |    0 |     4 |      0 |      0 |          0 |
|               STATE_DELAY                                                  |                      delay__parameterized13_68 |          9 |          9 |       0 |    0 |     2 |      0 |      0 |          0 |
|                 i_pipe                                                     |       xbip_pipe_v3_0_6_viv__parameterized25_69 |          9 |          9 |       0 |    0 |     2 |      0 |      0 |          0 |
|             i_non_prim.MULT                                                |                                    fix_mult_53 |         26 |         26 |       0 |    0 |     0 |      0 |      0 |          2 |
|               DSP48E1_SPD_SGL_VARIANT.FIX_MULT                             |                        fix_mult_dsp48e1_sgl_58 |         26 |         26 |       0 |    0 |     0 |      0 |      0 |          2 |
|                 DSP1                                                       |                             dsp48e1_wrapper_59 |          0 |          0 |       0 |    0 |     0 |      0 |      0 |          1 |
|                 DSP2                                                       |             dsp48e1_wrapper__parameterized0_60 |         26 |         26 |       0 |    0 |     0 |      0 |      0 |          1 |
|             i_non_prim.OP                                                  |                              flt_dec_op_lat_54 |          8 |          8 |       0 |    0 |    32 |      0 |      0 |          0 |
|             i_non_prim.R_AND_R                                             |                              flt_mult_round_55 |          0 |          0 |       0 |    0 |     0 |      0 |      0 |          1 |
|               LAT_OPT.FULL.R_AND_R                                         |                      flt_round_dsp_opt_full_56 |          0 |          0 |       0 |    0 |     0 |      0 |      0 |          1 |
|                 DSP48E1_SGL_EXP_IP.OLD_ADD.ADD                             |             dsp48e1_wrapper__parameterized1_57 |          0 |          0 |       0 |    0 |     0 |      0 |      0 |          1 |
|           i_nd_to_rdy                                                      |                        xbip_pipe_v3_0_6_viv_51 |          1 |          1 |       0 |    0 |     1 |      0 |      0 |          0 |
|   fmul_32ns_32ns_32_4_max_dsp_1_U4                                         |  fir_multiband_fmul_32ns_32ns_32_4_max_dsp_1_7 |        369 |        369 |       0 |    0 |   111 |      0 |      0 |          3 |
|     (fmul_32ns_32ns_32_4_max_dsp_1_U4)                                     |  fir_multiband_fmul_32ns_32ns_32_4_max_dsp_1_7 |        294 |        294 |       0 |    0 |    62 |      0 |      0 |          0 |
|     fir_multiband_ap_fmul_2_max_dsp_32_u                                   |          fir_multiband_ap_fmul_2_max_dsp_32_20 |         75 |         75 |       0 |    0 |    49 |      0 |      0 |          3 |
|       (fir_multiband_ap_fmul_2_max_dsp_32_u)                               |          fir_multiband_ap_fmul_2_max_dsp_32_20 |          0 |          0 |       0 |    0 |     0 |      0 |      0 |          0 |
|       inst                                                                 |                      floating_point_v7_1_11__2 |         75 |         75 |       0 |    0 |    49 |      0 |      0 |          3 |
|         (inst)                                                             |                      floating_point_v7_1_11__2 |          0 |          0 |       0 |    0 |     0 |      0 |      0 |          0 |
|         i_synth                                                            |                  floating_point_v7_1_11_viv__2 |         75 |         75 |       0 |    0 |    49 |      0 |      0 |          3 |
|           (i_synth)                                                        |                  floating_point_v7_1_11_viv__2 |          0 |          0 |       0 |    0 |     0 |      0 |      0 |          0 |
|           MULT.OP                                                          |                                    flt_mult_21 |         74 |         74 |       0 |    0 |    48 |      0 |      0 |          3 |
|             i_non_prim.EXP                                                 |                                flt_mult_exp_23 |         40 |         40 |       0 |    0 |    16 |      0 |      0 |          0 |
|               COND_DET_A                                                   |                              special_detect_32 |          9 |          9 |       0 |    0 |     0 |      0 |      0 |          0 |
|                 MANT_CARRY.MANT_ALL_ZERO_DET                               |                               compare_eq_im_47 |          9 |          9 |       0 |    0 |     0 |      0 |      0 |          0 |
|                   (MANT_CARRY.MANT_ALL_ZERO_DET)                           |                               compare_eq_im_47 |          4 |          4 |       0 |    0 |     0 |      0 |      0 |          0 |
|                   CARRY_ZERO_DET                                           |                 carry_chain__parameterized0_48 |          5 |          5 |       0 |    0 |     0 |      0 |      0 |          0 |
|               COND_DET_B                                                   |                              special_detect_33 |          5 |          5 |       0 |    0 |     0 |      0 |      0 |          0 |
|                 MANT_CARRY.MANT_ALL_ZERO_DET                               |                               compare_eq_im_45 |          5 |          5 |       0 |    0 |     0 |      0 |      0 |          0 |
|                   (MANT_CARRY.MANT_ALL_ZERO_DET)                           |                               compare_eq_im_45 |          4 |          4 |       0 |    0 |     0 |      0 |      0 |          0 |
|                   CARRY_ZERO_DET                                           |                 carry_chain__parameterized0_46 |          1 |          1 |       0 |    0 |     0 |      0 |      0 |          0 |
|               EXP_ADD.C_CHAIN                                              |                                 carry_chain_34 |         12 |         12 |       0 |    0 |     0 |      0 |      0 |          0 |
|               EXP_PRE_RND_DEL                                              |                      delay__parameterized16_35 |          0 |          0 |       0 |    0 |     8 |      0 |      0 |          0 |
|                 i_pipe                                                     |       xbip_pipe_v3_0_6_viv__parameterized31_44 |          0 |          0 |       0 |    0 |     8 |      0 |      0 |          0 |
|               INV_OP_DEL                                                   |                      delay__parameterized14_36 |          0 |          0 |       0 |    0 |     1 |      0 |      0 |          0 |
|                 i_pipe                                                     |       xbip_pipe_v3_0_6_viv__parameterized27_43 |          0 |          0 |       0 |    0 |     1 |      0 |      0 |          0 |
|               IP_SIGN_DELAY                                                |                      delay__parameterized14_37 |          0 |          0 |       0 |    0 |     1 |      0 |      0 |          0 |
|                 i_pipe                                                     |       xbip_pipe_v3_0_6_viv__parameterized27_42 |          0 |          0 |       0 |    0 |     1 |      0 |      0 |          0 |
|               SIG_DELAY                                                    |                      delay__parameterized15_38 |          5 |          5 |       0 |    0 |     4 |      0 |      0 |          0 |
|                 i_pipe                                                     |       xbip_pipe_v3_0_6_viv__parameterized29_41 |          5 |          5 |       0 |    0 |     4 |      0 |      0 |          0 |
|               STATE_DELAY                                                  |                      delay__parameterized13_39 |          9 |          9 |       0 |    0 |     2 |      0 |      0 |          0 |
|                 i_pipe                                                     |       xbip_pipe_v3_0_6_viv__parameterized25_40 |          9 |          9 |       0 |    0 |     2 |      0 |      0 |          0 |
|             i_non_prim.MULT                                                |                                    fix_mult_24 |         26 |         26 |       0 |    0 |     0 |      0 |      0 |          2 |
|               DSP48E1_SPD_SGL_VARIANT.FIX_MULT                             |                        fix_mult_dsp48e1_sgl_29 |         26 |         26 |       0 |    0 |     0 |      0 |      0 |          2 |
|                 DSP1                                                       |                             dsp48e1_wrapper_30 |          0 |          0 |       0 |    0 |     0 |      0 |      0 |          1 |
|                 DSP2                                                       |             dsp48e1_wrapper__parameterized0_31 |         26 |         26 |       0 |    0 |     0 |      0 |      0 |          1 |
|             i_non_prim.OP                                                  |                              flt_dec_op_lat_25 |          8 |          8 |       0 |    0 |    32 |      0 |      0 |          0 |
|             i_non_prim.R_AND_R                                             |                              flt_mult_round_26 |          0 |          0 |       0 |    0 |     0 |      0 |      0 |          1 |
|               LAT_OPT.FULL.R_AND_R                                         |                      flt_round_dsp_opt_full_27 |          0 |          0 |       0 |    0 |     0 |      0 |      0 |          1 |
|                 DSP48E1_SGL_EXP_IP.OLD_ADD.ADD                             |             dsp48e1_wrapper__parameterized1_28 |          0 |          0 |       0 |    0 |     0 |      0 |      0 |          1 |
|           i_nd_to_rdy                                                      |                        xbip_pipe_v3_0_6_viv_22 |          1 |          1 |       0 |    0 |     1 |      0 |      0 |          0 |
|   fmul_32ns_32ns_32_4_max_dsp_1_U5                                         |  fir_multiband_fmul_32ns_32ns_32_4_max_dsp_1_8 |        340 |        340 |       0 |    0 |   111 |      0 |      0 |          3 |
|     (fmul_32ns_32ns_32_4_max_dsp_1_U5)                                     |  fir_multiband_fmul_32ns_32ns_32_4_max_dsp_1_8 |        265 |        265 |       0 |    0 |    62 |      0 |      0 |          0 |
|     fir_multiband_ap_fmul_2_max_dsp_32_u                                   |             fir_multiband_ap_fmul_2_max_dsp_32 |         75 |         75 |       0 |    0 |    49 |      0 |      0 |          3 |
|       (fir_multiband_ap_fmul_2_max_dsp_32_u)                               |             fir_multiband_ap_fmul_2_max_dsp_32 |          0 |          0 |       0 |    0 |     0 |      0 |      0 |          0 |
|       inst                                                                 |                      floating_point_v7_1_11__1 |         75 |         75 |       0 |    0 |    49 |      0 |      0 |          3 |
|         (inst)                                                             |                      floating_point_v7_1_11__1 |          0 |          0 |       0 |    0 |     0 |      0 |      0 |          0 |
|         i_synth                                                            |                  floating_point_v7_1_11_viv__1 |         75 |         75 |       0 |    0 |    49 |      0 |      0 |          3 |
|           (i_synth)                                                        |                  floating_point_v7_1_11_viv__1 |          0 |          0 |       0 |    0 |     0 |      0 |      0 |          0 |
|           MULT.OP                                                          |                                       flt_mult |         74 |         74 |       0 |    0 |    48 |      0 |      0 |          3 |
|             i_non_prim.EXP                                                 |                                   flt_mult_exp |         40 |         40 |       0 |    0 |    16 |      0 |      0 |          0 |
|               COND_DET_A                                                   |                                 special_detect |          9 |          9 |       0 |    0 |     0 |      0 |      0 |          0 |
|                 MANT_CARRY.MANT_ALL_ZERO_DET                               |                               compare_eq_im_18 |          9 |          9 |       0 |    0 |     0 |      0 |      0 |          0 |
|                   (MANT_CARRY.MANT_ALL_ZERO_DET)                           |                               compare_eq_im_18 |          4 |          4 |       0 |    0 |     0 |      0 |      0 |          0 |
|                   CARRY_ZERO_DET                                           |                 carry_chain__parameterized0_19 |          5 |          5 |       0 |    0 |     0 |      0 |      0 |          0 |
|               COND_DET_B                                                   |                              special_detect_15 |          5 |          5 |       0 |    0 |     0 |      0 |      0 |          0 |
|                 MANT_CARRY.MANT_ALL_ZERO_DET                               |                                  compare_eq_im |          5 |          5 |       0 |    0 |     0 |      0 |      0 |          0 |
|                   (MANT_CARRY.MANT_ALL_ZERO_DET)                           |                                  compare_eq_im |          4 |          4 |       0 |    0 |     0 |      0 |      0 |          0 |
|                   CARRY_ZERO_DET                                           |                    carry_chain__parameterized0 |          1 |          1 |       0 |    0 |     0 |      0 |      0 |          0 |
|               EXP_ADD.C_CHAIN                                              |                                    carry_chain |         12 |         12 |       0 |    0 |     0 |      0 |      0 |          0 |
|               EXP_PRE_RND_DEL                                              |                         delay__parameterized16 |          0 |          0 |       0 |    0 |     8 |      0 |      0 |          0 |
|                 i_pipe                                                     |          xbip_pipe_v3_0_6_viv__parameterized31 |          0 |          0 |       0 |    0 |     8 |      0 |      0 |          0 |
|               INV_OP_DEL                                                   |                         delay__parameterized14 |          0 |          0 |       0 |    0 |     1 |      0 |      0 |          0 |
|                 i_pipe                                                     |       xbip_pipe_v3_0_6_viv__parameterized27_17 |          0 |          0 |       0 |    0 |     1 |      0 |      0 |          0 |
|               IP_SIGN_DELAY                                                |                      delay__parameterized14_16 |          0 |          0 |       0 |    0 |     1 |      0 |      0 |          0 |
|                 i_pipe                                                     |          xbip_pipe_v3_0_6_viv__parameterized27 |          0 |          0 |       0 |    0 |     1 |      0 |      0 |          0 |
|               SIG_DELAY                                                    |                         delay__parameterized15 |          5 |          5 |       0 |    0 |     4 |      0 |      0 |          0 |
|                 i_pipe                                                     |          xbip_pipe_v3_0_6_viv__parameterized29 |          5 |          5 |       0 |    0 |     4 |      0 |      0 |          0 |
|               STATE_DELAY                                                  |                         delay__parameterized13 |          9 |          9 |       0 |    0 |     2 |      0 |      0 |          0 |
|                 i_pipe                                                     |          xbip_pipe_v3_0_6_viv__parameterized25 |          9 |          9 |       0 |    0 |     2 |      0 |      0 |          0 |
|             i_non_prim.MULT                                                |                                       fix_mult |         26 |         26 |       0 |    0 |     0 |      0 |      0 |          2 |
|               DSP48E1_SPD_SGL_VARIANT.FIX_MULT                             |                           fix_mult_dsp48e1_sgl |         26 |         26 |       0 |    0 |     0 |      0 |      0 |          2 |
|                 DSP1                                                       |                                dsp48e1_wrapper |          0 |          0 |       0 |    0 |     0 |      0 |      0 |          1 |
|                 DSP2                                                       |                dsp48e1_wrapper__parameterized0 |         26 |         26 |       0 |    0 |     0 |      0 |      0 |          1 |
|             i_non_prim.OP                                                  |                                 flt_dec_op_lat |          8 |          8 |       0 |    0 |    32 |      0 |      0 |          0 |
|             i_non_prim.R_AND_R                                             |                                 flt_mult_round |          0 |          0 |       0 |    0 |     0 |      0 |      0 |          1 |
|               LAT_OPT.FULL.R_AND_R                                         |                         flt_round_dsp_opt_full |          0 |          0 |       0 |    0 |     0 |      0 |      0 |          1 |
|                 DSP48E1_SGL_EXP_IP.OLD_ADD.ADD                             |                dsp48e1_wrapper__parameterized1 |          0 |          0 |       0 |    0 |     0 |      0 |      0 |          1 |
|           i_nd_to_rdy                                                      |                           xbip_pipe_v3_0_6_viv |          1 |          1 |       0 |    0 |     1 |      0 |      0 |          0 |
|   hist_0_U                                                                 |                           fir_multiband_hist_0 |         10 |         10 |       0 |    0 |     0 |      1 |      0 |          0 |
|     fir_multiband_hist_0_ram_U                                             |                       fir_multiband_hist_0_ram |         10 |         10 |       0 |    0 |     0 |      1 |      0 |          0 |
|   hist_1_U                                                                 |                           fir_multiband_hist_1 |         75 |         11 |      64 |    0 |    64 |      0 |      0 |          0 |
|     fir_multiband_hist_1_ram_U                                             |                    fir_multiband_hist_1_ram_14 |         75 |         11 |      64 |    0 |    64 |      0 |      0 |          0 |
|   hist_2_U                                                                 |                         fir_multiband_hist_1_9 |         98 |         34 |      64 |    0 |    64 |      0 |      0 |          0 |
|     fir_multiband_hist_1_ram_U                                             |                    fir_multiband_hist_1_ram_13 |         98 |         34 |      64 |    0 |    64 |      0 |      0 |          0 |
|   hist_3_U                                                                 |                        fir_multiband_hist_1_10 |         67 |          3 |      64 |    0 |    64 |      0 |      0 |          0 |
|     fir_multiband_hist_1_ram_U                                             |                    fir_multiband_hist_1_ram_12 |         67 |          3 |      64 |    0 |    64 |      0 |      0 |          0 |
|   hist_4_U                                                                 |                        fir_multiband_hist_1_11 |         69 |          5 |      64 |    0 |    64 |      0 |      0 |          0 |
|     fir_multiband_hist_1_ram_U                                             |                       fir_multiband_hist_1_ram |         69 |          5 |      64 |    0 |    64 |      0 |      0 |          0 |
|   mul_6ns_8ns_13_1_1_U14                                                   |               fir_multiband_mul_6ns_8ns_13_1_1 |         19 |         19 |       0 |    0 |     0 |      0 |      0 |          0 |
|     fir_multiband_mul_6ns_8ns_13_1_1_Multiplier_0_U                        |  fir_multiband_mul_6ns_8ns_13_1_1_Multiplier_0 |         19 |         19 |       0 |    0 |     0 |      0 |      0 |          0 |
|   mul_7ns_9ns_15_1_1_U16                                                   |               fir_multiband_mul_7ns_9ns_15_1_1 |         42 |         42 |       0 |    0 |     0 |      0 |      0 |          0 |
|     fir_multiband_mul_7ns_9ns_15_1_1_Multiplier_1_U                        |  fir_multiband_mul_7ns_9ns_15_1_1_Multiplier_1 |         42 |         42 |       0 |    0 |     0 |      0 |      0 |          0 |
|   mux_564_32_1_1_U15                                                       |                   fir_multiband_mux_564_32_1_1 |         32 |         32 |       0 |    0 |     0 |      0 |      0 |          0 |
|   urem_7ns_4ns_7_11_1_U13                                                  |              fir_multiband_urem_7ns_4ns_7_11_1 |         33 |         26 |       0 |    7 |    31 |      0 |      0 |          0 |
|     fir_multiband_urem_7ns_4ns_7_11_1_div_U                                |          fir_multiband_urem_7ns_4ns_7_11_1_div |         33 |         26 |       0 |    7 |    31 |      0 |      0 |          0 |
|       (fir_multiband_urem_7ns_4ns_7_11_1_div_U)                            |          fir_multiband_urem_7ns_4ns_7_11_1_div |          3 |          3 |       0 |    0 |     3 |      0 |      0 |          0 |
|       fir_multiband_urem_7ns_4ns_7_11_1_div_u_0                            |        fir_multiband_urem_7ns_4ns_7_11_1_div_u |         30 |         23 |       0 |    7 |    28 |      0 |      0 |          0 |
+----------------------------------------------------------------------------+------------------------------------------------+------------+------------+---------+------+-------+--------+--------+------------+


