

================================================================
== Vitis HLS Report for 'fir_multiband'
================================================================
* Date:           Tue Sep 29 17:46:32 2026

* Version:        2020.2 (Build 3064766 on Wed Nov 18 09:12:45 MST 2020)
* Project:        synth_proj
* Solution:       solution1 (Vivado IP Flow Target)
* Product family: zynq
* Target device:  xc7z020-clg400-1


================================================================
== Performance Estimates
================================================================
+ Timing: 
    * Summary: 
    +--------+----------+----------+------------+
    |  Clock |  Target  | Estimated| Uncertainty|
    +--------+----------+----------+------------+
    |ap_clk  |  10.00 ns|  7.238 ns|     2.70 ns|
    +--------+----------+----------+------------+

+ Latency: 
    * Summary: 
    +---------+---------+----------+----------+-----+-----+---------+
    |  Latency (cycles) |  Latency (absolute) |  Interval | Pipeline|
    |   min   |   max   |    min   |    max   | min | max |   Type  |
    +---------+---------+----------+----------+-----+-----+---------+
    |        ?|        ?|         ?|         ?|    ?|    ?|     none|
    +---------+---------+----------+----------+-----+-----+---------+

    + Detail: 
        * Instance: 
        N/A

        * Loop: 
        +---------------------+---------+---------+----------+-----------+-----------+------+----------+
        |                     |  Latency (cycles) | Iteration|  Initiation Interval  | Trip |          |
        |      Loop Name      |   min   |   max   |  Latency |  achieved |   target  | Count| Pipelined|
        +---------------------+---------+---------+----------+-----------+-----------+------+----------+
        |- VITIS_LOOP_194_1   |       65|       65|         1|          1|          1|    65|       yes|
        |- VITIS_LOOP_198_2   |        ?|        ?|       253|          -|          -|     ?|        no|
        | + VITIS_LOOP_205_3  |      137|      137|        12|          2|          1|    64|       yes|
        | + VITIS_LOOP_214_4  |      100|      100|        50|         14|          1|     4|       yes|
        +---------------------+---------+---------+----------+-----------+-----------+------+----------+



================================================================
== Utilization Estimates
================================================================
* Summary: 
+-----------------+---------+-----+--------+-------+-----+
|       Name      | BRAM_18K| DSP |   FF   |  LUT  | URAM|
+-----------------+---------+-----+--------+-------+-----+
|DSP              |        -|    -|       -|      -|    -|
|Expression       |        -|    -|       0|  16730|    -|
|FIFO             |        -|    -|       -|      -|    -|
|Instance         |        -|    8|     804|    497|    -|
|Memory           |        4|    -|     160|     20|    -|
|Multiplexer      |        -|    -|       -|   1787|    -|
|Register         |        -|    -|    7346|     96|    -|
+-----------------+---------+-----+--------+-------+-----+
|Total            |        4|    8|    8310|  19130|    0|
+-----------------+---------+-----+--------+-------+-----+
|Available        |      280|  220|  106400|  53200|    0|
+-----------------+---------+-----+--------+-------+-----+
|Utilization (%)  |        1|    3|       7|     35|    0|
+-----------------+---------+-----+--------+-------+-----+

+ Detail: 
    * Instance: 
    +-----------------------------+--------------------------+---------+----+-----+-----+-----+
    |           Instance          |          Module          | BRAM_18K| DSP|  FF | LUT | URAM|
    +-----------------------------+--------------------------+---------+----+-----+-----+-----+
    |fpext_32ns_64_2_no_dsp_1_U8  |fpext_32ns_64_2_no_dsp_1  |        0|   0|    0|    0|    0|
    |mul_18s_16s_34_1_1_U1        |mul_18s_16s_34_1_1        |        0|   1|    0|    6|    0|
    |mul_18s_16s_34_1_1_U2        |mul_18s_16s_34_1_1        |        0|   1|    0|    6|    0|
    |mul_18s_16s_34_1_1_U3        |mul_18s_16s_34_1_1        |        0|   1|    0|    6|    0|
    |mul_18s_16s_34_1_1_U4        |mul_18s_16s_34_1_1        |        0|   1|    0|    6|    0|
    |mul_18s_16s_34_1_1_U5        |mul_18s_16s_34_1_1        |        0|   1|    0|    6|    0|
    |mul_41s_33ns_72_2_1_U6       |mul_41s_33ns_72_2_1       |        0|   1|  201|   84|    0|
    |mul_72s_33s_104_5_1_U7       |mul_72s_33s_104_5_1       |        0|   2|  441|  256|    0|
    |mux_564_16_1_1_U10           |mux_564_16_1_1            |        0|   0|    0|   25|    0|
    |urem_7ns_4ns_7_11_1_U9       |urem_7ns_4ns_7_11_1       |        0|   0|  162|  102|    0|
    +-----------------------------+--------------------------+---------+----+-----+-----+-----+
    |Total                        |                          |        0|   8|  804|  497|    0|
    +-----------------------------+--------------------------+---------+----+-----+-----+-----+

    * DSP: 
    N/A

    * Memory: 
    +----------------+--------------+---------+----+----+-----+------+-----+------+-------------+
    |     Memory     |    Module    | BRAM_18K| FF | LUT| URAM| Words| Bits| Banks| W*Bits*Banks|
    +----------------+--------------+---------+----+----+-----+------+-----+------+-------------+
    |FIR_COEFFS_V_U  |FIR_COEFFS_V  |        4|   0|   0|    0|   260|   18|     1|         4680|
    |hist_V_0_U      |hist_V_0      |        0|  32|   4|    0|    13|   16|     1|          208|
    |hist_V_1_U      |hist_V_1      |        0|  32|   4|    0|    13|   16|     1|          208|
    |hist_V_2_U      |hist_V_1      |        0|  32|   4|    0|    13|   16|     1|          208|
    |hist_V_3_U      |hist_V_1      |        0|  32|   4|    0|    13|   16|     1|          208|
    |hist_V_4_U      |hist_V_1      |        0|  32|   4|    0|    13|   16|     1|          208|
    +----------------+--------------+---------+----+----+-----+------+-----+------+-------------+
    |Total           |              |        4| 160|  20|    0|   325|   98|     6|         5720|
    +----------------+--------------+---------+----+----+-----+------+-----+------+-------------+

    * FIFO: 
    N/A

    * Expression: 
    +------------------------------+----------+----+---+-----+------------+------------+
    |         Variable Name        | Operation| DSP| FF| LUT | Bitwidth P0| Bitwidth P1|
    +------------------------------+----------+----+---+-----+------------+------------+
    |acc_V_4_fu_9807_p2            |         +|   0|  0|   47|          40|          40|
    |add_ln1118_10_fu_3185_p2      |         +|   0|  0|   14|           9|           4|
    |add_ln1118_11_fu_3195_p2      |         +|   0|  0|   14|           9|           4|
    |add_ln1118_12_fu_3245_p2      |         +|   0|  0|   14|           9|           4|
    |add_ln1118_13_fu_3320_p2      |         +|   0|  0|   14|           9|           4|
    |add_ln1118_14_fu_3387_p2      |         +|   0|  0|   14|           9|           4|
    |add_ln1118_15_fu_3205_p2      |         +|   0|  0|   14|           9|           4|
    |add_ln1118_16_fu_3215_p2      |         +|   0|  0|   14|           9|           5|
    |add_ln1118_17_fu_3255_p2      |         +|   0|  0|   14|           9|           5|
    |add_ln1118_18_fu_3330_p2      |         +|   0|  0|   14|           9|           5|
    |add_ln1118_19_fu_3397_p2      |         +|   0|  0|   14|           9|           5|
    |add_ln1118_1_fu_3131_p2       |         +|   0|  0|   14|           9|           1|
    |add_ln1118_20_fu_3265_p2      |         +|   0|  0|   14|           9|           5|
    |add_ln1118_21_fu_3340_p2      |         +|   0|  0|   14|           9|           5|
    |add_ln1118_22_fu_3407_p2      |         +|   0|  0|   14|           9|           5|
    |add_ln1118_23_fu_3582_p2      |         +|   0|  0|   14|           9|           5|
    |add_ln1118_24_fu_3592_p2      |         +|   0|  0|   14|           9|           5|
    |add_ln1118_25_fu_3417_p2      |         +|   0|  0|   14|           9|           5|
    |add_ln1118_26_fu_3427_p2      |         +|   0|  0|   14|           9|           5|
    |add_ln1118_27_fu_3602_p2      |         +|   0|  0|   14|           9|           5|
    |add_ln1118_28_fu_3870_p2      |         +|   0|  0|   14|           9|           5|
    |add_ln1118_29_fu_3880_p2      |         +|   0|  0|   14|           9|           5|
    |add_ln1118_2_fu_3142_p2       |         +|   0|  0|   14|           9|           2|
    |add_ln1118_30_fu_3612_p2      |         +|   0|  0|   14|           9|           5|
    |add_ln1118_31_fu_3622_p2      |         +|   0|  0|   14|           9|           5|
    |add_ln1118_32_fu_3890_p2      |         +|   0|  0|   14|           9|           6|
    |add_ln1118_33_fu_4223_p2      |         +|   0|  0|   14|           9|           6|
    |add_ln1118_34_fu_4233_p2      |         +|   0|  0|   14|           9|           6|
    |add_ln1118_35_fu_3900_p2      |         +|   0|  0|   14|           9|           6|
    |add_ln1118_36_fu_3910_p2      |         +|   0|  0|   14|           9|           6|
    |add_ln1118_37_fu_4243_p2      |         +|   0|  0|   14|           9|           6|
    |add_ln1118_38_fu_4726_p2      |         +|   0|  0|   14|           9|           6|
    |add_ln1118_39_fu_4736_p2      |         +|   0|  0|   14|           9|           6|
    |add_ln1118_3_fu_3225_p2       |         +|   0|  0|   14|           9|           2|
    |add_ln1118_40_fu_4253_p2      |         +|   0|  0|   14|           9|           6|
    |add_ln1118_41_fu_4263_p2      |         +|   0|  0|   14|           9|           6|
    |add_ln1118_42_fu_4746_p2      |         +|   0|  0|   14|           9|           6|
    |add_ln1118_43_fu_5315_p2      |         +|   0|  0|   14|           9|           6|
    |add_ln1118_44_fu_5325_p2      |         +|   0|  0|   14|           9|           6|
    |add_ln1118_45_fu_4756_p2      |         +|   0|  0|   14|           9|           6|
    |add_ln1118_46_fu_4766_p2      |         +|   0|  0|   14|           9|           6|
    |add_ln1118_47_fu_5335_p2      |         +|   0|  0|   14|           9|           6|
    |add_ln1118_48_fu_5904_p2      |         +|   0|  0|   14|           9|           6|
    |add_ln1118_49_fu_5914_p2      |         +|   0|  0|   14|           9|           6|
    |add_ln1118_4_fu_3300_p2       |         +|   0|  0|   14|           9|           3|
    |add_ln1118_50_fu_5345_p2      |         +|   0|  0|   14|           9|           6|
    |add_ln1118_51_fu_5355_p2      |         +|   0|  0|   14|           9|           6|
    |add_ln1118_52_fu_5924_p2      |         +|   0|  0|   14|           9|           6|
    |add_ln1118_53_fu_6493_p2      |         +|   0|  0|   14|           9|           6|
    |add_ln1118_54_fu_6503_p2      |         +|   0|  0|   14|           9|           6|
    |add_ln1118_55_fu_5934_p2      |         +|   0|  0|   14|           9|           6|
    |add_ln1118_56_fu_5944_p2      |         +|   0|  0|   14|           9|           6|
    |add_ln1118_57_fu_6513_p2      |         +|   0|  0|   14|           9|           6|
    |add_ln1118_58_fu_7082_p2      |         +|   0|  0|   14|           9|           6|
    |add_ln1118_59_fu_7092_p2      |         +|   0|  0|   14|           9|           6|
    |add_ln1118_5_fu_3153_p2       |         +|   0|  0|   14|           9|           3|
    |add_ln1118_60_fu_6523_p2      |         +|   0|  0|   14|           9|           6|
    |add_ln1118_61_fu_6533_p2      |         +|   0|  0|   14|           9|           6|
    |add_ln1118_62_fu_7102_p2      |         +|   0|  0|   14|           9|           6|
    |add_ln1118_63_fu_7112_p2      |         +|   0|  0|   14|           9|           6|
    |add_ln1118_64_fu_7122_p2      |         +|   0|  0|   14|           9|           7|
    |add_ln1118_6_fu_3164_p2       |         +|   0|  0|   14|           9|           3|
    |add_ln1118_7_fu_3175_p2       |         +|   0|  0|   14|           9|           3|
    |add_ln1118_8_fu_3235_p2       |         +|   0|  0|   14|           9|           4|
    |add_ln1118_9_fu_3310_p2       |         +|   0|  0|   14|           9|           4|
    |add_ln1118_fu_3120_p2         |         +|   0|  0|   14|           9|           9|
    |add_ln1192_10_fu_3837_p2      |         +|   0|  0|   48|          41|          41|
    |add_ln1192_11_fu_4115_p2      |         +|   0|  0|   48|          41|          41|
    |add_ln1192_12_fu_4400_p2      |         +|   0|  0|   48|          41|          41|
    |add_ln1192_13_fu_4845_p2      |         +|   0|  0|   48|          41|          41|
    |add_ln1192_14_fu_4950_p2      |         +|   0|  0|   48|          41|          41|
    |add_ln1192_15_fu_4514_p2      |         +|   0|  0|   48|          41|          41|
    |add_ln1192_16_fu_4618_p2      |         +|   0|  0|   48|          41|          41|
    |add_ln1192_17_fu_4989_p2      |         +|   0|  0|   48|          41|          41|
    |add_ln1192_18_fu_5434_p2      |         +|   0|  0|   48|          41|          41|
    |add_ln1192_19_fu_5539_p2      |         +|   0|  0|   48|          41|          41|
    |add_ln1192_20_fu_5103_p2      |         +|   0|  0|   48|          41|          41|
    |add_ln1192_21_fu_5207_p2      |         +|   0|  0|   48|          41|          41|
    |add_ln1192_22_fu_5578_p2      |         +|   0|  0|   48|          41|          41|
    |add_ln1192_23_fu_6023_p2      |         +|   0|  0|   48|          41|          41|
    |add_ln1192_24_fu_6128_p2      |         +|   0|  0|   48|          41|          41|
    |add_ln1192_25_fu_5692_p2      |         +|   0|  0|   48|          41|          41|
    |add_ln1192_26_fu_5796_p2      |         +|   0|  0|   48|          41|          41|
    |add_ln1192_27_fu_6167_p2      |         +|   0|  0|   48|          41|          41|
    |add_ln1192_28_fu_6612_p2      |         +|   0|  0|   48|          41|          41|
    |add_ln1192_29_fu_6717_p2      |         +|   0|  0|   48|          41|          41|
    |add_ln1192_30_fu_6281_p2      |         +|   0|  0|   48|          41|          41|
    |add_ln1192_31_fu_6385_p2      |         +|   0|  0|   48|          41|          41|
    |add_ln1192_32_fu_6756_p2      |         +|   0|  0|   48|          41|          41|
    |add_ln1192_33_fu_7201_p2      |         +|   0|  0|   48|          41|          41|
    |add_ln1192_34_fu_7306_p2      |         +|   0|  0|   48|          41|          41|
    |add_ln1192_35_fu_6870_p2      |         +|   0|  0|   48|          41|          41|
    |add_ln1192_36_fu_6974_p2      |         +|   0|  0|   48|          41|          41|
    |add_ln1192_37_fu_7345_p2      |         +|   0|  0|   48|          41|          41|
    |add_ln1192_38_fu_7746_p2      |         +|   0|  0|   48|          41|          41|
    |add_ln1192_39_fu_7851_p2      |         +|   0|  0|   48|          41|          41|
    |add_ln1192_40_fu_7459_p2      |         +|   0|  0|   48|          41|          41|
    |add_ln1192_41_fu_7563_p2      |         +|   0|  0|   48|          41|          41|
    |add_ln1192_42_fu_7890_p2      |         +|   0|  0|   48|          41|          41|
    |add_ln1192_43_fu_8285_p2      |         +|   0|  0|   48|          41|          41|
    |add_ln1192_44_fu_8390_p2      |         +|   0|  0|   48|          41|          41|
    |add_ln1192_45_fu_8004_p2      |         +|   0|  0|   48|          41|          41|
    |add_ln1192_46_fu_8108_p2      |         +|   0|  0|   48|          41|          41|
    |add_ln1192_47_fu_8429_p2      |         +|   0|  0|   48|          41|          41|
    |add_ln1192_48_fu_8824_p2      |         +|   0|  0|   48|          41|          41|
    |add_ln1192_49_fu_8929_p2      |         +|   0|  0|   48|          41|          41|
    |add_ln1192_50_fu_8543_p2      |         +|   0|  0|   48|          41|          41|
    |add_ln1192_51_fu_8647_p2      |         +|   0|  0|   48|          41|          41|
    |add_ln1192_52_fu_8968_p2      |         +|   0|  0|   48|          41|          41|
    |add_ln1192_53_fu_9196_p2      |         +|   0|  0|   48|          41|          41|
    |add_ln1192_54_fu_9301_p2      |         +|   0|  0|   48|          41|          41|
    |add_ln1192_55_fu_9067_p2      |         +|   0|  0|   48|          41|          41|
    |add_ln1192_56_fu_9335_p2      |         +|   0|  0|   48|          41|          41|
    |add_ln1192_57_fu_9459_p2      |         +|   0|  0|   48|          41|          41|
    |add_ln1192_58_fu_9525_p2      |         +|   0|  0|   48|          41|          41|
    |add_ln1192_5_fu_3504_p2       |         +|   0|  0|   48|          41|          41|
    |add_ln1192_6_fu_3544_p2       |         +|   0|  0|   48|          41|          41|
    |add_ln1192_7_fu_3792_p2       |         +|   0|  0|   48|          41|          41|
    |add_ln1192_8_fu_4013_p2       |         +|   0|  0|   48|          41|          41|
    |add_ln1192_9_fu_4361_p2       |         +|   0|  0|   48|          41|          41|
    |add_ln194_fu_2144_p2          |         +|   0|  0|   14|           7|           1|
    |add_ln195_fu_2160_p2          |         +|   0|  0|   17|          14|           8|
    |add_ln198_fu_2257_p2          |         +|   0|  0|   39|          32|           1|
    |add_ln205_fu_2280_p2          |         +|   0|  0|   14|           7|           2|
    |add_ln206_fu_2290_p2          |         +|   0|  0|   14|           6|           2|
    |add_ln214_fu_7671_p2          |         +|   0|  0|   11|           3|           1|
    |add_ln581_fu_2433_p2          |         +|   0|  0|   12|          12|           5|
    |add_ln612_fu_2479_p2          |         +|   0|  0|   12|          12|          11|
    |add_ln703_1_fu_9349_p2        |         +|   0|  0|   47|          40|          40|
    |add_ln703_2_fu_9473_p2        |         +|   0|  0|   47|          40|          40|
    |add_ln703_3_fu_9539_p2        |         +|   0|  0|   47|          40|          40|
    |add_ln703_fu_9081_p2          |         +|   0|  0|   47|          40|          40|
    |add_ln954_fu_10042_p2         |         +|   0|  0|   39|          32|           6|
    |add_ln964_fu_10115_p2         |         +|   0|  0|    8|           8|           8|
    |grp_fu_2114_p2                |         +|   0|  0|   41|          34|          34|
    |lsb_index_fu_9912_p2          |         +|   0|  0|   39|          32|           6|
    |m_1_fu_10070_p2               |         +|   0|  0|   48|          41|          41|
    |next_urem_fu_2185_p2          |         +|   0|  0|   14|           7|           1|
    |pos1_fu_2491_p2               |         +|   0|  0|   12|          12|           1|
    |pos2_fu_2591_p2               |         +|   0|  0|   12|          12|           2|
    |ret_V_3_fu_9631_p2            |         +|   0|  0|   48|          41|          30|
    |ret_V_4_fu_9793_p2            |         +|   0|  0|   48|          41|          41|
    |ret_V_fu_9647_p2              |         +|   0|  0|   79|          72|          61|
    |y_V_0_10_fu_7473_p2           |         +|   0|  0|   47|          40|          40|
    |y_V_0_11_fu_8018_p2           |         +|   0|  0|   47|          40|          40|
    |y_V_0_12_fu_8557_p2           |         +|   0|  0|   47|          40|          40|
    |y_V_0_1_fu_3350_p2            |         +|   0|  0|   41|          34|          34|
    |y_V_0_2_fu_3463_p2            |         +|   0|  0|   42|          35|          35|
    |y_V_0_3_fu_3518_p2            |         +|   0|  0|   47|          40|          40|
    |y_V_0_4_fu_3851_p2            |         +|   0|  0|   47|          40|          40|
    |y_V_0_5_fu_4528_p2            |         +|   0|  0|   47|          40|          40|
    |y_V_0_6_fu_5117_p2            |         +|   0|  0|   47|          40|          40|
    |y_V_0_7_fu_5706_p2            |         +|   0|  0|   47|          40|          40|
    |y_V_0_8_fu_6295_p2            |         +|   0|  0|   47|          40|          40|
    |y_V_0_9_fu_6884_p2            |         +|   0|  0|   47|          40|          40|
    |y_V_1_10_fu_7577_p2           |         +|   0|  0|   47|          40|          40|
    |y_V_1_11_fu_8122_p2           |         +|   0|  0|   47|          40|          40|
    |y_V_1_12_fu_8661_p2           |         +|   0|  0|   47|          40|          40|
    |y_V_1_1_fu_3356_p2            |         +|   0|  0|   41|          34|          34|
    |y_V_1_2_fu_3477_p2            |         +|   0|  0|   42|          35|          35|
    |y_V_1_3_fu_3558_p2            |         +|   0|  0|   47|          40|          40|
    |y_V_1_4_fu_4129_p2            |         +|   0|  0|   47|          40|          40|
    |y_V_1_5_fu_4632_p2            |         +|   0|  0|   47|          40|          40|
    |y_V_1_6_fu_5221_p2            |         +|   0|  0|   47|          40|          40|
    |y_V_1_7_fu_5810_p2            |         +|   0|  0|   47|          40|          40|
    |y_V_1_8_fu_6399_p2            |         +|   0|  0|   47|          40|          40|
    |y_V_1_9_fu_6988_p2            |         +|   0|  0|   47|          40|          40|
    |y_V_2_10_fu_7904_p2           |         +|   0|  0|   47|          40|          40|
    |y_V_2_11_fu_8443_p2           |         +|   0|  0|   47|          40|          40|
    |y_V_2_12_fu_8982_p2           |         +|   0|  0|   47|          40|          40|
    |y_V_2_1_fu_3448_p2            |         +|   0|  0|   41|          34|          34|
    |y_V_2_2_fu_3649_p2            |         +|   0|  0|   42|          35|          35|
    |y_V_2_3_fu_3806_p2            |         +|   0|  0|   47|          40|          40|
    |y_V_2_4_fu_4414_p2            |         +|   0|  0|   47|          40|          40|
    |y_V_2_5_fu_5003_p2            |         +|   0|  0|   47|          40|          40|
    |y_V_2_6_fu_5592_p2            |         +|   0|  0|   47|          40|          40|
    |y_V_2_7_fu_6181_p2            |         +|   0|  0|   47|          40|          40|
    |y_V_2_8_fu_6770_p2            |         +|   0|  0|   47|          40|          40|
    |y_V_2_9_fu_7359_p2            |         +|   0|  0|   47|          40|          40|
    |y_V_3_10_fu_8299_p2           |         +|   0|  0|   47|          40|          40|
    |y_V_3_11_fu_8838_p2           |         +|   0|  0|   47|          40|          40|
    |y_V_3_12_fu_9210_p2           |         +|   0|  0|   47|          40|          40|
    |y_V_3_2_fu_3928_p2            |         +|   0|  0|   42|          35|          35|
    |y_V_3_3_fu_4027_p2            |         +|   0|  0|   47|          40|          40|
    |y_V_3_4_fu_4859_p2            |         +|   0|  0|   47|          40|          40|
    |y_V_3_5_fu_5448_p2            |         +|   0|  0|   47|          40|          40|
    |y_V_3_6_fu_6037_p2            |         +|   0|  0|   47|          40|          40|
    |y_V_3_7_fu_6626_p2            |         +|   0|  0|   47|          40|          40|
    |y_V_3_8_fu_7215_p2            |         +|   0|  0|   47|          40|          40|
    |y_V_3_9_fu_7760_p2            |         +|   0|  0|   47|          40|          40|
    |y_V_4_10_fu_8404_p2           |         +|   0|  0|   47|          40|          40|
    |y_V_4_11_fu_8943_p2           |         +|   0|  0|   47|          40|          40|
    |y_V_4_12_fu_9315_p2           |         +|   0|  0|   47|          40|          40|
    |y_V_4_2_fu_4281_p2            |         +|   0|  0|   42|          35|          35|
    |y_V_4_3_fu_4375_p2            |         +|   0|  0|   47|          40|          40|
    |y_V_4_4_fu_4964_p2            |         +|   0|  0|   47|          40|          40|
    |y_V_4_5_fu_5553_p2            |         +|   0|  0|   47|          40|          40|
    |y_V_4_6_fu_6142_p2            |         +|   0|  0|   47|          40|          40|
    |y_V_4_7_fu_6731_p2            |         +|   0|  0|   47|          40|          40|
    |y_V_4_8_fu_7320_p2            |         +|   0|  0|   47|          40|          40|
    |y_V_4_9_fu_7865_p2            |         +|   0|  0|   47|          40|          40|
    |F2_fu_2411_p2                 |         -|   0|  0|   12|          11|          12|
    |man_V_2_fu_2398_p2            |         -|   0|  0|   61|           1|          54|
    |p_Val2_3_fu_9588_p2           |         -|   0|  0|   47|           1|          40|
    |sub_ln581_fu_2439_p2          |         -|   0|  0|   12|           4|          12|
    |sub_ln944_fu_9906_p2          |         -|   0|  0|   39|           6|          32|
    |sub_ln947_fu_9949_p2          |         -|   0|  0|   14|           1|           6|
    |sub_ln955_fu_10028_p2         |         -|   0|  0|   39|           5|          32|
    |sub_ln964_fu_10110_p2         |         -|   0|  0|    8|           4|           8|
    |tmp_V_fu_9855_p2              |         -|   0|  0|   47|           1|          40|
    |Range1_all_ones_3_fu_2529_p2  |       and|   0|  0|    2|           1|           1|
    |Range1_all_ones_fu_2699_p2    |       and|   0|  0|    2|           1|           1|
    |and_ln340_1_fu_2866_p2        |       and|   0|  0|    2|           1|           1|
    |and_ln340_fu_2861_p2          |       and|   0|  0|    2|           1|           1|
    |and_ln581_fu_2567_p2          |       and|   0|  0|    2|           1|           1|
    |and_ln585_1_fu_2633_p2        |       and|   0|  0|    2|           1|           1|
    |and_ln585_fu_2572_p2          |       and|   0|  0|    2|           1|           1|
    |and_ln603_fu_2617_p2          |       and|   0|  0|    2|           1|           1|
    |and_ln639_1_fu_2756_p2        |       and|   0|  0|    2|           1|           1|
    |and_ln639_fu_2751_p2          |       and|   0|  0|    2|           1|           1|
    |and_ln641_fu_2714_p2          |       and|   0|  0|    2|           1|           1|
    |and_ln659_fu_2811_p2          |       and|   0|  0|    2|           1|           1|
    |and_ln746_fu_9607_p2          |       and|   0|  0|   40|          40|          40|
    |and_ln785_10_fu_4547_p2       |       and|   0|  0|    2|           1|           1|
    |and_ln785_11_fu_4651_p2       |       and|   0|  0|    2|           1|           1|
    |and_ln785_12_fu_5022_p2       |       and|   0|  0|    2|           1|           1|
    |and_ln785_13_fu_5467_p2       |       and|   0|  0|    2|           1|           1|
    |and_ln785_14_fu_5959_p2       |       and|   0|  0|    2|           1|           1|
    |and_ln785_15_fu_5136_p2       |       and|   0|  0|    2|           1|           1|
    |and_ln785_16_fu_5240_p2       |       and|   0|  0|    2|           1|           1|
    |and_ln785_17_fu_5611_p2       |       and|   0|  0|    2|           1|           1|
    |and_ln785_18_fu_6056_p2       |       and|   0|  0|    2|           1|           1|
    |and_ln785_19_fu_6548_p2       |       and|   0|  0|    2|           1|           1|
    |and_ln785_1_fu_3727_p2        |       and|   0|  0|    2|           1|           1|
    |and_ln785_20_fu_5725_p2       |       and|   0|  0|    2|           1|           1|
    |and_ln785_21_fu_5829_p2       |       and|   0|  0|    2|           1|           1|
    |and_ln785_22_fu_6200_p2       |       and|   0|  0|    2|           1|           1|
    |and_ln785_23_fu_6645_p2       |       and|   0|  0|    2|           1|           1|
    |and_ln785_24_fu_7137_p2       |       and|   0|  0|    2|           1|           1|
    |and_ln785_25_fu_6314_p2       |       and|   0|  0|    2|           1|           1|
    |and_ln785_26_fu_6418_p2       |       and|   0|  0|    2|           1|           1|
    |and_ln785_27_fu_6789_p2       |       and|   0|  0|    2|           1|           1|
    |and_ln785_28_fu_7234_p2       |       and|   0|  0|    2|           1|           1|
    |and_ln785_29_fu_7682_p2       |       and|   0|  0|    2|           1|           1|
    |and_ln785_2_fu_3948_p2        |       and|   0|  0|    2|           1|           1|
    |and_ln785_30_fu_6903_p2       |       and|   0|  0|    2|           1|           1|
    |and_ln785_31_fu_7007_p2       |       and|   0|  0|    2|           1|           1|
    |and_ln785_32_fu_7378_p2       |       and|   0|  0|    2|           1|           1|
    |and_ln785_33_fu_7779_p2       |       and|   0|  0|    2|           1|           1|
    |and_ln785_34_fu_8221_p2       |       and|   0|  0|    2|           1|           1|
    |and_ln785_35_fu_7492_p2       |       and|   0|  0|    2|           1|           1|
    |and_ln785_36_fu_7596_p2       |       and|   0|  0|    2|           1|           1|
    |and_ln785_37_fu_7923_p2       |       and|   0|  0|    2|           1|           1|
    |and_ln785_38_fu_8318_p2       |       and|   0|  0|    2|           1|           1|
    |and_ln785_39_fu_8760_p2       |       and|   0|  0|    2|           1|           1|
    |and_ln785_3_fu_4296_p2        |       and|   0|  0|    2|           1|           1|
    |and_ln785_40_fu_8037_p2       |       and|   0|  0|    2|           1|           1|
    |and_ln785_41_fu_8141_p2       |       and|   0|  0|    2|           1|           1|
    |and_ln785_42_fu_8462_p2       |       and|   0|  0|    2|           1|           1|
    |and_ln785_43_fu_8857_p2       |       and|   0|  0|    2|           1|           1|
    |and_ln785_44_fu_9132_p2       |       and|   0|  0|    2|           1|           1|
    |and_ln785_45_fu_8576_p2       |       and|   0|  0|    2|           1|           1|
    |and_ln785_46_fu_8680_p2       |       and|   0|  0|    2|           1|           1|
    |and_ln785_47_fu_9001_p2       |       and|   0|  0|    2|           1|           1|
    |and_ln785_48_fu_9229_p2       |       and|   0|  0|    2|           1|           1|
    |and_ln785_49_fu_9400_p2       |       and|   0|  0|    2|           1|           1|
    |and_ln785_4_fu_4781_p2        |       and|   0|  0|    2|           1|           1|
    |and_ln785_50_fu_9099_p2       |       and|   0|  0|    2|           1|           1|
    |and_ln785_51_fu_9367_p2       |       and|   0|  0|    2|           1|           1|
    |and_ln785_52_fu_9491_p2       |       and|   0|  0|    2|           1|           1|
    |and_ln785_53_fu_9556_p2       |       and|   0|  0|    2|           1|           1|
    |and_ln785_5_fu_4051_p2        |       and|   0|  0|    2|           1|           1|
    |and_ln785_6_fu_4148_p2        |       and|   0|  0|    2|           1|           1|
    |and_ln785_7_fu_4433_p2        |       and|   0|  0|    2|           1|           1|
    |and_ln785_8_fu_4878_p2        |       and|   0|  0|    2|           1|           1|
    |and_ln785_9_fu_5370_p2        |       and|   0|  0|    2|           1|           1|
    |and_ln785_fu_3669_p2          |       and|   0|  0|    2|           1|           1|
    |and_ln786_10_fu_4559_p2       |       and|   0|  0|    2|           1|           1|
    |and_ln786_11_fu_4663_p2       |       and|   0|  0|    2|           1|           1|
    |and_ln786_12_fu_5034_p2       |       and|   0|  0|    2|           1|           1|
    |and_ln786_13_fu_5479_p2       |       and|   0|  0|    2|           1|           1|
    |and_ln786_14_fu_5969_p2       |       and|   0|  0|    2|           1|           1|
    |and_ln786_15_fu_5148_p2       |       and|   0|  0|    2|           1|           1|
    |and_ln786_16_fu_5252_p2       |       and|   0|  0|    2|           1|           1|
    |and_ln786_17_fu_5623_p2       |       and|   0|  0|    2|           1|           1|
    |and_ln786_18_fu_6068_p2       |       and|   0|  0|    2|           1|           1|
    |and_ln786_19_fu_6558_p2       |       and|   0|  0|    2|           1|           1|
    |and_ln786_1_fu_3737_p2        |       and|   0|  0|    2|           1|           1|
    |and_ln786_20_fu_5737_p2       |       and|   0|  0|    2|           1|           1|
    |and_ln786_21_fu_5841_p2       |       and|   0|  0|    2|           1|           1|
    |and_ln786_22_fu_6212_p2       |       and|   0|  0|    2|           1|           1|
    |and_ln786_23_fu_6657_p2       |       and|   0|  0|    2|           1|           1|
    |and_ln786_24_fu_7147_p2       |       and|   0|  0|    2|           1|           1|
    |and_ln786_25_fu_6326_p2       |       and|   0|  0|    2|           1|           1|
    |and_ln786_26_fu_6430_p2       |       and|   0|  0|    2|           1|           1|
    |and_ln786_27_fu_6801_p2       |       and|   0|  0|    2|           1|           1|
    |and_ln786_28_fu_7246_p2       |       and|   0|  0|    2|           1|           1|
    |and_ln786_29_fu_7692_p2       |       and|   0|  0|    2|           1|           1|
    |and_ln786_2_fu_3958_p2        |       and|   0|  0|    2|           1|           1|
    |and_ln786_30_fu_6915_p2       |       and|   0|  0|    2|           1|           1|
    |and_ln786_31_fu_7019_p2       |       and|   0|  0|    2|           1|           1|
    |and_ln786_32_fu_7390_p2       |       and|   0|  0|    2|           1|           1|
    |and_ln786_33_fu_7791_p2       |       and|   0|  0|    2|           1|           1|
    |and_ln786_34_fu_8231_p2       |       and|   0|  0|    2|           1|           1|
    |and_ln786_35_fu_7504_p2       |       and|   0|  0|    2|           1|           1|
    |and_ln786_36_fu_7608_p2       |       and|   0|  0|    2|           1|           1|
    |and_ln786_37_fu_7935_p2       |       and|   0|  0|    2|           1|           1|
    |and_ln786_38_fu_8330_p2       |       and|   0|  0|    2|           1|           1|
    |and_ln786_39_fu_8770_p2       |       and|   0|  0|    2|           1|           1|
    |and_ln786_3_fu_4306_p2        |       and|   0|  0|    2|           1|           1|
    |and_ln786_40_fu_8049_p2       |       and|   0|  0|    2|           1|           1|
    |and_ln786_41_fu_8153_p2       |       and|   0|  0|    2|           1|           1|
    |and_ln786_42_fu_8474_p2       |       and|   0|  0|    2|           1|           1|
    |and_ln786_43_fu_8869_p2       |       and|   0|  0|    2|           1|           1|
    |and_ln786_44_fu_9142_p2       |       and|   0|  0|    2|           1|           1|
    |and_ln786_45_fu_8588_p2       |       and|   0|  0|    2|           1|           1|
    |and_ln786_46_fu_8692_p2       |       and|   0|  0|    2|           1|           1|
    |and_ln786_47_fu_9013_p2       |       and|   0|  0|    2|           1|           1|
    |and_ln786_48_fu_9241_p2       |       and|   0|  0|    2|           1|           1|
    |and_ln786_49_fu_9410_p2       |       and|   0|  0|    2|           1|           1|
    |and_ln786_4_fu_4791_p2        |       and|   0|  0|    2|           1|           1|
    |and_ln786_50_fu_9721_p2       |       and|   0|  0|    2|           1|           1|
    |and_ln786_5_fu_4061_p2        |       and|   0|  0|    2|           1|           1|
    |and_ln786_6_fu_4160_p2        |       and|   0|  0|    2|           1|           1|
    |and_ln786_7_fu_4445_p2        |       and|   0|  0|    2|           1|           1|
    |and_ln786_8_fu_4890_p2        |       and|   0|  0|    2|           1|           1|
    |and_ln786_9_fu_5380_p2        |       and|   0|  0|    2|           1|           1|
    |and_ln786_fu_3679_p2          |       and|   0|  0|    2|           1|           1|
    |and_ln949_1_fu_10008_p2       |       and|   0|  0|    2|           1|           1|
    |and_ln949_fu_9979_p2          |       and|   0|  0|   40|          40|          40|
    |neg_src_1_fu_2789_p2          |       and|   0|  0|    2|           1|           1|
    |overflow_1_fu_9715_p2         |       and|   0|  0|    2|           1|           1|
    |overflow_2_fu_9827_p2         |       and|   0|  0|    2|           1|           1|
    |overflow_fu_2806_p2           |       and|   0|  0|    2|           1|           1|
    |underflow_1_fu_9733_p2        |       and|   0|  0|    2|           1|           1|
    |underflow_fu_2821_p2          |       and|   0|  0|    2|           1|           1|
    |ashr_ln586_fu_2547_p2         |      ashr|   0|  0|  161|          54|          54|
    |Range2_all_ones_fu_2673_p2    |      icmp|   0|  0|   25|          54|          54|
    |empty_32_fu_2191_p2           |      icmp|   0|  0|   10|           7|           3|
    |icmp_ln1497_fu_9637_p2        |      icmp|   0|  0|   21|          40|          29|
    |icmp_ln194_fu_2150_p2         |      icmp|   0|  0|   10|           7|           7|
    |icmp_ln198_fu_2263_p2         |      icmp|   0|  0|   18|          32|          32|
    |icmp_ln205_fu_2268_p2         |      icmp|   0|  0|   10|           7|           1|
    |icmp_ln214_fu_3102_p2         |      icmp|   0|  0|    9|           3|           4|
    |icmp_ln571_fu_2234_p2         |      icmp|   0|  0|   28|          63|           1|
    |icmp_ln581_1_fu_2586_p2       |      icmp|   0|  0|   12|          12|           4|
    |icmp_ln581_fu_2427_p2         |      icmp|   0|  0|   11|           8|           1|
    |icmp_ln582_fu_2453_p2         |      icmp|   0|  0|   12|          12|           4|
    |icmp_ln585_fu_2538_p2         |      icmp|   0|  0|   12|          12|           6|
    |icmp_ln603_fu_2473_p2         |      icmp|   0|  0|   11|           8|           1|
    |icmp_ln611_fu_2485_p2         |      icmp|   0|  0|   12|          12|           1|
    |icmp_ln621_1_fu_2515_p2       |      icmp|   0|  0|   12|          12|           6|
    |icmp_ln621_fu_2501_p2         |      icmp|   0|  0|   12|          12|           6|
    |icmp_ln631_1_fu_2663_p2       |      icmp|   0|  0|   12|          12|           6|
    |icmp_ln631_fu_2658_p2         |      icmp|   0|  0|   12|          12|           6|
    |icmp_ln641_fu_2709_p2         |      icmp|   0|  0|   25|          54|           1|
    |icmp_ln642_fu_2720_p2         |      icmp|   0|  0|   12|          12|           6|
    |icmp_ln935_fu_10094_p2        |      icmp|   0|  0|   21|          40|           1|
    |icmp_ln946_fu_9944_p2         |      icmp|   0|  0|   17|          31|           1|
    |icmp_ln949_fu_9984_p2         |      icmp|   0|  0|   21|          40|           1|
    |icmp_ln954_fu_10003_p2        |      icmp|   0|  0|   18|          32|           1|
    |Range2_V_1_fu_2604_p2         |      lshr|   0|  0|  161|          54|          54|
    |lshr_ln947_fu_9958_p2         |      lshr|   0|  0|  133|           2|          40|
    |lshr_ln954_fu_10051_p2        |      lshr|   0|  0|  133|          40|          40|
    |r_fu_2668_p2                  |      lshr|   0|  0|  161|           2|          54|
    |or_ln1497_fu_9775_p2          |        or|   0|  0|    2|           1|           1|
    |or_ln340_10_fu_4178_p2        |        or|   0|  0|    2|           1|           1|
    |or_ln340_11_fu_4463_p2        |        or|   0|  0|    2|           1|           1|
    |or_ln340_12_fu_4908_p2        |        or|   0|  0|    2|           1|           1|
    |or_ln340_13_fu_5395_p2        |        or|   0|  0|    2|           1|           1|
    |or_ln340_14_fu_4577_p2        |        or|   0|  0|    2|           1|           1|
    |or_ln340_15_fu_4681_p2        |        or|   0|  0|    2|           1|           1|
    |or_ln340_16_fu_5052_p2        |        or|   0|  0|    2|           1|           1|
    |or_ln340_17_fu_5497_p2        |        or|   0|  0|    2|           1|           1|
    |or_ln340_18_fu_5984_p2        |        or|   0|  0|    2|           1|           1|
    |or_ln340_19_fu_5166_p2        |        or|   0|  0|    2|           1|           1|
    |or_ln340_1_fu_2841_p2         |        or|   0|  0|    2|           1|           1|
    |or_ln340_20_fu_5270_p2        |        or|   0|  0|    2|           1|           1|
    |or_ln340_21_fu_5641_p2        |        or|   0|  0|    2|           1|           1|
    |or_ln340_22_fu_6086_p2        |        or|   0|  0|    2|           1|           1|
    |or_ln340_23_fu_6573_p2        |        or|   0|  0|    2|           1|           1|
    |or_ln340_24_fu_5755_p2        |        or|   0|  0|    2|           1|           1|
    |or_ln340_25_fu_5859_p2        |        or|   0|  0|    2|           1|           1|
    |or_ln340_26_fu_6230_p2        |        or|   0|  0|    2|           1|           1|
    |or_ln340_27_fu_6675_p2        |        or|   0|  0|    2|           1|           1|
    |or_ln340_28_fu_7162_p2        |        or|   0|  0|    2|           1|           1|
    |or_ln340_29_fu_6344_p2        |        or|   0|  0|    2|           1|           1|
    |or_ln340_2_fu_9739_p2         |        or|   0|  0|    2|           1|           1|
    |or_ln340_30_fu_6448_p2        |        or|   0|  0|    2|           1|           1|
    |or_ln340_31_fu_6819_p2        |        or|   0|  0|    2|           1|           1|
    |or_ln340_32_fu_7264_p2        |        or|   0|  0|    2|           1|           1|
    |or_ln340_33_fu_7707_p2        |        or|   0|  0|    2|           1|           1|
    |or_ln340_34_fu_6933_p2        |        or|   0|  0|    2|           1|           1|
    |or_ln340_35_fu_7037_p2        |        or|   0|  0|    2|           1|           1|
    |or_ln340_36_fu_7408_p2        |        or|   0|  0|    2|           1|           1|
    |or_ln340_37_fu_7809_p2        |        or|   0|  0|    2|           1|           1|
    |or_ln340_38_fu_8246_p2        |        or|   0|  0|    2|           1|           1|
    |or_ln340_39_fu_7522_p2        |        or|   0|  0|    2|           1|           1|
    |or_ln340_3_fu_2836_p2         |        or|   0|  0|    2|           1|           1|
    |or_ln340_40_fu_7626_p2        |        or|   0|  0|    2|           1|           1|
    |or_ln340_41_fu_7953_p2        |        or|   0|  0|    2|           1|           1|
    |or_ln340_42_fu_8348_p2        |        or|   0|  0|    2|           1|           1|
    |or_ln340_43_fu_8785_p2        |        or|   0|  0|    2|           1|           1|
    |or_ln340_44_fu_8067_p2        |        or|   0|  0|    2|           1|           1|
    |or_ln340_45_fu_8171_p2        |        or|   0|  0|    2|           1|           1|
    |or_ln340_46_fu_8492_p2        |        or|   0|  0|    2|           1|           1|
    |or_ln340_47_fu_8887_p2        |        or|   0|  0|    2|           1|           1|
    |or_ln340_48_fu_9157_p2        |        or|   0|  0|    2|           1|           1|
    |or_ln340_49_fu_8606_p2        |        or|   0|  0|    2|           1|           1|
    |or_ln340_4_fu_3694_p2         |        or|   0|  0|    2|           1|           1|
    |or_ln340_50_fu_8710_p2        |        or|   0|  0|    2|           1|           1|
    |or_ln340_51_fu_9031_p2        |        or|   0|  0|    2|           1|           1|
    |or_ln340_52_fu_9259_p2        |        or|   0|  0|    2|           1|           1|
    |or_ln340_53_fu_9425_p2        |        or|   0|  0|    2|           1|           1|
    |or_ln340_54_fu_9745_p2        |        or|   0|  0|    2|           1|           1|
    |or_ln340_5_fu_3752_p2         |        or|   0|  0|    2|           1|           1|
    |or_ln340_6_fu_3973_p2         |        or|   0|  0|    2|           1|           1|
    |or_ln340_7_fu_4321_p2         |        or|   0|  0|    2|           1|           1|
    |or_ln340_8_fu_4806_p2         |        or|   0|  0|    2|           1|           1|
    |or_ln340_9_fu_4076_p2         |        or|   0|  0|    2|           1|           1|
    |or_ln340_fu_2826_p2           |        or|   0|  0|    2|           1|           1|
    |or_ln611_fu_2879_p2           |        or|   0|  0|    2|           1|           1|
    |or_ln621_1_fu_2770_p2         |        or|   0|  0|    2|           1|           1|
    |or_ln621_fu_2745_p2           |        or|   0|  0|    2|           1|           1|
    |or_ln639_fu_2784_p2           |        or|   0|  0|    2|           1|           1|
    |or_ln658_fu_2800_p2           |        or|   0|  0|    2|           1|           1|
    |or_ln785_fu_9703_p2           |        or|   0|  0|    2|           1|           1|
    |or_ln949_1_fu_9973_p2         |        or|   0|  0|   40|          40|          40|
    |Range2_all_ones_2_fu_2691_p3  |    select|   0|  0|    2|           1|           1|
    |a_V_fu_9602_p3                |    select|   0|  0|   40|           1|          40|
    |acc_V_fu_9847_p3              |    select|   0|  0|   40|           1|          40|
    |deleted_ones_fu_2776_p3       |    select|   0|  0|    2|           1|           1|
    |deleted_zeros_fu_2762_p3      |    select|   0|  0|    2|           1|           1|
    |idx_urem_fu_2197_p3           |    select|   0|  0|    7|           1|           7|
    |lhs_V_fu_9619_p3              |    select|   0|  0|   40|           1|          39|
    |m_fu_10056_p3                 |    select|   0|  0|   40|           1|          40|
    |man_V_fu_2404_p3              |    select|   0|  0|   54|           1|          54|
    |out_r                         |    select|   0|  0|   32|           1|           1|
    |p_Val2_1_fu_2638_p3           |    select|   0|  0|   16|           1|          16|
    |r_V_2_fu_9663_p3              |    select|   0|  0|  104|           1|         104|
    |rhs_1_fu_9779_p3              |    select|   0|  0|   40|           1|          40|
    |select_ln340_100_fu_8514_p3   |    select|   0|  0|   40|           1|          40|
    |select_ln340_101_fu_8909_p3   |    select|   0|  0|   40|           1|          40|
    |select_ln340_102_fu_9177_p3   |    select|   0|  0|   40|           1|          40|
    |select_ln340_103_fu_8628_p3   |    select|   0|  0|   40|           1|          40|
    |select_ln340_104_fu_8732_p3   |    select|   0|  0|   40|           1|          40|
    |select_ln340_105_fu_9053_p3   |    select|   0|  0|   40|           1|          40|
    |select_ln340_106_fu_9281_p3   |    select|   0|  0|   40|           1|          40|
    |select_ln340_107_fu_9445_p3   |    select|   0|  0|   40|           1|          40|
    |select_ln340_10_fu_4327_p3    |    select|   0|  0|   40|           1|          39|
    |select_ln340_11_fu_4341_p3    |    select|   0|  0|   40|           1|          40|
    |select_ln340_12_fu_4812_p3    |    select|   0|  0|   40|           1|          39|
    |select_ln340_13_fu_4826_p3    |    select|   0|  0|   40|           1|          40|
    |select_ln340_14_fu_4082_p3    |    select|   0|  0|   40|           1|          39|
    |select_ln340_15_fu_4096_p3    |    select|   0|  0|   40|           1|          40|
    |select_ln340_16_fu_4184_p3    |    select|   0|  0|   40|           1|          39|
    |select_ln340_17_fu_4200_p3    |    select|   0|  0|   40|           1|          40|
    |select_ln340_18_fu_4469_p3    |    select|   0|  0|   40|           1|          39|
    |select_ln340_19_fu_4485_p3    |    select|   0|  0|   40|           1|          40|
    |select_ln340_1_fu_2871_p3     |    select|   0|  0|   16|           1|          16|
    |select_ln340_20_fu_4914_p3    |    select|   0|  0|   40|           1|          39|
    |select_ln340_21_fu_4930_p3    |    select|   0|  0|   40|           1|          40|
    |select_ln340_22_fu_5401_p3    |    select|   0|  0|   40|           1|          39|
    |select_ln340_23_fu_4583_p3    |    select|   0|  0|   40|           1|          39|
    |select_ln340_24_fu_4687_p3    |    select|   0|  0|   40|           1|          39|
    |select_ln340_25_fu_5058_p3    |    select|   0|  0|   40|           1|          39|
    |select_ln340_26_fu_5503_p3    |    select|   0|  0|   40|           1|          39|
    |select_ln340_27_fu_5990_p3    |    select|   0|  0|   40|           1|          39|
    |select_ln340_28_fu_5172_p3    |    select|   0|  0|   40|           1|          39|
    |select_ln340_29_fu_5276_p3    |    select|   0|  0|   40|           1|          39|
    |select_ln340_2_fu_9751_p3     |    select|   0|  0|   40|           1|          39|
    |select_ln340_30_fu_5647_p3    |    select|   0|  0|   40|           1|          39|
    |select_ln340_31_fu_6092_p3    |    select|   0|  0|   40|           1|          39|
    |select_ln340_32_fu_6579_p3    |    select|   0|  0|   40|           1|          39|
    |select_ln340_33_fu_5761_p3    |    select|   0|  0|   40|           1|          39|
    |select_ln340_34_fu_5865_p3    |    select|   0|  0|   40|           1|          39|
    |select_ln340_35_fu_6236_p3    |    select|   0|  0|   40|           1|          39|
    |select_ln340_36_fu_6681_p3    |    select|   0|  0|   40|           1|          39|
    |select_ln340_37_fu_7168_p3    |    select|   0|  0|   40|           1|          39|
    |select_ln340_38_fu_6350_p3    |    select|   0|  0|   40|           1|          39|
    |select_ln340_39_fu_6454_p3    |    select|   0|  0|   40|           1|          39|
    |select_ln340_3_fu_9767_p3     |    select|   0|  0|   40|           1|          40|
    |select_ln340_40_fu_6825_p3    |    select|   0|  0|   40|           1|          39|
    |select_ln340_41_fu_7270_p3    |    select|   0|  0|   40|           1|          39|
    |select_ln340_42_fu_7713_p3    |    select|   0|  0|   40|           1|          39|
    |select_ln340_43_fu_6939_p3    |    select|   0|  0|   40|           1|          39|
    |select_ln340_44_fu_7043_p3    |    select|   0|  0|   40|           1|          39|
    |select_ln340_45_fu_7414_p3    |    select|   0|  0|   40|           1|          39|
    |select_ln340_46_fu_7815_p3    |    select|   0|  0|   40|           1|          39|
    |select_ln340_47_fu_8252_p3    |    select|   0|  0|   40|           1|          39|
    |select_ln340_48_fu_7528_p3    |    select|   0|  0|   40|           1|          39|
    |select_ln340_49_fu_7632_p3    |    select|   0|  0|   40|           1|          39|
    |select_ln340_4_fu_3700_p3     |    select|   0|  0|   40|           1|          39|
    |select_ln340_50_fu_7959_p3    |    select|   0|  0|   40|           1|          39|
    |select_ln340_51_fu_8354_p3    |    select|   0|  0|   40|           1|          39|
    |select_ln340_52_fu_8791_p3    |    select|   0|  0|   40|           1|          39|
    |select_ln340_53_fu_8073_p3    |    select|   0|  0|   40|           1|          39|
    |select_ln340_54_fu_8177_p3    |    select|   0|  0|   40|           1|          39|
    |select_ln340_55_fu_8498_p3    |    select|   0|  0|   40|           1|          39|
    |select_ln340_56_fu_8893_p3    |    select|   0|  0|   40|           1|          39|
    |select_ln340_57_fu_9163_p3    |    select|   0|  0|   40|           1|          39|
    |select_ln340_58_fu_8612_p3    |    select|   0|  0|   40|           1|          39|
    |select_ln340_59_fu_8716_p3    |    select|   0|  0|   40|           1|          39|
    |select_ln340_5_fu_3714_p3     |    select|   0|  0|   40|           1|          40|
    |select_ln340_60_fu_9037_p3    |    select|   0|  0|   40|           1|          39|
    |select_ln340_61_fu_9265_p3    |    select|   0|  0|   40|           1|          39|
    |select_ln340_62_fu_9431_p3    |    select|   0|  0|   40|           1|          39|
    |select_ln340_63_fu_9119_p3    |    select|   0|  0|   40|           1|          40|
    |select_ln340_64_fu_9387_p3    |    select|   0|  0|   40|           1|          40|
    |select_ln340_65_fu_9511_p3    |    select|   0|  0|   40|           1|          40|
    |select_ln340_66_fu_9573_p3    |    select|   0|  0|   40|           1|          40|
    |select_ln340_67_fu_5415_p3    |    select|   0|  0|   40|           1|          40|
    |select_ln340_68_fu_4599_p3    |    select|   0|  0|   40|           1|          40|
    |select_ln340_69_fu_4703_p3    |    select|   0|  0|   40|           1|          40|
    |select_ln340_6_fu_3758_p3     |    select|   0|  0|   40|           1|          39|
    |select_ln340_70_fu_5074_p3    |    select|   0|  0|   40|           1|          40|
    |select_ln340_71_fu_5519_p3    |    select|   0|  0|   40|           1|          40|
    |select_ln340_72_fu_6004_p3    |    select|   0|  0|   40|           1|          40|
    |select_ln340_73_fu_5188_p3    |    select|   0|  0|   40|           1|          40|
    |select_ln340_74_fu_5292_p3    |    select|   0|  0|   40|           1|          40|
    |select_ln340_75_fu_5663_p3    |    select|   0|  0|   40|           1|          40|
    |select_ln340_76_fu_6108_p3    |    select|   0|  0|   40|           1|          40|
    |select_ln340_77_fu_6593_p3    |    select|   0|  0|   40|           1|          40|
    |select_ln340_78_fu_5777_p3    |    select|   0|  0|   40|           1|          40|
    |select_ln340_79_fu_5881_p3    |    select|   0|  0|   40|           1|          40|
    |select_ln340_7_fu_3772_p3     |    select|   0|  0|   40|           1|          40|
    |select_ln340_80_fu_6252_p3    |    select|   0|  0|   40|           1|          40|
    |select_ln340_81_fu_6697_p3    |    select|   0|  0|   40|           1|          40|
    |select_ln340_82_fu_7182_p3    |    select|   0|  0|   40|           1|          40|
    |select_ln340_83_fu_6366_p3    |    select|   0|  0|   40|           1|          40|
    |select_ln340_84_fu_6470_p3    |    select|   0|  0|   40|           1|          40|
    |select_ln340_85_fu_6841_p3    |    select|   0|  0|   40|           1|          40|
    |select_ln340_86_fu_7286_p3    |    select|   0|  0|   40|           1|          40|
    |select_ln340_87_fu_7727_p3    |    select|   0|  0|   40|           1|          40|
    |select_ln340_88_fu_6955_p3    |    select|   0|  0|   40|           1|          40|
    |select_ln340_89_fu_7059_p3    |    select|   0|  0|   40|           1|          40|
    |select_ln340_8_fu_3979_p3     |    select|   0|  0|   40|           1|          39|
    |select_ln340_90_fu_7430_p3    |    select|   0|  0|   40|           1|          40|
    |select_ln340_91_fu_7831_p3    |    select|   0|  0|   40|           1|          40|
    |select_ln340_92_fu_8266_p3    |    select|   0|  0|   40|           1|          40|
    |select_ln340_93_fu_7544_p3    |    select|   0|  0|   40|           1|          40|
    |select_ln340_94_fu_7648_p3    |    select|   0|  0|   40|           1|          40|
    |select_ln340_95_fu_7975_p3    |    select|   0|  0|   40|           1|          40|
    |select_ln340_96_fu_8370_p3    |    select|   0|  0|   40|           1|          40|
    |select_ln340_97_fu_8805_p3    |    select|   0|  0|   40|           1|          40|
    |select_ln340_98_fu_8089_p3    |    select|   0|  0|   40|           1|          40|
    |select_ln340_99_fu_8193_p3    |    select|   0|  0|   40|           1|          40|
    |select_ln340_9_fu_3993_p3     |    select|   0|  0|   40|           1|          40|
    |select_ln340_fu_2847_p3       |    select|   0|  0|   16|           1|          15|
    |select_ln384_1_fu_9379_p3     |    select|   0|  0|   41|           1|          39|
    |select_ln384_2_fu_9503_p3     |    select|   0|  0|   41|           1|          39|
    |select_ln384_3_fu_9565_p3     |    select|   0|  0|   41|           1|          39|
    |select_ln384_4_fu_9839_p3     |    select|   0|  0|   41|           1|          39|
    |select_ln384_fu_9111_p3       |    select|   0|  0|   41|           1|          39|
    |select_ln388_10_fu_4922_p3    |    select|   0|  0|   41|           1|          41|
    |select_ln388_11_fu_5408_p3    |    select|   0|  0|   41|           1|          41|
    |select_ln388_12_fu_4591_p3    |    select|   0|  0|   41|           1|          41|
    |select_ln388_13_fu_4695_p3    |    select|   0|  0|   41|           1|          41|
    |select_ln388_14_fu_5066_p3    |    select|   0|  0|   41|           1|          41|
    |select_ln388_15_fu_5511_p3    |    select|   0|  0|   41|           1|          41|
    |select_ln388_16_fu_5997_p3    |    select|   0|  0|   41|           1|          41|
    |select_ln388_17_fu_5180_p3    |    select|   0|  0|   41|           1|          41|
    |select_ln388_18_fu_5284_p3    |    select|   0|  0|   41|           1|          41|
    |select_ln388_19_fu_5655_p3    |    select|   0|  0|   41|           1|          41|
    |select_ln388_1_fu_3707_p3     |    select|   0|  0|   41|           1|          41|
    |select_ln388_20_fu_6100_p3    |    select|   0|  0|   41|           1|          41|
    |select_ln388_21_fu_6586_p3    |    select|   0|  0|   41|           1|          41|
    |select_ln388_22_fu_5769_p3    |    select|   0|  0|   41|           1|          41|
    |select_ln388_23_fu_5873_p3    |    select|   0|  0|   41|           1|          41|
    |select_ln388_24_fu_6244_p3    |    select|   0|  0|   41|           1|          41|
    |select_ln388_25_fu_6689_p3    |    select|   0|  0|   41|           1|          41|
    |select_ln388_26_fu_7175_p3    |    select|   0|  0|   41|           1|          41|
    |select_ln388_27_fu_6358_p3    |    select|   0|  0|   41|           1|          41|
    |select_ln388_28_fu_6462_p3    |    select|   0|  0|   41|           1|          41|
    |select_ln388_29_fu_6833_p3    |    select|   0|  0|   41|           1|          41|
    |select_ln388_2_fu_3765_p3     |    select|   0|  0|   41|           1|          41|
    |select_ln388_30_fu_7278_p3    |    select|   0|  0|   41|           1|          41|
    |select_ln388_31_fu_7720_p3    |    select|   0|  0|   41|           1|          41|
    |select_ln388_32_fu_6947_p3    |    select|   0|  0|   41|           1|          41|
    |select_ln388_33_fu_7051_p3    |    select|   0|  0|   41|           1|          41|
    |select_ln388_34_fu_7422_p3    |    select|   0|  0|   41|           1|          41|
    |select_ln388_35_fu_7823_p3    |    select|   0|  0|   41|           1|          41|
    |select_ln388_36_fu_8259_p3    |    select|   0|  0|   41|           1|          41|
    |select_ln388_37_fu_7536_p3    |    select|   0|  0|   41|           1|          41|
    |select_ln388_38_fu_7640_p3    |    select|   0|  0|   41|           1|          41|
    |select_ln388_39_fu_7967_p3    |    select|   0|  0|   41|           1|          41|
    |select_ln388_3_fu_9759_p3     |    select|   0|  0|   41|           1|          41|
    |select_ln388_40_fu_8362_p3    |    select|   0|  0|   41|           1|          41|
    |select_ln388_41_fu_8798_p3    |    select|   0|  0|   41|           1|          41|
    |select_ln388_42_fu_8081_p3    |    select|   0|  0|   41|           1|          41|
    |select_ln388_43_fu_8185_p3    |    select|   0|  0|   41|           1|          41|
    |select_ln388_44_fu_8506_p3    |    select|   0|  0|   41|           1|          41|
    |select_ln388_45_fu_8901_p3    |    select|   0|  0|   41|           1|          41|
    |select_ln388_46_fu_9170_p3    |    select|   0|  0|   41|           1|          41|
    |select_ln388_47_fu_8620_p3    |    select|   0|  0|   41|           1|          41|
    |select_ln388_48_fu_8724_p3    |    select|   0|  0|   41|           1|          41|
    |select_ln388_49_fu_9045_p3    |    select|   0|  0|   41|           1|          41|
    |select_ln388_4_fu_3986_p3     |    select|   0|  0|   41|           1|          41|
    |select_ln388_50_fu_9273_p3    |    select|   0|  0|   41|           1|          41|
    |select_ln388_51_fu_9438_p3    |    select|   0|  0|   41|           1|          41|
    |select_ln388_5_fu_4334_p3     |    select|   0|  0|   41|           1|          41|
    |select_ln388_6_fu_4819_p3     |    select|   0|  0|   41|           1|          41|
    |select_ln388_7_fu_4089_p3     |    select|   0|  0|   41|           1|          41|
    |select_ln388_8_fu_4192_p3     |    select|   0|  0|   41|           1|          41|
    |select_ln388_9_fu_4477_p3     |    select|   0|  0|   41|           1|          41|
    |select_ln388_fu_2854_p3       |    select|   0|  0|   17|           1|          17|
    |select_ln571_fu_2890_p3       |    select|   0|  0|   16|           1|           1|
    |select_ln582_fu_2556_p3       |    select|   0|  0|   16|           1|          16|
    |select_ln585_fu_2578_p3       |    select|   0|  0|   16|           1|          16|
    |select_ln588_fu_2245_p3       |    select|   0|  0|    2|           1|           2|
    |select_ln603_fu_2621_p3       |    select|   0|  0|   16|           1|          16|
    |select_ln611_fu_2883_p3       |    select|   0|  0|   16|           1|          16|
    |select_ln642_1_fu_2733_p3     |    select|   0|  0|    2|           1|           1|
    |select_ln642_fu_2725_p3       |    select|   0|  0|    2|           1|           1|
    |select_ln943_fu_10103_p3      |    select|   0|  0|    7|           1|           7|
    |select_ln946_fu_10013_p3      |    select|   0|  0|    2|           1|           1|
    |select_ln954_fu_10020_p3      |    select|   0|  0|    2|           1|           1|
    |sh_amt_fu_2445_p3             |    select|   0|  0|   12|           1|          12|
    |tmp_V_2_fu_9869_p3            |    select|   0|  0|   40|           1|          40|
    |shl_ln604_fu_2612_p2          |       shl|   0|  0|   35|          16|          16|
    |shl_ln949_fu_9967_p2          |       shl|   0|  0|  133|           1|          40|
    |shl_ln955_fu_10037_p2         |       shl|   0|  0|  133|          40|          40|
    |Range1_all_zeros_fu_2704_p2   |       xor|   0|  0|    2|           2|           1|
    |Range2_all_ones_1_fu_2685_p2  |       xor|   0|  0|    2|           1|           2|
    |ap_enable_pp1                 |       xor|   0|  0|    2|           1|           2|
    |ap_enable_pp2                 |       xor|   0|  0|    2|           1|           2|
    |xor_ln340_100_fu_9415_p2      |       xor|   0|  0|    2|           1|           1|
    |xor_ln340_101_fu_9419_p2      |       xor|   0|  0|    2|           1|           2|
    |xor_ln340_102_fu_9105_p2      |       xor|   0|  0|    2|           1|           1|
    |xor_ln340_103_fu_9373_p2      |       xor|   0|  0|    2|           1|           1|
    |xor_ln340_104_fu_9497_p2      |       xor|   0|  0|    2|           1|           1|
    |xor_ln340_105_fu_9561_p2      |       xor|   0|  0|    2|           1|           1|
    |xor_ln340_10_fu_4800_p2       |       xor|   0|  0|    2|           1|           2|
    |xor_ln340_11_fu_4066_p2       |       xor|   0|  0|    2|           1|           1|
    |xor_ln340_12_fu_4070_p2       |       xor|   0|  0|    2|           1|           2|
    |xor_ln340_13_fu_4166_p2       |       xor|   0|  0|    2|           1|           1|
    |xor_ln340_14_fu_4172_p2       |       xor|   0|  0|    2|           1|           2|
    |xor_ln340_15_fu_4451_p2       |       xor|   0|  0|    2|           1|           1|
    |xor_ln340_16_fu_4457_p2       |       xor|   0|  0|    2|           1|           2|
    |xor_ln340_17_fu_9833_p2       |       xor|   0|  0|    2|           1|           1|
    |xor_ln340_18_fu_4896_p2       |       xor|   0|  0|    2|           1|           1|
    |xor_ln340_19_fu_4902_p2       |       xor|   0|  0|    2|           1|           2|
    |xor_ln340_1_fu_3684_p2        |       xor|   0|  0|    2|           1|           1|
    |xor_ln340_20_fu_5385_p2       |       xor|   0|  0|    2|           1|           1|
    |xor_ln340_21_fu_5389_p2       |       xor|   0|  0|    2|           1|           2|
    |xor_ln340_22_fu_4565_p2       |       xor|   0|  0|    2|           1|           1|
    |xor_ln340_23_fu_4571_p2       |       xor|   0|  0|    2|           1|           2|
    |xor_ln340_24_fu_4669_p2       |       xor|   0|  0|    2|           1|           1|
    |xor_ln340_25_fu_4675_p2       |       xor|   0|  0|    2|           1|           2|
    |xor_ln340_26_fu_5040_p2       |       xor|   0|  0|    2|           1|           1|
    |xor_ln340_27_fu_5046_p2       |       xor|   0|  0|    2|           1|           2|
    |xor_ln340_28_fu_5485_p2       |       xor|   0|  0|    2|           1|           1|
    |xor_ln340_29_fu_5491_p2       |       xor|   0|  0|    2|           1|           2|
    |xor_ln340_2_fu_3688_p2        |       xor|   0|  0|    2|           1|           2|
    |xor_ln340_30_fu_5974_p2       |       xor|   0|  0|    2|           1|           1|
    |xor_ln340_31_fu_5978_p2       |       xor|   0|  0|    2|           1|           2|
    |xor_ln340_32_fu_5154_p2       |       xor|   0|  0|    2|           1|           1|
    |xor_ln340_33_fu_5160_p2       |       xor|   0|  0|    2|           1|           2|
    |xor_ln340_34_fu_5258_p2       |       xor|   0|  0|    2|           1|           1|
    |xor_ln340_35_fu_5264_p2       |       xor|   0|  0|    2|           1|           2|
    |xor_ln340_36_fu_5629_p2       |       xor|   0|  0|    2|           1|           1|
    |xor_ln340_37_fu_5635_p2       |       xor|   0|  0|    2|           1|           2|
    |xor_ln340_38_fu_6074_p2       |       xor|   0|  0|    2|           1|           1|
    |xor_ln340_39_fu_6080_p2       |       xor|   0|  0|    2|           1|           2|
    |xor_ln340_3_fu_3742_p2        |       xor|   0|  0|    2|           1|           1|
    |xor_ln340_40_fu_6563_p2       |       xor|   0|  0|    2|           1|           1|
    |xor_ln340_41_fu_6567_p2       |       xor|   0|  0|    2|           1|           2|
    |xor_ln340_42_fu_5743_p2       |       xor|   0|  0|    2|           1|           1|
    |xor_ln340_43_fu_5749_p2       |       xor|   0|  0|    2|           1|           2|
    |xor_ln340_44_fu_5847_p2       |       xor|   0|  0|    2|           1|           1|
    |xor_ln340_45_fu_5853_p2       |       xor|   0|  0|    2|           1|           2|
    |xor_ln340_46_fu_6218_p2       |       xor|   0|  0|    2|           1|           1|
    |xor_ln340_47_fu_6224_p2       |       xor|   0|  0|    2|           1|           2|
    |xor_ln340_48_fu_6663_p2       |       xor|   0|  0|    2|           1|           1|
    |xor_ln340_49_fu_6669_p2       |       xor|   0|  0|    2|           1|           2|
    |xor_ln340_4_fu_3746_p2        |       xor|   0|  0|    2|           1|           2|
    |xor_ln340_50_fu_7152_p2       |       xor|   0|  0|    2|           1|           1|
    |xor_ln340_51_fu_7156_p2       |       xor|   0|  0|    2|           1|           2|
    |xor_ln340_52_fu_6332_p2       |       xor|   0|  0|    2|           1|           1|
    |xor_ln340_53_fu_6338_p2       |       xor|   0|  0|    2|           1|           2|
    |xor_ln340_54_fu_6436_p2       |       xor|   0|  0|    2|           1|           1|
    |xor_ln340_55_fu_6442_p2       |       xor|   0|  0|    2|           1|           2|
    |xor_ln340_56_fu_6807_p2       |       xor|   0|  0|    2|           1|           1|
    |xor_ln340_57_fu_6813_p2       |       xor|   0|  0|    2|           1|           2|
    |xor_ln340_58_fu_7252_p2       |       xor|   0|  0|    2|           1|           1|
    |xor_ln340_59_fu_7258_p2       |       xor|   0|  0|    2|           1|           2|
    |xor_ln340_5_fu_3963_p2        |       xor|   0|  0|    2|           1|           1|
    |xor_ln340_60_fu_7697_p2       |       xor|   0|  0|    2|           1|           1|
    |xor_ln340_61_fu_7701_p2       |       xor|   0|  0|    2|           1|           2|
    |xor_ln340_62_fu_6921_p2       |       xor|   0|  0|    2|           1|           1|
    |xor_ln340_63_fu_6927_p2       |       xor|   0|  0|    2|           1|           2|
    |xor_ln340_64_fu_7025_p2       |       xor|   0|  0|    2|           1|           1|
    |xor_ln340_65_fu_7031_p2       |       xor|   0|  0|    2|           1|           2|
    |xor_ln340_66_fu_7396_p2       |       xor|   0|  0|    2|           1|           1|
    |xor_ln340_67_fu_7402_p2       |       xor|   0|  0|    2|           1|           2|
    |xor_ln340_68_fu_7797_p2       |       xor|   0|  0|    2|           1|           1|
    |xor_ln340_69_fu_7803_p2       |       xor|   0|  0|    2|           1|           2|
    |xor_ln340_6_fu_3967_p2        |       xor|   0|  0|    2|           1|           2|
    |xor_ln340_70_fu_8236_p2       |       xor|   0|  0|    2|           1|           1|
    |xor_ln340_71_fu_8240_p2       |       xor|   0|  0|    2|           1|           2|
    |xor_ln340_72_fu_7510_p2       |       xor|   0|  0|    2|           1|           1|
    |xor_ln340_73_fu_7516_p2       |       xor|   0|  0|    2|           1|           2|
    |xor_ln340_74_fu_7614_p2       |       xor|   0|  0|    2|           1|           1|
    |xor_ln340_75_fu_7620_p2       |       xor|   0|  0|    2|           1|           2|
    |xor_ln340_76_fu_7941_p2       |       xor|   0|  0|    2|           1|           1|
    |xor_ln340_77_fu_7947_p2       |       xor|   0|  0|    2|           1|           2|
    |xor_ln340_78_fu_8336_p2       |       xor|   0|  0|    2|           1|           1|
    |xor_ln340_79_fu_8342_p2       |       xor|   0|  0|    2|           1|           2|
    |xor_ln340_7_fu_4311_p2        |       xor|   0|  0|    2|           1|           1|
    |xor_ln340_80_fu_8775_p2       |       xor|   0|  0|    2|           1|           1|
    |xor_ln340_81_fu_8779_p2       |       xor|   0|  0|    2|           1|           2|
    |xor_ln340_82_fu_8055_p2       |       xor|   0|  0|    2|           1|           1|
    |xor_ln340_83_fu_8061_p2       |       xor|   0|  0|    2|           1|           2|
    |xor_ln340_84_fu_8159_p2       |       xor|   0|  0|    2|           1|           1|
    |xor_ln340_85_fu_8165_p2       |       xor|   0|  0|    2|           1|           2|
    |xor_ln340_86_fu_8480_p2       |       xor|   0|  0|    2|           1|           1|
    |xor_ln340_87_fu_8486_p2       |       xor|   0|  0|    2|           1|           2|
    |xor_ln340_88_fu_8875_p2       |       xor|   0|  0|    2|           1|           1|
    |xor_ln340_89_fu_8881_p2       |       xor|   0|  0|    2|           1|           2|
    |xor_ln340_8_fu_4315_p2        |       xor|   0|  0|    2|           1|           2|
    |xor_ln340_90_fu_9147_p2       |       xor|   0|  0|    2|           1|           1|
    |xor_ln340_91_fu_9151_p2       |       xor|   0|  0|    2|           1|           2|
    |xor_ln340_92_fu_8594_p2       |       xor|   0|  0|    2|           1|           1|
    |xor_ln340_93_fu_8600_p2       |       xor|   0|  0|    2|           1|           2|
    |xor_ln340_94_fu_8698_p2       |       xor|   0|  0|    2|           1|           1|
    |xor_ln340_95_fu_8704_p2       |       xor|   0|  0|    2|           1|           2|
    |xor_ln340_96_fu_9019_p2       |       xor|   0|  0|    2|           1|           1|
    |xor_ln340_97_fu_9025_p2       |       xor|   0|  0|    2|           1|           2|
    |xor_ln340_98_fu_9247_p2       |       xor|   0|  0|    2|           1|           1|
    |xor_ln340_99_fu_9253_p2       |       xor|   0|  0|    2|           1|           2|
    |xor_ln340_9_fu_4796_p2        |       xor|   0|  0|    2|           1|           1|
    |xor_ln340_fu_2831_p2          |       xor|   0|  0|    2|           1|           2|
    |xor_ln571_fu_2252_p2          |       xor|   0|  0|    2|           1|           2|
    |xor_ln582_fu_2562_p2          |       xor|   0|  0|    2|           1|           2|
    |xor_ln585_fu_2628_p2          |       xor|   0|  0|    2|           1|           2|
    |xor_ln621_1_fu_2653_p2        |       xor|   0|  0|    2|           1|           2|
    |xor_ln621_fu_2740_p2          |       xor|   0|  0|    2|           1|           2|
    |xor_ln658_1_fu_2240_p2        |       xor|   0|  0|    2|           1|           2|
    |xor_ln658_fu_2794_p2          |       xor|   0|  0|    2|           1|           2|
    |xor_ln659_fu_2815_p2          |       xor|   0|  0|    2|           2|           1|
    |xor_ln785_10_fu_4541_p2       |       xor|   0|  0|    2|           1|           2|
    |xor_ln785_11_fu_4645_p2       |       xor|   0|  0|    2|           1|           2|
    |xor_ln785_12_fu_5016_p2       |       xor|   0|  0|    2|           1|           2|
    |xor_ln785_13_fu_5461_p2       |       xor|   0|  0|    2|           1|           2|
    |xor_ln785_14_fu_5954_p2       |       xor|   0|  0|    2|           1|           2|
    |xor_ln785_15_fu_9709_p2       |       xor|   0|  0|    2|           1|           2|
    |xor_ln785_16_fu_9821_p2       |       xor|   0|  0|    2|           1|           2|
    |xor_ln785_17_fu_5130_p2       |       xor|   0|  0|    2|           1|           2|
    |xor_ln785_18_fu_5234_p2       |       xor|   0|  0|    2|           1|           2|
    |xor_ln785_19_fu_5605_p2       |       xor|   0|  0|    2|           1|           2|
    |xor_ln785_1_fu_3722_p2        |       xor|   0|  0|    2|           1|           2|
    |xor_ln785_20_fu_6050_p2       |       xor|   0|  0|    2|           1|           2|
    |xor_ln785_21_fu_6543_p2       |       xor|   0|  0|    2|           1|           2|
    |xor_ln785_22_fu_5719_p2       |       xor|   0|  0|    2|           1|           2|
    |xor_ln785_23_fu_5823_p2       |       xor|   0|  0|    2|           1|           2|
    |xor_ln785_24_fu_6194_p2       |       xor|   0|  0|    2|           1|           2|
    |xor_ln785_25_fu_6639_p2       |       xor|   0|  0|    2|           1|           2|
    |xor_ln785_26_fu_7132_p2       |       xor|   0|  0|    2|           1|           2|
    |xor_ln785_27_fu_6308_p2       |       xor|   0|  0|    2|           1|           2|
    |xor_ln785_28_fu_6412_p2       |       xor|   0|  0|    2|           1|           2|
    |xor_ln785_29_fu_6783_p2       |       xor|   0|  0|    2|           1|           2|
    |xor_ln785_2_fu_3943_p2        |       xor|   0|  0|    2|           1|           2|
    |xor_ln785_30_fu_7228_p2       |       xor|   0|  0|    2|           1|           2|
    |xor_ln785_31_fu_7677_p2       |       xor|   0|  0|    2|           1|           2|
    |xor_ln785_32_fu_6897_p2       |       xor|   0|  0|    2|           1|           2|
    |xor_ln785_33_fu_7001_p2       |       xor|   0|  0|    2|           1|           2|
    |xor_ln785_34_fu_7372_p2       |       xor|   0|  0|    2|           1|           2|
    |xor_ln785_35_fu_7773_p2       |       xor|   0|  0|    2|           1|           2|
    |xor_ln785_36_fu_8216_p2       |       xor|   0|  0|    2|           1|           2|
    |xor_ln785_37_fu_7486_p2       |       xor|   0|  0|    2|           1|           2|
    |xor_ln785_38_fu_7590_p2       |       xor|   0|  0|    2|           1|           2|
    |xor_ln785_39_fu_7917_p2       |       xor|   0|  0|    2|           1|           2|
    |xor_ln785_3_fu_4291_p2        |       xor|   0|  0|    2|           1|           2|
    |xor_ln785_40_fu_8312_p2       |       xor|   0|  0|    2|           1|           2|
    |xor_ln785_41_fu_8755_p2       |       xor|   0|  0|    2|           1|           2|
    |xor_ln785_42_fu_8031_p2       |       xor|   0|  0|    2|           1|           2|
    |xor_ln785_43_fu_8135_p2       |       xor|   0|  0|    2|           1|           2|
    |xor_ln785_44_fu_8456_p2       |       xor|   0|  0|    2|           1|           2|
    |xor_ln785_45_fu_8851_p2       |       xor|   0|  0|    2|           1|           2|
    |xor_ln785_46_fu_9127_p2       |       xor|   0|  0|    2|           1|           2|
    |xor_ln785_47_fu_8570_p2       |       xor|   0|  0|    2|           1|           2|
    |xor_ln785_48_fu_8674_p2       |       xor|   0|  0|    2|           1|           2|
    |xor_ln785_49_fu_8995_p2       |       xor|   0|  0|    2|           1|           2|
    |xor_ln785_4_fu_4776_p2        |       xor|   0|  0|    2|           1|           2|
    |xor_ln785_50_fu_9223_p2       |       xor|   0|  0|    2|           1|           2|
    |xor_ln785_51_fu_9395_p2       |       xor|   0|  0|    2|           1|           2|
    |xor_ln785_52_fu_9093_p2       |       xor|   0|  0|    2|           1|           2|
    |xor_ln785_53_fu_9361_p2       |       xor|   0|  0|    2|           1|           2|
    |xor_ln785_54_fu_9485_p2       |       xor|   0|  0|    2|           1|           2|
    |xor_ln785_55_fu_9551_p2       |       xor|   0|  0|    2|           1|           2|
    |xor_ln785_5_fu_4046_p2        |       xor|   0|  0|    2|           1|           2|
    |xor_ln785_6_fu_4142_p2        |       xor|   0|  0|    2|           1|           2|
    |xor_ln785_7_fu_4427_p2        |       xor|   0|  0|    2|           1|           2|
    |xor_ln785_8_fu_4872_p2        |       xor|   0|  0|    2|           1|           2|
    |xor_ln785_9_fu_5365_p2        |       xor|   0|  0|    2|           1|           2|
    |xor_ln785_fu_3664_p2          |       xor|   0|  0|    2|           1|           2|
    |xor_ln786_10_fu_4553_p2       |       xor|   0|  0|    2|           1|           2|
    |xor_ln786_11_fu_4657_p2       |       xor|   0|  0|    2|           1|           2|
    |xor_ln786_12_fu_5028_p2       |       xor|   0|  0|    2|           1|           2|
    |xor_ln786_13_fu_5473_p2       |       xor|   0|  0|    2|           1|           2|
    |xor_ln786_14_fu_5964_p2       |       xor|   0|  0|    2|           1|           2|
    |xor_ln786_15_fu_5142_p2       |       xor|   0|  0|    2|           1|           2|
    |xor_ln786_16_fu_5246_p2       |       xor|   0|  0|    2|           1|           2|
    |xor_ln786_17_fu_5617_p2       |       xor|   0|  0|    2|           1|           2|
    |xor_ln786_18_fu_6062_p2       |       xor|   0|  0|    2|           1|           2|
    |xor_ln786_19_fu_6553_p2       |       xor|   0|  0|    2|           1|           2|
    |xor_ln786_1_fu_3732_p2        |       xor|   0|  0|    2|           1|           2|
    |xor_ln786_20_fu_5731_p2       |       xor|   0|  0|    2|           1|           2|
    |xor_ln786_21_fu_5835_p2       |       xor|   0|  0|    2|           1|           2|
    |xor_ln786_22_fu_6206_p2       |       xor|   0|  0|    2|           1|           2|
    |xor_ln786_23_fu_6651_p2       |       xor|   0|  0|    2|           1|           2|
    |xor_ln786_24_fu_7142_p2       |       xor|   0|  0|    2|           1|           2|
    |xor_ln786_25_fu_6320_p2       |       xor|   0|  0|    2|           1|           2|
    |xor_ln786_26_fu_6424_p2       |       xor|   0|  0|    2|           1|           2|
    |xor_ln786_27_fu_6795_p2       |       xor|   0|  0|    2|           1|           2|
    |xor_ln786_28_fu_7240_p2       |       xor|   0|  0|    2|           1|           2|
    |xor_ln786_29_fu_7687_p2       |       xor|   0|  0|    2|           1|           2|
    |xor_ln786_2_fu_3953_p2        |       xor|   0|  0|    2|           1|           2|
    |xor_ln786_30_fu_6909_p2       |       xor|   0|  0|    2|           1|           2|
    |xor_ln786_31_fu_7013_p2       |       xor|   0|  0|    2|           1|           2|
    |xor_ln786_32_fu_7384_p2       |       xor|   0|  0|    2|           1|           2|
    |xor_ln786_33_fu_7785_p2       |       xor|   0|  0|    2|           1|           2|
    |xor_ln786_34_fu_8226_p2       |       xor|   0|  0|    2|           1|           2|
    |xor_ln786_35_fu_7498_p2       |       xor|   0|  0|    2|           1|           2|
    |xor_ln786_36_fu_7602_p2       |       xor|   0|  0|    2|           1|           2|
    |xor_ln786_37_fu_7929_p2       |       xor|   0|  0|    2|           1|           2|
    |xor_ln786_38_fu_8324_p2       |       xor|   0|  0|    2|           1|           2|
    |xor_ln786_39_fu_8765_p2       |       xor|   0|  0|    2|           1|           2|
    |xor_ln786_3_fu_4301_p2        |       xor|   0|  0|    2|           1|           2|
    |xor_ln786_40_fu_8043_p2       |       xor|   0|  0|    2|           1|           2|
    |xor_ln786_41_fu_8147_p2       |       xor|   0|  0|    2|           1|           2|
    |xor_ln786_42_fu_8468_p2       |       xor|   0|  0|    2|           1|           2|
    |xor_ln786_43_fu_8863_p2       |       xor|   0|  0|    2|           1|           2|
    |xor_ln786_44_fu_9137_p2       |       xor|   0|  0|    2|           1|           2|
    |xor_ln786_45_fu_8582_p2       |       xor|   0|  0|    2|           1|           2|
    |xor_ln786_46_fu_8686_p2       |       xor|   0|  0|    2|           1|           2|
    |xor_ln786_47_fu_9007_p2       |       xor|   0|  0|    2|           1|           2|
    |xor_ln786_48_fu_9235_p2       |       xor|   0|  0|    2|           1|           2|
    |xor_ln786_49_fu_9405_p2       |       xor|   0|  0|    2|           1|           2|
    |xor_ln786_4_fu_4786_p2        |       xor|   0|  0|    2|           1|           2|
    |xor_ln786_50_fu_9727_p2       |       xor|   0|  0|    2|           2|           1|
    |xor_ln786_5_fu_4056_p2        |       xor|   0|  0|    2|           1|           2|
    |xor_ln786_6_fu_4154_p2        |       xor|   0|  0|    2|           1|           2|
    |xor_ln786_7_fu_4439_p2        |       xor|   0|  0|    2|           1|           2|
    |xor_ln786_8_fu_4884_p2        |       xor|   0|  0|    2|           1|           2|
    |xor_ln786_9_fu_5375_p2        |       xor|   0|  0|    2|           1|           2|
    |xor_ln786_fu_3674_p2          |       xor|   0|  0|    2|           1|           2|
    |xor_ln949_fu_9997_p2          |       xor|   0|  0|    2|           1|           2|
    +------------------------------+----------+----+---+-----+------------+------------+
    |Total                         |          |   0|  0|16730|        7204|       13784|
    +------------------------------+----------+----+---+-----+------------+------------+

    * Multiplexer: 
    +-------------------------------+-----+-----------+-----+-----------+
    |              Name             | LUT | Input Size| Bits| Total Bits|
    +-------------------------------+-----+-----------+-----+-----------+
    |FIR_COEFFS_V_address0          |   65|         14|    9|        126|
    |FIR_COEFFS_V_address1          |   65|         14|    9|        126|
    |FIR_COEFFS_V_address2          |   65|         14|    9|        126|
    |FIR_COEFFS_V_address3          |   65|         14|    9|        126|
    |FIR_COEFFS_V_address4          |   65|         14|    9|        126|
    |acc_V_3_reg_1659               |    9|          2|   40|         80|
    |ap_NS_fsm                      |  159|         36|    1|         36|
    |ap_enable_reg_pp1_iter5        |    9|          2|    1|          2|
    |ap_enable_reg_pp2_iter3        |    9|          2|    1|          2|
    |ap_phi_mux_b_phi_fu_1651_p4    |    9|          2|    3|          6|
    |ap_phi_mux_k_1_phi_fu_1639_p4  |    9|          2|    7|         14|
    |b_reg_1647                     |    9|          2|    3|          6|
    |grp_fu_1671_p0                 |   65|         14|   18|        252|
    |grp_fu_1671_p1                 |   65|         14|   16|        224|
    |grp_fu_1672_p0                 |   65|         15|   18|        270|
    |grp_fu_1672_p1                 |   65|         15|   16|        240|
    |grp_fu_1673_p0                 |   65|         15|   18|        270|
    |grp_fu_1673_p1                 |   65|         15|   16|        240|
    |grp_fu_1674_p0                 |   65|         14|   18|        252|
    |grp_fu_1674_p1                 |   65|         14|   16|        224|
    |grp_fu_1675_p0                 |   65|         14|   18|        252|
    |grp_fu_1675_p1                 |   65|         14|   16|        224|
    |hist_V_0_address0              |   53|         10|    4|         40|
    |hist_V_0_address1              |   42|          8|    4|         32|
    |hist_V_0_d0                    |   14|          3|   16|         48|
    |hist_V_1_address0              |   59|         11|    4|         44|
    |hist_V_1_address1              |   37|          7|    4|         28|
    |hist_V_1_d0                    |   14|          3|   16|         48|
    |hist_V_2_address0              |   59|         11|    4|         44|
    |hist_V_2_address1              |   37|          7|    4|         28|
    |hist_V_2_d0                    |   14|          3|   16|         48|
    |hist_V_3_address0              |   59|         11|    4|         44|
    |hist_V_3_address1              |   37|          7|    4|         28|
    |hist_V_3_d0                    |   14|          3|   16|         48|
    |hist_V_4_address0              |   59|         11|    4|         44|
    |hist_V_4_address1              |   37|          7|    4|         28|
    |hist_V_4_d0                    |   14|          3|   16|         48|
    |k_1_reg_1635                   |    9|          2|    7|         14|
    |k_reg_1591                     |    9|          2|    7|         14|
    |phi_mul_reg_1602               |    9|          2|   14|         28|
    |phi_urem_reg_1613              |    9|          2|    7|         14|
    |reg_1624                       |   14|          3|   34|        102|
    +-------------------------------+-----+-----------+-----+-----------+
    |Total                          | 1787|        378|  460|       3996|
    +-------------------------------+-----+-----------+-----+-----------+

    * Register: 
    +-----------------------------------------+-----+----+-----+-----------+
    |                   Name                  |  FF | LUT| Bits| Const Bits|
    +-----------------------------------------+-----+----+-----+-----------+
    |F2_reg_10617                             |   12|   0|   12|          0|
    |Range1_all_ones_3_reg_10669              |    1|   0|    1|          0|
    |Range2_V_1_reg_10714                     |   54|   0|   54|          0|
    |acc_V_3_reg_1659                         |   40|   0|   40|          0|
    |add_ln1118_reg_11354                     |    9|   0|    9|          0|
    |add_ln198_reg_10549                      |   32|   0|   32|          0|
    |add_ln205_reg_10562                      |    7|   0|    7|          0|
    |add_ln206_reg_10567                      |    6|   0|    6|          0|
    |add_ln214_reg_12146                      |    3|   0|    3|          0|
    |add_ln703_3_reg_12327                    |   40|   0|   40|          0|
    |and_ln581_reg_10686                      |    1|   0|    1|          0|
    |ap_CS_fsm                                |   35|   0|   35|          0|
    |ap_enable_reg_pp1_iter0                  |    1|   0|    1|          0|
    |ap_enable_reg_pp1_iter1                  |    1|   0|    1|          0|
    |ap_enable_reg_pp1_iter2                  |    1|   0|    1|          0|
    |ap_enable_reg_pp1_iter3                  |    1|   0|    1|          0|
    |ap_enable_reg_pp1_iter4                  |    1|   0|    1|          0|
    |ap_enable_reg_pp1_iter5                  |    1|   0|    1|          0|
    |ap_enable_reg_pp2_iter0                  |    1|   0|    1|          0|
    |ap_enable_reg_pp2_iter1                  |    1|   0|    1|          0|
    |ap_enable_reg_pp2_iter2                  |    1|   0|    1|          0|
    |ap_enable_reg_pp2_iter3                  |    1|   0|    1|          0|
    |b_reg_1647                               |    3|   0|    3|          0|
    |deleted_ones_reg_10752                   |    1|   0|    1|          0|
    |hist_V_0_load_1_reg_10794                |   16|   0|   16|          0|
    |hist_V_0_load_2_reg_10825                |   16|   0|   16|          0|
    |hist_V_0_load_3_reg_10850                |   16|   0|   16|          0|
    |hist_V_0_load_4_reg_10875                |   16|   0|   16|          0|
    |hist_V_0_load_5_reg_10900                |   16|   0|   16|          0|
    |hist_V_0_load_6_reg_10925                |   16|   0|   16|          0|
    |hist_V_0_load_7_reg_10950                |   16|   0|   16|          0|
    |hist_V_0_load_8_reg_10975                |   16|   0|   16|          0|
    |hist_V_0_load_9_reg_11000                |   16|   0|   16|          0|
    |hist_V_0_load_reg_10769                  |   16|   0|   16|          0|
    |hist_V_1_load_10_reg_11005               |   16|   0|   16|          0|
    |hist_V_1_load_1_reg_10774                |   16|   0|   16|          0|
    |hist_V_1_load_2_reg_10799                |   16|   0|   16|          0|
    |hist_V_1_load_3_reg_10830                |   16|   0|   16|          0|
    |hist_V_1_load_4_reg_10855                |   16|   0|   16|          0|
    |hist_V_1_load_5_reg_10880                |   16|   0|   16|          0|
    |hist_V_1_load_6_reg_10905                |   16|   0|   16|          0|
    |hist_V_1_load_7_reg_10930                |   16|   0|   16|          0|
    |hist_V_1_load_8_reg_10955                |   16|   0|   16|          0|
    |hist_V_1_load_9_reg_10980                |   16|   0|   16|          0|
    |hist_V_1_load_reg_10720                  |   16|   0|   16|          0|
    |hist_V_2_load_10_reg_11010               |   16|   0|   16|          0|
    |hist_V_2_load_1_reg_10779                |   16|   0|   16|          0|
    |hist_V_2_load_2_reg_10804                |   16|   0|   16|          0|
    |hist_V_2_load_3_reg_10835                |   16|   0|   16|          0|
    |hist_V_2_load_4_reg_10860                |   16|   0|   16|          0|
    |hist_V_2_load_5_reg_10885                |   16|   0|   16|          0|
    |hist_V_2_load_6_reg_10910                |   16|   0|   16|          0|
    |hist_V_2_load_7_reg_10935                |   16|   0|   16|          0|
    |hist_V_2_load_8_reg_10960                |   16|   0|   16|          0|
    |hist_V_2_load_9_reg_10985                |   16|   0|   16|          0|
    |hist_V_2_load_reg_10725                  |   16|   0|   16|          0|
    |hist_V_3_load_10_reg_11015               |   16|   0|   16|          0|
    |hist_V_3_load_1_reg_10784                |   16|   0|   16|          0|
    |hist_V_3_load_2_reg_10809                |   16|   0|   16|          0|
    |hist_V_3_load_3_reg_10840                |   16|   0|   16|          0|
    |hist_V_3_load_4_reg_10865                |   16|   0|   16|          0|
    |hist_V_3_load_5_reg_10890                |   16|   0|   16|          0|
    |hist_V_3_load_6_reg_10915                |   16|   0|   16|          0|
    |hist_V_3_load_7_reg_10940                |   16|   0|   16|          0|
    |hist_V_3_load_8_reg_10965                |   16|   0|   16|          0|
    |hist_V_3_load_9_reg_10990                |   16|   0|   16|          0|
    |hist_V_3_load_reg_10730                  |   16|   0|   16|          0|
    |hist_V_4_load_10_reg_11020               |   16|   0|   16|          0|
    |hist_V_4_load_1_reg_10789                |   16|   0|   16|          0|
    |hist_V_4_load_2_reg_10814                |   16|   0|   16|          0|
    |hist_V_4_load_3_reg_10845                |   16|   0|   16|          0|
    |hist_V_4_load_4_reg_10870                |   16|   0|   16|          0|
    |hist_V_4_load_5_reg_10895                |   16|   0|   16|          0|
    |hist_V_4_load_6_reg_10920                |   16|   0|   16|          0|
    |hist_V_4_load_7_reg_10945                |   16|   0|   16|          0|
    |hist_V_4_load_8_reg_10970                |   16|   0|   16|          0|
    |hist_V_4_load_9_reg_10995                |   16|   0|   16|          0|
    |hist_V_4_load_reg_10735                  |   16|   0|   16|          0|
    |icmp_ln1497_reg_12371                    |    1|   0|    1|          0|
    |icmp_ln1497_reg_12371_pp2_iter3_reg      |    1|   0|    1|          0|
    |icmp_ln205_reg_10558                     |    1|   0|    1|          0|
    |icmp_ln214_reg_11350                     |    1|   0|    1|          0|
    |icmp_ln571_reg_10207                     |    1|   0|    1|          0|
    |icmp_ln581_1_reg_10696                   |    1|   0|    1|          0|
    |icmp_ln581_reg_10623                     |    1|   0|    1|          0|
    |icmp_ln582_reg_10634                     |    1|   0|    1|          0|
    |icmp_ln585_reg_10681                     |    1|   0|    1|          0|
    |icmp_ln603_reg_10646                     |    1|   0|    1|          0|
    |icmp_ln611_reg_10651                     |    1|   0|    1|          0|
    |icmp_ln621_reg_10657                     |    1|   0|    1|          0|
    |icmp_ln954_reg_12463                     |    1|   0|    1|          0|
    |ireg_reg_10194                           |   64|   0|   64|          0|
    |k_1_reg_1635                             |    7|   0|    7|          0|
    |k_reg_1591                               |    7|   0|    7|          0|
    |lsb_index_reg_12435                      |   32|   0|   32|          0|
    |m_4_reg_12473                            |   40|   0|   40|          0|
    |man_V_reg_10611                          |   54|   0|   54|          0|
    |mul_ln1118_61_reg_12397                  |  104|   0|  104|          0|
    |neg_src_1_reg_10757                      |    1|   0|    1|          0|
    |overflow_reg_10763                       |    1|   0|    1|          0|
    |p_Result_13_reg_10200                    |    1|   0|    1|          0|
    |p_Result_15_reg_10747                    |    1|   0|    1|          0|
    |p_Result_20_reg_12417                    |    1|   0|    1|          0|
    |p_Result_22_reg_12452                    |    1|   0|    1|          0|
    |p_Result_7_reg_12478                     |    1|   0|    1|          0|
    |p_Val2_1_reg_10740                       |   16|   0|   16|          0|
    |p_Val2_3_reg_12350                       |   40|   0|   40|          0|
    |phi_mul_reg_1602                         |   14|   0|   14|          0|
    |phi_urem_reg_1613                        |    7|   0|    7|          0|
    |pos2_reg_10701                           |   12|   0|   12|          0|
    |r_V_reg_12381                            |   72|   0|   72|          0|
    |reg_1624                                 |   34|   0|   34|          0|
    |reg_1724                                 |   34|   0|   34|          0|
    |reg_1800                                 |   34|   0|   34|          0|
    |reg_1806                                 |   34|   0|   34|          0|
    |reg_1826                                 |   34|   0|   34|          0|
    |reg_2120                                 |   18|   0|   18|          0|
    |reg_2124                                 |   18|   0|   18|          0|
    |reg_2128                                 |   18|   0|   18|          0|
    |reg_2132                                 |   18|   0|   18|          0|
    |reg_2136                                 |   18|   0|   18|          0|
    |reg_2140                                 |   34|   0|   34|          0|
    |ret_V_3_reg_12366                        |   41|   0|   41|          0|
    |ret_V_reg_12386                          |   72|   0|   72|          0|
    |select_ln340_100_reg_12221               |   40|   0|   40|          0|
    |select_ln340_101_reg_12239               |   40|   0|   40|          0|
    |select_ln340_103_reg_12227               |   40|   0|   40|          0|
    |select_ln340_104_reg_12233               |   40|   0|   40|          0|
    |select_ln340_105_reg_12265               |   40|   0|   40|          0|
    |select_ln340_106_reg_12277               |   40|   0|   40|          0|
    |select_ln340_107_reg_12309               |   40|   0|   40|          0|
    |select_ln340_11_reg_11757                |   40|   0|   40|          0|
    |select_ln340_15_reg_11720                |   40|   0|   40|          0|
    |select_ln340_17_reg_11726                |   40|   0|   40|          0|
    |select_ln340_19_reg_11783                |   40|   0|   40|          0|
    |select_ln340_21_reg_11826                |   40|   0|   40|          0|
    |select_ln340_3_reg_12402                 |   40|   0|   40|          0|
    |select_ln340_63_reg_12271                |   40|   0|   40|          0|
    |select_ln340_64_reg_12303                |   40|   0|   40|          0|
    |select_ln340_65_reg_12315                |   40|   0|   40|          0|
    |select_ln340_66_reg_12338                |   40|   0|   40|          0|
    |select_ln340_66_reg_12338_pp2_iter2_reg  |   40|   0|   40|          0|
    |select_ln340_68_reg_11789                |   40|   0|   40|          0|
    |select_ln340_69_reg_11795                |   40|   0|   40|          0|
    |select_ln340_70_reg_11852                |   40|   0|   40|          0|
    |select_ln340_71_reg_11895                |   40|   0|   40|          0|
    |select_ln340_73_reg_11858                |   40|   0|   40|          0|
    |select_ln340_74_reg_11864                |   40|   0|   40|          0|
    |select_ln340_75_reg_11921                |   40|   0|   40|          0|
    |select_ln340_76_reg_11964                |   40|   0|   40|          0|
    |select_ln340_78_reg_11927                |   40|   0|   40|          0|
    |select_ln340_79_reg_11933                |   40|   0|   40|          0|
    |select_ln340_7_reg_11623                 |   40|   0|   40|          0|
    |select_ln340_80_reg_11990                |   40|   0|   40|          0|
    |select_ln340_81_reg_12033                |   40|   0|   40|          0|
    |select_ln340_83_reg_11996                |   40|   0|   40|          0|
    |select_ln340_84_reg_12002                |   40|   0|   40|          0|
    |select_ln340_85_reg_12059                |   40|   0|   40|          0|
    |select_ln340_86_reg_12102                |   40|   0|   40|          0|
    |select_ln340_88_reg_12065                |   40|   0|   40|          0|
    |select_ln340_89_reg_12071                |   40|   0|   40|          0|
    |select_ln340_90_reg_12128                |   40|   0|   40|          0|
    |select_ln340_91_reg_12151                |   40|   0|   40|          0|
    |select_ln340_93_reg_12134                |   40|   0|   40|          0|
    |select_ln340_94_reg_12140                |   40|   0|   40|          0|
    |select_ln340_95_reg_12177                |   40|   0|   40|          0|
    |select_ln340_96_reg_12195                |   40|   0|   40|          0|
    |select_ln340_98_reg_12183                |   40|   0|   40|          0|
    |select_ln340_99_reg_12189                |   40|   0|   40|          0|
    |select_ln340_9_reg_11694                 |   40|   0|   40|          0|
    |select_ln571_reg_10819                   |   16|   0|   16|          0|
    |select_ln585_reg_10691                   |   16|   0|   16|          0|
    |select_ln588_reg_10539                   |   16|   0|   16|          0|
    |select_ln954_reg_12468                   |    1|   0|    1|          0|
    |sext_ln1116_10_reg_11075                 |   34|   0|   34|          0|
    |sext_ln1116_11_reg_11080                 |   34|   0|   34|          0|
    |sext_ln1116_12_reg_11085                 |   34|   0|   34|          0|
    |sext_ln1116_13_reg_11090                 |   34|   0|   34|          0|
    |sext_ln1116_14_reg_11095                 |   34|   0|   34|          0|
    |sext_ln1116_15_reg_11100                 |   34|   0|   34|          0|
    |sext_ln1116_16_reg_11105                 |   34|   0|   34|          0|
    |sext_ln1116_17_reg_11110                 |   34|   0|   34|          0|
    |sext_ln1116_18_reg_11115                 |   34|   0|   34|          0|
    |sext_ln1116_19_reg_11120                 |   34|   0|   34|          0|
    |sext_ln1116_1_reg_11030                  |   34|   0|   34|          0|
    |sext_ln1116_20_reg_11125                 |   34|   0|   34|          0|
    |sext_ln1116_21_reg_11130                 |   34|   0|   34|          0|
    |sext_ln1116_22_reg_11135                 |   34|   0|   34|          0|
    |sext_ln1116_23_reg_11140                 |   34|   0|   34|          0|
    |sext_ln1116_24_reg_11145                 |   34|   0|   34|          0|
    |sext_ln1116_25_reg_11150                 |   34|   0|   34|          0|
    |sext_ln1116_26_reg_11155                 |   34|   0|   34|          0|
    |sext_ln1116_27_reg_11160                 |   34|   0|   34|          0|
    |sext_ln1116_28_reg_11165                 |   34|   0|   34|          0|
    |sext_ln1116_29_reg_11170                 |   34|   0|   34|          0|
    |sext_ln1116_2_reg_11035                  |   34|   0|   34|          0|
    |sext_ln1116_30_reg_11175                 |   34|   0|   34|          0|
    |sext_ln1116_31_reg_11180                 |   34|   0|   34|          0|
    |sext_ln1116_32_reg_11185                 |   34|   0|   34|          0|
    |sext_ln1116_33_reg_11190                 |   34|   0|   34|          0|
    |sext_ln1116_34_reg_11195                 |   34|   0|   34|          0|
    |sext_ln1116_35_reg_11200                 |   34|   0|   34|          0|
    |sext_ln1116_36_reg_11205                 |   34|   0|   34|          0|
    |sext_ln1116_37_reg_11210                 |   34|   0|   34|          0|
    |sext_ln1116_38_reg_11215                 |   34|   0|   34|          0|
    |sext_ln1116_39_reg_11220                 |   34|   0|   34|          0|
    |sext_ln1116_3_reg_11040                  |   34|   0|   34|          0|
    |sext_ln1116_40_reg_11225                 |   34|   0|   34|          0|
    |sext_ln1116_41_reg_11230                 |   34|   0|   34|          0|
    |sext_ln1116_42_reg_11235                 |   34|   0|   34|          0|
    |sext_ln1116_43_reg_11240                 |   34|   0|   34|          0|
    |sext_ln1116_44_reg_11245                 |   34|   0|   34|          0|
    |sext_ln1116_45_reg_11250                 |   34|   0|   34|          0|
    |sext_ln1116_46_reg_11255                 |   34|   0|   34|          0|
    |sext_ln1116_47_reg_11260                 |   34|   0|   34|          0|
    |sext_ln1116_48_reg_11265                 |   34|   0|   34|          0|
    |sext_ln1116_49_reg_11270                 |   34|   0|   34|          0|
    |sext_ln1116_4_reg_11045                  |   34|   0|   34|          0|
    |sext_ln1116_50_reg_11275                 |   34|   0|   34|          0|
    |sext_ln1116_51_reg_11280                 |   34|   0|   34|          0|
    |sext_ln1116_52_reg_11285                 |   34|   0|   34|          0|
    |sext_ln1116_53_reg_11290                 |   34|   0|   34|          0|
    |sext_ln1116_54_reg_11295                 |   34|   0|   34|          0|
    |sext_ln1116_55_reg_11300                 |   34|   0|   34|          0|
    |sext_ln1116_56_reg_11305                 |   34|   0|   34|          0|
    |sext_ln1116_57_reg_11310                 |   34|   0|   34|          0|
    |sext_ln1116_58_reg_11315                 |   34|   0|   34|          0|
    |sext_ln1116_59_reg_11320                 |   34|   0|   34|          0|
    |sext_ln1116_5_reg_11050                  |   34|   0|   34|          0|
    |sext_ln1116_60_reg_11325                 |   34|   0|   34|          0|
    |sext_ln1116_61_reg_11330                 |   34|   0|   34|          0|
    |sext_ln1116_62_reg_11335                 |   34|   0|   34|          0|
    |sext_ln1116_63_reg_11340                 |   34|   0|   34|          0|
    |sext_ln1116_64_reg_11345                 |   34|   0|   34|          0|
    |sext_ln1116_6_reg_11055                  |   34|   0|   34|          0|
    |sext_ln1116_7_reg_11060                  |   34|   0|   34|          0|
    |sext_ln1116_8_reg_11065                  |   34|   0|   34|          0|
    |sext_ln1116_9_reg_11070                  |   34|   0|   34|          0|
    |sext_ln1116_reg_11025                    |   34|   0|   34|          0|
    |sext_ln581_reg_10676                     |   32|   0|   32|          0|
    |sh_amt_reg_10628                         |   12|   0|   12|          0|
    |sub_ln944_reg_12429                      |   32|   0|   32|          0|
    |tmp_106_reg_12245                        |    1|   0|    1|          0|
    |tmp_107_reg_12258                        |    1|   0|    1|          0|
    |tmp_10_reg_10664                         |    1|   0|    1|          0|
    |tmp_116_reg_12283                        |    1|   0|    1|          0|
    |tmp_117_reg_12296                        |    1|   0|    1|          0|
    |tmp_124_reg_12321                        |    1|   0|    1|          0|
    |tmp_125_reg_12332                        |    1|   0|    1|          0|
    |tmp_126_reg_12345                        |    1|   0|    1|          0|
    |tmp_127_reg_12361                        |    1|   0|    1|          0|
    |tmp_127_reg_12361_pp2_iter3_reg          |    1|   0|    1|          0|
    |tmp_128_reg_12356                        |    1|   0|    1|          0|
    |tmp_128_reg_12356_pp2_iter2_reg          |    1|   0|    1|          0|
    |tmp_13_reg_10581                         |    5|   0|    5|          0|
    |tmp_15_reg_12442                         |   31|   0|   31|          0|
    |tmp_18_reg_11558                         |    1|   0|    1|          0|
    |tmp_19_reg_11571                         |    1|   0|    1|          0|
    |tmp_20_reg_11578                         |    1|   0|    1|          0|
    |tmp_21_reg_11591                         |    1|   0|    1|          0|
    |tmp_22_reg_11629                         |    1|   0|    1|          0|
    |tmp_23_reg_11642                         |    1|   0|    1|          0|
    |tmp_24_reg_11700                         |    1|   0|    1|          0|
    |tmp_25_reg_11713                         |    1|   0|    1|          0|
    |tmp_26_reg_11763                         |    1|   0|    1|          0|
    |tmp_27_reg_11776                         |    1|   0|    1|          0|
    |tmp_28_reg_11649                         |    1|   0|    1|          0|
    |tmp_29_reg_11662                         |    1|   0|    1|          0|
    |tmp_36_reg_11832                         |    1|   0|    1|          0|
    |tmp_37_reg_11845                         |    1|   0|    1|          0|
    |tmp_46_reg_11901                         |    1|   0|    1|          0|
    |tmp_47_reg_11914                         |    1|   0|    1|          0|
    |tmp_56_reg_11970                         |    1|   0|    1|          0|
    |tmp_57_reg_11983                         |    1|   0|    1|          0|
    |tmp_5_reg_10189                          |    1|   0|    1|          0|
    |tmp_66_reg_12039                         |    1|   0|    1|          0|
    |tmp_67_reg_12052                         |    1|   0|    1|          0|
    |tmp_76_reg_12108                         |    1|   0|    1|          0|
    |tmp_77_reg_12121                         |    1|   0|    1|          0|
    |tmp_86_reg_12157                         |    1|   0|    1|          0|
    |tmp_87_reg_12170                         |    1|   0|    1|          0|
    |tmp_96_reg_12201                         |    1|   0|    1|          0|
    |tmp_97_reg_12214                         |    1|   0|    1|          0|
    |tmp_V_2_reg_12422                        |   40|   0|   40|          0|
    |tmp_V_reg_12412                          |   40|   0|   40|          0|
    |trunc_ln206_reg_10577                    |    3|   0|    3|          0|
    |trunc_ln583_reg_10640                    |   16|   0|   16|          0|
    |trunc_ln943_reg_12458                    |    8|   0|    8|          0|
    |trunc_ln947_reg_12447                    |    6|   0|    6|          0|
    |urem_ln206_reg_10572                     |    7|   0|    7|          0|
    |xor_ln571_reg_10544                      |    1|   0|    1|          0|
    |xor_ln658_1_reg_10534                    |    1|   0|    1|          0|
    |y_V_0_1_reg_11518                        |   34|   0|   34|          0|
    |y_V_0_3_reg_11565                        |   40|   0|   40|          0|
    |y_V_0_4_reg_11656                        |   40|   0|   40|          0|
    |y_V_1_1_reg_11523                        |   34|   0|   34|          0|
    |y_V_1_3_reg_11585                        |   40|   0|   40|          0|
    |y_V_2_1_reg_11553                        |   34|   0|   34|          0|
    |y_V_2_3_reg_11636                        |   40|   0|   40|          0|
    |y_V_2_reg_1727                           |   34|   0|   34|          0|
    |y_V_3_3_reg_11707                        |   40|   0|   40|          0|
    |y_V_4_10_reg_12208                       |   40|   0|   40|          0|
    |y_V_4_11_reg_12252                       |   40|   0|   40|          0|
    |y_V_4_12_reg_12290                       |   40|   0|   40|          0|
    |y_V_4_3_reg_11770                        |   40|   0|   40|          0|
    |y_V_4_4_reg_11839                        |   40|   0|   40|          0|
    |y_V_4_5_reg_11908                        |   40|   0|   40|          0|
    |y_V_4_6_reg_11977                        |   40|   0|   40|          0|
    |y_V_4_7_reg_12046                        |   40|   0|   40|          0|
    |y_V_4_8_reg_12115                        |   40|   0|   40|          0|
    |y_V_4_9_reg_12164                        |   40|   0|   40|          0|
    |zext_ln635_reg_10709                     |   32|   0|   54|         22|
    |icmp_ln205_reg_10558                     |   64|  32|    1|          0|
    |icmp_ln214_reg_11350                     |   64|  32|    1|          0|
    |k_1_reg_1635                             |   64|  32|    7|          0|
    +-----------------------------------------+-----+----+-----+-----------+
    |Total                                    | 7346|  96| 7185|         22|
    +-----------------------------------------+-----+----+-----+-----------+



================================================================
== Interface
================================================================
* Summary: 
+--------------+-----+-----+------------+---------------+--------------+
|   RTL Ports  | Dir | Bits|  Protocol  | Source Object |    C Type    |
+--------------+-----+-----+------------+---------------+--------------+
|ap_clk        |   in|    1|  ap_ctrl_hs|  fir_multiband|  return value|
|ap_rst        |   in|    1|  ap_ctrl_hs|  fir_multiband|  return value|
|ap_start      |   in|    1|  ap_ctrl_hs|  fir_multiband|  return value|
|ap_done       |  out|    1|  ap_ctrl_hs|  fir_multiband|  return value|
|ap_idle       |  out|    1|  ap_ctrl_hs|  fir_multiband|  return value|
|ap_ready      |  out|    1|  ap_ctrl_hs|  fir_multiband|  return value|
|in_r          |   in|   32|     ap_none|           in_r|       pointer|
|out_r         |  out|   32|      ap_vld|          out_r|       pointer|
|out_r_ap_vld  |  out|    1|      ap_vld|          out_r|       pointer|
|length_r      |   in|   32|     ap_none|       length_r|        scalar|
+--------------+-----+-----+------------+---------------+--------------+

