

================================================================
== Vitis HLS Report for 'fir_multiband'
================================================================
* Date:           Wed Sep 30 17:30:17 2026

* Version:        2020.2 (Build 3064766 on Wed Nov 18 09:12:45 MST 2020)
* Project:        synth_proj
* Solution:       solution1 (Vivado IP Flow Target)
* Product family: zynq
* Target device:  xc7z020-clg400-1


================================================================
== Performance Estimates
================================================================
+ Timing: 
    * Summary: 
    +--------+----------+----------+------------+
    |  Clock |  Target  | Estimated| Uncertainty|
    +--------+----------+----------+------------+
    |ap_clk  |  10.00 ns|  6.965 ns|     2.70 ns|
    +--------+----------+----------+------------+

+ Latency: 
    * Summary: 
    +---------+---------+----------+----------+-----+-----+---------+
    |  Latency (cycles) |  Latency (absolute) |  Interval | Pipeline|
    |   min   |   max   |    min   |    max   | min | max |   Type  |
    +---------+---------+----------+----------+-----+-----+---------+
    |        ?|        ?|         ?|         ?|    ?|    ?|     none|
    +---------+---------+----------+----------+-----+-----+---------+

    + Detail: 
        * Instance: 
        N/A

        * Loop: 
        +----------------------+---------+---------+----------+-----------+-----------+------+----------+
        |                      |  Latency (cycles) | Iteration|  Initiation Interval  | Trip |          |
        |       Loop Name      |   min   |   max   |  Latency |  achieved |   target  | Count| Pipelined|
        +----------------------+---------+---------+----------+-----------+-----------+------+----------+
        |- VITIS_LOOP_263_3    |        ?|        ?|       464|          -|          -|     ?|        no|
        | + VITIS_LOOP_270_4   |      398|      398|        13|          2|          1|   194|       yes|
        | + VITIS_LOOP_281_5   |       26|       26|        13|          7|          1|     3|       yes|
        | + VITIS_LOOP_356_10  |       12|       12|        10|          1|          1|     4|       yes|
        +----------------------+---------+---------+----------+-----------+-----------+------+----------+



================================================================
== Utilization Estimates
================================================================
* Summary: 
+-----------------+---------+-----+--------+-------+-----+
|       Name      | BRAM_18K| DSP |   FF   |  LUT  | URAM|
+-----------------+---------+-----+--------+-------+-----+
|DSP              |        -|    -|       -|      -|    -|
|Expression       |        -|    -|       0|  11087|    -|
|FIFO             |        -|    -|       -|      -|    -|
|Instance         |        -|   33|     529|    528|    -|
|Memory           |       27|    -|     160|     50|    -|
|Multiplexer      |        -|    -|       -|   6174|    -|
|Register         |        -|    -|   15529|    256|    -|
+-----------------+---------+-----+--------+-------+-----+
|Total            |       27|   33|   16218|  18095|    0|
+-----------------+---------+-----+--------+-------+-----+
|Available        |      280|  220|  106400|  53200|    0|
+-----------------+---------+-----+--------+-------+-----+
|Utilization (%)  |        9|   15|      15|     34|    0|
+-----------------+---------+-----+--------+-------+-----+

+ Detail: 
    * Instance: 
    +-------------------------+---------------------+---------+----+-----+-----+-----+
    |         Instance        |        Module       | BRAM_18K| DSP|  FF | LUT | URAM|
    +-------------------------+---------------------+---------+----+-----+-----+-----+
    |mul_15s_16s_31_1_1_U1    |mul_15s_16s_31_1_1   |        0|   1|    0|    6|    0|
    |mul_15s_16s_31_1_1_U2    |mul_15s_16s_31_1_1   |        0|   1|    0|    6|    0|
    |mul_15s_16s_31_1_1_U3    |mul_15s_16s_31_1_1   |        0|   1|    0|    6|    0|
    |mul_15s_16s_31_1_1_U4    |mul_15s_16s_31_1_1   |        0|   1|    0|    6|    0|
    |mul_15s_16s_31_1_1_U6    |mul_15s_16s_31_1_1   |        0|   1|    0|    6|    0|
    |mul_15s_16s_31_1_1_U7    |mul_15s_16s_31_1_1   |        0|   1|    0|    6|    0|
    |mul_15s_16s_31_1_1_U8    |mul_15s_16s_31_1_1   |        0|   1|    0|    6|    0|
    |mul_15s_16s_31_1_1_U9    |mul_15s_16s_31_1_1   |        0|   1|    0|    6|    0|
    |mul_15s_16s_31_1_1_U10   |mul_15s_16s_31_1_1   |        0|   1|    0|    6|    0|
    |mul_15s_16s_31_1_1_U11   |mul_15s_16s_31_1_1   |        0|   1|    0|    6|    0|
    |mul_15s_16s_31_1_1_U12   |mul_15s_16s_31_1_1   |        0|   1|    0|    6|    0|
    |mul_15s_16s_31_1_1_U13   |mul_15s_16s_31_1_1   |        0|   1|    0|    6|    0|
    |mul_15s_16s_31_1_1_U14   |mul_15s_16s_31_1_1   |        0|   1|    0|    6|    0|
    |mul_15s_16s_31_1_1_U15   |mul_15s_16s_31_1_1   |        0|   1|    0|    6|    0|
    |mul_15s_16s_31_1_1_U16   |mul_15s_16s_31_1_1   |        0|   1|    0|    6|    0|
    |mul_15s_16s_31_1_1_U17   |mul_15s_16s_31_1_1   |        0|   1|    0|    6|    0|
    |mul_15s_16s_31_1_1_U18   |mul_15s_16s_31_1_1   |        0|   1|    0|    6|    0|
    |mul_15s_16s_31_1_1_U19   |mul_15s_16s_31_1_1   |        0|   1|    0|    6|    0|
    |mul_15s_16s_31_1_1_U20   |mul_15s_16s_31_1_1   |        0|   1|    0|    6|    0|
    |mul_15s_16s_31_1_1_U21   |mul_15s_16s_31_1_1   |        0|   1|    0|    6|    0|
    |mul_15s_16s_31_1_1_U22   |mul_15s_16s_31_1_1   |        0|   1|    0|    6|    0|
    |mul_15s_16s_31_1_1_U23   |mul_15s_16s_31_1_1   |        0|   1|    0|    6|    0|
    |mul_15s_16s_31_1_1_U24   |mul_15s_16s_31_1_1   |        0|   1|    0|    6|    0|
    |mul_15s_16s_31_1_1_U25   |mul_15s_16s_31_1_1   |        0|   1|    0|    6|    0|
    |mul_15s_16s_31_1_1_U26   |mul_15s_16s_31_1_1   |        0|   1|    0|    6|    0|
    |mul_15s_16s_31_1_1_U27   |mul_15s_16s_31_1_1   |        0|   1|    0|    6|    0|
    |mul_15s_16s_31_1_1_U28   |mul_15s_16s_31_1_1   |        0|   1|    0|    6|    0|
    |mul_15s_16s_31_1_1_U29   |mul_15s_16s_31_1_1   |        0|   1|    0|    6|    0|
    |mul_15s_16s_31_1_1_U30   |mul_15s_16s_31_1_1   |        0|   1|    0|    6|    0|
    |mul_15s_16s_31_1_1_U31   |mul_15s_16s_31_1_1   |        0|   1|    0|    6|    0|
    |mul_15s_16s_31_1_1_U32   |mul_15s_16s_31_1_1   |        0|   1|    0|    6|    0|
    |mul_25s_24s_49_1_1_U5    |mul_25s_24s_49_1_1   |        0|   1|    0|   47|    0|
    |mul_49s_24s_72_5_1_U33   |mul_49s_24s_72_5_1   |        0|   1|  334|   84|    0|
    |mux_42_24_1_1_U37        |mux_42_24_1_1        |        0|   0|    0|   20|    0|
    |mux_42_24_1_1_U38        |mux_42_24_1_1        |        0|   0|    0|   20|    0|
    |mux_42_40_1_1_U36        |mux_42_40_1_1        |        0|   0|    0|   20|    0|
    |mux_564_16_1_1_U35       |mux_564_16_1_1       |        0|   0|    0|   25|    0|
    |urem_8ns_4ns_8_12_1_U34  |urem_8ns_4ns_8_12_1  |        0|   0|  195|  126|    0|
    +-------------------------+---------------------+---------+----+-----+-----+-----+
    |Total                    |                     |        0|  33|  529|  528|    0|
    +-------------------------+---------------------+---------+----+-----+-----+-----+

    * DSP: 
    N/A

    * Memory: 
    +------------+----------+---------+----+----+-----+------+-----+------+-------------+
    |   Memory   |  Module  | BRAM_18K| FF | LUT| URAM| Words| Bits| Banks| W*Bits*Banks|
    +------------+----------+---------+----+----+-----+------+-----+------+-------------+
    |FIR_LP_V_U  |FIR_LP_V  |       27|   0|   0|    0|   585|   15|     1|         8775|
    |hist_V_4_U  |hist_V_4  |        0|  32|  10|    0|    39|   16|     1|          624|
    |hist_V_0_U  |hist_V_4  |        0|  32|  10|    0|    39|   16|     1|          624|
    |hist_V_1_U  |hist_V_4  |        0|  32|  10|    0|    39|   16|     1|          624|
    |hist_V_2_U  |hist_V_4  |        0|  32|  10|    0|    39|   16|     1|          624|
    |hist_V_3_U  |hist_V_4  |        0|  32|  10|    0|    39|   16|     1|          624|
    +------------+----------+---------+----+----+-----+------+-----+------+-------------+
    |Total       |          |       27| 160|  50|    0|   780|   95|     6|        11895|
    +------------+----------+---------+----+----+-----+------+-----+------+-------------+

    * FIFO: 
    N/A

    * Expression: 
    +----------------------------+----------+----+---+-----+------------+------------+
    |        Variable Name       | Operation| DSP| FF| LUT | Bitwidth P0| Bitwidth P1|
    +----------------------------+----------+----+---+-----+------------+------------+
    |acc_V_1_fu_17922_p2         |         +|   0|  0|   47|          40|          40|
    |add_ln1118_100_fu_13540_p2  |         +|   0|  0|   14|           9|           7|
    |add_ln1118_101_fu_13550_p2  |         +|   0|  0|   14|           9|           7|
    |add_ln1118_102_fu_13560_p2  |         +|   0|  0|   14|           9|           7|
    |add_ln1118_103_fu_13570_p2  |         +|   0|  0|   14|           9|           7|
    |add_ln1118_104_fu_13580_p2  |         +|   0|  0|   14|           9|           7|
    |add_ln1118_105_fu_13590_p2  |         +|   0|  0|   14|           9|           7|
    |add_ln1118_106_fu_13600_p2  |         +|   0|  0|   14|           9|           7|
    |add_ln1118_107_fu_13610_p2  |         +|   0|  0|   14|           9|           7|
    |add_ln1118_108_fu_13620_p2  |         +|   0|  0|   14|           9|           7|
    |add_ln1118_109_fu_13630_p2  |         +|   0|  0|   14|           9|           7|
    |add_ln1118_10_fu_12483_p2   |         +|   0|  0|   14|           9|           4|
    |add_ln1118_110_fu_13640_p2  |         +|   0|  0|   14|           9|           7|
    |add_ln1118_111_fu_13890_p2  |         +|   0|  0|   14|           9|           7|
    |add_ln1118_112_fu_13900_p2  |         +|   0|  0|   14|           9|           7|
    |add_ln1118_113_fu_13910_p2  |         +|   0|  0|   14|           9|           7|
    |add_ln1118_114_fu_13920_p2  |         +|   0|  0|   14|           9|           7|
    |add_ln1118_115_fu_13930_p2  |         +|   0|  0|   14|           9|           7|
    |add_ln1118_116_fu_13940_p2  |         +|   0|  0|   14|           9|           7|
    |add_ln1118_117_fu_13950_p2  |         +|   0|  0|   14|           9|           7|
    |add_ln1118_118_fu_13960_p2  |         +|   0|  0|   14|           9|           7|
    |add_ln1118_119_fu_13970_p2  |         +|   0|  0|   14|           9|           7|
    |add_ln1118_11_fu_12494_p2   |         +|   0|  0|   14|           9|           4|
    |add_ln1118_120_fu_13980_p2  |         +|   0|  0|   14|           9|           7|
    |add_ln1118_121_fu_13990_p2  |         +|   0|  0|   13|          10|           7|
    |add_ln1118_122_fu_14001_p2  |         +|   0|  0|   13|          10|           7|
    |add_ln1118_123_fu_14012_p2  |         +|   0|  0|   13|          10|           7|
    |add_ln1118_124_fu_14023_p2  |         +|   0|  0|   13|          10|           7|
    |add_ln1118_125_fu_14034_p2  |         +|   0|  0|   13|          10|           7|
    |add_ln1118_126_fu_14045_p2  |         +|   0|  0|   13|          10|           7|
    |add_ln1118_127_fu_14056_p2  |         +|   0|  0|   13|          10|           8|
    |add_ln1118_128_fu_14067_p2  |         +|   0|  0|   13|          10|           8|
    |add_ln1118_129_fu_14078_p2  |         +|   0|  0|   13|          10|           8|
    |add_ln1118_12_fu_12505_p2   |         +|   0|  0|   14|           9|           4|
    |add_ln1118_130_fu_14089_p2  |         +|   0|  0|   13|          10|           8|
    |add_ln1118_131_fu_14100_p2  |         +|   0|  0|   13|          10|           8|
    |add_ln1118_132_fu_14111_p2  |         +|   0|  0|   13|          10|           8|
    |add_ln1118_133_fu_14122_p2  |         +|   0|  0|   13|          10|           8|
    |add_ln1118_134_fu_14133_p2  |         +|   0|  0|   13|          10|           8|
    |add_ln1118_135_fu_14144_p2  |         +|   0|  0|   13|          10|           8|
    |add_ln1118_136_fu_14155_p2  |         +|   0|  0|   13|          10|           8|
    |add_ln1118_137_fu_14166_p2  |         +|   0|  0|   13|          10|           8|
    |add_ln1118_138_fu_14177_p2  |         +|   0|  0|   13|          10|           8|
    |add_ln1118_139_fu_14528_p2  |         +|   0|  0|   13|          10|           8|
    |add_ln1118_13_fu_12516_p2   |         +|   0|  0|   14|           9|           4|
    |add_ln1118_140_fu_14539_p2  |         +|   0|  0|   13|          10|           8|
    |add_ln1118_141_fu_14550_p2  |         +|   0|  0|   13|          10|           8|
    |add_ln1118_142_fu_14561_p2  |         +|   0|  0|   13|          10|           8|
    |add_ln1118_143_fu_14572_p2  |         +|   0|  0|   13|          10|           8|
    |add_ln1118_144_fu_14583_p2  |         +|   0|  0|   13|          10|           8|
    |add_ln1118_145_fu_14594_p2  |         +|   0|  0|   13|          10|           8|
    |add_ln1118_146_fu_14605_p2  |         +|   0|  0|   13|          10|           8|
    |add_ln1118_147_fu_14616_p2  |         +|   0|  0|   13|          10|           8|
    |add_ln1118_148_fu_14627_p2  |         +|   0|  0|   13|          10|           8|
    |add_ln1118_149_fu_14638_p2  |         +|   0|  0|   13|          10|           8|
    |add_ln1118_14_fu_12527_p2   |         +|   0|  0|   14|           9|           4|
    |add_ln1118_150_fu_14649_p2  |         +|   0|  0|   13|          10|           8|
    |add_ln1118_151_fu_14660_p2  |         +|   0|  0|   13|          10|           8|
    |add_ln1118_152_fu_14671_p2  |         +|   0|  0|   13|          10|           8|
    |add_ln1118_153_fu_14682_p2  |         +|   0|  0|   13|          10|           8|
    |add_ln1118_154_fu_14693_p2  |         +|   0|  0|   13|          10|           8|
    |add_ln1118_155_fu_14704_p2  |         +|   0|  0|   13|          10|           8|
    |add_ln1118_156_fu_14715_p2  |         +|   0|  0|   13|          10|           8|
    |add_ln1118_157_fu_14726_p2  |         +|   0|  0|   13|          10|           8|
    |add_ln1118_158_fu_14737_p2  |         +|   0|  0|   13|          10|           8|
    |add_ln1118_159_fu_14748_p2  |         +|   0|  0|   13|          10|           8|
    |add_ln1118_15_fu_12538_p2   |         +|   0|  0|   14|           9|           5|
    |add_ln1118_160_fu_14759_p2  |         +|   0|  0|   13|          10|           8|
    |add_ln1118_161_fu_14770_p2  |         +|   0|  0|   13|          10|           8|
    |add_ln1118_162_fu_14781_p2  |         +|   0|  0|   13|          10|           8|
    |add_ln1118_163_fu_14792_p2  |         +|   0|  0|   13|          10|           8|
    |add_ln1118_164_fu_14803_p2  |         +|   0|  0|   13|          10|           8|
    |add_ln1118_165_fu_14814_p2  |         +|   0|  0|   13|          10|           8|
    |add_ln1118_166_fu_14825_p2  |         +|   0|  0|   13|          10|           8|
    |add_ln1118_167_fu_15242_p2  |         +|   0|  0|   13|          10|           8|
    |add_ln1118_168_fu_15253_p2  |         +|   0|  0|   13|          10|           8|
    |add_ln1118_169_fu_15264_p2  |         +|   0|  0|   13|          10|           8|
    |add_ln1118_16_fu_12549_p2   |         +|   0|  0|   14|           9|           5|
    |add_ln1118_170_fu_15275_p2  |         +|   0|  0|   13|          10|           8|
    |add_ln1118_171_fu_15286_p2  |         +|   0|  0|   13|          10|           8|
    |add_ln1118_172_fu_15297_p2  |         +|   0|  0|   13|          10|           8|
    |add_ln1118_173_fu_15308_p2  |         +|   0|  0|   13|          10|           8|
    |add_ln1118_174_fu_15319_p2  |         +|   0|  0|   13|          10|           8|
    |add_ln1118_175_fu_15330_p2  |         +|   0|  0|   13|          10|           8|
    |add_ln1118_176_fu_15341_p2  |         +|   0|  0|   13|          10|           8|
    |add_ln1118_177_fu_15352_p2  |         +|   0|  0|   13|          10|           8|
    |add_ln1118_178_fu_15363_p2  |         +|   0|  0|   13|          10|           8|
    |add_ln1118_179_fu_15374_p2  |         +|   0|  0|   13|          10|           8|
    |add_ln1118_17_fu_12560_p2   |         +|   0|  0|   14|           9|           5|
    |add_ln1118_180_fu_15385_p2  |         +|   0|  0|   13|          10|           8|
    |add_ln1118_181_fu_15396_p2  |         +|   0|  0|   13|          10|           8|
    |add_ln1118_182_fu_15407_p2  |         +|   0|  0|   13|          10|           8|
    |add_ln1118_183_fu_15418_p2  |         +|   0|  0|   13|          10|           8|
    |add_ln1118_184_fu_15429_p2  |         +|   0|  0|   13|          10|           8|
    |add_ln1118_185_fu_15440_p2  |         +|   0|  0|   13|          10|           8|
    |add_ln1118_186_fu_15451_p2  |         +|   0|  0|   13|          10|           8|
    |add_ln1118_187_fu_15462_p2  |         +|   0|  0|   13|          10|           8|
    |add_ln1118_188_fu_15473_p2  |         +|   0|  0|   13|          10|           8|
    |add_ln1118_189_fu_15484_p2  |         +|   0|  0|   13|          10|           8|
    |add_ln1118_18_fu_12571_p2   |         +|   0|  0|   14|           9|           5|
    |add_ln1118_190_fu_15495_p2  |         +|   0|  0|   13|          10|           8|
    |add_ln1118_191_fu_15506_p2  |         +|   0|  0|   13|          10|           8|
    |add_ln1118_192_fu_15517_p2  |         +|   0|  0|   13|          10|           8|
    |add_ln1118_193_fu_15528_p2  |         +|   0|  0|   13|          10|           8|
    |add_ln1118_194_fu_15236_p2  |         +|   0|  0|   13|          10|           8|
    |add_ln1118_19_fu_12582_p2   |         +|   0|  0|   14|           9|           5|
    |add_ln1118_1_fu_12384_p2    |         +|   0|  0|   14|           9|           2|
    |add_ln1118_20_fu_12593_p2   |         +|   0|  0|   14|           9|           5|
    |add_ln1118_21_fu_12604_p2   |         +|   0|  0|   14|           9|           5|
    |add_ln1118_22_fu_12615_p2   |         +|   0|  0|   14|           9|           5|
    |add_ln1118_23_fu_12626_p2   |         +|   0|  0|   14|           9|           5|
    |add_ln1118_24_fu_12637_p2   |         +|   0|  0|   14|           9|           5|
    |add_ln1118_25_fu_12648_p2   |         +|   0|  0|   14|           9|           5|
    |add_ln1118_26_fu_12659_p2   |         +|   0|  0|   14|           9|           5|
    |add_ln1118_27_fu_12670_p2   |         +|   0|  0|   14|           9|           5|
    |add_ln1118_28_fu_12680_p2   |         +|   0|  0|   14|           9|           5|
    |add_ln1118_29_fu_12690_p2   |         +|   0|  0|   14|           9|           5|
    |add_ln1118_2_fu_12395_p2    |         +|   0|  0|   14|           9|           2|
    |add_ln1118_30_fu_12700_p2   |         +|   0|  0|   14|           9|           5|
    |add_ln1118_31_fu_12710_p2   |         +|   0|  0|   14|           9|           6|
    |add_ln1118_32_fu_12720_p2   |         +|   0|  0|   14|           9|           6|
    |add_ln1118_33_fu_12730_p2   |         +|   0|  0|   14|           9|           6|
    |add_ln1118_34_fu_12740_p2   |         +|   0|  0|   14|           9|           6|
    |add_ln1118_35_fu_12750_p2   |         +|   0|  0|   14|           9|           6|
    |add_ln1118_36_fu_12760_p2   |         +|   0|  0|   14|           9|           6|
    |add_ln1118_37_fu_12770_p2   |         +|   0|  0|   14|           9|           6|
    |add_ln1118_38_fu_12780_p2   |         +|   0|  0|   14|           9|           6|
    |add_ln1118_39_fu_12790_p2   |         +|   0|  0|   14|           9|           6|
    |add_ln1118_3_fu_12406_p2    |         +|   0|  0|   14|           9|           3|
    |add_ln1118_40_fu_12800_p2   |         +|   0|  0|   14|           9|           6|
    |add_ln1118_41_fu_12810_p2   |         +|   0|  0|   14|           9|           6|
    |add_ln1118_42_fu_12820_p2   |         +|   0|  0|   14|           9|           6|
    |add_ln1118_43_fu_12830_p2   |         +|   0|  0|   14|           9|           6|
    |add_ln1118_44_fu_12840_p2   |         +|   0|  0|   14|           9|           6|
    |add_ln1118_45_fu_12850_p2   |         +|   0|  0|   14|           9|           6|
    |add_ln1118_46_fu_12860_p2   |         +|   0|  0|   14|           9|           6|
    |add_ln1118_47_fu_12870_p2   |         +|   0|  0|   14|           9|           6|
    |add_ln1118_48_fu_12880_p2   |         +|   0|  0|   14|           9|           6|
    |add_ln1118_49_fu_12890_p2   |         +|   0|  0|   14|           9|           6|
    |add_ln1118_4_fu_12417_p2    |         +|   0|  0|   14|           9|           3|
    |add_ln1118_50_fu_12900_p2   |         +|   0|  0|   14|           9|           6|
    |add_ln1118_51_fu_12910_p2   |         +|   0|  0|   14|           9|           6|
    |add_ln1118_52_fu_12920_p2   |         +|   0|  0|   14|           9|           6|
    |add_ln1118_53_fu_12930_p2   |         +|   0|  0|   14|           9|           6|
    |add_ln1118_54_fu_12940_p2   |         +|   0|  0|   14|           9|           6|
    |add_ln1118_55_fu_12950_p2   |         +|   0|  0|   14|           9|           6|
    |add_ln1118_56_fu_12960_p2   |         +|   0|  0|   14|           9|           6|
    |add_ln1118_57_fu_12970_p2   |         +|   0|  0|   14|           9|           6|
    |add_ln1118_58_fu_12980_p2   |         +|   0|  0|   14|           9|           6|
    |add_ln1118_59_fu_12990_p2   |         +|   0|  0|   14|           9|           6|
    |add_ln1118_5_fu_12428_p2    |         +|   0|  0|   14|           9|           3|
    |add_ln1118_60_fu_13000_p2   |         +|   0|  0|   14|           9|           6|
    |add_ln1118_61_fu_13010_p2   |         +|   0|  0|   14|           9|           6|
    |add_ln1118_62_fu_13020_p2   |         +|   0|  0|   14|           9|           6|
    |add_ln1118_63_fu_13030_p2   |         +|   0|  0|   14|           9|           7|
    |add_ln1118_64_fu_13040_p2   |         +|   0|  0|   14|           9|           7|
    |add_ln1118_65_fu_13050_p2   |         +|   0|  0|   14|           9|           7|
    |add_ln1118_66_fu_13060_p2   |         +|   0|  0|   14|           9|           7|
    |add_ln1118_67_fu_13070_p2   |         +|   0|  0|   14|           9|           7|
    |add_ln1118_68_fu_13080_p2   |         +|   0|  0|   14|           9|           7|
    |add_ln1118_69_fu_13090_p2   |         +|   0|  0|   14|           9|           7|
    |add_ln1118_6_fu_12439_p2    |         +|   0|  0|   14|           9|           3|
    |add_ln1118_70_fu_13100_p2   |         +|   0|  0|   14|           9|           7|
    |add_ln1118_71_fu_13110_p2   |         +|   0|  0|   14|           9|           7|
    |add_ln1118_72_fu_13120_p2   |         +|   0|  0|   14|           9|           7|
    |add_ln1118_73_fu_13130_p2   |         +|   0|  0|   14|           9|           7|
    |add_ln1118_74_fu_13140_p2   |         +|   0|  0|   14|           9|           7|
    |add_ln1118_75_fu_13150_p2   |         +|   0|  0|   14|           9|           7|
    |add_ln1118_76_fu_13160_p2   |         +|   0|  0|   14|           9|           7|
    |add_ln1118_77_fu_13170_p2   |         +|   0|  0|   14|           9|           7|
    |add_ln1118_78_fu_13180_p2   |         +|   0|  0|   14|           9|           7|
    |add_ln1118_79_fu_13190_p2   |         +|   0|  0|   14|           9|           7|
    |add_ln1118_7_fu_12450_p2    |         +|   0|  0|   14|           9|           4|
    |add_ln1118_80_fu_13200_p2   |         +|   0|  0|   14|           9|           7|
    |add_ln1118_81_fu_13210_p2   |         +|   0|  0|   14|           9|           7|
    |add_ln1118_82_fu_13220_p2   |         +|   0|  0|   14|           9|           7|
    |add_ln1118_83_fu_13370_p2   |         +|   0|  0|   14|           9|           7|
    |add_ln1118_84_fu_13380_p2   |         +|   0|  0|   14|           9|           7|
    |add_ln1118_85_fu_13390_p2   |         +|   0|  0|   14|           9|           7|
    |add_ln1118_86_fu_13400_p2   |         +|   0|  0|   14|           9|           7|
    |add_ln1118_87_fu_13410_p2   |         +|   0|  0|   14|           9|           7|
    |add_ln1118_88_fu_13420_p2   |         +|   0|  0|   14|           9|           7|
    |add_ln1118_89_fu_13430_p2   |         +|   0|  0|   14|           9|           7|
    |add_ln1118_8_fu_12461_p2    |         +|   0|  0|   14|           9|           4|
    |add_ln1118_90_fu_13440_p2   |         +|   0|  0|   14|           9|           7|
    |add_ln1118_91_fu_13450_p2   |         +|   0|  0|   14|           9|           7|
    |add_ln1118_92_fu_13460_p2   |         +|   0|  0|   14|           9|           7|
    |add_ln1118_93_fu_13470_p2   |         +|   0|  0|   14|           9|           7|
    |add_ln1118_94_fu_13480_p2   |         +|   0|  0|   14|           9|           7|
    |add_ln1118_95_fu_13490_p2   |         +|   0|  0|   14|           9|           7|
    |add_ln1118_96_fu_13500_p2   |         +|   0|  0|   14|           9|           7|
    |add_ln1118_97_fu_13510_p2   |         +|   0|  0|   14|           9|           7|
    |add_ln1118_98_fu_13520_p2   |         +|   0|  0|   14|           9|           7|
    |add_ln1118_99_fu_13530_p2   |         +|   0|  0|   14|           9|           7|
    |add_ln1118_9_fu_12472_p2    |         +|   0|  0|   14|           9|           4|
    |add_ln1118_fu_12373_p2      |         +|   0|  0|   14|           9|           1|
    |add_ln263_fu_11657_p2       |         +|   0|  0|   39|          32|           1|
    |add_ln270_fu_11680_p2       |         +|   0|  0|   15|           8|           2|
    |add_ln281_fu_12352_p2       |         +|   0|  0|   10|           2|           1|
    |add_ln356_fu_17489_p2       |         +|   0|  0|   11|           3|           1|
    |add_ln703_100_fu_16264_p2   |         +|   0|  0|   40|          33|          33|
    |add_ln703_101_fu_15110_p2   |         +|   0|  0|   38|          31|          31|
    |add_ln703_102_fu_15120_p2   |         +|   0|  0|   39|          32|          32|
    |add_ln703_103_fu_14432_p2   |         +|   0|  0|   38|          31|          31|
    |add_ln703_104_fu_14442_p2   |         +|   0|  0|   39|          32|          32|
    |add_ln703_105_fu_15830_p2   |         +|   0|  0|   40|          33|          33|
    |add_ln703_106_fu_16277_p2   |         +|   0|  0|   41|          34|          34|
    |add_ln703_107_fu_14448_p2   |         +|   0|  0|   38|          31|          31|
    |add_ln703_108_fu_14458_p2   |         +|   0|  0|   39|          32|          32|
    |add_ln703_109_fu_13838_p2   |         +|   0|  0|   38|          31|          31|
    |add_ln703_10_fu_17101_p2    |         +|   0|  0|   41|          34|          34|
    |add_ln703_110_fu_13848_p2   |         +|   0|  0|   39|          32|          32|
    |add_ln703_111_fu_15132_p2   |         +|   0|  0|   40|          33|          33|
    |add_ln703_112_fu_16956_p2   |         +|   0|  0|   38|          31|          31|
    |add_ln703_113_fu_16966_p2   |         +|   0|  0|   39|          32|          32|
    |add_ln703_114_fu_16972_p2   |         +|   0|  0|   38|          31|          31|
    |add_ln703_115_fu_16982_p2   |         +|   0|  0|   39|          32|          32|
    |add_ln703_116_fu_17179_p2   |         +|   0|  0|   40|          33|          33|
    |add_ln703_117_fu_17189_p2   |         +|   0|  0|   41|          34|          34|
    |add_ln703_118_fu_17339_p2   |         +|   0|  0|   42|          35|          35|
    |add_ln703_119_fu_16988_p2   |         +|   0|  0|   38|          31|          31|
    |add_ln703_11_fu_16103_p2    |         +|   0|  0|   38|          31|          31|
    |add_ln703_120_fu_16998_p2   |         +|   0|  0|   39|          32|          32|
    |add_ln703_121_fu_16656_p2   |         +|   0|  0|   38|          31|          31|
    |add_ln703_122_fu_16666_p2   |         +|   0|  0|   39|          32|          32|
    |add_ln703_123_fu_17201_p2   |         +|   0|  0|   40|          33|          33|
    |add_ln703_124_fu_16283_p2   |         +|   0|  0|   38|          31|          31|
    |add_ln703_125_fu_16675_p2   |         +|   0|  0|   39|          32|          32|
    |add_ln703_127_fu_16293_p2   |         +|   0|  0|   39|          32|          32|
    |add_ln703_128_fu_16688_p2   |         +|   0|  0|   40|          33|          33|
    |add_ln703_129_fu_17214_p2   |         +|   0|  0|   41|          34|          34|
    |add_ln703_12_fu_16113_p2    |         +|   0|  0|   39|          32|          32|
    |add_ln703_130_fu_15836_p2   |         +|   0|  0|   38|          31|          31|
    |add_ln703_131_fu_15846_p2   |         +|   0|  0|   39|          32|          32|
    |add_ln703_132_fu_15852_p2   |         +|   0|  0|   38|          31|          31|
    |add_ln703_133_fu_15862_p2   |         +|   0|  0|   39|          32|          32|
    |add_ln703_134_fu_16305_p2   |         +|   0|  0|   40|          33|          33|
    |add_ln703_135_fu_15138_p2   |         +|   0|  0|   38|          31|          31|
    |add_ln703_136_fu_15148_p2   |         +|   0|  0|   39|          32|          32|
    |add_ln703_137_fu_15154_p2   |         +|   0|  0|   38|          31|          31|
    |add_ln703_138_fu_15164_p2   |         +|   0|  0|   38|          31|          31|
    |add_ln703_139_fu_15174_p2   |         +|   0|  0|   39|          32|          32|
    |add_ln703_13_fu_16119_p2    |         +|   0|  0|   38|          31|          31|
    |add_ln703_140_fu_15874_p2   |         +|   0|  0|   40|          33|          33|
    |add_ln703_141_fu_16318_p2   |         +|   0|  0|   41|          34|          34|
    |add_ln703_142_fu_17355_p2   |         +|   0|  0|   42|          35|          35|
    |add_ln703_143_fu_17365_p2   |         +|   0|  0|   43|          36|          36|
    |add_ln703_144_fu_14464_p2   |         +|   0|  0|   38|          31|          31|
    |add_ln703_145_fu_14474_p2   |         +|   0|  0|   39|          32|          32|
    |add_ln703_146_fu_14480_p2   |         +|   0|  0|   38|          31|          31|
    |add_ln703_147_fu_14490_p2   |         +|   0|  0|   39|          32|          32|
    |add_ln703_148_fu_15186_p2   |         +|   0|  0|   40|          33|          33|
    |add_ln703_149_fu_13854_p2   |         +|   0|  0|   38|          31|          31|
    |add_ln703_14_fu_16129_p2    |         +|   0|  0|   39|          32|          32|
    |add_ln703_150_fu_13864_p2   |         +|   0|  0|   39|          32|          32|
    |add_ln703_151_fu_17004_p2   |         +|   0|  0|   38|          31|          31|
    |add_ln703_152_fu_17014_p2   |         +|   0|  0|   39|          32|          32|
    |add_ln703_153_fu_17229_p2   |         +|   0|  0|   40|          33|          33|
    |add_ln703_154_fu_17239_p2   |         +|   0|  0|   41|          34|          34|
    |add_ln703_155_fu_17020_p2   |         +|   0|  0|   38|          31|          31|
    |add_ln703_156_fu_17030_p2   |         +|   0|  0|   39|          32|          32|
    |add_ln703_157_fu_16694_p2   |         +|   0|  0|   38|          31|          31|
    |add_ln703_158_fu_17039_p2   |         +|   0|  0|   39|          32|          32|
    |add_ln703_159_fu_17251_p2   |         +|   0|  0|   40|          33|          33|
    |add_ln703_15_fu_16550_p2    |         +|   0|  0|   40|          33|          33|
    |add_ln703_160_fu_16700_p2   |         +|   0|  0|   38|          31|          31|
    |add_ln703_161_fu_16710_p2   |         +|   0|  0|   39|          32|          32|
    |add_ln703_162_fu_16324_p2   |         +|   0|  0|   38|          31|          31|
    |add_ln703_163_fu_16334_p2   |         +|   0|  0|   39|          32|          32|
    |add_ln703_164_fu_17051_p2   |         +|   0|  0|   40|          33|          33|
    |add_ln703_165_fu_17264_p2   |         +|   0|  0|   41|          34|          34|
    |add_ln703_166_fu_17377_p2   |         +|   0|  0|   42|          35|          35|
    |add_ln703_167_fu_16340_p2   |         +|   0|  0|   38|          31|          31|
    |add_ln703_168_fu_16350_p2   |         +|   0|  0|   39|          32|          32|
    |add_ln703_169_fu_15880_p2   |         +|   0|  0|   38|          31|          31|
    |add_ln703_16_fu_16135_p2    |         +|   0|  0|   38|          31|          31|
    |add_ln703_170_fu_15890_p2   |         +|   0|  0|   39|          32|          32|
    |add_ln703_171_fu_16722_p2   |         +|   0|  0|   40|          33|          33|
    |add_ln703_173_fu_15900_p2   |         +|   0|  0|   39|          32|          32|
    |add_ln703_174_fu_15192_p2   |         +|   0|  0|   38|          31|          31|
    |add_ln703_175_fu_15202_p2   |         +|   0|  0|   39|          32|          32|
    |add_ln703_176_fu_16362_p2   |         +|   0|  0|   40|          33|          33|
    |add_ln703_177_fu_16735_p2   |         +|   0|  0|   41|          34|          34|
    |add_ln703_178_fu_15208_p2   |         +|   0|  0|   38|          31|          31|
    |add_ln703_179_fu_15218_p2   |         +|   0|  0|   39|          32|          32|
    |add_ln703_17_fu_16559_p2    |         +|   0|  0|   39|          32|          32|
    |add_ln703_180_fu_14496_p2   |         +|   0|  0|   38|          31|          31|
    |add_ln703_181_fu_14506_p2   |         +|   0|  0|   39|          32|          32|
    |add_ln703_182_fu_15912_p2   |         +|   0|  0|   40|          33|          33|
    |add_ln703_183_fu_14512_p2   |         +|   0|  0|   38|          31|          31|
    |add_ln703_184_fu_14522_p2   |         +|   0|  0|   39|          32|          32|
    |add_ln703_186_fu_13874_p2   |         +|   0|  0|   38|          31|          31|
    |add_ln703_187_fu_13884_p2   |         +|   0|  0|   39|          32|          32|
    |add_ln703_188_fu_15230_p2   |         +|   0|  0|   40|          33|          33|
    |add_ln703_189_fu_15925_p2   |         +|   0|  0|   41|          34|          34|
    |add_ln703_18_fu_13806_p2    |         +|   0|  0|   38|          31|          31|
    |add_ln703_190_fu_17063_p2   |         +|   0|  0|   42|          35|          35|
    |add_ln703_191_fu_17390_p2   |         +|   0|  0|   43|          36|          36|
    |add_ln703_192_fu_17418_p2   |         +|   0|  0|   44|          37|          37|
    |add_ln703_19_fu_13816_p2    |         +|   0|  0|   39|          32|          32|
    |add_ln703_1_fu_16807_p2     |         +|   0|  0|   39|          32|          32|
    |add_ln703_20_fu_16572_p2    |         +|   0|  0|   40|          33|          33|
    |add_ln703_21_fu_16851_p2    |         +|   0|  0|   41|          34|          34|
    |add_ln703_22_fu_17276_p2    |         +|   0|  0|   42|          35|          35|
    |add_ln703_23_fu_14368_p2    |         +|   0|  0|   38|          31|          31|
    |add_ln703_24_fu_14378_p2    |         +|   0|  0|   39|          32|          32|
    |add_ln703_25_fu_14384_p2    |         +|   0|  0|   38|          31|          31|
    |add_ln703_26_fu_14394_p2    |         +|   0|  0|   39|          32|          32|
    |add_ln703_27_fu_15018_p2    |         +|   0|  0|   40|          33|          33|
    |add_ln703_28_fu_15024_p2    |         +|   0|  0|   38|          31|          31|
    |add_ln703_29_fu_15034_p2    |         +|   0|  0|   39|          32|          32|
    |add_ln703_2_fu_16813_p2     |         +|   0|  0|   38|          31|          31|
    |add_ln703_30_fu_15040_p2    |         +|   0|  0|   38|          31|          31|
    |add_ln703_31_fu_15050_p2    |         +|   0|  0|   39|          32|          32|
    |add_ln703_32_fu_15726_p2    |         +|   0|  0|   40|          33|          33|
    |add_ln703_33_fu_15736_p2    |         +|   0|  0|   41|          34|          34|
    |add_ln703_34_fu_15742_p2    |         +|   0|  0|   38|          31|          31|
    |add_ln703_35_fu_15752_p2    |         +|   0|  0|   39|          32|          32|
    |add_ln703_36_fu_13822_p2    |         +|   0|  0|   38|          31|          31|
    |add_ln703_37_fu_13832_p2    |         +|   0|  0|   39|          32|          32|
    |add_ln703_38_fu_16147_p2    |         +|   0|  0|   40|          33|          33|
    |add_ln703_39_fu_14400_p2    |         +|   0|  0|   38|          31|          31|
    |add_ln703_3_fu_16823_p2     |         +|   0|  0|   39|          32|          32|
    |add_ln703_40_fu_14410_p2    |         +|   0|  0|   39|          32|          32|
    |add_ln703_41_fu_14416_p2    |         +|   0|  0|   38|          31|          31|
    |add_ln703_42_fu_14426_p2    |         +|   0|  0|   39|          32|          32|
    |add_ln703_43_fu_15062_p2    |         +|   0|  0|   40|          33|          33|
    |add_ln703_44_fu_16160_p2    |         +|   0|  0|   41|          34|          34|
    |add_ln703_45_fu_16584_p2    |         +|   0|  0|   42|          35|          35|
    |add_ln703_46_fu_17289_p2    |         +|   0|  0|   43|          36|          36|
    |add_ln703_47_fu_15068_p2    |         +|   0|  0|   38|          31|          31|
    |add_ln703_48_fu_15078_p2    |         +|   0|  0|   39|          32|          32|
    |add_ln703_49_fu_15084_p2    |         +|   0|  0|   38|          31|          31|
    |add_ln703_4_fu_17075_p2     |         +|   0|  0|   40|          33|          33|
    |add_ln703_50_fu_15094_p2    |         +|   0|  0|   39|          32|          32|
    |add_ln703_51_fu_15764_p2    |         +|   0|  0|   40|          33|          33|
    |add_ln703_52_fu_15770_p2    |         +|   0|  0|   38|          31|          31|
    |add_ln703_53_fu_15780_p2    |         +|   0|  0|   39|          32|          32|
    |add_ln703_54_fu_15786_p2    |         +|   0|  0|   38|          31|          31|
    |add_ln703_55_fu_15796_p2    |         +|   0|  0|   39|          32|          32|
    |add_ln703_56_fu_16175_p2    |         +|   0|  0|   40|          33|          33|
    |add_ln703_57_fu_16185_p2    |         +|   0|  0|   41|          34|          34|
    |add_ln703_58_fu_16191_p2    |         +|   0|  0|   38|          31|          31|
    |add_ln703_59_fu_16201_p2    |         +|   0|  0|   39|          32|          32|
    |add_ln703_5_fu_16829_p2     |         +|   0|  0|   38|          31|          31|
    |add_ln703_60_fu_16207_p2    |         +|   0|  0|   38|          31|          31|
    |add_ln703_61_fu_16217_p2    |         +|   0|  0|   39|          32|          32|
    |add_ln703_62_fu_16596_p2    |         +|   0|  0|   40|          33|          33|
    |add_ln703_63_fu_16602_p2    |         +|   0|  0|   38|          31|          31|
    |add_ln703_64_fu_16612_p2    |         +|   0|  0|   39|          32|          32|
    |add_ln703_65_fu_16857_p2    |         +|   0|  0|   38|          31|          31|
    |add_ln703_66_fu_16867_p2    |         +|   0|  0|   39|          32|          32|
    |add_ln703_67_fu_17116_p2    |         +|   0|  0|   40|          33|          33|
    |add_ln703_68_fu_17126_p2    |         +|   0|  0|   41|          34|          34|
    |add_ln703_69_fu_17301_p2    |         +|   0|  0|   42|          35|          35|
    |add_ln703_6_fu_16839_p2     |         +|   0|  0|   39|          32|          32|
    |add_ln703_70_fu_16873_p2    |         +|   0|  0|   38|          31|          31|
    |add_ln703_71_fu_16883_p2    |         +|   0|  0|   39|          32|          32|
    |add_ln703_72_fu_16889_p2    |         +|   0|  0|   38|          31|          31|
    |add_ln703_73_fu_16899_p2    |         +|   0|  0|   39|          32|          32|
    |add_ln703_74_fu_17138_p2    |         +|   0|  0|   40|          33|          33|
    |add_ln703_75_fu_16905_p2    |         +|   0|  0|   38|          31|          31|
    |add_ln703_76_fu_16915_p2    |         +|   0|  0|   39|          32|          32|
    |add_ln703_78_fu_16925_p2    |         +|   0|  0|   39|          32|          32|
    |add_ln703_79_fu_17154_p2    |         +|   0|  0|   40|          33|          33|
    |add_ln703_7_fu_15711_p2     |         +|   0|  0|   38|          31|          31|
    |add_ln703_80_fu_17164_p2    |         +|   0|  0|   41|          34|          34|
    |add_ln703_81_fu_16618_p2    |         +|   0|  0|   38|          31|          31|
    |add_ln703_82_fu_16628_p2    |         +|   0|  0|   39|          32|          32|
    |add_ln703_84_fu_16638_p2    |         +|   0|  0|   39|          32|          32|
    |add_ln703_85_fu_16937_p2    |         +|   0|  0|   40|          33|          33|
    |add_ln703_86_fu_16223_p2    |         +|   0|  0|   38|          31|          31|
    |add_ln703_87_fu_16233_p2    |         +|   0|  0|   39|          32|          32|
    |add_ln703_88_fu_16239_p2    |         +|   0|  0|   38|          31|          31|
    |add_ln703_89_fu_15802_p2    |         +|   0|  0|   38|          31|          31|
    |add_ln703_8_fu_16538_p2     |         +|   0|  0|   39|          32|          32|
    |add_ln703_90_fu_16252_p2    |         +|   0|  0|   39|          32|          32|
    |add_ln703_91_fu_16650_p2    |         +|   0|  0|   40|          33|          33|
    |add_ln703_92_fu_16950_p2    |         +|   0|  0|   41|          34|          34|
    |add_ln703_93_fu_17317_p2    |         +|   0|  0|   42|          35|          35|
    |add_ln703_94_fu_17327_p2    |         +|   0|  0|   43|          36|          36|
    |add_ln703_95_fu_17402_p2    |         +|   0|  0|   44|          37|          37|
    |add_ln703_96_fu_15808_p2    |         +|   0|  0|   38|          31|          31|
    |add_ln703_97_fu_15818_p2    |         +|   0|  0|   39|          32|          32|
    |add_ln703_99_fu_15104_p2    |         +|   0|  0|   39|          32|          32|
    |add_ln703_9_fu_17091_p2     |         +|   0|  0|   40|          33|          33|
    |add_ln703_fu_16797_p2       |         +|   0|  0|   38|          31|          31|
    |grp_fu_11390_p2             |         +|   0|  0|   38|          31|          31|
    |grp_fu_11396_p2             |         +|   0|  0|   38|          31|          31|
    |grp_fu_11402_p2             |         +|   0|  0|   38|          31|          31|
    |ret_V_fu_17752_p2           |         +|   0|  0|   56|          49|          49|
    |ylp_V_0_fu_17428_p2         |         +|   0|  0|   45|          38|          38|
    |band_V_1_fu_17459_p2        |         -|   0|  0|   47|          40|          40|
    |band_V_2_fu_17465_p2        |         -|   0|  0|   47|          40|          40|
    |band_V_3_fu_17483_p2        |         -|   0|  0|   47|          40|          40|
    |p_Val2_10_fu_17667_p2       |         -|   0|  0|   31|           1|          24|
    |ret_V_2_fu_17727_p2         |         -|   0|  0|   32|          25|          25|
    |overflow_1_fu_17570_p2      |       and|   0|  0|    2|           1|           1|
    |overflow_3_fu_17837_p2      |       and|   0|  0|    2|           1|           1|
    |overflow_fu_17982_p2        |       and|   0|  0|    2|           1|           1|
    |underflow_1_fu_17594_p2     |       and|   0|  0|    2|           1|           1|
    |underflow_2_fu_17853_p2     |       and|   0|  0|    2|           1|           1|
    |underflow_fu_18006_p2       |       and|   0|  0|    2|           1|           1|
    |icmp_ln1497_fu_17705_p2     |      icmp|   0|  0|   15|          24|          24|
    |icmp_ln239_fu_11550_p2      |      icmp|   0|  0|   18|          32|           1|
    |icmp_ln263_fu_11663_p2      |      icmp|   0|  0|   18|          32|          32|
    |icmp_ln270_fu_11668_p2      |      icmp|   0|  0|   11|           8|           1|
    |icmp_ln281_fu_12367_p2      |      icmp|   0|  0|    8|           2|           2|
    |icmp_ln356_fu_17495_p2      |      icmp|   0|  0|    9|           3|           4|
    |icmp_ln768_1_fu_17552_p2    |      icmp|   0|  0|   10|           6|           1|
    |icmp_ln768_2_fu_17816_p2    |      icmp|   0|  0|    9|           4|           1|
    |icmp_ln768_fu_17964_p2      |      icmp|   0|  0|   10|           7|           1|
    |icmp_ln786_1_fu_17582_p2    |      icmp|   0|  0|   10|           6|           2|
    |icmp_ln786_2_fu_17822_p2    |      icmp|   0|  0|    9|           4|           2|
    |icmp_ln786_fu_17994_p2      |      icmp|   0|  0|   10|           7|           2|
    |tobool98_fu_11556_p2        |      icmp|   0|  0|   18|          32|           1|
    |or_ln340_1_fu_18024_p2      |        or|   0|  0|    2|           1|           1|
    |or_ln340_2_fu_17600_p2      |        or|   0|  0|    2|           1|           1|
    |or_ln340_3_fu_17619_p2      |        or|   0|  0|    2|           1|           1|
    |or_ln340_4_fu_17858_p2      |        or|   0|  0|    2|           1|           1|
    |or_ln340_5_fu_17870_p2      |        or|   0|  0|    2|           1|           1|
    |or_ln340_fu_18012_p2        |        or|   0|  0|    2|           1|           1|
    |or_ln785_1_fu_17558_p2      |        or|   0|  0|    2|           1|           1|
    |or_ln785_2_fu_17828_p2      |        or|   0|  0|    2|           1|           1|
    |or_ln785_fu_17970_p2        |        or|   0|  0|    2|           1|           1|
    |or_ln786_1_fu_17588_p2      |        or|   0|  0|    2|           1|           1|
    |or_ln786_2_fu_17848_p2      |        or|   0|  0|    2|           1|           1|
    |or_ln786_fu_18000_p2        |        or|   0|  0|    2|           1|           1|
    |sign_V_fu_17765_p2          |        or|   0|  0|   24|          23|          24|
    |a_V_fu_17693_p3             |    select|   0|  0|   23|           1|          23|
    |out_r                       |    select|   0|  0|   16|           1|          16|
    |p_pn_fu_17916_p3            |    select|   0|  0|   40|           1|          40|
    |select_ln1497_fu_17898_p3   |    select|   0|  0|   24|           1|          24|
    |select_ln340_2_fu_17606_p3  |    select|   0|  0|   24|           1|          23|
    |select_ln340_4_fu_17685_p3  |    select|   0|  0|   23|           1|           2|
    |select_ln340_5_fu_17876_p3  |    select|   0|  0|   24|           1|          23|
    |select_ln340_6_fu_17890_p3  |    select|   0|  0|   24|           1|          24|
    |select_ln340_fu_18030_p3    |    select|   0|  0|   16|           1|          15|
    |select_ln388_1_fu_17624_p3  |    select|   0|  0|   25|           1|          25|
    |select_ln388_2_fu_17883_p3  |    select|   0|  0|   25|           1|          25|
    |select_ln388_fu_18038_p3    |    select|   0|  0|   17|           1|          17|
    |x_V_fu_17630_p3             |    select|   0|  0|   24|           1|          24|
    |ap_enable_pp0               |       xor|   0|  0|    2|           1|           2|
    |ap_enable_pp1               |       xor|   0|  0|    2|           1|           2|
    |ap_enable_pp2               |       xor|   0|  0|    2|           1|           2|
    |xor_ln340_1_fu_17614_p2     |       xor|   0|  0|    2|           1|           2|
    |xor_ln340_2_fu_17864_p2     |       xor|   0|  0|    2|           1|           2|
    |xor_ln340_fu_18018_p2       |       xor|   0|  0|    2|           1|           2|
    |xor_ln785_1_fu_17564_p2     |       xor|   0|  0|    2|           1|           2|
    |xor_ln785_2_fu_17832_p2     |       xor|   0|  0|    2|           1|           2|
    |xor_ln785_fu_17976_p2       |       xor|   0|  0|    2|           1|           2|
    |xor_ln786_1_fu_17576_p2     |       xor|   0|  0|    2|           1|           2|
    |xor_ln786_2_fu_17843_p2     |       xor|   0|  0|    2|           1|           2|
    |xor_ln786_fu_17988_p2       |       xor|   0|  0|    2|           1|           2|
    +----------------------------+----------+----+---+-----+------------+------------+
    |Total                       |          |   0|  0|11087|        8510|        8165|
    +----------------------------+----------+----+---+-----+------------+------------+

    * Multiplexer: 
    +-----------------------------------+-----+-----------+-----+-----------+
    |                Name               | LUT | Input Size| Bits| Total Bits|
    +-----------------------------------+-----+-----------+-----+-----------+
    |FIR_LP_V_address0                  |   42|          8|   10|         80|
    |FIR_LP_V_address1                  |   42|          8|   10|         80|
    |FIR_LP_V_address10                 |   42|          8|   10|         80|
    |FIR_LP_V_address11                 |   42|          8|   10|         80|
    |FIR_LP_V_address12                 |   42|          8|   10|         80|
    |FIR_LP_V_address13                 |   42|          8|   10|         80|
    |FIR_LP_V_address14                 |   42|          8|   10|         80|
    |FIR_LP_V_address15                 |   42|          8|   10|         80|
    |FIR_LP_V_address16                 |   42|          8|   10|         80|
    |FIR_LP_V_address17                 |   42|          8|   10|         80|
    |FIR_LP_V_address18                 |   42|          8|   10|         80|
    |FIR_LP_V_address19                 |   42|          8|   10|         80|
    |FIR_LP_V_address2                  |   42|          8|   10|         80|
    |FIR_LP_V_address20                 |   42|          8|   10|         80|
    |FIR_LP_V_address21                 |   42|          8|   10|         80|
    |FIR_LP_V_address22                 |   42|          8|   10|         80|
    |FIR_LP_V_address23                 |   42|          8|   10|         80|
    |FIR_LP_V_address24                 |   42|          8|   10|         80|
    |FIR_LP_V_address25                 |   42|          8|   10|         80|
    |FIR_LP_V_address26                 |   42|          8|   10|         80|
    |FIR_LP_V_address27                 |   37|          7|   10|         70|
    |FIR_LP_V_address3                  |   42|          8|   10|         80|
    |FIR_LP_V_address4                  |   42|          8|   10|         80|
    |FIR_LP_V_address5                  |   42|          8|   10|         80|
    |FIR_LP_V_address6                  |   42|          8|   10|         80|
    |FIR_LP_V_address7                  |   42|          8|   10|         80|
    |FIR_LP_V_address8                  |   42|          8|   10|         80|
    |FIR_LP_V_address9                  |   42|          8|   10|         80|
    |acc_V_reg_3337                     |    9|          2|   40|         80|
    |ap_NS_fsm                          |  249|         58|    1|         58|
    |ap_enable_reg_pp0_iter6            |    9|          2|    1|          2|
    |ap_enable_reg_pp1_iter1            |    9|          2|    1|          2|
    |ap_enable_reg_pp2_iter8            |    9|          2|    1|          2|
    |ap_enable_reg_pp2_iter9            |   14|          3|    1|          3|
    |ap_phi_mux_b_phi_fu_3306_p4        |    9|          2|    2|          4|
    |ap_phi_mux_k_phi_fu_3294_p4        |    9|          2|    8|         16|
    |ap_phi_mux_phi_mul_phi_fu_3318_p4  |    9|          2|   10|         20|
    |b_reg_3302                         |    9|          2|    2|          4|
    |drc_ratio_address0                 |   14|          3|    2|          6|
    |drc_ratio_address1                 |   14|          3|    2|          6|
    |drc_thr_address0                   |   14|          3|    2|          6|
    |drc_thr_address1                   |   14|          3|    2|          6|
    |grp_fu_3349_p0                     |   37|          7|   15|        105|
    |grp_fu_3349_p1                     |   37|          7|   16|        112|
    |grp_fu_3350_p0                     |   37|          7|   15|        105|
    |grp_fu_3350_p1                     |   37|          7|   16|        112|
    |grp_fu_3351_p0                     |   37|          7|   15|        105|
    |grp_fu_3351_p1                     |   37|          7|   16|        112|
    |grp_fu_3352_p0                     |   37|          7|   15|        105|
    |grp_fu_3352_p1                     |   37|          7|   16|        112|
    |grp_fu_3353_p0                     |   42|          8|   25|        200|
    |grp_fu_3353_p1                     |   42|          8|   24|        192|
    |grp_fu_3354_p0                     |   37|          7|   15|        105|
    |grp_fu_3354_p1                     |   37|          7|   16|        112|
    |grp_fu_3355_p0                     |   42|          8|   15|        120|
    |grp_fu_3355_p1                     |   42|          8|   16|        128|
    |grp_fu_3356_p0                     |   42|          8|   15|        120|
    |grp_fu_3356_p1                     |   42|          8|   16|        128|
    |grp_fu_3357_p0                     |   37|          7|   15|        105|
    |grp_fu_3357_p1                     |   37|          7|   16|        112|
    |grp_fu_3358_p0                     |   37|          7|   15|        105|
    |grp_fu_3358_p1                     |   37|          7|   16|        112|
    |grp_fu_3359_p0                     |   42|          8|   15|        120|
    |grp_fu_3359_p1                     |   42|          8|   16|        128|
    |grp_fu_3360_p0                     |   37|          7|   15|        105|
    |grp_fu_3360_p1                     |   37|          7|   16|        112|
    |grp_fu_3361_p0                     |   37|          7|   15|        105|
    |grp_fu_3361_p1                     |   37|          7|   16|        112|
    |grp_fu_3362_p0                     |   42|          8|   15|        120|
    |grp_fu_3362_p1                     |   42|          8|   16|        128|
    |grp_fu_3363_p0                     |   42|          8|   15|        120|
    |grp_fu_3363_p1                     |   42|          8|   16|        128|
    |grp_fu_3364_p0                     |   37|          7|   15|        105|
    |grp_fu_3364_p1                     |   37|          7|   16|        112|
    |grp_fu_3365_p0                     |   37|          7|   15|        105|
    |grp_fu_3365_p1                     |   37|          7|   16|        112|
    |grp_fu_3366_p0                     |   37|          7|   15|        105|
    |grp_fu_3366_p1                     |   37|          7|   16|        112|
    |grp_fu_3367_p0                     |   37|          7|   15|        105|
    |grp_fu_3367_p1                     |   37|          7|   16|        112|
    |grp_fu_3368_p0                     |   37|          7|   15|        105|
    |grp_fu_3368_p1                     |   37|          7|   16|        112|
    |grp_fu_3369_p0                     |   37|          7|   15|        105|
    |grp_fu_3369_p1                     |   37|          7|   16|        112|
    |grp_fu_3370_p0                     |   37|          7|   15|        105|
    |grp_fu_3370_p1                     |   37|          7|   16|        112|
    |grp_fu_3371_p0                     |   37|          7|   15|        105|
    |grp_fu_3371_p1                     |   37|          7|   16|        112|
    |grp_fu_3372_p0                     |   37|          7|   15|        105|
    |grp_fu_3372_p1                     |   37|          7|   16|        112|
    |grp_fu_3373_p0                     |   37|          7|   15|        105|
    |grp_fu_3373_p1                     |   37|          7|   16|        112|
    |grp_fu_3374_p0                     |   37|          7|   15|        105|
    |grp_fu_3374_p1                     |   37|          7|   16|        112|
    |grp_fu_3375_p0                     |   37|          7|   15|        105|
    |grp_fu_3375_p1                     |   37|          7|   16|        112|
    |grp_fu_3376_p0                     |   37|          7|   15|        105|
    |grp_fu_3376_p1                     |   37|          7|   16|        112|
    |grp_fu_3377_p0                     |   37|          7|   15|        105|
    |grp_fu_3377_p1                     |   37|          7|   16|        112|
    |grp_fu_3378_p0                     |   37|          7|   15|        105|
    |grp_fu_3378_p1                     |   37|          7|   16|        112|
    |grp_fu_3379_p0                     |   37|          7|   15|        105|
    |grp_fu_3379_p1                     |   37|          7|   16|        112|
    |grp_fu_3380_p0                     |   37|          7|   15|        105|
    |grp_fu_3380_p1                     |   37|          7|   16|        112|
    |hist_V_0_address0                  |  113|         22|    6|        132|
    |hist_V_0_address1                  |  113|         22|    6|        132|
    |hist_V_0_d1                        |   20|          4|   16|         64|
    |hist_V_1_address0                  |  177|         40|    6|        240|
    |hist_V_1_address1                  |  177|         40|    6|        240|
    |hist_V_1_d1                        |   14|          3|   16|         48|
    |hist_V_2_address0                  |  177|         40|    6|        240|
    |hist_V_2_address1                  |  177|         40|    6|        240|
    |hist_V_2_d1                        |   14|          3|   16|         48|
    |hist_V_3_address0                  |  177|         40|    6|        240|
    |hist_V_3_address1                  |  177|         40|    6|        240|
    |hist_V_3_d1                        |   14|          3|   16|         48|
    |hist_V_4_address0                  |  177|         40|    6|        240|
    |hist_V_4_address1                  |  177|         40|    6|        240|
    |hist_V_4_d1                        |   14|          3|   16|         48|
    |i_reg_3326                         |    9|          2|    3|          6|
    |k_reg_3290                         |    9|          2|    8|         16|
    |phi_mul_reg_3314                   |    9|          2|   10|         20|
    |reg_11411                          |    9|          2|   15|         30|
    |reg_11416                          |    9|          2|   15|         30|
    |reg_11421                          |    9|          2|   15|         30|
    |reg_11426                          |    9|          2|   15|         30|
    |reg_11431                          |    9|          2|   15|         30|
    |reg_11436                          |    9|          2|   15|         30|
    |reg_11441                          |    9|          2|   15|         30|
    |reg_11446                          |    9|          2|   15|         30|
    |reg_11451                          |    9|          2|   15|         30|
    |reg_11456                          |    9|          2|   15|         30|
    |reg_11461                          |    9|          2|   15|         30|
    |reg_11466                          |    9|          2|   15|         30|
    |reg_11471                          |    9|          2|   15|         30|
    |reg_11476                          |    9|          2|   15|         30|
    |reg_11481                          |    9|          2|   15|         30|
    |reg_11486                          |    9|          2|   15|         30|
    |reg_11491                          |    9|          2|   15|         30|
    |reg_11496                          |    9|          2|   15|         30|
    |reg_11501                          |    9|          2|   15|         30|
    |reg_11506                          |    9|          2|   15|         30|
    |reg_11511                          |    9|          2|   15|         30|
    |reg_11516                          |    9|          2|   15|         30|
    |reg_11521                          |    9|          2|   15|         30|
    |reg_11526                          |    9|          2|   15|         30|
    |reg_11531                          |    9|          2|   15|         30|
    |reg_11536                          |    9|          2|   15|         30|
    |reg_11541                          |    9|          2|   15|         30|
    |reg_3279                           |   20|          4|   32|        128|
    |reg_3513                           |    9|          2|   31|         62|
    |reg_3644                           |    9|          2|   31|         62|
    |reg_6339                           |    9|          2|   31|         62|
    |reg_6347                           |    9|          2|   31|         62|
    |reg_6363                           |    9|          2|   31|         62|
    |reg_6380                           |    9|          2|   31|         62|
    |reg_6388                           |    9|          2|   31|         62|
    |reg_6392                           |    9|          2|   31|         62|
    |reg_6397                           |    9|          2|   31|         62|
    |reg_6409                           |    9|          2|   31|         62|
    |reg_6413                           |    9|          2|   31|         62|
    |reg_6429                           |    9|          2|   49|         98|
    |reg_6434                           |   14|          3|   31|         93|
    |reg_7051                           |    9|          2|   31|         62|
    |reg_7055                           |    9|          2|   31|         62|
    |reg_7081                           |    9|          2|   31|         62|
    |reg_7086                           |    9|          2|   31|         62|
    |reg_7090                           |    9|          2|   31|         62|
    |reg_7094                           |    9|          2|   31|         62|
    +-----------------------------------+-----+-----------+-----+-----------+
    |Total                              | 6174|       1255| 2570|      14384|
    +-----------------------------------+-----+-----------+-----+-----------+

    * Register: 
    +------------------------------------+-----+----+-----+-----------+
    |                Name                |  FF | LUT| Bits| Const Bits|
    +------------------------------------+-----+----+-----+-----------+
    |acc_V_reg_3337                      |   40|   0|   40|          0|
    |add_ln1118_194_reg_21247            |   10|   0|   10|          0|
    |add_ln263_reg_18202                 |   32|   0|   32|          0|
    |add_ln270_reg_18215                 |    8|   0|    8|          0|
    |add_ln281_reg_20150                 |    2|   0|    2|          0|
    |add_ln703_102_reg_21207             |   32|   0|   32|          0|
    |add_ln703_104_reg_21002             |   32|   0|   32|          0|
    |add_ln703_105_reg_21427             |   33|   0|   33|          0|
    |add_ln703_106_reg_21507             |   34|   0|   34|          0|
    |add_ln703_108_reg_21007             |   32|   0|   32|          0|
    |add_ln703_10_reg_21702              |   34|   0|   34|          0|
    |add_ln703_110_reg_20827             |   32|   0|   32|          0|
    |add_ln703_111_reg_21212             |   33|   0|   33|          0|
    |add_ln703_113_reg_21662             |   32|   0|   32|          0|
    |add_ln703_115_reg_21667             |   32|   0|   32|          0|
    |add_ln703_117_reg_21717             |   34|   0|   34|          0|
    |add_ln703_120_reg_21672             |   32|   0|   32|          0|
    |add_ln703_122_reg_21587             |   32|   0|   32|          0|
    |add_ln703_124_reg_21512             |   31|   0|   31|          0|
    |add_ln703_127_reg_21517             |   32|   0|   32|          0|
    |add_ln703_128_reg_21592             |   33|   0|   33|          0|
    |add_ln703_129_reg_21722             |   34|   0|   34|          0|
    |add_ln703_12_reg_21462              |   32|   0|   32|          0|
    |add_ln703_131_reg_21432             |   32|   0|   32|          0|
    |add_ln703_133_reg_21437             |   32|   0|   32|          0|
    |add_ln703_136_reg_21217             |   32|   0|   32|          0|
    |add_ln703_139_reg_21222             |   32|   0|   32|          0|
    |add_ln703_140_reg_21442             |   33|   0|   33|          0|
    |add_ln703_141_reg_21522             |   34|   0|   34|          0|
    |add_ln703_143_reg_21747             |   36|   0|   36|          0|
    |add_ln703_145_reg_21012             |   32|   0|   32|          0|
    |add_ln703_147_reg_21017             |   32|   0|   32|          0|
    |add_ln703_148_reg_21227             |   33|   0|   33|          0|
    |add_ln703_14_reg_21467              |   32|   0|   32|          0|
    |add_ln703_150_reg_20832             |   32|   0|   32|          0|
    |add_ln703_152_reg_21677             |   32|   0|   32|          0|
    |add_ln703_154_reg_21727             |   34|   0|   34|          0|
    |add_ln703_156_reg_21682             |   32|   0|   32|          0|
    |add_ln703_157_reg_21597             |   31|   0|   31|          0|
    |add_ln703_158_reg_21687             |   32|   0|   32|          0|
    |add_ln703_15_reg_21547              |   33|   0|   33|          0|
    |add_ln703_161_reg_21602             |   32|   0|   32|          0|
    |add_ln703_163_reg_21527             |   32|   0|   32|          0|
    |add_ln703_164_reg_21692             |   33|   0|   33|          0|
    |add_ln703_165_reg_21732             |   34|   0|   34|          0|
    |add_ln703_168_reg_21532             |   32|   0|   32|          0|
    |add_ln703_16_reg_21472              |   31|   0|   31|          0|
    |add_ln703_170_reg_21447             |   32|   0|   32|          0|
    |add_ln703_173_reg_21452             |   32|   0|   32|          0|
    |add_ln703_175_reg_21232             |   32|   0|   32|          0|
    |add_ln703_176_reg_21537             |   33|   0|   33|          0|
    |add_ln703_177_reg_21607             |   34|   0|   34|          0|
    |add_ln703_179_reg_21237             |   32|   0|   32|          0|
    |add_ln703_181_reg_21022             |   32|   0|   32|          0|
    |add_ln703_184_reg_21027             |   32|   0|   32|          0|
    |add_ln703_187_reg_20837             |   32|   0|   32|          0|
    |add_ln703_188_reg_21242             |   33|   0|   33|          0|
    |add_ln703_189_reg_21457             |   34|   0|   34|          0|
    |add_ln703_190_reg_21697             |   35|   0|   35|          0|
    |add_ln703_191_reg_21752             |   36|   0|   36|          0|
    |add_ln703_19_reg_20817              |   32|   0|   32|          0|
    |add_ln703_1_reg_21612               |   32|   0|   32|          0|
    |add_ln703_20_reg_21552              |   33|   0|   33|          0|
    |add_ln703_21_reg_21627              |   34|   0|   34|          0|
    |add_ln703_24_reg_20982              |   32|   0|   32|          0|
    |add_ln703_26_reg_20987              |   32|   0|   32|          0|
    |add_ln703_27_reg_21172              |   33|   0|   33|          0|
    |add_ln703_29_reg_21177              |   32|   0|   32|          0|
    |add_ln703_31_reg_21182              |   32|   0|   32|          0|
    |add_ln703_33_reg_21392              |   34|   0|   34|          0|
    |add_ln703_35_reg_21397              |   32|   0|   32|          0|
    |add_ln703_37_reg_20822              |   32|   0|   32|          0|
    |add_ln703_3_reg_21617               |   32|   0|   32|          0|
    |add_ln703_40_reg_20992              |   32|   0|   32|          0|
    |add_ln703_42_reg_20997              |   32|   0|   32|          0|
    |add_ln703_43_reg_21187              |   33|   0|   33|          0|
    |add_ln703_44_reg_21477              |   34|   0|   34|          0|
    |add_ln703_45_reg_21557              |   35|   0|   35|          0|
    |add_ln703_46_reg_21737              |   36|   0|   36|          0|
    |add_ln703_48_reg_21192              |   32|   0|   32|          0|
    |add_ln703_50_reg_21197              |   32|   0|   32|          0|
    |add_ln703_51_reg_21402              |   33|   0|   33|          0|
    |add_ln703_53_reg_21407              |   32|   0|   32|          0|
    |add_ln703_55_reg_21412              |   32|   0|   32|          0|
    |add_ln703_57_reg_21482              |   34|   0|   34|          0|
    |add_ln703_59_reg_21487              |   32|   0|   32|          0|
    |add_ln703_61_reg_21492              |   32|   0|   32|          0|
    |add_ln703_62_reg_21562              |   33|   0|   33|          0|
    |add_ln703_64_reg_21567              |   32|   0|   32|          0|
    |add_ln703_66_reg_21632              |   32|   0|   32|          0|
    |add_ln703_68_reg_21707              |   34|   0|   34|          0|
    |add_ln703_6_reg_21622               |   32|   0|   32|          0|
    |add_ln703_71_reg_21637              |   32|   0|   32|          0|
    |add_ln703_73_reg_21642              |   32|   0|   32|          0|
    |add_ln703_76_reg_21647              |   32|   0|   32|          0|
    |add_ln703_78_reg_21652              |   32|   0|   32|          0|
    |add_ln703_7_reg_21387               |   31|   0|   31|          0|
    |add_ln703_80_reg_21712              |   34|   0|   34|          0|
    |add_ln703_82_reg_21572              |   32|   0|   32|          0|
    |add_ln703_84_reg_21577              |   32|   0|   32|          0|
    |add_ln703_87_reg_21497              |   32|   0|   32|          0|
    |add_ln703_89_reg_21417              |   31|   0|   31|          0|
    |add_ln703_8_reg_21542               |   32|   0|   32|          0|
    |add_ln703_90_reg_21502              |   32|   0|   32|          0|
    |add_ln703_91_reg_21582              |   33|   0|   33|          0|
    |add_ln703_92_reg_21657              |   34|   0|   34|          0|
    |add_ln703_94_reg_21742              |   36|   0|   36|          0|
    |add_ln703_97_reg_21422              |   32|   0|   32|          0|
    |add_ln703_99_reg_21202              |   32|   0|   32|          0|
    |ap_CS_fsm                           |   57|   0|   57|          0|
    |ap_enable_reg_pp0_iter0             |    1|   0|    1|          0|
    |ap_enable_reg_pp0_iter1             |    1|   0|    1|          0|
    |ap_enable_reg_pp0_iter2             |    1|   0|    1|          0|
    |ap_enable_reg_pp0_iter3             |    1|   0|    1|          0|
    |ap_enable_reg_pp0_iter4             |    1|   0|    1|          0|
    |ap_enable_reg_pp0_iter5             |    1|   0|    1|          0|
    |ap_enable_reg_pp0_iter6             |    1|   0|    1|          0|
    |ap_enable_reg_pp1_iter0             |    1|   0|    1|          0|
    |ap_enable_reg_pp1_iter1             |    1|   0|    1|          0|
    |ap_enable_reg_pp2_iter0             |    1|   0|    1|          0|
    |ap_enable_reg_pp2_iter1             |    1|   0|    1|          0|
    |ap_enable_reg_pp2_iter2             |    1|   0|    1|          0|
    |ap_enable_reg_pp2_iter3             |    1|   0|    1|          0|
    |ap_enable_reg_pp2_iter4             |    1|   0|    1|          0|
    |ap_enable_reg_pp2_iter5             |    1|   0|    1|          0|
    |ap_enable_reg_pp2_iter6             |    1|   0|    1|          0|
    |ap_enable_reg_pp2_iter7             |    1|   0|    1|          0|
    |ap_enable_reg_pp2_iter8             |    1|   0|    1|          0|
    |ap_enable_reg_pp2_iter9             |    1|   0|    1|          0|
    |b_reg_3302                          |    2|   0|    2|          0|
    |b_reg_3302_pp1_iter1_reg            |    2|   0|    2|          0|
    |band_V_0_fu_994                     |   40|   0|   40|          0|
    |band_V_1_reg_21757                  |   40|   0|   40|          0|
    |band_V_2_reg_21762                  |   40|   0|   40|          0|
    |band_V_3_reg_21767                  |   40|   0|   40|          0|
    |empty_17_reg_20155                  |    9|   0|    9|          0|
    |hist_V_0_load_10_reg_18530          |   16|   0|   16|          0|
    |hist_V_0_load_11_reg_18555          |   16|   0|   16|          0|
    |hist_V_0_load_12_reg_18580          |   16|   0|   16|          0|
    |hist_V_0_load_13_reg_18605          |   16|   0|   16|          0|
    |hist_V_0_load_14_reg_18630          |   16|   0|   16|          0|
    |hist_V_0_load_15_reg_18655          |   16|   0|   16|          0|
    |hist_V_0_load_16_reg_18680          |   16|   0|   16|          0|
    |hist_V_0_load_17_reg_18705          |   16|   0|   16|          0|
    |hist_V_0_load_18_reg_18730          |   16|   0|   16|          0|
    |hist_V_0_load_19_reg_18755          |   16|   0|   16|          0|
    |hist_V_0_load_1_reg_18305           |   16|   0|   16|          0|
    |hist_V_0_load_20_reg_18780          |   16|   0|   16|          0|
    |hist_V_0_load_21_reg_18805          |   16|   0|   16|          0|
    |hist_V_0_load_22_reg_18830          |   16|   0|   16|          0|
    |hist_V_0_load_23_reg_18855          |   16|   0|   16|          0|
    |hist_V_0_load_24_reg_18880          |   16|   0|   16|          0|
    |hist_V_0_load_25_reg_18905          |   16|   0|   16|          0|
    |hist_V_0_load_26_reg_18930          |   16|   0|   16|          0|
    |hist_V_0_load_27_reg_18955          |   16|   0|   16|          0|
    |hist_V_0_load_28_reg_18980          |   16|   0|   16|          0|
    |hist_V_0_load_29_reg_19005          |   16|   0|   16|          0|
    |hist_V_0_load_2_reg_18330           |   16|   0|   16|          0|
    |hist_V_0_load_30_reg_19030          |   16|   0|   16|          0|
    |hist_V_0_load_31_reg_19055          |   16|   0|   16|          0|
    |hist_V_0_load_32_reg_19080          |   16|   0|   16|          0|
    |hist_V_0_load_33_reg_19105          |   16|   0|   16|          0|
    |hist_V_0_load_34_reg_19130          |   16|   0|   16|          0|
    |hist_V_0_load_35_reg_19155          |   16|   0|   16|          0|
    |hist_V_0_load_3_reg_18355           |   16|   0|   16|          0|
    |hist_V_0_load_4_reg_18380           |   16|   0|   16|          0|
    |hist_V_0_load_5_reg_18405           |   16|   0|   16|          0|
    |hist_V_0_load_6_reg_18430           |   16|   0|   16|          0|
    |hist_V_0_load_7_reg_18455           |   16|   0|   16|          0|
    |hist_V_0_load_8_reg_18480           |   16|   0|   16|          0|
    |hist_V_0_load_9_reg_18505           |   16|   0|   16|          0|
    |hist_V_0_load_reg_18280             |   16|   0|   16|          0|
    |hist_V_1_load_10_reg_18485          |   16|   0|   16|          0|
    |hist_V_1_load_11_reg_18510          |   16|   0|   16|          0|
    |hist_V_1_load_12_reg_18535          |   16|   0|   16|          0|
    |hist_V_1_load_13_reg_18560          |   16|   0|   16|          0|
    |hist_V_1_load_14_reg_18585          |   16|   0|   16|          0|
    |hist_V_1_load_15_reg_18610          |   16|   0|   16|          0|
    |hist_V_1_load_16_reg_18635          |   16|   0|   16|          0|
    |hist_V_1_load_17_reg_18660          |   16|   0|   16|          0|
    |hist_V_1_load_18_reg_18685          |   16|   0|   16|          0|
    |hist_V_1_load_19_reg_18710          |   16|   0|   16|          0|
    |hist_V_1_load_1_reg_18260           |   16|   0|   16|          0|
    |hist_V_1_load_20_reg_18735          |   16|   0|   16|          0|
    |hist_V_1_load_21_reg_18760          |   16|   0|   16|          0|
    |hist_V_1_load_22_reg_18785          |   16|   0|   16|          0|
    |hist_V_1_load_23_reg_18810          |   16|   0|   16|          0|
    |hist_V_1_load_24_reg_18835          |   16|   0|   16|          0|
    |hist_V_1_load_25_reg_18860          |   16|   0|   16|          0|
    |hist_V_1_load_26_reg_18885          |   16|   0|   16|          0|
    |hist_V_1_load_27_reg_18910          |   16|   0|   16|          0|
    |hist_V_1_load_28_reg_18935          |   16|   0|   16|          0|
    |hist_V_1_load_29_reg_18960          |   16|   0|   16|          0|
    |hist_V_1_load_2_reg_18285           |   16|   0|   16|          0|
    |hist_V_1_load_30_reg_18985          |   16|   0|   16|          0|
    |hist_V_1_load_31_reg_19010          |   16|   0|   16|          0|
    |hist_V_1_load_32_reg_19035          |   16|   0|   16|          0|
    |hist_V_1_load_33_reg_19060          |   16|   0|   16|          0|
    |hist_V_1_load_34_reg_19085          |   16|   0|   16|          0|
    |hist_V_1_load_35_reg_19110          |   16|   0|   16|          0|
    |hist_V_1_load_36_reg_19135          |   16|   0|   16|          0|
    |hist_V_1_load_37_reg_19160          |   16|   0|   16|          0|
    |hist_V_1_load_3_reg_18310           |   16|   0|   16|          0|
    |hist_V_1_load_4_reg_18335           |   16|   0|   16|          0|
    |hist_V_1_load_5_reg_18360           |   16|   0|   16|          0|
    |hist_V_1_load_6_reg_18385           |   16|   0|   16|          0|
    |hist_V_1_load_7_reg_18410           |   16|   0|   16|          0|
    |hist_V_1_load_8_reg_18435           |   16|   0|   16|          0|
    |hist_V_1_load_9_reg_18460           |   16|   0|   16|          0|
    |hist_V_2_load_10_reg_18515          |   16|   0|   16|          0|
    |hist_V_2_load_11_reg_18540          |   16|   0|   16|          0|
    |hist_V_2_load_12_reg_18565          |   16|   0|   16|          0|
    |hist_V_2_load_13_reg_18590          |   16|   0|   16|          0|
    |hist_V_2_load_14_reg_18615          |   16|   0|   16|          0|
    |hist_V_2_load_15_reg_18640          |   16|   0|   16|          0|
    |hist_V_2_load_16_reg_18665          |   16|   0|   16|          0|
    |hist_V_2_load_17_reg_18690          |   16|   0|   16|          0|
    |hist_V_2_load_18_reg_18715          |   16|   0|   16|          0|
    |hist_V_2_load_19_reg_18740          |   16|   0|   16|          0|
    |hist_V_2_load_1_reg_18290           |   16|   0|   16|          0|
    |hist_V_2_load_20_reg_18765          |   16|   0|   16|          0|
    |hist_V_2_load_21_reg_18790          |   16|   0|   16|          0|
    |hist_V_2_load_22_reg_18815          |   16|   0|   16|          0|
    |hist_V_2_load_23_reg_18840          |   16|   0|   16|          0|
    |hist_V_2_load_24_reg_18865          |   16|   0|   16|          0|
    |hist_V_2_load_25_reg_18890          |   16|   0|   16|          0|
    |hist_V_2_load_26_reg_18915          |   16|   0|   16|          0|
    |hist_V_2_load_27_reg_18940          |   16|   0|   16|          0|
    |hist_V_2_load_28_reg_18965          |   16|   0|   16|          0|
    |hist_V_2_load_29_reg_18990          |   16|   0|   16|          0|
    |hist_V_2_load_2_reg_18315           |   16|   0|   16|          0|
    |hist_V_2_load_30_reg_19015          |   16|   0|   16|          0|
    |hist_V_2_load_31_reg_19040          |   16|   0|   16|          0|
    |hist_V_2_load_32_reg_19065          |   16|   0|   16|          0|
    |hist_V_2_load_33_reg_19090          |   16|   0|   16|          0|
    |hist_V_2_load_34_reg_19115          |   16|   0|   16|          0|
    |hist_V_2_load_35_reg_19140          |   16|   0|   16|          0|
    |hist_V_2_load_36_reg_19165          |   16|   0|   16|          0|
    |hist_V_2_load_3_reg_18340           |   16|   0|   16|          0|
    |hist_V_2_load_4_reg_18365           |   16|   0|   16|          0|
    |hist_V_2_load_5_reg_18390           |   16|   0|   16|          0|
    |hist_V_2_load_6_reg_18415           |   16|   0|   16|          0|
    |hist_V_2_load_7_reg_18440           |   16|   0|   16|          0|
    |hist_V_2_load_8_reg_18465           |   16|   0|   16|          0|
    |hist_V_2_load_9_reg_18490           |   16|   0|   16|          0|
    |hist_V_2_load_reg_18265             |   16|   0|   16|          0|
    |hist_V_3_load_10_reg_18520          |   16|   0|   16|          0|
    |hist_V_3_load_11_reg_18545          |   16|   0|   16|          0|
    |hist_V_3_load_12_reg_18570          |   16|   0|   16|          0|
    |hist_V_3_load_13_reg_18595          |   16|   0|   16|          0|
    |hist_V_3_load_14_reg_18620          |   16|   0|   16|          0|
    |hist_V_3_load_15_reg_18645          |   16|   0|   16|          0|
    |hist_V_3_load_16_reg_18670          |   16|   0|   16|          0|
    |hist_V_3_load_17_reg_18695          |   16|   0|   16|          0|
    |hist_V_3_load_18_reg_18720          |   16|   0|   16|          0|
    |hist_V_3_load_19_reg_18745          |   16|   0|   16|          0|
    |hist_V_3_load_1_reg_18295           |   16|   0|   16|          0|
    |hist_V_3_load_20_reg_18770          |   16|   0|   16|          0|
    |hist_V_3_load_21_reg_18795          |   16|   0|   16|          0|
    |hist_V_3_load_22_reg_18820          |   16|   0|   16|          0|
    |hist_V_3_load_23_reg_18845          |   16|   0|   16|          0|
    |hist_V_3_load_24_reg_18870          |   16|   0|   16|          0|
    |hist_V_3_load_25_reg_18895          |   16|   0|   16|          0|
    |hist_V_3_load_26_reg_18920          |   16|   0|   16|          0|
    |hist_V_3_load_27_reg_18945          |   16|   0|   16|          0|
    |hist_V_3_load_28_reg_18970          |   16|   0|   16|          0|
    |hist_V_3_load_29_reg_18995          |   16|   0|   16|          0|
    |hist_V_3_load_2_reg_18320           |   16|   0|   16|          0|
    |hist_V_3_load_30_reg_19020          |   16|   0|   16|          0|
    |hist_V_3_load_31_reg_19045          |   16|   0|   16|          0|
    |hist_V_3_load_32_reg_19070          |   16|   0|   16|          0|
    |hist_V_3_load_33_reg_19095          |   16|   0|   16|          0|
    |hist_V_3_load_34_reg_19120          |   16|   0|   16|          0|
    |hist_V_3_load_35_reg_19145          |   16|   0|   16|          0|
    |hist_V_3_load_36_reg_19170          |   16|   0|   16|          0|
    |hist_V_3_load_3_reg_18345           |   16|   0|   16|          0|
    |hist_V_3_load_4_reg_18370           |   16|   0|   16|          0|
    |hist_V_3_load_5_reg_18395           |   16|   0|   16|          0|
    |hist_V_3_load_6_reg_18420           |   16|   0|   16|          0|
    |hist_V_3_load_7_reg_18445           |   16|   0|   16|          0|
    |hist_V_3_load_8_reg_18470           |   16|   0|   16|          0|
    |hist_V_3_load_9_reg_18495           |   16|   0|   16|          0|
    |hist_V_3_load_reg_18270             |   16|   0|   16|          0|
    |hist_V_4_load_10_reg_18525          |   16|   0|   16|          0|
    |hist_V_4_load_11_reg_18550          |   16|   0|   16|          0|
    |hist_V_4_load_12_reg_18575          |   16|   0|   16|          0|
    |hist_V_4_load_13_reg_18600          |   16|   0|   16|          0|
    |hist_V_4_load_14_reg_18625          |   16|   0|   16|          0|
    |hist_V_4_load_15_reg_18650          |   16|   0|   16|          0|
    |hist_V_4_load_16_reg_18675          |   16|   0|   16|          0|
    |hist_V_4_load_17_reg_18700          |   16|   0|   16|          0|
    |hist_V_4_load_18_reg_18725          |   16|   0|   16|          0|
    |hist_V_4_load_19_reg_18750          |   16|   0|   16|          0|
    |hist_V_4_load_1_reg_18300           |   16|   0|   16|          0|
    |hist_V_4_load_20_reg_18775          |   16|   0|   16|          0|
    |hist_V_4_load_21_reg_18800          |   16|   0|   16|          0|
    |hist_V_4_load_22_reg_18825          |   16|   0|   16|          0|
    |hist_V_4_load_23_reg_18850          |   16|   0|   16|          0|
    |hist_V_4_load_24_reg_18875          |   16|   0|   16|          0|
    |hist_V_4_load_25_reg_18900          |   16|   0|   16|          0|
    |hist_V_4_load_26_reg_18925          |   16|   0|   16|          0|
    |hist_V_4_load_27_reg_18950          |   16|   0|   16|          0|
    |hist_V_4_load_28_reg_18975          |   16|   0|   16|          0|
    |hist_V_4_load_29_reg_19000          |   16|   0|   16|          0|
    |hist_V_4_load_2_reg_18325           |   16|   0|   16|          0|
    |hist_V_4_load_30_reg_19025          |   16|   0|   16|          0|
    |hist_V_4_load_31_reg_19050          |   16|   0|   16|          0|
    |hist_V_4_load_32_reg_19075          |   16|   0|   16|          0|
    |hist_V_4_load_33_reg_19100          |   16|   0|   16|          0|
    |hist_V_4_load_34_reg_19125          |   16|   0|   16|          0|
    |hist_V_4_load_35_reg_19150          |   16|   0|   16|          0|
    |hist_V_4_load_36_reg_19175          |   16|   0|   16|          0|
    |hist_V_4_load_3_reg_18350           |   16|   0|   16|          0|
    |hist_V_4_load_4_reg_18375           |   16|   0|   16|          0|
    |hist_V_4_load_5_reg_18400           |   16|   0|   16|          0|
    |hist_V_4_load_6_reg_18425           |   16|   0|   16|          0|
    |hist_V_4_load_7_reg_18450           |   16|   0|   16|          0|
    |hist_V_4_load_8_reg_18475           |   16|   0|   16|          0|
    |hist_V_4_load_9_reg_18500           |   16|   0|   16|          0|
    |hist_V_4_load_reg_18275             |   16|   0|   16|          0|
    |i_reg_3326                          |    3|   0|    3|          0|
    |icmp_ln1497_reg_21828               |    1|   0|    1|          0|
    |icmp_ln239_reg_18065                |    1|   0|    1|          0|
    |icmp_ln270_reg_18211                |    1|   0|    1|          0|
    |icmp_ln281_reg_20253                |    1|   0|    1|          0|
    |icmp_ln281_reg_20253_pp1_iter1_reg  |    1|   0|    1|          0|
    |icmp_ln356_reg_21777                |    1|   0|    1|          0|
    |icmp_ln768_2_reg_21876              |    1|   0|    1|          0|
    |icmp_ln786_2_reg_21881              |    1|   0|    1|          0|
    |k_reg_3290                          |    8|   0|    8|          0|
    |mul_ln1118_5_reg_6355               |   31|   0|   31|          0|
    |mul_ln1118_6_reg_6359               |   31|   0|   31|          0|
    |mul_ln1118_reg_6335                 |   31|   0|   31|          0|
    |overflow_1_reg_21797                |    1|   0|    1|          0|
    |p_Result_4_reg_21858                |    1|   0|    1|          0|
    |p_Result_5_reg_21870                |    1|   0|    1|          0|
    |p_Val2_12_reg_21864                 |   24|   0|   24|          0|
    |p_Val2_8_reg_21787                  |   40|   0|   40|          0|
    |p_Val2_9_reg_21792                  |   24|   0|   24|          0|
    |phi_mul_reg_3314                    |   10|   0|   10|          0|
    |q_1_reg_18117                       |   16|   0|   16|          0|
    |q_2_reg_18122                       |   16|   0|   16|          0|
    |q_3_reg_18127                       |   16|   0|   16|          0|
    |q_reg_18112                         |   16|   0|   16|          0|
    |ratio_V_reg_21823                   |   24|   0|   24|          0|
    |reg_11411                           |   15|   0|   15|          0|
    |reg_11416                           |   15|   0|   15|          0|
    |reg_11421                           |   15|   0|   15|          0|
    |reg_11426                           |   15|   0|   15|          0|
    |reg_11431                           |   15|   0|   15|          0|
    |reg_11436                           |   15|   0|   15|          0|
    |reg_11441                           |   15|   0|   15|          0|
    |reg_11446                           |   15|   0|   15|          0|
    |reg_11451                           |   15|   0|   15|          0|
    |reg_11456                           |   15|   0|   15|          0|
    |reg_11461                           |   15|   0|   15|          0|
    |reg_11466                           |   15|   0|   15|          0|
    |reg_11471                           |   15|   0|   15|          0|
    |reg_11476                           |   15|   0|   15|          0|
    |reg_11481                           |   15|   0|   15|          0|
    |reg_11486                           |   15|   0|   15|          0|
    |reg_11491                           |   15|   0|   15|          0|
    |reg_11496                           |   15|   0|   15|          0|
    |reg_11501                           |   15|   0|   15|          0|
    |reg_11506                           |   15|   0|   15|          0|
    |reg_11511                           |   15|   0|   15|          0|
    |reg_11516                           |   15|   0|   15|          0|
    |reg_11521                           |   15|   0|   15|          0|
    |reg_11526                           |   15|   0|   15|          0|
    |reg_11531                           |   15|   0|   15|          0|
    |reg_11536                           |   15|   0|   15|          0|
    |reg_11541                           |   15|   0|   15|          0|
    |reg_11546                           |   15|   0|   15|          0|
    |reg_3279                            |   32|   0|   32|          0|
    |reg_3513                            |   31|   0|   31|          0|
    |reg_3644                            |   31|   0|   31|          0|
    |reg_6339                            |   31|   0|   31|          0|
    |reg_6343                            |   31|   0|   31|          0|
    |reg_6347                            |   31|   0|   31|          0|
    |reg_6351                            |   31|   0|   31|          0|
    |reg_6363                            |   31|   0|   31|          0|
    |reg_6368                            |   31|   0|   31|          0|
    |reg_6372                            |   31|   0|   31|          0|
    |reg_6376                            |   31|   0|   31|          0|
    |reg_6380                            |   31|   0|   31|          0|
    |reg_6384                            |   31|   0|   31|          0|
    |reg_6388                            |   31|   0|   31|          0|
    |reg_6392                            |   31|   0|   31|          0|
    |reg_6397                            |   31|   0|   31|          0|
    |reg_6401                            |   31|   0|   31|          0|
    |reg_6405                            |   31|   0|   31|          0|
    |reg_6409                            |   31|   0|   31|          0|
    |reg_6413                            |   31|   0|   31|          0|
    |reg_6417                            |   31|   0|   31|          0|
    |reg_6421                            |   31|   0|   31|          0|
    |reg_6425                            |   31|   0|   31|          0|
    |reg_6429                            |   49|   0|   49|          0|
    |reg_6434                            |   31|   0|   31|          0|
    |reg_7047                            |   31|   0|   31|          0|
    |reg_7051                            |   31|   0|   31|          0|
    |reg_7055                            |   31|   0|   31|          0|
    |reg_7059                            |   31|   0|   31|          0|
    |reg_7063                            |   31|   0|   31|          0|
    |reg_7067                            |   31|   0|   31|          0|
    |reg_7072                            |   31|   0|   31|          0|
    |reg_7077                            |   31|   0|   31|          0|
    |reg_7081                            |   31|   0|   31|          0|
    |reg_7086                            |   31|   0|   31|          0|
    |reg_7090                            |   31|   0|   31|          0|
    |reg_7094                            |   31|   0|   31|          0|
    |ret_V_2_reg_21838                   |   25|   0|   25|          0|
    |ret_V_reg_21843                     |   49|   0|   49|          0|
    |select_ln340_2_reg_21808            |   24|   0|   24|          0|
    |sext_ln1116_100_reg_19675           |   31|   0|   31|          0|
    |sext_ln1116_101_reg_19680           |   31|   0|   31|          0|
    |sext_ln1116_102_reg_19685           |   31|   0|   31|          0|
    |sext_ln1116_103_reg_19690           |   31|   0|   31|          0|
    |sext_ln1116_104_reg_19695           |   31|   0|   31|          0|
    |sext_ln1116_105_reg_19700           |   31|   0|   31|          0|
    |sext_ln1116_106_reg_19705           |   31|   0|   31|          0|
    |sext_ln1116_107_reg_19710           |   31|   0|   31|          0|
    |sext_ln1116_108_reg_19715           |   31|   0|   31|          0|
    |sext_ln1116_109_reg_19720           |   31|   0|   31|          0|
    |sext_ln1116_10_reg_19225            |   31|   0|   31|          0|
    |sext_ln1116_110_reg_19725           |   31|   0|   31|          0|
    |sext_ln1116_111_reg_19730           |   31|   0|   31|          0|
    |sext_ln1116_112_reg_19735           |   31|   0|   31|          0|
    |sext_ln1116_113_reg_19740           |   31|   0|   31|          0|
    |sext_ln1116_114_reg_19745           |   31|   0|   31|          0|
    |sext_ln1116_115_reg_19750           |   31|   0|   31|          0|
    |sext_ln1116_116_reg_19755           |   31|   0|   31|          0|
    |sext_ln1116_117_reg_19760           |   31|   0|   31|          0|
    |sext_ln1116_118_reg_19765           |   31|   0|   31|          0|
    |sext_ln1116_119_reg_19770           |   31|   0|   31|          0|
    |sext_ln1116_11_reg_19230            |   31|   0|   31|          0|
    |sext_ln1116_120_reg_19775           |   31|   0|   31|          0|
    |sext_ln1116_121_reg_19780           |   31|   0|   31|          0|
    |sext_ln1116_122_reg_19785           |   31|   0|   31|          0|
    |sext_ln1116_123_reg_19790           |   31|   0|   31|          0|
    |sext_ln1116_124_reg_19795           |   31|   0|   31|          0|
    |sext_ln1116_125_reg_19800           |   31|   0|   31|          0|
    |sext_ln1116_126_reg_19805           |   31|   0|   31|          0|
    |sext_ln1116_127_reg_19810           |   31|   0|   31|          0|
    |sext_ln1116_128_reg_19815           |   31|   0|   31|          0|
    |sext_ln1116_129_reg_19820           |   31|   0|   31|          0|
    |sext_ln1116_12_reg_19235            |   31|   0|   31|          0|
    |sext_ln1116_130_reg_19825           |   31|   0|   31|          0|
    |sext_ln1116_131_reg_19830           |   31|   0|   31|          0|
    |sext_ln1116_132_reg_19835           |   31|   0|   31|          0|
    |sext_ln1116_133_reg_19840           |   31|   0|   31|          0|
    |sext_ln1116_134_reg_19845           |   31|   0|   31|          0|
    |sext_ln1116_135_reg_19850           |   31|   0|   31|          0|
    |sext_ln1116_136_reg_19855           |   31|   0|   31|          0|
    |sext_ln1116_137_reg_19860           |   31|   0|   31|          0|
    |sext_ln1116_138_reg_19865           |   31|   0|   31|          0|
    |sext_ln1116_139_reg_19870           |   31|   0|   31|          0|
    |sext_ln1116_13_reg_19240            |   31|   0|   31|          0|
    |sext_ln1116_140_reg_19875           |   31|   0|   31|          0|
    |sext_ln1116_141_reg_19880           |   31|   0|   31|          0|
    |sext_ln1116_142_reg_19885           |   31|   0|   31|          0|
    |sext_ln1116_143_reg_19890           |   31|   0|   31|          0|
    |sext_ln1116_144_reg_19895           |   31|   0|   31|          0|
    |sext_ln1116_145_reg_19900           |   31|   0|   31|          0|
    |sext_ln1116_146_reg_19905           |   31|   0|   31|          0|
    |sext_ln1116_147_reg_19910           |   31|   0|   31|          0|
    |sext_ln1116_148_reg_19915           |   31|   0|   31|          0|
    |sext_ln1116_149_reg_19920           |   31|   0|   31|          0|
    |sext_ln1116_14_reg_19245            |   31|   0|   31|          0|
    |sext_ln1116_150_reg_19925           |   31|   0|   31|          0|
    |sext_ln1116_151_reg_19930           |   31|   0|   31|          0|
    |sext_ln1116_152_reg_19935           |   31|   0|   31|          0|
    |sext_ln1116_153_reg_19940           |   31|   0|   31|          0|
    |sext_ln1116_154_reg_19945           |   31|   0|   31|          0|
    |sext_ln1116_155_reg_19950           |   31|   0|   31|          0|
    |sext_ln1116_156_reg_19955           |   31|   0|   31|          0|
    |sext_ln1116_157_reg_19960           |   31|   0|   31|          0|
    |sext_ln1116_158_reg_19965           |   31|   0|   31|          0|
    |sext_ln1116_159_reg_19970           |   31|   0|   31|          0|
    |sext_ln1116_15_reg_19250            |   31|   0|   31|          0|
    |sext_ln1116_160_reg_19975           |   31|   0|   31|          0|
    |sext_ln1116_161_reg_19980           |   31|   0|   31|          0|
    |sext_ln1116_162_reg_19985           |   31|   0|   31|          0|
    |sext_ln1116_163_reg_19990           |   31|   0|   31|          0|
    |sext_ln1116_164_reg_19995           |   31|   0|   31|          0|
    |sext_ln1116_165_reg_20000           |   31|   0|   31|          0|
    |sext_ln1116_166_reg_20005           |   31|   0|   31|          0|
    |sext_ln1116_167_reg_20010           |   31|   0|   31|          0|
    |sext_ln1116_168_reg_20015           |   31|   0|   31|          0|
    |sext_ln1116_169_reg_20020           |   31|   0|   31|          0|
    |sext_ln1116_16_reg_19255            |   31|   0|   31|          0|
    |sext_ln1116_170_reg_20025           |   31|   0|   31|          0|
    |sext_ln1116_171_reg_20030           |   31|   0|   31|          0|
    |sext_ln1116_172_reg_20035           |   31|   0|   31|          0|
    |sext_ln1116_173_reg_20040           |   31|   0|   31|          0|
    |sext_ln1116_174_reg_20045           |   31|   0|   31|          0|
    |sext_ln1116_175_reg_20050           |   31|   0|   31|          0|
    |sext_ln1116_176_reg_20055           |   31|   0|   31|          0|
    |sext_ln1116_177_reg_20060           |   31|   0|   31|          0|
    |sext_ln1116_178_reg_20065           |   31|   0|   31|          0|
    |sext_ln1116_179_reg_20070           |   31|   0|   31|          0|
    |sext_ln1116_17_reg_19260            |   31|   0|   31|          0|
    |sext_ln1116_180_reg_20075           |   31|   0|   31|          0|
    |sext_ln1116_181_reg_20080           |   31|   0|   31|          0|
    |sext_ln1116_182_reg_20085           |   31|   0|   31|          0|
    |sext_ln1116_183_reg_20090           |   31|   0|   31|          0|
    |sext_ln1116_184_reg_20095           |   31|   0|   31|          0|
    |sext_ln1116_185_reg_20100           |   31|   0|   31|          0|
    |sext_ln1116_186_reg_20105           |   31|   0|   31|          0|
    |sext_ln1116_187_reg_20110           |   31|   0|   31|          0|
    |sext_ln1116_188_reg_20115           |   31|   0|   31|          0|
    |sext_ln1116_189_reg_20120           |   31|   0|   31|          0|
    |sext_ln1116_18_reg_19265            |   31|   0|   31|          0|
    |sext_ln1116_190_reg_20125           |   31|   0|   31|          0|
    |sext_ln1116_191_reg_20130           |   31|   0|   31|          0|
    |sext_ln1116_192_reg_20135           |   31|   0|   31|          0|
    |sext_ln1116_193_reg_20140           |   31|   0|   31|          0|
    |sext_ln1116_19_reg_19270            |   31|   0|   31|          0|
    |sext_ln1116_1_reg_19180             |   31|   0|   31|          0|
    |sext_ln1116_20_reg_19275            |   31|   0|   31|          0|
    |sext_ln1116_21_reg_19280            |   31|   0|   31|          0|
    |sext_ln1116_22_reg_19285            |   31|   0|   31|          0|
    |sext_ln1116_23_reg_19290            |   31|   0|   31|          0|
    |sext_ln1116_24_reg_19295            |   31|   0|   31|          0|
    |sext_ln1116_25_reg_19300            |   31|   0|   31|          0|
    |sext_ln1116_26_reg_19305            |   31|   0|   31|          0|
    |sext_ln1116_27_reg_19310            |   31|   0|   31|          0|
    |sext_ln1116_28_reg_19315            |   31|   0|   31|          0|
    |sext_ln1116_29_reg_19320            |   31|   0|   31|          0|
    |sext_ln1116_2_reg_19185             |   31|   0|   31|          0|
    |sext_ln1116_30_reg_19325            |   31|   0|   31|          0|
    |sext_ln1116_31_reg_19330            |   31|   0|   31|          0|
    |sext_ln1116_32_reg_19335            |   31|   0|   31|          0|
    |sext_ln1116_33_reg_19340            |   31|   0|   31|          0|
    |sext_ln1116_34_reg_19345            |   31|   0|   31|          0|
    |sext_ln1116_35_reg_19350            |   31|   0|   31|          0|
    |sext_ln1116_36_reg_19355            |   31|   0|   31|          0|
    |sext_ln1116_37_reg_19360            |   31|   0|   31|          0|
    |sext_ln1116_38_reg_19365            |   31|   0|   31|          0|
    |sext_ln1116_39_reg_19370            |   31|   0|   31|          0|
    |sext_ln1116_3_reg_19190             |   31|   0|   31|          0|
    |sext_ln1116_40_reg_19375            |   31|   0|   31|          0|
    |sext_ln1116_41_reg_19380            |   31|   0|   31|          0|
    |sext_ln1116_42_reg_19385            |   31|   0|   31|          0|
    |sext_ln1116_43_reg_19390            |   31|   0|   31|          0|
    |sext_ln1116_44_reg_19395            |   31|   0|   31|          0|
    |sext_ln1116_45_reg_19400            |   31|   0|   31|          0|
    |sext_ln1116_46_reg_19405            |   31|   0|   31|          0|
    |sext_ln1116_47_reg_19410            |   31|   0|   31|          0|
    |sext_ln1116_48_reg_19415            |   31|   0|   31|          0|
    |sext_ln1116_49_reg_19420            |   31|   0|   31|          0|
    |sext_ln1116_4_reg_19195             |   31|   0|   31|          0|
    |sext_ln1116_50_reg_19425            |   31|   0|   31|          0|
    |sext_ln1116_51_reg_19430            |   31|   0|   31|          0|
    |sext_ln1116_52_reg_19435            |   31|   0|   31|          0|
    |sext_ln1116_53_reg_19440            |   31|   0|   31|          0|
    |sext_ln1116_54_reg_19445            |   31|   0|   31|          0|
    |sext_ln1116_55_reg_19450            |   31|   0|   31|          0|
    |sext_ln1116_56_reg_19455            |   31|   0|   31|          0|
    |sext_ln1116_57_reg_19460            |   31|   0|   31|          0|
    |sext_ln1116_58_reg_19465            |   31|   0|   31|          0|
    |sext_ln1116_59_reg_19470            |   31|   0|   31|          0|
    |sext_ln1116_5_reg_19200             |   31|   0|   31|          0|
    |sext_ln1116_60_reg_19475            |   31|   0|   31|          0|
    |sext_ln1116_61_reg_19480            |   31|   0|   31|          0|
    |sext_ln1116_62_reg_19485            |   31|   0|   31|          0|
    |sext_ln1116_63_reg_19490            |   31|   0|   31|          0|
    |sext_ln1116_64_reg_19495            |   31|   0|   31|          0|
    |sext_ln1116_65_reg_19500            |   31|   0|   31|          0|
    |sext_ln1116_66_reg_19505            |   31|   0|   31|          0|
    |sext_ln1116_67_reg_19510            |   31|   0|   31|          0|
    |sext_ln1116_68_reg_19515            |   31|   0|   31|          0|
    |sext_ln1116_69_reg_19520            |   31|   0|   31|          0|
    |sext_ln1116_6_reg_19205             |   31|   0|   31|          0|
    |sext_ln1116_70_reg_19525            |   31|   0|   31|          0|
    |sext_ln1116_71_reg_19530            |   31|   0|   31|          0|
    |sext_ln1116_72_reg_19535            |   31|   0|   31|          0|
    |sext_ln1116_73_reg_19540            |   31|   0|   31|          0|
    |sext_ln1116_74_reg_19545            |   31|   0|   31|          0|
    |sext_ln1116_75_reg_19550            |   31|   0|   31|          0|
    |sext_ln1116_76_reg_19555            |   31|   0|   31|          0|
    |sext_ln1116_77_reg_19560            |   31|   0|   31|          0|
    |sext_ln1116_78_reg_19565            |   31|   0|   31|          0|
    |sext_ln1116_79_reg_19570            |   31|   0|   31|          0|
    |sext_ln1116_7_reg_19210             |   31|   0|   31|          0|
    |sext_ln1116_80_reg_19575            |   31|   0|   31|          0|
    |sext_ln1116_81_reg_19580            |   31|   0|   31|          0|
    |sext_ln1116_82_reg_19585            |   31|   0|   31|          0|
    |sext_ln1116_83_reg_19590            |   31|   0|   31|          0|
    |sext_ln1116_84_reg_19595            |   31|   0|   31|          0|
    |sext_ln1116_85_reg_19600            |   31|   0|   31|          0|
    |sext_ln1116_86_reg_19605            |   31|   0|   31|          0|
    |sext_ln1116_87_reg_19610            |   31|   0|   31|          0|
    |sext_ln1116_88_reg_19615            |   31|   0|   31|          0|
    |sext_ln1116_89_reg_19620            |   31|   0|   31|          0|
    |sext_ln1116_8_reg_19215             |   31|   0|   31|          0|
    |sext_ln1116_90_reg_19625            |   31|   0|   31|          0|
    |sext_ln1116_91_reg_19630            |   31|   0|   31|          0|
    |sext_ln1116_92_reg_19635            |   31|   0|   31|          0|
    |sext_ln1116_93_reg_19640            |   31|   0|   31|          0|
    |sext_ln1116_94_reg_19645            |   31|   0|   31|          0|
    |sext_ln1116_95_reg_19650            |   31|   0|   31|          0|
    |sext_ln1116_96_reg_19655            |   31|   0|   31|          0|
    |sext_ln1116_97_reg_19660            |   31|   0|   31|          0|
    |sext_ln1116_98_reg_19665            |   31|   0|   31|          0|
    |sext_ln1116_99_reg_19670            |   31|   0|   31|          0|
    |sext_ln1116_9_reg_19220             |   31|   0|   31|          0|
    |sext_ln1116_reg_18197               |   31|   0|   31|          0|
    |sext_ln259_1_reg_18162              |   17|   0|   24|          7|
    |sext_ln259_2_reg_18172              |   17|   0|   24|          7|
    |sext_ln259_3_reg_18182              |   17|   0|   24|          7|
    |sext_ln259_reg_18152                |   17|   0|   24|          7|
    |sext_ln260_1_reg_18167              |   17|   0|   24|          7|
    |sext_ln260_2_reg_18177              |   17|   0|   24|          7|
    |sext_ln260_3_reg_18187              |   17|   0|   24|          7|
    |sext_ln260_reg_18157                |   17|   0|   24|          7|
    |sext_ln281_reg_20145                |   31|   0|   31|          0|
    |thr_V_reg_21818                     |   24|   0|   24|          0|
    |thr_V_reg_21818_pp2_iter2_reg       |   24|   0|   24|          0|
    |tmp_10_reg_21833                    |    1|   0|    1|          0|
    |tmp_1_reg_18221                     |    6|   0|    6|          0|
    |tobool98_reg_18107                  |    1|   0|    1|          0|
    |trunc_ln1265_reg_21781              |    2|   0|    2|          0|
    |trunc_ln271_reg_18231               |    3|   0|    3|          0|
    |underflow_1_reg_21802               |    1|   0|    1|          0|
    |urem_ln271_reg_18226                |    8|   0|    8|          0|
    |x_V_reg_21813                       |   24|   0|   24|          0|
    |ylp_V_1_0224_fu_998                 |   40|   0|   40|          0|
    |ylp_V_2_0225_fu_1002                |   40|   0|   40|          0|
    |add_ln270_reg_18215                 |   64|  32|    8|          0|
    |icmp_ln1497_reg_21828               |   64|  32|    1|          0|
    |icmp_ln270_reg_18211                |   64|  32|    1|          0|
    |icmp_ln356_reg_21777                |   64|  32|    1|          0|
    |k_reg_3290                          |   64|  32|    8|          0|
    |p_Val2_8_reg_21787                  |   64|  32|   40|          0|
    |tmp_10_reg_21833                    |   64|  32|    1|          0|
    |x_V_reg_21813                       |   64|  32|   24|          0|
    +------------------------------------+-----+----+-----+-----------+
    |Total                               |15529| 256|15157|         56|
    +------------------------------------+-----+----+-----+-----------+



================================================================
== Interface
================================================================
* Summary: 
+--------------------+-----+-----+------------+---------------+--------------+
|      RTL Ports     | Dir | Bits|  Protocol  | Source Object |    C Type    |
+--------------------+-----+-----+------------+---------------+--------------+
|ap_clk              |   in|    1|  ap_ctrl_hs|  fir_multiband|  return value|
|ap_rst              |   in|    1|  ap_ctrl_hs|  fir_multiband|  return value|
|ap_start            |   in|    1|  ap_ctrl_hs|  fir_multiband|  return value|
|ap_done             |  out|    1|  ap_ctrl_hs|  fir_multiband|  return value|
|ap_idle             |  out|    1|  ap_ctrl_hs|  fir_multiband|  return value|
|ap_ready            |  out|    1|  ap_ctrl_hs|  fir_multiband|  return value|
|in_r                |   in|   16|     ap_none|           in_r|       pointer|
|out_r               |  out|   16|      ap_vld|          out_r|       pointer|
|out_r_ap_vld        |  out|    1|      ap_vld|          out_r|       pointer|
|length_r            |   in|   32|     ap_none|       length_r|        scalar|
|drc_thr_address0    |  out|    2|   ap_memory|        drc_thr|         array|
|drc_thr_ce0         |  out|    1|   ap_memory|        drc_thr|         array|
|drc_thr_q0          |   in|   16|   ap_memory|        drc_thr|         array|
|drc_thr_address1    |  out|    2|   ap_memory|        drc_thr|         array|
|drc_thr_ce1         |  out|    1|   ap_memory|        drc_thr|         array|
|drc_thr_q1          |   in|   16|   ap_memory|        drc_thr|         array|
|drc_ratio_address0  |  out|    2|   ap_memory|      drc_ratio|         array|
|drc_ratio_ce0       |  out|    1|   ap_memory|      drc_ratio|         array|
|drc_ratio_q0        |   in|   16|   ap_memory|      drc_ratio|         array|
|drc_ratio_address1  |  out|    2|   ap_memory|      drc_ratio|         array|
|drc_ratio_ce1       |  out|    1|   ap_memory|      drc_ratio|         array|
|drc_ratio_q1        |   in|   16|   ap_memory|      drc_ratio|         array|
|reset               |   in|   32|     ap_none|          reset|        scalar|
|bypass              |   in|   32|     ap_none|         bypass|        scalar|
+--------------------+-----+-----+------------+---------------+--------------+

