

================================================================
== Vitis HLS Report for 'fir_multiband'
================================================================
* Date:           Wed Sep 30 18:02:39 2026

* Version:        2020.2 (Build 3064766 on Wed Nov 18 09:12:45 MST 2020)
* Project:        synth_proj
* Solution:       solution1 (Vivado IP Flow Target)
* Product family: zynq
* Target device:  xc7z020-clg400-1


================================================================
== Performance Estimates
================================================================
+ Timing: 
    * Summary: 
    +--------+----------+----------+------------+
    |  Clock |  Target  | Estimated| Uncertainty|
    +--------+----------+----------+------------+
    |ap_clk  |  10.00 ns|  6.965 ns|     2.70 ns|
    +--------+----------+----------+------------+

+ Latency: 
    * Summary: 
    +---------+---------+----------+----------+-----+-----+---------+
    |  Latency (cycles) |  Latency (absolute) |  Interval | Pipeline|
    |   min   |   max   |    min   |    max   | min | max |   Type  |
    +---------+---------+----------+----------+-----+-----+---------+
    |        ?|        ?|         ?|         ?|    ?|    ?|     none|
    +---------+---------+----------+----------+-----+-----+---------+

    + Detail: 
        * Instance: 
        N/A

        * Loop: 
        +----------------------+---------+---------+----------+-----------+-----------+------+----------+
        |                      |  Latency (cycles) | Iteration|  Initiation Interval  | Trip |          |
        |       Loop Name      |   min   |   max   |  Latency |  achieved |   target  | Count| Pipelined|
        +----------------------+---------+---------+----------+-----------+-----------+------+----------+
        |- VITIS_LOOP_263_3    |        ?|        ?|       452|          -|          -|     ?|        no|
        | + VITIS_LOOP_270_4   |      398|      398|        13|          2|          1|   194|       yes|
        | + VITIS_LOOP_281_5   |       14|       14|         9|          3|          1|     3|       yes|
        | + VITIS_LOOP_356_10  |       12|       12|        10|          1|          1|     4|       yes|
        +----------------------+---------+---------+----------+-----------+-----------+------+----------+



================================================================
== Utilization Estimates
================================================================
* Summary: 
+-----------------+---------+-----+--------+-------+-----+
|       Name      | BRAM_18K| DSP |   FF   |  LUT  | URAM|
+-----------------+---------+-----+--------+-------+-----+
|DSP              |        -|    -|       -|      -|    -|
|Expression       |        -|    -|       0|  11209|    -|
|FIFO             |        -|    -|       -|      -|    -|
|Instance         |        -|   97|     529|    912|    -|
|Memory           |       64|    -|     160|     50|    -|
|Multiplexer      |        -|    -|       -|   6695|    -|
|Register         |        -|    -|   17024|    320|    -|
+-----------------+---------+-----+--------+-------+-----+
|Total            |       64|   97|   17713|  19186|    0|
+-----------------+---------+-----+--------+-------+-----+
|Available        |      280|  220|  106400|  53200|    0|
+-----------------+---------+-----+--------+-------+-----+
|Utilization (%)  |       22|   44|      16|     36|    0|
+-----------------+---------+-----+--------+-------+-----+

+ Detail: 
    * Instance: 
    +-------------------------+---------------------+---------+----+-----+-----+-----+
    |         Instance        |        Module       | BRAM_18K| DSP|  FF | LUT | URAM|
    +-------------------------+---------------------+---------+----+-----+-----+-----+
    |mul_15s_16s_31_1_1_U1    |mul_15s_16s_31_1_1   |        0|   1|    0|    6|    0|
    |mul_15s_16s_31_1_1_U2    |mul_15s_16s_31_1_1   |        0|   1|    0|    6|    0|
    |mul_15s_16s_31_1_1_U3    |mul_15s_16s_31_1_1   |        0|   1|    0|    6|    0|
    |mul_15s_16s_31_1_1_U4    |mul_15s_16s_31_1_1   |        0|   1|    0|    6|    0|
    |mul_15s_16s_31_1_1_U5    |mul_15s_16s_31_1_1   |        0|   1|    0|    6|    0|
    |mul_15s_16s_31_1_1_U6    |mul_15s_16s_31_1_1   |        0|   1|    0|    6|    0|
    |mul_15s_16s_31_1_1_U7    |mul_15s_16s_31_1_1   |        0|   1|    0|    6|    0|
    |mul_15s_16s_31_1_1_U8    |mul_15s_16s_31_1_1   |        0|   1|    0|    6|    0|
    |mul_15s_16s_31_1_1_U9    |mul_15s_16s_31_1_1   |        0|   1|    0|    6|    0|
    |mul_15s_16s_31_1_1_U10   |mul_15s_16s_31_1_1   |        0|   1|    0|    6|    0|
    |mul_15s_16s_31_1_1_U11   |mul_15s_16s_31_1_1   |        0|   1|    0|    6|    0|
    |mul_15s_16s_31_1_1_U12   |mul_15s_16s_31_1_1   |        0|   1|    0|    6|    0|
    |mul_15s_16s_31_1_1_U13   |mul_15s_16s_31_1_1   |        0|   1|    0|    6|    0|
    |mul_15s_16s_31_1_1_U14   |mul_15s_16s_31_1_1   |        0|   1|    0|    6|    0|
    |mul_15s_16s_31_1_1_U15   |mul_15s_16s_31_1_1   |        0|   1|    0|    6|    0|
    |mul_15s_16s_31_1_1_U16   |mul_15s_16s_31_1_1   |        0|   1|    0|    6|    0|
    |mul_15s_16s_31_1_1_U17   |mul_15s_16s_31_1_1   |        0|   1|    0|    6|    0|
    |mul_15s_16s_31_1_1_U18   |mul_15s_16s_31_1_1   |        0|   1|    0|    6|    0|
    |mul_15s_16s_31_1_1_U19   |mul_15s_16s_31_1_1   |        0|   1|    0|    6|    0|
    |mul_15s_16s_31_1_1_U20   |mul_15s_16s_31_1_1   |        0|   1|    0|    6|    0|
    |mul_15s_16s_31_1_1_U21   |mul_15s_16s_31_1_1   |        0|   1|    0|    6|    0|
    |mul_15s_16s_31_1_1_U22   |mul_15s_16s_31_1_1   |        0|   1|    0|    6|    0|
    |mul_15s_16s_31_1_1_U23   |mul_15s_16s_31_1_1   |        0|   1|    0|    6|    0|
    |mul_15s_16s_31_1_1_U24   |mul_15s_16s_31_1_1   |        0|   1|    0|    6|    0|
    |mul_15s_16s_31_1_1_U25   |mul_15s_16s_31_1_1   |        0|   1|    0|    6|    0|
    |mul_15s_16s_31_1_1_U26   |mul_15s_16s_31_1_1   |        0|   1|    0|    6|    0|
    |mul_15s_16s_31_1_1_U27   |mul_15s_16s_31_1_1   |        0|   1|    0|    6|    0|
    |mul_15s_16s_31_1_1_U28   |mul_15s_16s_31_1_1   |        0|   1|    0|    6|    0|
    |mul_15s_16s_31_1_1_U29   |mul_15s_16s_31_1_1   |        0|   1|    0|    6|    0|
    |mul_15s_16s_31_1_1_U30   |mul_15s_16s_31_1_1   |        0|   1|    0|    6|    0|
    |mul_15s_16s_31_1_1_U31   |mul_15s_16s_31_1_1   |        0|   1|    0|    6|    0|
    |mul_15s_16s_31_1_1_U32   |mul_15s_16s_31_1_1   |        0|   1|    0|    6|    0|
    |mul_15s_16s_31_1_1_U33   |mul_15s_16s_31_1_1   |        0|   1|    0|    6|    0|
    |mul_15s_16s_31_1_1_U34   |mul_15s_16s_31_1_1   |        0|   1|    0|    6|    0|
    |mul_15s_16s_31_1_1_U35   |mul_15s_16s_31_1_1   |        0|   1|    0|    6|    0|
    |mul_15s_16s_31_1_1_U36   |mul_15s_16s_31_1_1   |        0|   1|    0|    6|    0|
    |mul_15s_16s_31_1_1_U37   |mul_15s_16s_31_1_1   |        0|   1|    0|    6|    0|
    |mul_15s_16s_31_1_1_U38   |mul_15s_16s_31_1_1   |        0|   1|    0|    6|    0|
    |mul_15s_16s_31_1_1_U39   |mul_15s_16s_31_1_1   |        0|   1|    0|    6|    0|
    |mul_15s_16s_31_1_1_U40   |mul_15s_16s_31_1_1   |        0|   1|    0|    6|    0|
    |mul_15s_16s_31_1_1_U41   |mul_15s_16s_31_1_1   |        0|   1|    0|    6|    0|
    |mul_15s_16s_31_1_1_U42   |mul_15s_16s_31_1_1   |        0|   1|    0|    6|    0|
    |mul_15s_16s_31_1_1_U43   |mul_15s_16s_31_1_1   |        0|   1|    0|    6|    0|
    |mul_15s_16s_31_1_1_U45   |mul_15s_16s_31_1_1   |        0|   1|    0|    6|    0|
    |mul_15s_16s_31_1_1_U46   |mul_15s_16s_31_1_1   |        0|   1|    0|    6|    0|
    |mul_15s_16s_31_1_1_U47   |mul_15s_16s_31_1_1   |        0|   1|    0|    6|    0|
    |mul_15s_16s_31_1_1_U48   |mul_15s_16s_31_1_1   |        0|   1|    0|    6|    0|
    |mul_15s_16s_31_1_1_U49   |mul_15s_16s_31_1_1   |        0|   1|    0|    6|    0|
    |mul_15s_16s_31_1_1_U50   |mul_15s_16s_31_1_1   |        0|   1|    0|    6|    0|
    |mul_15s_16s_31_1_1_U51   |mul_15s_16s_31_1_1   |        0|   1|    0|    6|    0|
    |mul_15s_16s_31_1_1_U52   |mul_15s_16s_31_1_1   |        0|   1|    0|    6|    0|
    |mul_15s_16s_31_1_1_U53   |mul_15s_16s_31_1_1   |        0|   1|    0|    6|    0|
    |mul_15s_16s_31_1_1_U54   |mul_15s_16s_31_1_1   |        0|   1|    0|    6|    0|
    |mul_15s_16s_31_1_1_U55   |mul_15s_16s_31_1_1   |        0|   1|    0|    6|    0|
    |mul_15s_16s_31_1_1_U56   |mul_15s_16s_31_1_1   |        0|   1|    0|    6|    0|
    |mul_15s_16s_31_1_1_U57   |mul_15s_16s_31_1_1   |        0|   1|    0|    6|    0|
    |mul_15s_16s_31_1_1_U58   |mul_15s_16s_31_1_1   |        0|   1|    0|    6|    0|
    |mul_15s_16s_31_1_1_U59   |mul_15s_16s_31_1_1   |        0|   1|    0|    6|    0|
    |mul_15s_16s_31_1_1_U60   |mul_15s_16s_31_1_1   |        0|   1|    0|    6|    0|
    |mul_15s_16s_31_1_1_U61   |mul_15s_16s_31_1_1   |        0|   1|    0|    6|    0|
    |mul_15s_16s_31_1_1_U62   |mul_15s_16s_31_1_1   |        0|   1|    0|    6|    0|
    |mul_15s_16s_31_1_1_U63   |mul_15s_16s_31_1_1   |        0|   1|    0|    6|    0|
    |mul_15s_16s_31_1_1_U64   |mul_15s_16s_31_1_1   |        0|   1|    0|    6|    0|
    |mul_15s_16s_31_1_1_U65   |mul_15s_16s_31_1_1   |        0|   1|    0|    6|    0|
    |mul_15s_16s_31_1_1_U66   |mul_15s_16s_31_1_1   |        0|   1|    0|    6|    0|
    |mul_15s_16s_31_1_1_U67   |mul_15s_16s_31_1_1   |        0|   1|    0|    6|    0|
    |mul_15s_16s_31_1_1_U68   |mul_15s_16s_31_1_1   |        0|   1|    0|    6|    0|
    |mul_15s_16s_31_1_1_U69   |mul_15s_16s_31_1_1   |        0|   1|    0|    6|    0|
    |mul_15s_16s_31_1_1_U70   |mul_15s_16s_31_1_1   |        0|   1|    0|    6|    0|
    |mul_15s_16s_31_1_1_U71   |mul_15s_16s_31_1_1   |        0|   1|    0|    6|    0|
    |mul_15s_16s_31_1_1_U72   |mul_15s_16s_31_1_1   |        0|   1|    0|    6|    0|
    |mul_15s_16s_31_1_1_U73   |mul_15s_16s_31_1_1   |        0|   1|    0|    6|    0|
    |mul_15s_16s_31_1_1_U74   |mul_15s_16s_31_1_1   |        0|   1|    0|    6|    0|
    |mul_15s_16s_31_1_1_U75   |mul_15s_16s_31_1_1   |        0|   1|    0|    6|    0|
    |mul_15s_16s_31_1_1_U76   |mul_15s_16s_31_1_1   |        0|   1|    0|    6|    0|
    |mul_15s_16s_31_1_1_U77   |mul_15s_16s_31_1_1   |        0|   1|    0|    6|    0|
    |mul_15s_16s_31_1_1_U78   |mul_15s_16s_31_1_1   |        0|   1|    0|    6|    0|
    |mul_15s_16s_31_1_1_U79   |mul_15s_16s_31_1_1   |        0|   1|    0|    6|    0|
    |mul_15s_16s_31_1_1_U80   |mul_15s_16s_31_1_1   |        0|   1|    0|    6|    0|
    |mul_15s_16s_31_1_1_U81   |mul_15s_16s_31_1_1   |        0|   1|    0|    6|    0|
    |mul_15s_16s_31_1_1_U82   |mul_15s_16s_31_1_1   |        0|   1|    0|    6|    0|
    |mul_15s_16s_31_1_1_U83   |mul_15s_16s_31_1_1   |        0|   1|    0|    6|    0|
    |mul_15s_16s_31_1_1_U84   |mul_15s_16s_31_1_1   |        0|   1|    0|    6|    0|
    |mul_15s_16s_31_1_1_U85   |mul_15s_16s_31_1_1   |        0|   1|    0|    6|    0|
    |mul_15s_16s_31_1_1_U86   |mul_15s_16s_31_1_1   |        0|   1|    0|    6|    0|
    |mul_15s_16s_31_1_1_U87   |mul_15s_16s_31_1_1   |        0|   1|    0|    6|    0|
    |mul_15s_16s_31_1_1_U88   |mul_15s_16s_31_1_1   |        0|   1|    0|    6|    0|
    |mul_15s_16s_31_1_1_U89   |mul_15s_16s_31_1_1   |        0|   1|    0|    6|    0|
    |mul_15s_16s_31_1_1_U90   |mul_15s_16s_31_1_1   |        0|   1|    0|    6|    0|
    |mul_15s_16s_31_1_1_U91   |mul_15s_16s_31_1_1   |        0|   1|    0|    6|    0|
    |mul_15s_16s_31_1_1_U92   |mul_15s_16s_31_1_1   |        0|   1|    0|    6|    0|
    |mul_15s_16s_31_1_1_U93   |mul_15s_16s_31_1_1   |        0|   1|    0|    6|    0|
    |mul_15s_16s_31_1_1_U94   |mul_15s_16s_31_1_1   |        0|   1|    0|    6|    0|
    |mul_15s_16s_31_1_1_U95   |mul_15s_16s_31_1_1   |        0|   1|    0|    6|    0|
    |mul_15s_16s_31_1_1_U96   |mul_15s_16s_31_1_1   |        0|   1|    0|    6|    0|
    |mul_25s_24s_49_1_1_U44   |mul_25s_24s_49_1_1   |        0|   1|    0|   47|    0|
    |mul_49s_24s_72_5_1_U97   |mul_49s_24s_72_5_1   |        0|   1|  334|   84|    0|
    |mux_42_24_1_1_U101       |mux_42_24_1_1        |        0|   0|    0|   20|    0|
    |mux_42_24_1_1_U102       |mux_42_24_1_1        |        0|   0|    0|   20|    0|
    |mux_42_40_1_1_U100       |mux_42_40_1_1        |        0|   0|    0|   20|    0|
    |mux_564_16_1_1_U99       |mux_564_16_1_1       |        0|   0|    0|   25|    0|
    |urem_8ns_4ns_8_12_1_U98  |urem_8ns_4ns_8_12_1  |        0|   0|  195|  126|    0|
    +-------------------------+---------------------+---------+----+-----+-----+-----+
    |Total                    |                     |        0|  97|  529|  912|    0|
    +-------------------------+---------------------+---------+----+-----+-----+-----+

    * DSP: 
    N/A

    * Memory: 
    +------------+----------+---------+----+----+-----+------+-----+------+-------------+
    |   Memory   |  Module  | BRAM_18K| FF | LUT| URAM| Words| Bits| Banks| W*Bits*Banks|
    +------------+----------+---------+----+----+-----+------+-----+------+-------------+
    |FIR_LP_V_U  |FIR_LP_V  |       64|   0|   0|    0|   585|   15|     1|         8775|
    |hist_V_4_U  |hist_V_4  |        0|  32|  10|    0|    39|   16|     1|          624|
    |hist_V_0_U  |hist_V_4  |        0|  32|  10|    0|    39|   16|     1|          624|
    |hist_V_1_U  |hist_V_4  |        0|  32|  10|    0|    39|   16|     1|          624|
    |hist_V_2_U  |hist_V_4  |        0|  32|  10|    0|    39|   16|     1|          624|
    |hist_V_3_U  |hist_V_4  |        0|  32|  10|    0|    39|   16|     1|          624|
    +------------+----------+---------+----+----+-----+------+-----+------+-------------+
    |Total       |          |       64| 160|  50|    0|   780|   95|     6|        11895|
    +------------+----------+---------+----+----+-----+------+-----+------+-------------+

    * FIFO: 
    N/A

    * Expression: 
    +----------------------------+----------+----+---+-----+------------+------------+
    |        Variable Name       | Operation| DSP| FF| LUT | Bitwidth P0| Bitwidth P1|
    +----------------------------+----------+----+---+-----+------------+------------+
    |acc_V_1_fu_43579_p2         |         +|   0|  0|   47|          40|          40|
    |add_ln1118_100_fu_39011_p2  |         +|   0|  0|   14|           9|           7|
    |add_ln1118_101_fu_39021_p2  |         +|   0|  0|   14|           9|           7|
    |add_ln1118_102_fu_39031_p2  |         +|   0|  0|   14|           9|           7|
    |add_ln1118_103_fu_39041_p2  |         +|   0|  0|   14|           9|           7|
    |add_ln1118_104_fu_39051_p2  |         +|   0|  0|   14|           9|           7|
    |add_ln1118_105_fu_39061_p2  |         +|   0|  0|   14|           9|           7|
    |add_ln1118_106_fu_39071_p2  |         +|   0|  0|   14|           9|           7|
    |add_ln1118_107_fu_39081_p2  |         +|   0|  0|   14|           9|           7|
    |add_ln1118_108_fu_39091_p2  |         +|   0|  0|   14|           9|           7|
    |add_ln1118_109_fu_39101_p2  |         +|   0|  0|   14|           9|           7|
    |add_ln1118_10_fu_38057_p2   |         +|   0|  0|   14|           9|           4|
    |add_ln1118_110_fu_39111_p2  |         +|   0|  0|   14|           9|           7|
    |add_ln1118_111_fu_39121_p2  |         +|   0|  0|   14|           9|           7|
    |add_ln1118_112_fu_39131_p2  |         +|   0|  0|   14|           9|           7|
    |add_ln1118_113_fu_39141_p2  |         +|   0|  0|   14|           9|           7|
    |add_ln1118_114_fu_39151_p2  |         +|   0|  0|   14|           9|           7|
    |add_ln1118_115_fu_39161_p2  |         +|   0|  0|   14|           9|           7|
    |add_ln1118_116_fu_39171_p2  |         +|   0|  0|   14|           9|           7|
    |add_ln1118_117_fu_39181_p2  |         +|   0|  0|   14|           9|           7|
    |add_ln1118_118_fu_39191_p2  |         +|   0|  0|   14|           9|           7|
    |add_ln1118_119_fu_39201_p2  |         +|   0|  0|   14|           9|           7|
    |add_ln1118_11_fu_38068_p2   |         +|   0|  0|   14|           9|           4|
    |add_ln1118_120_fu_39211_p2  |         +|   0|  0|   14|           9|           7|
    |add_ln1118_121_fu_39221_p2  |         +|   0|  0|   13|          10|           7|
    |add_ln1118_122_fu_39232_p2  |         +|   0|  0|   13|          10|           7|
    |add_ln1118_123_fu_39243_p2  |         +|   0|  0|   13|          10|           7|
    |add_ln1118_124_fu_39254_p2  |         +|   0|  0|   13|          10|           7|
    |add_ln1118_125_fu_39265_p2  |         +|   0|  0|   13|          10|           7|
    |add_ln1118_126_fu_39276_p2  |         +|   0|  0|   13|          10|           7|
    |add_ln1118_127_fu_39287_p2  |         +|   0|  0|   13|          10|           8|
    |add_ln1118_128_fu_39298_p2  |         +|   0|  0|   13|          10|           8|
    |add_ln1118_129_fu_39315_p2  |         +|   0|  0|   13|          10|           8|
    |add_ln1118_12_fu_38079_p2   |         +|   0|  0|   14|           9|           4|
    |add_ln1118_130_fu_39326_p2  |         +|   0|  0|   13|          10|           8|
    |add_ln1118_131_fu_39337_p2  |         +|   0|  0|   13|          10|           8|
    |add_ln1118_132_fu_39348_p2  |         +|   0|  0|   13|          10|           8|
    |add_ln1118_133_fu_39359_p2  |         +|   0|  0|   13|          10|           8|
    |add_ln1118_134_fu_39370_p2  |         +|   0|  0|   13|          10|           8|
    |add_ln1118_135_fu_39381_p2  |         +|   0|  0|   13|          10|           8|
    |add_ln1118_136_fu_39392_p2  |         +|   0|  0|   13|          10|           8|
    |add_ln1118_137_fu_39403_p2  |         +|   0|  0|   13|          10|           8|
    |add_ln1118_138_fu_39414_p2  |         +|   0|  0|   13|          10|           8|
    |add_ln1118_139_fu_39425_p2  |         +|   0|  0|   13|          10|           8|
    |add_ln1118_13_fu_38090_p2   |         +|   0|  0|   14|           9|           4|
    |add_ln1118_140_fu_39436_p2  |         +|   0|  0|   13|          10|           8|
    |add_ln1118_141_fu_39447_p2  |         +|   0|  0|   13|          10|           8|
    |add_ln1118_142_fu_39458_p2  |         +|   0|  0|   13|          10|           8|
    |add_ln1118_143_fu_39469_p2  |         +|   0|  0|   13|          10|           8|
    |add_ln1118_144_fu_39480_p2  |         +|   0|  0|   13|          10|           8|
    |add_ln1118_145_fu_39491_p2  |         +|   0|  0|   13|          10|           8|
    |add_ln1118_146_fu_39502_p2  |         +|   0|  0|   13|          10|           8|
    |add_ln1118_147_fu_39513_p2  |         +|   0|  0|   13|          10|           8|
    |add_ln1118_148_fu_39524_p2  |         +|   0|  0|   13|          10|           8|
    |add_ln1118_149_fu_39535_p2  |         +|   0|  0|   13|          10|           8|
    |add_ln1118_14_fu_38101_p2   |         +|   0|  0|   14|           9|           4|
    |add_ln1118_150_fu_39546_p2  |         +|   0|  0|   13|          10|           8|
    |add_ln1118_151_fu_39557_p2  |         +|   0|  0|   13|          10|           8|
    |add_ln1118_152_fu_39568_p2  |         +|   0|  0|   13|          10|           8|
    |add_ln1118_153_fu_39579_p2  |         +|   0|  0|   13|          10|           8|
    |add_ln1118_154_fu_39590_p2  |         +|   0|  0|   13|          10|           8|
    |add_ln1118_155_fu_39601_p2  |         +|   0|  0|   13|          10|           8|
    |add_ln1118_156_fu_39612_p2  |         +|   0|  0|   13|          10|           8|
    |add_ln1118_157_fu_39623_p2  |         +|   0|  0|   13|          10|           8|
    |add_ln1118_158_fu_39634_p2  |         +|   0|  0|   13|          10|           8|
    |add_ln1118_159_fu_39645_p2  |         +|   0|  0|   13|          10|           8|
    |add_ln1118_15_fu_38112_p2   |         +|   0|  0|   14|           9|           5|
    |add_ln1118_160_fu_39656_p2  |         +|   0|  0|   13|          10|           8|
    |add_ln1118_161_fu_39667_p2  |         +|   0|  0|   13|          10|           8|
    |add_ln1118_162_fu_39678_p2  |         +|   0|  0|   13|          10|           8|
    |add_ln1118_163_fu_39689_p2  |         +|   0|  0|   13|          10|           8|
    |add_ln1118_164_fu_39700_p2  |         +|   0|  0|   13|          10|           8|
    |add_ln1118_165_fu_39711_p2  |         +|   0|  0|   13|          10|           8|
    |add_ln1118_166_fu_39722_p2  |         +|   0|  0|   13|          10|           8|
    |add_ln1118_167_fu_39733_p2  |         +|   0|  0|   13|          10|           8|
    |add_ln1118_168_fu_39744_p2  |         +|   0|  0|   13|          10|           8|
    |add_ln1118_169_fu_39755_p2  |         +|   0|  0|   13|          10|           8|
    |add_ln1118_16_fu_38123_p2   |         +|   0|  0|   14|           9|           5|
    |add_ln1118_170_fu_39766_p2  |         +|   0|  0|   13|          10|           8|
    |add_ln1118_171_fu_39777_p2  |         +|   0|  0|   13|          10|           8|
    |add_ln1118_172_fu_39788_p2  |         +|   0|  0|   13|          10|           8|
    |add_ln1118_173_fu_39799_p2  |         +|   0|  0|   13|          10|           8|
    |add_ln1118_174_fu_39810_p2  |         +|   0|  0|   13|          10|           8|
    |add_ln1118_175_fu_39821_p2  |         +|   0|  0|   13|          10|           8|
    |add_ln1118_176_fu_39832_p2  |         +|   0|  0|   13|          10|           8|
    |add_ln1118_177_fu_39843_p2  |         +|   0|  0|   13|          10|           8|
    |add_ln1118_178_fu_39854_p2  |         +|   0|  0|   13|          10|           8|
    |add_ln1118_179_fu_39865_p2  |         +|   0|  0|   13|          10|           8|
    |add_ln1118_17_fu_38134_p2   |         +|   0|  0|   14|           9|           5|
    |add_ln1118_180_fu_39876_p2  |         +|   0|  0|   13|          10|           8|
    |add_ln1118_181_fu_39887_p2  |         +|   0|  0|   13|          10|           8|
    |add_ln1118_182_fu_39898_p2  |         +|   0|  0|   13|          10|           8|
    |add_ln1118_183_fu_39909_p2  |         +|   0|  0|   13|          10|           8|
    |add_ln1118_184_fu_39920_p2  |         +|   0|  0|   13|          10|           8|
    |add_ln1118_185_fu_39931_p2  |         +|   0|  0|   13|          10|           8|
    |add_ln1118_186_fu_39942_p2  |         +|   0|  0|   13|          10|           8|
    |add_ln1118_187_fu_39953_p2  |         +|   0|  0|   13|          10|           8|
    |add_ln1118_188_fu_39964_p2  |         +|   0|  0|   13|          10|           8|
    |add_ln1118_189_fu_39975_p2  |         +|   0|  0|   13|          10|           8|
    |add_ln1118_18_fu_38145_p2   |         +|   0|  0|   14|           9|           5|
    |add_ln1118_190_fu_39986_p2  |         +|   0|  0|   13|          10|           8|
    |add_ln1118_191_fu_39997_p2  |         +|   0|  0|   13|          10|           8|
    |add_ln1118_192_fu_40008_p2  |         +|   0|  0|   13|          10|           8|
    |add_ln1118_193_fu_40019_p2  |         +|   0|  0|   13|          10|           8|
    |add_ln1118_194_fu_39309_p2  |         +|   0|  0|   13|          10|           8|
    |add_ln1118_19_fu_38156_p2   |         +|   0|  0|   14|           9|           5|
    |add_ln1118_1_fu_37958_p2    |         +|   0|  0|   14|           9|           2|
    |add_ln1118_20_fu_38167_p2   |         +|   0|  0|   14|           9|           5|
    |add_ln1118_21_fu_38178_p2   |         +|   0|  0|   14|           9|           5|
    |add_ln1118_22_fu_38189_p2   |         +|   0|  0|   14|           9|           5|
    |add_ln1118_23_fu_38200_p2   |         +|   0|  0|   14|           9|           5|
    |add_ln1118_24_fu_38211_p2   |         +|   0|  0|   14|           9|           5|
    |add_ln1118_25_fu_38222_p2   |         +|   0|  0|   14|           9|           5|
    |add_ln1118_26_fu_38233_p2   |         +|   0|  0|   14|           9|           5|
    |add_ln1118_27_fu_38244_p2   |         +|   0|  0|   14|           9|           5|
    |add_ln1118_28_fu_38255_p2   |         +|   0|  0|   14|           9|           5|
    |add_ln1118_29_fu_38266_p2   |         +|   0|  0|   14|           9|           5|
    |add_ln1118_2_fu_37969_p2    |         +|   0|  0|   14|           9|           2|
    |add_ln1118_30_fu_38277_p2   |         +|   0|  0|   14|           9|           5|
    |add_ln1118_31_fu_38288_p2   |         +|   0|  0|   14|           9|           6|
    |add_ln1118_32_fu_38299_p2   |         +|   0|  0|   14|           9|           6|
    |add_ln1118_33_fu_38310_p2   |         +|   0|  0|   14|           9|           6|
    |add_ln1118_34_fu_38321_p2   |         +|   0|  0|   14|           9|           6|
    |add_ln1118_35_fu_38332_p2   |         +|   0|  0|   14|           9|           6|
    |add_ln1118_36_fu_38343_p2   |         +|   0|  0|   14|           9|           6|
    |add_ln1118_37_fu_38354_p2   |         +|   0|  0|   14|           9|           6|
    |add_ln1118_38_fu_38365_p2   |         +|   0|  0|   14|           9|           6|
    |add_ln1118_39_fu_38376_p2   |         +|   0|  0|   14|           9|           6|
    |add_ln1118_3_fu_37980_p2    |         +|   0|  0|   14|           9|           3|
    |add_ln1118_40_fu_38387_p2   |         +|   0|  0|   14|           9|           6|
    |add_ln1118_41_fu_38398_p2   |         +|   0|  0|   14|           9|           6|
    |add_ln1118_42_fu_38409_p2   |         +|   0|  0|   14|           9|           6|
    |add_ln1118_43_fu_38420_p2   |         +|   0|  0|   14|           9|           6|
    |add_ln1118_44_fu_38431_p2   |         +|   0|  0|   14|           9|           6|
    |add_ln1118_45_fu_38442_p2   |         +|   0|  0|   14|           9|           6|
    |add_ln1118_46_fu_38453_p2   |         +|   0|  0|   14|           9|           6|
    |add_ln1118_47_fu_38464_p2   |         +|   0|  0|   14|           9|           6|
    |add_ln1118_48_fu_38475_p2   |         +|   0|  0|   14|           9|           6|
    |add_ln1118_49_fu_38486_p2   |         +|   0|  0|   14|           9|           6|
    |add_ln1118_4_fu_37991_p2    |         +|   0|  0|   14|           9|           3|
    |add_ln1118_50_fu_38497_p2   |         +|   0|  0|   14|           9|           6|
    |add_ln1118_51_fu_38508_p2   |         +|   0|  0|   14|           9|           6|
    |add_ln1118_52_fu_38519_p2   |         +|   0|  0|   14|           9|           6|
    |add_ln1118_53_fu_38530_p2   |         +|   0|  0|   14|           9|           6|
    |add_ln1118_54_fu_38541_p2   |         +|   0|  0|   14|           9|           6|
    |add_ln1118_55_fu_38552_p2   |         +|   0|  0|   14|           9|           6|
    |add_ln1118_56_fu_38563_p2   |         +|   0|  0|   14|           9|           6|
    |add_ln1118_57_fu_38574_p2   |         +|   0|  0|   14|           9|           6|
    |add_ln1118_58_fu_38585_p2   |         +|   0|  0|   14|           9|           6|
    |add_ln1118_59_fu_38596_p2   |         +|   0|  0|   14|           9|           6|
    |add_ln1118_5_fu_38002_p2    |         +|   0|  0|   14|           9|           3|
    |add_ln1118_60_fu_38607_p2   |         +|   0|  0|   14|           9|           6|
    |add_ln1118_61_fu_38618_p2   |         +|   0|  0|   14|           9|           6|
    |add_ln1118_62_fu_38629_p2   |         +|   0|  0|   14|           9|           6|
    |add_ln1118_63_fu_38640_p2   |         +|   0|  0|   14|           9|           7|
    |add_ln1118_64_fu_38651_p2   |         +|   0|  0|   14|           9|           7|
    |add_ln1118_65_fu_38661_p2   |         +|   0|  0|   14|           9|           7|
    |add_ln1118_66_fu_38671_p2   |         +|   0|  0|   14|           9|           7|
    |add_ln1118_67_fu_38681_p2   |         +|   0|  0|   14|           9|           7|
    |add_ln1118_68_fu_38691_p2   |         +|   0|  0|   14|           9|           7|
    |add_ln1118_69_fu_38701_p2   |         +|   0|  0|   14|           9|           7|
    |add_ln1118_6_fu_38013_p2    |         +|   0|  0|   14|           9|           3|
    |add_ln1118_70_fu_38711_p2   |         +|   0|  0|   14|           9|           7|
    |add_ln1118_71_fu_38721_p2   |         +|   0|  0|   14|           9|           7|
    |add_ln1118_72_fu_38731_p2   |         +|   0|  0|   14|           9|           7|
    |add_ln1118_73_fu_38741_p2   |         +|   0|  0|   14|           9|           7|
    |add_ln1118_74_fu_38751_p2   |         +|   0|  0|   14|           9|           7|
    |add_ln1118_75_fu_38761_p2   |         +|   0|  0|   14|           9|           7|
    |add_ln1118_76_fu_38771_p2   |         +|   0|  0|   14|           9|           7|
    |add_ln1118_77_fu_38781_p2   |         +|   0|  0|   14|           9|           7|
    |add_ln1118_78_fu_38791_p2   |         +|   0|  0|   14|           9|           7|
    |add_ln1118_79_fu_38801_p2   |         +|   0|  0|   14|           9|           7|
    |add_ln1118_7_fu_38024_p2    |         +|   0|  0|   14|           9|           4|
    |add_ln1118_80_fu_38811_p2   |         +|   0|  0|   14|           9|           7|
    |add_ln1118_81_fu_38821_p2   |         +|   0|  0|   14|           9|           7|
    |add_ln1118_82_fu_38831_p2   |         +|   0|  0|   14|           9|           7|
    |add_ln1118_83_fu_38841_p2   |         +|   0|  0|   14|           9|           7|
    |add_ln1118_84_fu_38851_p2   |         +|   0|  0|   14|           9|           7|
    |add_ln1118_85_fu_38861_p2   |         +|   0|  0|   14|           9|           7|
    |add_ln1118_86_fu_38871_p2   |         +|   0|  0|   14|           9|           7|
    |add_ln1118_87_fu_38881_p2   |         +|   0|  0|   14|           9|           7|
    |add_ln1118_88_fu_38891_p2   |         +|   0|  0|   14|           9|           7|
    |add_ln1118_89_fu_38901_p2   |         +|   0|  0|   14|           9|           7|
    |add_ln1118_8_fu_38035_p2    |         +|   0|  0|   14|           9|           4|
    |add_ln1118_90_fu_38911_p2   |         +|   0|  0|   14|           9|           7|
    |add_ln1118_91_fu_38921_p2   |         +|   0|  0|   14|           9|           7|
    |add_ln1118_92_fu_38931_p2   |         +|   0|  0|   14|           9|           7|
    |add_ln1118_93_fu_38941_p2   |         +|   0|  0|   14|           9|           7|
    |add_ln1118_94_fu_38951_p2   |         +|   0|  0|   14|           9|           7|
    |add_ln1118_95_fu_38961_p2   |         +|   0|  0|   14|           9|           7|
    |add_ln1118_96_fu_38971_p2   |         +|   0|  0|   14|           9|           7|
    |add_ln1118_97_fu_38981_p2   |         +|   0|  0|   14|           9|           7|
    |add_ln1118_98_fu_38991_p2   |         +|   0|  0|   14|           9|           7|
    |add_ln1118_99_fu_39001_p2   |         +|   0|  0|   14|           9|           7|
    |add_ln1118_9_fu_38046_p2    |         +|   0|  0|   14|           9|           4|
    |add_ln1118_fu_37947_p2      |         +|   0|  0|   14|           9|           1|
    |add_ln263_fu_37231_p2       |         +|   0|  0|   39|          32|           1|
    |add_ln270_fu_37254_p2       |         +|   0|  0|   15|           8|           2|
    |add_ln281_fu_37926_p2       |         +|   0|  0|   10|           2|           1|
    |add_ln356_fu_43146_p2       |         +|   0|  0|   11|           3|           1|
    |add_ln703_100_fu_42323_p2   |         +|   0|  0|   40|          33|          33|
    |add_ln703_101_fu_40856_p2   |         +|   0|  0|   38|          31|          31|
    |add_ln703_102_fu_41654_p2   |         +|   0|  0|   39|          32|          32|
    |add_ln703_103_fu_40862_p2   |         +|   0|  0|   38|          31|          31|
    |add_ln703_104_fu_40872_p2   |         +|   0|  0|   39|          32|          32|
    |add_ln703_105_fu_41667_p2   |         +|   0|  0|   40|          33|          33|
    |add_ln703_106_fu_42336_p2   |         +|   0|  0|   41|          34|          34|
    |add_ln703_107_fu_40878_p2   |         +|   0|  0|   38|          31|          31|
    |add_ln703_108_fu_40888_p2   |         +|   0|  0|   39|          32|          32|
    |add_ln703_109_fu_40894_p2   |         +|   0|  0|   38|          31|          31|
    |add_ln703_10_fu_42619_p2    |         +|   0|  0|   41|          34|          34|
    |add_ln703_110_fu_40904_p2   |         +|   0|  0|   39|          32|          32|
    |add_ln703_111_fu_41679_p2   |         +|   0|  0|   40|          33|          33|
    |add_ln703_112_fu_42342_p2   |         +|   0|  0|   38|          31|          31|
    |add_ln703_113_fu_42352_p2   |         +|   0|  0|   39|          32|          32|
    |add_ln703_114_fu_42358_p2   |         +|   0|  0|   38|          31|          31|
    |add_ln703_115_fu_42368_p2   |         +|   0|  0|   39|          32|          32|
    |add_ln703_116_fu_42798_p2   |         +|   0|  0|   40|          33|          33|
    |add_ln703_117_fu_42808_p2   |         +|   0|  0|   41|          34|          34|
    |add_ln703_118_fu_42996_p2   |         +|   0|  0|   42|          35|          35|
    |add_ln703_119_fu_42374_p2   |         +|   0|  0|   38|          31|          31|
    |add_ln703_11_fu_41441_p2    |         +|   0|  0|   38|          31|          31|
    |add_ln703_120_fu_42384_p2   |         +|   0|  0|   39|          32|          32|
    |add_ln703_121_fu_42390_p2   |         +|   0|  0|   38|          31|          31|
    |add_ln703_122_fu_42400_p2   |         +|   0|  0|   39|          32|          32|
    |add_ln703_123_fu_42820_p2   |         +|   0|  0|   40|          33|          33|
    |add_ln703_124_fu_42406_p2   |         +|   0|  0|   38|          31|          31|
    |add_ln703_125_fu_42416_p2   |         +|   0|  0|   39|          32|          32|
    |add_ln703_126_fu_41685_p2   |         +|   0|  0|   38|          31|          31|
    |add_ln703_127_fu_42425_p2   |         +|   0|  0|   39|          32|          32|
    |add_ln703_128_fu_42836_p2   |         +|   0|  0|   40|          33|          33|
    |add_ln703_129_fu_42846_p2   |         +|   0|  0|   41|          34|          34|
    |add_ln703_12_fu_41451_p2    |         +|   0|  0|   39|          32|          32|
    |add_ln703_130_fu_41691_p2   |         +|   0|  0|   38|          31|          31|
    |add_ln703_131_fu_41701_p2   |         +|   0|  0|   39|          32|          32|
    |add_ln703_132_fu_41707_p2   |         +|   0|  0|   38|          31|          31|
    |add_ln703_133_fu_41717_p2   |         +|   0|  0|   39|          32|          32|
    |add_ln703_134_fu_42437_p2   |         +|   0|  0|   40|          33|          33|
    |add_ln703_135_fu_41723_p2   |         +|   0|  0|   38|          31|          31|
    |add_ln703_136_fu_41733_p2   |         +|   0|  0|   39|          32|          32|
    |add_ln703_137_fu_41739_p2   |         +|   0|  0|   38|          31|          31|
    |add_ln703_138_fu_40910_p2   |         +|   0|  0|   38|          31|          31|
    |add_ln703_139_fu_41752_p2   |         +|   0|  0|   39|          32|          32|
    |add_ln703_13_fu_42037_p2    |         +|   0|  0|   38|          31|          31|
    |add_ln703_140_fu_42453_p2   |         +|   0|  0|   40|          33|          33|
    |add_ln703_141_fu_42463_p2   |         +|   0|  0|   41|          34|          34|
    |add_ln703_142_fu_43012_p2   |         +|   0|  0|   42|          35|          35|
    |add_ln703_143_fu_43022_p2   |         +|   0|  0|   43|          36|          36|
    |add_ln703_144_fu_40916_p2   |         +|   0|  0|   38|          31|          31|
    |add_ln703_145_fu_40926_p2   |         +|   0|  0|   39|          32|          32|
    |add_ln703_146_fu_40932_p2   |         +|   0|  0|   38|          31|          31|
    |add_ln703_147_fu_40942_p2   |         +|   0|  0|   39|          32|          32|
    |add_ln703_148_fu_41764_p2   |         +|   0|  0|   40|          33|          33|
    |add_ln703_149_fu_40948_p2   |         +|   0|  0|   38|          31|          31|
    |add_ln703_14_fu_42047_p2    |         +|   0|  0|   39|          32|          32|
    |add_ln703_150_fu_40958_p2   |         +|   0|  0|   39|          32|          32|
    |add_ln703_151_fu_42469_p2   |         +|   0|  0|   38|          31|          31|
    |add_ln703_152_fu_42479_p2   |         +|   0|  0|   39|          32|          32|
    |add_ln703_153_fu_42861_p2   |         +|   0|  0|   40|          33|          33|
    |add_ln703_154_fu_42871_p2   |         +|   0|  0|   41|          34|          34|
    |add_ln703_155_fu_42485_p2   |         +|   0|  0|   38|          31|          31|
    |add_ln703_156_fu_42495_p2   |         +|   0|  0|   39|          32|          32|
    |add_ln703_157_fu_42501_p2   |         +|   0|  0|   38|          31|          31|
    |add_ln703_158_fu_42511_p2   |         +|   0|  0|   39|          32|          32|
    |add_ln703_159_fu_42883_p2   |         +|   0|  0|   40|          33|          33|
    |add_ln703_15_fu_42631_p2    |         +|   0|  0|   40|          33|          33|
    |add_ln703_160_fu_42517_p2   |         +|   0|  0|   38|          31|          31|
    |add_ln703_161_fu_42527_p2   |         +|   0|  0|   39|          32|          32|
    |add_ln703_162_fu_42533_p2   |         +|   0|  0|   38|          31|          31|
    |add_ln703_163_fu_42543_p2   |         +|   0|  0|   39|          32|          32|
    |add_ln703_164_fu_42899_p2   |         +|   0|  0|   40|          33|          33|
    |add_ln703_165_fu_42909_p2   |         +|   0|  0|   41|          34|          34|
    |add_ln703_166_fu_43034_p2   |         +|   0|  0|   42|          35|          35|
    |add_ln703_167_fu_41770_p2   |         +|   0|  0|   38|          31|          31|
    |add_ln703_168_fu_41780_p2   |         +|   0|  0|   39|          32|          32|
    |add_ln703_169_fu_41786_p2   |         +|   0|  0|   38|          31|          31|
    |add_ln703_16_fu_42053_p2    |         +|   0|  0|   38|          31|          31|
    |add_ln703_170_fu_41796_p2   |         +|   0|  0|   39|          32|          32|
    |add_ln703_171_fu_42555_p2   |         +|   0|  0|   40|          33|          33|
    |add_ln703_172_fu_41802_p2   |         +|   0|  0|   38|          31|          31|
    |add_ln703_173_fu_41812_p2   |         +|   0|  0|   39|          32|          32|
    |add_ln703_174_fu_41818_p2   |         +|   0|  0|   38|          31|          31|
    |add_ln703_175_fu_41828_p2   |         +|   0|  0|   39|          32|          32|
    |add_ln703_176_fu_42571_p2   |         +|   0|  0|   40|          33|          33|
    |add_ln703_177_fu_42581_p2   |         +|   0|  0|   41|          34|          34|
    |add_ln703_178_fu_40964_p2   |         +|   0|  0|   38|          31|          31|
    |add_ln703_179_fu_40974_p2   |         +|   0|  0|   39|          32|          32|
    |add_ln703_17_fu_42063_p2    |         +|   0|  0|   39|          32|          32|
    |add_ln703_180_fu_40980_p2   |         +|   0|  0|   38|          31|          31|
    |add_ln703_181_fu_40990_p2   |         +|   0|  0|   39|          32|          32|
    |add_ln703_182_fu_41840_p2   |         +|   0|  0|   40|          33|          33|
    |add_ln703_183_fu_40996_p2   |         +|   0|  0|   38|          31|          31|
    |add_ln703_184_fu_41006_p2   |         +|   0|  0|   39|          32|          32|
    |add_ln703_185_fu_41012_p2   |         +|   0|  0|   38|          31|          31|
    |add_ln703_186_fu_41022_p2   |         +|   0|  0|   38|          31|          31|
    |add_ln703_187_fu_41032_p2   |         +|   0|  0|   39|          32|          32|
    |add_ln703_188_fu_41856_p2   |         +|   0|  0|   40|          33|          33|
    |add_ln703_189_fu_41866_p2   |         +|   0|  0|   41|          34|          34|
    |add_ln703_18_fu_40744_p2    |         +|   0|  0|   38|          31|          31|
    |add_ln703_190_fu_42921_p2   |         +|   0|  0|   42|          35|          35|
    |add_ln703_191_fu_43047_p2   |         +|   0|  0|   43|          36|          36|
    |add_ln703_192_fu_43075_p2   |         +|   0|  0|   44|          37|          37|
    |add_ln703_19_fu_40754_p2    |         +|   0|  0|   39|          32|          32|
    |add_ln703_1_fu_41990_p2     |         +|   0|  0|   39|          32|          32|
    |add_ln703_20_fu_42647_p2    |         +|   0|  0|   40|          33|          33|
    |add_ln703_21_fu_42657_p2    |         +|   0|  0|   41|          34|          34|
    |add_ln703_22_fu_42933_p2    |         +|   0|  0|   42|          35|          35|
    |add_ln703_23_fu_40760_p2    |         +|   0|  0|   38|          31|          31|
    |add_ln703_24_fu_40770_p2    |         +|   0|  0|   39|          32|          32|
    |add_ln703_25_fu_40776_p2    |         +|   0|  0|   38|          31|          31|
    |add_ln703_26_fu_40786_p2    |         +|   0|  0|   39|          32|          32|
    |add_ln703_27_fu_41463_p2    |         +|   0|  0|   40|          33|          33|
    |add_ln703_28_fu_41469_p2    |         +|   0|  0|   38|          31|          31|
    |add_ln703_29_fu_41479_p2    |         +|   0|  0|   39|          32|          32|
    |add_ln703_2_fu_41996_p2     |         +|   0|  0|   38|          31|          31|
    |add_ln703_30_fu_41485_p2    |         +|   0|  0|   38|          31|          31|
    |add_ln703_31_fu_41495_p2    |         +|   0|  0|   39|          32|          32|
    |add_ln703_32_fu_42078_p2    |         +|   0|  0|   40|          33|          33|
    |add_ln703_33_fu_42088_p2    |         +|   0|  0|   41|          34|          34|
    |add_ln703_34_fu_41501_p2    |         +|   0|  0|   38|          31|          31|
    |add_ln703_35_fu_41511_p2    |         +|   0|  0|   39|          32|          32|
    |add_ln703_36_fu_40792_p2    |         +|   0|  0|   38|          31|          31|
    |add_ln703_37_fu_40802_p2    |         +|   0|  0|   39|          32|          32|
    |add_ln703_38_fu_42100_p2    |         +|   0|  0|   40|          33|          33|
    |add_ln703_39_fu_40808_p2    |         +|   0|  0|   38|          31|          31|
    |add_ln703_3_fu_42006_p2     |         +|   0|  0|   39|          32|          32|
    |add_ln703_40_fu_40818_p2    |         +|   0|  0|   39|          32|          32|
    |add_ln703_41_fu_40824_p2    |         +|   0|  0|   38|          31|          31|
    |add_ln703_42_fu_40834_p2    |         +|   0|  0|   39|          32|          32|
    |add_ln703_43_fu_41523_p2    |         +|   0|  0|   40|          33|          33|
    |add_ln703_44_fu_42113_p2    |         +|   0|  0|   41|          34|          34|
    |add_ln703_45_fu_42669_p2    |         +|   0|  0|   42|          35|          35|
    |add_ln703_46_fu_42946_p2    |         +|   0|  0|   43|          36|          36|
    |add_ln703_47_fu_40840_p2    |         +|   0|  0|   38|          31|          31|
    |add_ln703_48_fu_40850_p2    |         +|   0|  0|   39|          32|          32|
    |add_ln703_49_fu_41529_p2    |         +|   0|  0|   38|          31|          31|
    |add_ln703_4_fu_42593_p2     |         +|   0|  0|   40|          33|          33|
    |add_ln703_50_fu_41539_p2    |         +|   0|  0|   39|          32|          32|
    |add_ln703_51_fu_42125_p2    |         +|   0|  0|   40|          33|          33|
    |add_ln703_52_fu_41545_p2    |         +|   0|  0|   38|          31|          31|
    |add_ln703_53_fu_41555_p2    |         +|   0|  0|   39|          32|          32|
    |add_ln703_54_fu_41561_p2    |         +|   0|  0|   38|          31|          31|
    |add_ln703_55_fu_41571_p2    |         +|   0|  0|   39|          32|          32|
    |add_ln703_56_fu_42141_p2    |         +|   0|  0|   40|          33|          33|
    |add_ln703_57_fu_42151_p2    |         +|   0|  0|   41|          34|          34|
    |add_ln703_58_fu_41577_p2    |         +|   0|  0|   38|          31|          31|
    |add_ln703_59_fu_41587_p2    |         +|   0|  0|   39|          32|          32|
    |add_ln703_5_fu_42012_p2     |         +|   0|  0|   38|          31|          31|
    |add_ln703_60_fu_42157_p2    |         +|   0|  0|   38|          31|          31|
    |add_ln703_61_fu_42167_p2    |         +|   0|  0|   39|          32|          32|
    |add_ln703_62_fu_42681_p2    |         +|   0|  0|   40|          33|          33|
    |add_ln703_63_fu_42173_p2    |         +|   0|  0|   38|          31|          31|
    |add_ln703_64_fu_42183_p2    |         +|   0|  0|   39|          32|          32|
    |add_ln703_65_fu_42189_p2    |         +|   0|  0|   38|          31|          31|
    |add_ln703_66_fu_42199_p2    |         +|   0|  0|   39|          32|          32|
    |add_ln703_67_fu_42697_p2    |         +|   0|  0|   40|          33|          33|
    |add_ln703_68_fu_42707_p2    |         +|   0|  0|   41|          34|          34|
    |add_ln703_69_fu_42958_p2    |         +|   0|  0|   42|          35|          35|
    |add_ln703_6_fu_42022_p2     |         +|   0|  0|   39|          32|          32|
    |add_ln703_70_fu_42205_p2    |         +|   0|  0|   38|          31|          31|
    |add_ln703_71_fu_42215_p2    |         +|   0|  0|   39|          32|          32|
    |add_ln703_72_fu_42221_p2    |         +|   0|  0|   38|          31|          31|
    |add_ln703_73_fu_42231_p2    |         +|   0|  0|   39|          32|          32|
    |add_ln703_74_fu_42719_p2    |         +|   0|  0|   40|          33|          33|
    |add_ln703_75_fu_42237_p2    |         +|   0|  0|   38|          31|          31|
    |add_ln703_76_fu_42247_p2    |         +|   0|  0|   39|          32|          32|
    |add_ln703_77_fu_42253_p2    |         +|   0|  0|   38|          31|          31|
    |add_ln703_78_fu_42263_p2    |         +|   0|  0|   39|          32|          32|
    |add_ln703_79_fu_42735_p2    |         +|   0|  0|   40|          33|          33|
    |add_ln703_7_fu_41435_p2     |         +|   0|  0|   38|          31|          31|
    |add_ln703_80_fu_42745_p2    |         +|   0|  0|   41|          34|          34|
    |add_ln703_81_fu_42269_p2    |         +|   0|  0|   38|          31|          31|
    |add_ln703_82_fu_42279_p2    |         +|   0|  0|   39|          32|          32|
    |add_ln703_83_fu_42285_p2    |         +|   0|  0|   38|          31|          31|
    |add_ln703_84_fu_42295_p2    |         +|   0|  0|   39|          32|          32|
    |add_ln703_85_fu_42757_p2    |         +|   0|  0|   40|          33|          33|
    |add_ln703_86_fu_42301_p2    |         +|   0|  0|   38|          31|          31|
    |add_ln703_87_fu_42311_p2    |         +|   0|  0|   39|          32|          32|
    |add_ln703_88_fu_41593_p2    |         +|   0|  0|   38|          31|          31|
    |add_ln703_89_fu_41603_p2    |         +|   0|  0|   38|          31|          31|
    |add_ln703_8_fu_42031_p2     |         +|   0|  0|   39|          32|          32|
    |add_ln703_90_fu_41613_p2    |         +|   0|  0|   39|          32|          32|
    |add_ln703_91_fu_42773_p2    |         +|   0|  0|   40|          33|          33|
    |add_ln703_92_fu_42783_p2    |         +|   0|  0|   41|          34|          34|
    |add_ln703_93_fu_42974_p2    |         +|   0|  0|   42|          35|          35|
    |add_ln703_94_fu_42984_p2    |         +|   0|  0|   43|          36|          36|
    |add_ln703_95_fu_43059_p2    |         +|   0|  0|   44|          37|          37|
    |add_ln703_96_fu_41619_p2    |         +|   0|  0|   38|          31|          31|
    |add_ln703_97_fu_41629_p2    |         +|   0|  0|   39|          32|          32|
    |add_ln703_98_fu_41635_p2    |         +|   0|  0|   38|          31|          31|
    |add_ln703_99_fu_41645_p2    |         +|   0|  0|   39|          32|          32|
    |add_ln703_9_fu_42609_p2     |         +|   0|  0|   40|          33|          33|
    |add_ln703_fu_41980_p2       |         +|   0|  0|   38|          31|          31|
    |ret_V_fu_43409_p2           |         +|   0|  0|   56|          49|          49|
    |ylp_V_0_fu_43085_p2         |         +|   0|  0|   45|          38|          38|
    |band_V_1_fu_43116_p2        |         -|   0|  0|   47|          40|          40|
    |band_V_2_fu_43122_p2        |         -|   0|  0|   47|          40|          40|
    |band_V_3_fu_43140_p2        |         -|   0|  0|   47|          40|          40|
    |p_Val2_10_fu_43324_p2       |         -|   0|  0|   31|           1|          24|
    |ret_V_2_fu_43384_p2         |         -|   0|  0|   32|          25|          25|
    |ap_condition_2002           |       and|   0|  0|    2|           1|           1|
    |ap_condition_2041           |       and|   0|  0|    2|           1|           1|
    |ap_condition_448            |       and|   0|  0|    2|           1|           1|
    |ap_condition_467            |       and|   0|  0|    2|           1|           1|
    |overflow_1_fu_43227_p2      |       and|   0|  0|    2|           1|           1|
    |overflow_3_fu_43494_p2      |       and|   0|  0|    2|           1|           1|
    |overflow_fu_43639_p2        |       and|   0|  0|    2|           1|           1|
    |underflow_1_fu_43251_p2     |       and|   0|  0|    2|           1|           1|
    |underflow_2_fu_43510_p2     |       and|   0|  0|    2|           1|           1|
    |underflow_fu_43663_p2       |       and|   0|  0|    2|           1|           1|
    |icmp_ln1497_fu_43362_p2     |      icmp|   0|  0|   15|          24|          24|
    |icmp_ln239_fu_37124_p2      |      icmp|   0|  0|   18|          32|           1|
    |icmp_ln263_fu_37237_p2      |      icmp|   0|  0|   18|          32|          32|
    |icmp_ln270_fu_37242_p2      |      icmp|   0|  0|   11|           8|           1|
    |icmp_ln281_fu_37941_p2      |      icmp|   0|  0|    8|           2|           2|
    |icmp_ln356_fu_43152_p2      |      icmp|   0|  0|    9|           3|           4|
    |icmp_ln768_1_fu_43209_p2    |      icmp|   0|  0|   10|           6|           1|
    |icmp_ln768_2_fu_43473_p2    |      icmp|   0|  0|    9|           4|           1|
    |icmp_ln768_fu_43621_p2      |      icmp|   0|  0|   10|           7|           1|
    |icmp_ln786_1_fu_43239_p2    |      icmp|   0|  0|   10|           6|           2|
    |icmp_ln786_2_fu_43479_p2    |      icmp|   0|  0|    9|           4|           2|
    |icmp_ln786_fu_43651_p2      |      icmp|   0|  0|   10|           7|           2|
    |tobool98_fu_37130_p2        |      icmp|   0|  0|   18|          32|           1|
    |or_ln340_1_fu_43681_p2      |        or|   0|  0|    2|           1|           1|
    |or_ln340_2_fu_43257_p2      |        or|   0|  0|    2|           1|           1|
    |or_ln340_3_fu_43276_p2      |        or|   0|  0|    2|           1|           1|
    |or_ln340_4_fu_43515_p2      |        or|   0|  0|    2|           1|           1|
    |or_ln340_5_fu_43527_p2      |        or|   0|  0|    2|           1|           1|
    |or_ln340_fu_43669_p2        |        or|   0|  0|    2|           1|           1|
    |or_ln785_1_fu_43215_p2      |        or|   0|  0|    2|           1|           1|
    |or_ln785_2_fu_43485_p2      |        or|   0|  0|    2|           1|           1|
    |or_ln785_fu_43627_p2        |        or|   0|  0|    2|           1|           1|
    |or_ln786_1_fu_43245_p2      |        or|   0|  0|    2|           1|           1|
    |or_ln786_2_fu_43505_p2      |        or|   0|  0|    2|           1|           1|
    |or_ln786_fu_43657_p2        |        or|   0|  0|    2|           1|           1|
    |sign_V_fu_43422_p2          |        or|   0|  0|   24|          23|          24|
    |a_V_fu_43350_p3             |    select|   0|  0|   23|           1|          23|
    |out_r                       |    select|   0|  0|   16|           1|          16|
    |p_pn_fu_43573_p3            |    select|   0|  0|   40|           1|          40|
    |select_ln1497_fu_43555_p3   |    select|   0|  0|   24|           1|          24|
    |select_ln340_2_fu_43263_p3  |    select|   0|  0|   24|           1|          23|
    |select_ln340_4_fu_43342_p3  |    select|   0|  0|   23|           1|           2|
    |select_ln340_5_fu_43533_p3  |    select|   0|  0|   24|           1|          23|
    |select_ln340_6_fu_43547_p3  |    select|   0|  0|   24|           1|          24|
    |select_ln340_fu_43687_p3    |    select|   0|  0|   16|           1|          15|
    |select_ln388_1_fu_43281_p3  |    select|   0|  0|   25|           1|          25|
    |select_ln388_2_fu_43540_p3  |    select|   0|  0|   25|           1|          25|
    |select_ln388_fu_43695_p3    |    select|   0|  0|   17|           1|          17|
    |x_V_fu_43287_p3             |    select|   0|  0|   24|           1|          24|
    |ap_enable_pp0               |       xor|   0|  0|    2|           1|           2|
    |ap_enable_pp1               |       xor|   0|  0|    2|           1|           2|
    |ap_enable_pp2               |       xor|   0|  0|    2|           1|           2|
    |xor_ln340_1_fu_43271_p2     |       xor|   0|  0|    2|           1|           2|
    |xor_ln340_2_fu_43521_p2     |       xor|   0|  0|    2|           1|           2|
    |xor_ln340_fu_43675_p2       |       xor|   0|  0|    2|           1|           2|
    |xor_ln785_1_fu_43221_p2     |       xor|   0|  0|    2|           1|           2|
    |xor_ln785_2_fu_43489_p2     |       xor|   0|  0|    2|           1|           2|
    |xor_ln785_fu_43633_p2       |       xor|   0|  0|    2|           1|           2|
    |xor_ln786_1_fu_43233_p2     |       xor|   0|  0|    2|           1|           2|
    |xor_ln786_2_fu_43500_p2     |       xor|   0|  0|    2|           1|           2|
    |xor_ln786_fu_43645_p2       |       xor|   0|  0|    2|           1|           2|
    +----------------------------+----------+----+---+-----+------------+------------+
    |Total                       |          |   0|  0|11209|        8607|        8262|
    +----------------------------+----------+----+---+-----+------------+------------+

    * Multiplexer: 
    +-----------------------------------+-----+-----------+-----+-----------+
    |                Name               | LUT | Input Size| Bits| Total Bits|
    +-----------------------------------+-----+-----------+-----+-----------+
    |FIR_LP_V_address0                  |   20|          4|   10|         40|
    |FIR_LP_V_address1                  |   20|          4|   10|         40|
    |FIR_LP_V_address10                 |   20|          4|   10|         40|
    |FIR_LP_V_address11                 |   20|          4|   10|         40|
    |FIR_LP_V_address12                 |   20|          4|   10|         40|
    |FIR_LP_V_address13                 |   20|          4|   10|         40|
    |FIR_LP_V_address14                 |   20|          4|   10|         40|
    |FIR_LP_V_address15                 |   20|          4|   10|         40|
    |FIR_LP_V_address16                 |   20|          4|   10|         40|
    |FIR_LP_V_address17                 |   20|          4|   10|         40|
    |FIR_LP_V_address18                 |   20|          4|   10|         40|
    |FIR_LP_V_address19                 |   20|          4|   10|         40|
    |FIR_LP_V_address2                  |   20|          4|   10|         40|
    |FIR_LP_V_address20                 |   20|          4|   10|         40|
    |FIR_LP_V_address21                 |   20|          4|   10|         40|
    |FIR_LP_V_address22                 |   20|          4|   10|         40|
    |FIR_LP_V_address23                 |   20|          4|   10|         40|
    |FIR_LP_V_address24                 |   20|          4|   10|         40|
    |FIR_LP_V_address25                 |   20|          4|   10|         40|
    |FIR_LP_V_address26                 |   20|          4|   10|         40|
    |FIR_LP_V_address27                 |   20|          4|   10|         40|
    |FIR_LP_V_address28                 |   20|          4|   10|         40|
    |FIR_LP_V_address29                 |   20|          4|   10|         40|
    |FIR_LP_V_address3                  |   20|          4|   10|         40|
    |FIR_LP_V_address30                 |   20|          4|   10|         40|
    |FIR_LP_V_address31                 |   20|          4|   10|         40|
    |FIR_LP_V_address32                 |   20|          4|   10|         40|
    |FIR_LP_V_address33                 |   20|          4|   10|         40|
    |FIR_LP_V_address34                 |   20|          4|   10|         40|
    |FIR_LP_V_address35                 |   20|          4|   10|         40|
    |FIR_LP_V_address36                 |   20|          4|   10|         40|
    |FIR_LP_V_address37                 |   20|          4|   10|         40|
    |FIR_LP_V_address38                 |   20|          4|   10|         40|
    |FIR_LP_V_address39                 |   20|          4|   10|         40|
    |FIR_LP_V_address4                  |   20|          4|   10|         40|
    |FIR_LP_V_address40                 |   20|          4|   10|         40|
    |FIR_LP_V_address41                 |   20|          4|   10|         40|
    |FIR_LP_V_address42                 |   20|          4|   10|         40|
    |FIR_LP_V_address43                 |   20|          4|   10|         40|
    |FIR_LP_V_address44                 |   20|          4|   10|         40|
    |FIR_LP_V_address45                 |   20|          4|   10|         40|
    |FIR_LP_V_address46                 |   20|          4|   10|         40|
    |FIR_LP_V_address47                 |   20|          4|   10|         40|
    |FIR_LP_V_address48                 |   20|          4|   10|         40|
    |FIR_LP_V_address49                 |   20|          4|   10|         40|
    |FIR_LP_V_address5                  |   20|          4|   10|         40|
    |FIR_LP_V_address50                 |   20|          4|   10|         40|
    |FIR_LP_V_address51                 |   20|          4|   10|         40|
    |FIR_LP_V_address52                 |   20|          4|   10|         40|
    |FIR_LP_V_address53                 |   20|          4|   10|         40|
    |FIR_LP_V_address54                 |   20|          4|   10|         40|
    |FIR_LP_V_address55                 |   20|          4|   10|         40|
    |FIR_LP_V_address56                 |   20|          4|   10|         40|
    |FIR_LP_V_address57                 |   20|          4|   10|         40|
    |FIR_LP_V_address58                 |   20|          4|   10|         40|
    |FIR_LP_V_address59                 |   20|          4|   10|         40|
    |FIR_LP_V_address6                  |   20|          4|   10|         40|
    |FIR_LP_V_address60                 |   20|          4|   10|         40|
    |FIR_LP_V_address61                 |   20|          4|   10|         40|
    |FIR_LP_V_address62                 |   20|          4|   10|         40|
    |FIR_LP_V_address63                 |   20|          4|   10|         40|
    |FIR_LP_V_address64                 |   20|          4|   10|         40|
    |FIR_LP_V_address7                  |   20|          4|   10|         40|
    |FIR_LP_V_address8                  |   20|          4|   10|         40|
    |FIR_LP_V_address9                  |   20|          4|   10|         40|
    |acc_V_reg_3485                     |    9|          2|   40|         80|
    |ap_NS_fsm                          |  233|         54|    1|         54|
    |ap_enable_reg_pp0_iter6            |    9|          2|    1|          2|
    |ap_enable_reg_pp1_iter2            |    9|          2|    1|          2|
    |ap_enable_reg_pp2_iter8            |    9|          2|    1|          2|
    |ap_enable_reg_pp2_iter9            |   14|          3|    1|          3|
    |ap_phi_mux_b_phi_fu_3454_p4        |    9|          2|    2|          4|
    |ap_phi_mux_k_phi_fu_3442_p4        |    9|          2|    8|         16|
    |ap_phi_mux_phi_mul_phi_fu_3466_p4  |    9|          2|   10|         20|
    |b_reg_3450                         |    9|          2|    2|          4|
    |drc_ratio_address0                 |   14|          3|    2|          6|
    |drc_ratio_address1                 |   14|          3|    2|          6|
    |drc_thr_address0                   |   14|          3|    2|          6|
    |drc_thr_address1                   |   14|          3|    2|          6|
    |grp_fu_3497_p0                     |   14|          3|   15|         45|
    |grp_fu_3497_p1                     |   14|          3|   16|         48|
    |grp_fu_3498_p0                     |   14|          3|   15|         45|
    |grp_fu_3498_p1                     |   14|          3|   16|         48|
    |grp_fu_3499_p0                     |   14|          3|   15|         45|
    |grp_fu_3499_p1                     |   14|          3|   16|         48|
    |grp_fu_3500_p0                     |   14|          3|   15|         45|
    |grp_fu_3500_p1                     |   14|          3|   16|         48|
    |grp_fu_3501_p0                     |   14|          3|   15|         45|
    |grp_fu_3501_p1                     |   14|          3|   16|         48|
    |grp_fu_3502_p0                     |   14|          3|   15|         45|
    |grp_fu_3502_p1                     |   14|          3|   16|         48|
    |grp_fu_3503_p0                     |   20|          4|   15|         60|
    |grp_fu_3503_p1                     |   20|          4|   16|         64|
    |grp_fu_3504_p0                     |   14|          3|   15|         45|
    |grp_fu_3504_p1                     |   14|          3|   16|         48|
    |grp_fu_3505_p0                     |   14|          3|   15|         45|
    |grp_fu_3505_p1                     |   14|          3|   16|         48|
    |grp_fu_3506_p0                     |   14|          3|   15|         45|
    |grp_fu_3506_p1                     |   14|          3|   16|         48|
    |grp_fu_3507_p0                     |   14|          3|   15|         45|
    |grp_fu_3507_p1                     |   14|          3|   16|         48|
    |grp_fu_3508_p0                     |   14|          3|   15|         45|
    |grp_fu_3508_p1                     |   14|          3|   16|         48|
    |grp_fu_3509_p0                     |   14|          3|   15|         45|
    |grp_fu_3509_p1                     |   14|          3|   16|         48|
    |grp_fu_3510_p0                     |   14|          3|   15|         45|
    |grp_fu_3510_p1                     |   14|          3|   16|         48|
    |grp_fu_3511_p0                     |   14|          3|   15|         45|
    |grp_fu_3511_p1                     |   14|          3|   16|         48|
    |grp_fu_3512_p0                     |   14|          3|   15|         45|
    |grp_fu_3512_p1                     |   14|          3|   16|         48|
    |grp_fu_3513_p0                     |   14|          3|   15|         45|
    |grp_fu_3513_p1                     |   14|          3|   16|         48|
    |grp_fu_3514_p0                     |   14|          3|   15|         45|
    |grp_fu_3514_p1                     |   14|          3|   16|         48|
    |grp_fu_3515_p0                     |   14|          3|   15|         45|
    |grp_fu_3515_p1                     |   14|          3|   16|         48|
    |grp_fu_3516_p0                     |   14|          3|   15|         45|
    |grp_fu_3516_p1                     |   14|          3|   16|         48|
    |grp_fu_3517_p0                     |   14|          3|   15|         45|
    |grp_fu_3517_p1                     |   14|          3|   16|         48|
    |grp_fu_3518_p0                     |   14|          3|   15|         45|
    |grp_fu_3518_p1                     |   14|          3|   16|         48|
    |grp_fu_3519_p0                     |   14|          3|   15|         45|
    |grp_fu_3519_p1                     |   14|          3|   16|         48|
    |grp_fu_3520_p0                     |   14|          3|   15|         45|
    |grp_fu_3520_p1                     |   14|          3|   16|         48|
    |grp_fu_3521_p0                     |   14|          3|   15|         45|
    |grp_fu_3521_p1                     |   14|          3|   16|         48|
    |grp_fu_3522_p0                     |   20|          4|   15|         60|
    |grp_fu_3522_p1                     |   20|          4|   16|         64|
    |grp_fu_3523_p0                     |   14|          3|   15|         45|
    |grp_fu_3523_p1                     |   14|          3|   16|         48|
    |grp_fu_3524_p0                     |   14|          3|   15|         45|
    |grp_fu_3524_p1                     |   14|          3|   16|         48|
    |grp_fu_3525_p0                     |   14|          3|   15|         45|
    |grp_fu_3525_p1                     |   14|          3|   16|         48|
    |grp_fu_3526_p0                     |   14|          3|   15|         45|
    |grp_fu_3526_p1                     |   14|          3|   16|         48|
    |grp_fu_3527_p0                     |   14|          3|   15|         45|
    |grp_fu_3527_p1                     |   14|          3|   16|         48|
    |grp_fu_3528_p0                     |   14|          3|   15|         45|
    |grp_fu_3528_p1                     |   14|          3|   16|         48|
    |grp_fu_3529_p0                     |   20|          4|   15|         60|
    |grp_fu_3529_p1                     |   20|          4|   16|         64|
    |grp_fu_3530_p0                     |   14|          3|   15|         45|
    |grp_fu_3530_p1                     |   14|          3|   16|         48|
    |grp_fu_3531_p0                     |   14|          3|   15|         45|
    |grp_fu_3531_p1                     |   14|          3|   16|         48|
    |grp_fu_3532_p0                     |   14|          3|   15|         45|
    |grp_fu_3532_p1                     |   14|          3|   16|         48|
    |grp_fu_3533_p0                     |   14|          3|   15|         45|
    |grp_fu_3533_p1                     |   14|          3|   16|         48|
    |grp_fu_3534_p0                     |   14|          3|   15|         45|
    |grp_fu_3534_p1                     |   14|          3|   16|         48|
    |grp_fu_3535_p0                     |   14|          3|   15|         45|
    |grp_fu_3535_p1                     |   14|          3|   16|         48|
    |grp_fu_3536_p0                     |   14|          3|   15|         45|
    |grp_fu_3536_p1                     |   14|          3|   16|         48|
    |grp_fu_3537_p0                     |   14|          3|   15|         45|
    |grp_fu_3537_p1                     |   14|          3|   16|         48|
    |grp_fu_3538_p0                     |   14|          3|   15|         45|
    |grp_fu_3538_p1                     |   14|          3|   16|         48|
    |grp_fu_3539_p0                     |   14|          3|   15|         45|
    |grp_fu_3539_p1                     |   14|          3|   16|         48|
    |grp_fu_3540_p0                     |   20|          4|   25|        100|
    |grp_fu_3540_p1                     |   20|          4|   24|         96|
    |grp_fu_3541_p0                     |   14|          3|   15|         45|
    |grp_fu_3541_p1                     |   14|          3|   16|         48|
    |grp_fu_3542_p0                     |   14|          3|   15|         45|
    |grp_fu_3542_p1                     |   14|          3|   16|         48|
    |grp_fu_3543_p0                     |   14|          3|   15|         45|
    |grp_fu_3543_p1                     |   14|          3|   16|         48|
    |grp_fu_3544_p0                     |   14|          3|   15|         45|
    |grp_fu_3544_p1                     |   14|          3|   16|         48|
    |grp_fu_3545_p0                     |   14|          3|   15|         45|
    |grp_fu_3545_p1                     |   14|          3|   16|         48|
    |grp_fu_3546_p0                     |   14|          3|   15|         45|
    |grp_fu_3546_p1                     |   14|          3|   16|         48|
    |grp_fu_3547_p0                     |   14|          3|   15|         45|
    |grp_fu_3547_p1                     |   14|          3|   16|         48|
    |grp_fu_3548_p0                     |   20|          4|   15|         60|
    |grp_fu_3548_p1                     |   20|          4|   16|         64|
    |grp_fu_3549_p0                     |   14|          3|   15|         45|
    |grp_fu_3549_p1                     |   14|          3|   16|         48|
    |grp_fu_3550_p0                     |   14|          3|   15|         45|
    |grp_fu_3550_p1                     |   14|          3|   16|         48|
    |grp_fu_3551_p0                     |   14|          3|   15|         45|
    |grp_fu_3551_p1                     |   14|          3|   16|         48|
    |grp_fu_3552_p0                     |   14|          3|   15|         45|
    |grp_fu_3552_p1                     |   14|          3|   16|         48|
    |grp_fu_3553_p0                     |   14|          3|   15|         45|
    |grp_fu_3553_p1                     |   14|          3|   16|         48|
    |grp_fu_3554_p0                     |   14|          3|   15|         45|
    |grp_fu_3554_p1                     |   14|          3|   16|         48|
    |grp_fu_3555_p0                     |   14|          3|   15|         45|
    |grp_fu_3555_p1                     |   14|          3|   16|         48|
    |grp_fu_3556_p0                     |   14|          3|   15|         45|
    |grp_fu_3556_p1                     |   14|          3|   16|         48|
    |grp_fu_3557_p0                     |   14|          3|   15|         45|
    |grp_fu_3557_p1                     |   14|          3|   16|         48|
    |grp_fu_3558_p0                     |   14|          3|   15|         45|
    |grp_fu_3558_p1                     |   14|          3|   16|         48|
    |grp_fu_3559_p0                     |   14|          3|   15|         45|
    |grp_fu_3559_p1                     |   14|          3|   16|         48|
    |grp_fu_3560_p0                     |   14|          3|   15|         45|
    |grp_fu_3560_p1                     |   14|          3|   16|         48|
    |grp_fu_3561_p0                     |   14|          3|   15|         45|
    |grp_fu_3561_p1                     |   14|          3|   16|         48|
    |grp_fu_3562_p0                     |   14|          3|   15|         45|
    |grp_fu_3562_p1                     |   14|          3|   16|         48|
    |grp_fu_3563_p0                     |   14|          3|   15|         45|
    |grp_fu_3563_p1                     |   14|          3|   16|         48|
    |grp_fu_3564_p0                     |   20|          4|   15|         60|
    |grp_fu_3564_p1                     |   20|          4|   16|         64|
    |grp_fu_3565_p0                     |   14|          3|   15|         45|
    |grp_fu_3565_p1                     |   14|          3|   16|         48|
    |grp_fu_3566_p0                     |   14|          3|   15|         45|
    |grp_fu_3566_p1                     |   14|          3|   16|         48|
    |grp_fu_3567_p0                     |   14|          3|   15|         45|
    |grp_fu_3567_p1                     |   14|          3|   16|         48|
    |grp_fu_3568_p0                     |   14|          3|   15|         45|
    |grp_fu_3568_p1                     |   14|          3|   16|         48|
    |grp_fu_3569_p0                     |   14|          3|   15|         45|
    |grp_fu_3569_p1                     |   14|          3|   16|         48|
    |grp_fu_3570_p0                     |   14|          3|   15|         45|
    |grp_fu_3570_p1                     |   14|          3|   16|         48|
    |grp_fu_3571_p0                     |   14|          3|   15|         45|
    |grp_fu_3571_p1                     |   14|          3|   16|         48|
    |grp_fu_3572_p0                     |   14|          3|   15|         45|
    |grp_fu_3572_p1                     |   14|          3|   16|         48|
    |grp_fu_3573_p0                     |   14|          3|   15|         45|
    |grp_fu_3573_p1                     |   14|          3|   16|         48|
    |grp_fu_3574_p0                     |   14|          3|   15|         45|
    |grp_fu_3574_p1                     |   14|          3|   16|         48|
    |grp_fu_3575_p0                     |   14|          3|   15|         45|
    |grp_fu_3575_p1                     |   14|          3|   16|         48|
    |grp_fu_3576_p0                     |   14|          3|   15|         45|
    |grp_fu_3576_p1                     |   14|          3|   16|         48|
    |grp_fu_3577_p0                     |   14|          3|   15|         45|
    |grp_fu_3577_p1                     |   14|          3|   16|         48|
    |grp_fu_3578_p0                     |   14|          3|   15|         45|
    |grp_fu_3578_p1                     |   14|          3|   16|         48|
    |grp_fu_3579_p0                     |   14|          3|   15|         45|
    |grp_fu_3579_p1                     |   14|          3|   16|         48|
    |grp_fu_3580_p0                     |   14|          3|   15|         45|
    |grp_fu_3580_p1                     |   14|          3|   16|         48|
    |grp_fu_3581_p0                     |   14|          3|   15|         45|
    |grp_fu_3581_p1                     |   14|          3|   16|         48|
    |grp_fu_3582_p0                     |   14|          3|   15|         45|
    |grp_fu_3582_p1                     |   14|          3|   16|         48|
    |grp_fu_3583_p0                     |   14|          3|   15|         45|
    |grp_fu_3583_p1                     |   14|          3|   16|         48|
    |grp_fu_3584_p0                     |   14|          3|   15|         45|
    |grp_fu_3584_p1                     |   14|          3|   16|         48|
    |grp_fu_3585_p0                     |   14|          3|   15|         45|
    |grp_fu_3585_p1                     |   14|          3|   16|         48|
    |grp_fu_3586_p0                     |   14|          3|   15|         45|
    |grp_fu_3586_p1                     |   14|          3|   16|         48|
    |grp_fu_3587_p0                     |   14|          3|   15|         45|
    |grp_fu_3587_p1                     |   14|          3|   16|         48|
    |grp_fu_3588_p0                     |   14|          3|   15|         45|
    |grp_fu_3588_p1                     |   14|          3|   16|         48|
    |grp_fu_3589_p0                     |   14|          3|   15|         45|
    |grp_fu_3589_p1                     |   14|          3|   16|         48|
    |grp_fu_3590_p0                     |   14|          3|   15|         45|
    |grp_fu_3590_p1                     |   14|          3|   16|         48|
    |grp_fu_3591_p0                     |   14|          3|   15|         45|
    |grp_fu_3591_p1                     |   14|          3|   16|         48|
    |grp_fu_3592_p0                     |   14|          3|   15|         45|
    |grp_fu_3592_p1                     |   14|          3|   16|         48|
    |hist_V_0_address0                  |  113|         22|    6|        132|
    |hist_V_0_address1                  |  113|         22|    6|        132|
    |hist_V_0_d1                        |   20|          4|   16|         64|
    |hist_V_1_address0                  |  177|         40|    6|        240|
    |hist_V_1_address1                  |  177|         40|    6|        240|
    |hist_V_1_d1                        |   14|          3|   16|         48|
    |hist_V_2_address0                  |  177|         40|    6|        240|
    |hist_V_2_address1                  |  177|         40|    6|        240|
    |hist_V_2_d1                        |   14|          3|   16|         48|
    |hist_V_3_address0                  |  177|         40|    6|        240|
    |hist_V_3_address1                  |  177|         40|    6|        240|
    |hist_V_3_d1                        |   14|          3|   16|         48|
    |hist_V_4_address0                  |  177|         40|    6|        240|
    |hist_V_4_address1                  |  177|         40|    6|        240|
    |hist_V_4_d1                        |   14|          3|   16|         48|
    |i_reg_3474                         |    9|          2|    3|          6|
    |k_reg_3438                         |    9|          2|    8|         16|
    |phi_mul_reg_3462                   |    9|          2|   10|         20|
    |reg_23095                          |    9|          2|   31|         62|
    |reg_23099                          |    9|          2|   31|         62|
    |reg_23104                          |    9|          2|   31|         62|
    |reg_23120                          |    9|          2|   31|         62|
    |reg_23128                          |    9|          2|   31|         62|
    |reg_23132                          |    9|          2|   31|         62|
    |reg_23136                          |    9|          2|   31|         62|
    |reg_23140                          |    9|          2|   31|         62|
    |reg_23144                          |    9|          2|   31|         62|
    |reg_23148                          |    9|          2|   31|         62|
    |reg_23152                          |    9|          2|   31|         62|
    |reg_23156                          |    9|          2|   31|         62|
    |reg_23160                          |    9|          2|   31|         62|
    |reg_23164                          |    9|          2|   31|         62|
    |reg_23168                          |    9|          2|   31|         62|
    |reg_23172                          |    9|          2|   31|         62|
    |reg_23176                          |    9|          2|   31|         62|
    |reg_23180                          |    9|          2|   31|         62|
    |reg_23184                          |    9|          2|   31|         62|
    |reg_23188                          |    9|          2|   31|         62|
    |reg_23192                          |    9|          2|   31|         62|
    |reg_23196                          |    9|          2|   31|         62|
    |reg_23200                          |    9|          2|   31|         62|
    |reg_23204                          |    9|          2|   31|         62|
    |reg_23208                          |    9|          2|   31|         62|
    |reg_23212                          |    9|          2|   31|         62|
    |reg_23216                          |    9|          2|   31|         62|
    |reg_23220                          |    9|          2|   31|         62|
    |reg_23224                          |    9|          2|   31|         62|
    |reg_23228                          |    9|          2|   31|         62|
    |reg_23232                          |    9|          2|   31|         62|
    |reg_23237                          |    9|          2|   31|         62|
    |reg_23246                          |    9|          2|   31|         62|
    |reg_23250                          |    9|          2|   31|         62|
    |reg_23254                          |    9|          2|   31|         62|
    |reg_23258                          |    9|          2|   31|         62|
    |reg_23262                          |    9|          2|   31|         62|
    |reg_23266                          |    9|          2|   31|         62|
    |reg_23270                          |    9|          2|   31|         62|
    |reg_23278                          |    9|          2|   31|         62|
    |reg_23282                          |    9|          2|   31|         62|
    |reg_23286                          |    9|          2|   31|         62|
    |reg_23290                          |    9|          2|   31|         62|
    |reg_23294                          |    9|          2|   31|         62|
    |reg_23298                          |    9|          2|   31|         62|
    |reg_23306                          |    9|          2|   31|         62|
    |reg_23310                          |    9|          2|   31|         62|
    |reg_23314                          |    9|          2|   31|         62|
    |reg_23318                          |    9|          2|   31|         62|
    |reg_23322                          |    9|          2|   31|         62|
    |reg_23326                          |    9|          2|   31|         62|
    |reg_23330                          |    9|          2|   31|         62|
    |reg_32739                          |    9|          2|   31|         62|
    |reg_3427                           |   20|          4|   32|        128|
    |reg_3981                           |    9|          2|   31|         62|
    |reg_4368                           |    9|          2|   31|         62|
    +-----------------------------------+-----+-----------+-----+-----------+
    |Total                              | 6695|       1433| 5617|      18017|
    +-----------------------------------+-----+-----------+-----+-----------+

    * Register: 
    +-------------------------------+-----+----+-----+-----------+
    |              Name             |  FF | LUT| Bits| Const Bits|
    +-------------------------------+-----+----+-----+-----------+
    |acc_V_reg_3485                 |   40|   0|   40|          0|
    |add_ln1118_194_reg_46527       |   10|   0|   10|          0|
    |add_ln263_reg_43859            |   32|   0|   32|          0|
    |add_ln270_reg_43872            |    8|   0|    8|          0|
    |add_ln281_reg_45807            |    2|   0|    2|          0|
    |add_ln703_101_reg_46892        |   31|   0|   31|          0|
    |add_ln703_104_reg_46897        |   32|   0|   32|          0|
    |add_ln703_105_reg_47022        |   33|   0|   33|          0|
    |add_ln703_106_reg_47182        |   34|   0|   34|          0|
    |add_ln703_108_reg_46902        |   32|   0|   32|          0|
    |add_ln703_10_reg_47252         |   34|   0|   34|          0|
    |add_ln703_110_reg_46907        |   32|   0|   32|          0|
    |add_ln703_111_reg_47027        |   33|   0|   33|          0|
    |add_ln703_113_reg_47187        |   32|   0|   32|          0|
    |add_ln703_115_reg_47192        |   32|   0|   32|          0|
    |add_ln703_117_reg_47282        |   34|   0|   34|          0|
    |add_ln703_120_reg_47197        |   32|   0|   32|          0|
    |add_ln703_122_reg_47202        |   32|   0|   32|          0|
    |add_ln703_125_reg_47207        |   32|   0|   32|          0|
    |add_ln703_126_reg_47032        |   31|   0|   31|          0|
    |add_ln703_127_reg_47212        |   32|   0|   32|          0|
    |add_ln703_129_reg_47287        |   34|   0|   34|          0|
    |add_ln703_12_reg_46957         |   32|   0|   32|          0|
    |add_ln703_131_reg_47037        |   32|   0|   32|          0|
    |add_ln703_133_reg_47042        |   32|   0|   32|          0|
    |add_ln703_136_reg_47047        |   32|   0|   32|          0|
    |add_ln703_138_reg_46912        |   31|   0|   31|          0|
    |add_ln703_139_reg_47052        |   32|   0|   32|          0|
    |add_ln703_141_reg_47217        |   34|   0|   34|          0|
    |add_ln703_143_reg_47317        |   36|   0|   36|          0|
    |add_ln703_145_reg_46917        |   32|   0|   32|          0|
    |add_ln703_147_reg_46922        |   32|   0|   32|          0|
    |add_ln703_148_reg_47057        |   33|   0|   33|          0|
    |add_ln703_14_reg_47107         |   32|   0|   32|          0|
    |add_ln703_150_reg_46927        |   32|   0|   32|          0|
    |add_ln703_152_reg_47222        |   32|   0|   32|          0|
    |add_ln703_154_reg_47292        |   34|   0|   34|          0|
    |add_ln703_156_reg_47227        |   32|   0|   32|          0|
    |add_ln703_158_reg_47232        |   32|   0|   32|          0|
    |add_ln703_161_reg_47237        |   32|   0|   32|          0|
    |add_ln703_163_reg_47242        |   32|   0|   32|          0|
    |add_ln703_165_reg_47297        |   34|   0|   34|          0|
    |add_ln703_168_reg_47062        |   32|   0|   32|          0|
    |add_ln703_170_reg_47067        |   32|   0|   32|          0|
    |add_ln703_173_reg_47072        |   32|   0|   32|          0|
    |add_ln703_175_reg_47077        |   32|   0|   32|          0|
    |add_ln703_177_reg_47247        |   34|   0|   34|          0|
    |add_ln703_179_reg_46932        |   32|   0|   32|          0|
    |add_ln703_17_reg_47112         |   32|   0|   32|          0|
    |add_ln703_181_reg_46937        |   32|   0|   32|          0|
    |add_ln703_184_reg_46942        |   32|   0|   32|          0|
    |add_ln703_187_reg_46947        |   32|   0|   32|          0|
    |add_ln703_189_reg_47082        |   34|   0|   34|          0|
    |add_ln703_190_reg_47302        |   35|   0|   35|          0|
    |add_ln703_191_reg_47322        |   36|   0|   36|          0|
    |add_ln703_19_reg_46857         |   32|   0|   32|          0|
    |add_ln703_1_reg_47087          |   32|   0|   32|          0|
    |add_ln703_21_reg_47257         |   34|   0|   34|          0|
    |add_ln703_24_reg_46862         |   32|   0|   32|          0|
    |add_ln703_26_reg_46867         |   32|   0|   32|          0|
    |add_ln703_27_reg_46962         |   33|   0|   33|          0|
    |add_ln703_29_reg_46967         |   32|   0|   32|          0|
    |add_ln703_31_reg_46972         |   32|   0|   32|          0|
    |add_ln703_33_reg_47117         |   34|   0|   34|          0|
    |add_ln703_35_reg_46977         |   32|   0|   32|          0|
    |add_ln703_37_reg_46872         |   32|   0|   32|          0|
    |add_ln703_3_reg_47092          |   32|   0|   32|          0|
    |add_ln703_40_reg_46877         |   32|   0|   32|          0|
    |add_ln703_42_reg_46882         |   32|   0|   32|          0|
    |add_ln703_43_reg_46982         |   33|   0|   33|          0|
    |add_ln703_44_reg_47122         |   34|   0|   34|          0|
    |add_ln703_45_reg_47262         |   35|   0|   35|          0|
    |add_ln703_46_reg_47307         |   36|   0|   36|          0|
    |add_ln703_48_reg_46887         |   32|   0|   32|          0|
    |add_ln703_50_reg_46987         |   32|   0|   32|          0|
    |add_ln703_53_reg_46992         |   32|   0|   32|          0|
    |add_ln703_55_reg_46997         |   32|   0|   32|          0|
    |add_ln703_57_reg_47127         |   34|   0|   34|          0|
    |add_ln703_59_reg_47002         |   32|   0|   32|          0|
    |add_ln703_61_reg_47132         |   32|   0|   32|          0|
    |add_ln703_64_reg_47137         |   32|   0|   32|          0|
    |add_ln703_66_reg_47142         |   32|   0|   32|          0|
    |add_ln703_68_reg_47267         |   34|   0|   34|          0|
    |add_ln703_6_reg_47097          |   32|   0|   32|          0|
    |add_ln703_71_reg_47147         |   32|   0|   32|          0|
    |add_ln703_73_reg_47152         |   32|   0|   32|          0|
    |add_ln703_76_reg_47157         |   32|   0|   32|          0|
    |add_ln703_78_reg_47162         |   32|   0|   32|          0|
    |add_ln703_7_reg_46952          |   31|   0|   31|          0|
    |add_ln703_80_reg_47272         |   34|   0|   34|          0|
    |add_ln703_82_reg_47167         |   32|   0|   32|          0|
    |add_ln703_84_reg_47172         |   32|   0|   32|          0|
    |add_ln703_87_reg_47177         |   32|   0|   32|          0|
    |add_ln703_8_reg_47102          |   32|   0|   32|          0|
    |add_ln703_90_reg_47007         |   32|   0|   32|          0|
    |add_ln703_92_reg_47277         |   34|   0|   34|          0|
    |add_ln703_94_reg_47312         |   36|   0|   36|          0|
    |add_ln703_97_reg_47012         |   32|   0|   32|          0|
    |add_ln703_99_reg_47017         |   32|   0|   32|          0|
    |ap_CS_fsm                      |   53|   0|   53|          0|
    |ap_enable_reg_pp0_iter0        |    1|   0|    1|          0|
    |ap_enable_reg_pp0_iter1        |    1|   0|    1|          0|
    |ap_enable_reg_pp0_iter2        |    1|   0|    1|          0|
    |ap_enable_reg_pp0_iter3        |    1|   0|    1|          0|
    |ap_enable_reg_pp0_iter4        |    1|   0|    1|          0|
    |ap_enable_reg_pp0_iter5        |    1|   0|    1|          0|
    |ap_enable_reg_pp0_iter6        |    1|   0|    1|          0|
    |ap_enable_reg_pp1_iter0        |    1|   0|    1|          0|
    |ap_enable_reg_pp1_iter1        |    1|   0|    1|          0|
    |ap_enable_reg_pp1_iter2        |    1|   0|    1|          0|
    |ap_enable_reg_pp2_iter0        |    1|   0|    1|          0|
    |ap_enable_reg_pp2_iter1        |    1|   0|    1|          0|
    |ap_enable_reg_pp2_iter2        |    1|   0|    1|          0|
    |ap_enable_reg_pp2_iter3        |    1|   0|    1|          0|
    |ap_enable_reg_pp2_iter4        |    1|   0|    1|          0|
    |ap_enable_reg_pp2_iter5        |    1|   0|    1|          0|
    |ap_enable_reg_pp2_iter6        |    1|   0|    1|          0|
    |ap_enable_reg_pp2_iter7        |    1|   0|    1|          0|
    |ap_enable_reg_pp2_iter8        |    1|   0|    1|          0|
    |ap_enable_reg_pp2_iter9        |    1|   0|    1|          0|
    |b_reg_3450                     |    2|   0|    2|          0|
    |band_V_0_fu_994                |   40|   0|   40|          0|
    |band_V_1_reg_47327             |   40|   0|   40|          0|
    |band_V_2_reg_47332             |   40|   0|   40|          0|
    |band_V_3_reg_47337             |   40|   0|   40|          0|
    |empty_17_reg_45812             |    9|   0|    9|          0|
    |hist_V_0_load_10_reg_44187     |   16|   0|   16|          0|
    |hist_V_0_load_11_reg_44212     |   16|   0|   16|          0|
    |hist_V_0_load_12_reg_44237     |   16|   0|   16|          0|
    |hist_V_0_load_13_reg_44262     |   16|   0|   16|          0|
    |hist_V_0_load_14_reg_44287     |   16|   0|   16|          0|
    |hist_V_0_load_15_reg_44312     |   16|   0|   16|          0|
    |hist_V_0_load_16_reg_44337     |   16|   0|   16|          0|
    |hist_V_0_load_17_reg_44362     |   16|   0|   16|          0|
    |hist_V_0_load_18_reg_44387     |   16|   0|   16|          0|
    |hist_V_0_load_19_reg_44412     |   16|   0|   16|          0|
    |hist_V_0_load_1_reg_43962      |   16|   0|   16|          0|
    |hist_V_0_load_20_reg_44437     |   16|   0|   16|          0|
    |hist_V_0_load_21_reg_44462     |   16|   0|   16|          0|
    |hist_V_0_load_22_reg_44487     |   16|   0|   16|          0|
    |hist_V_0_load_23_reg_44512     |   16|   0|   16|          0|
    |hist_V_0_load_24_reg_44537     |   16|   0|   16|          0|
    |hist_V_0_load_25_reg_44562     |   16|   0|   16|          0|
    |hist_V_0_load_26_reg_44587     |   16|   0|   16|          0|
    |hist_V_0_load_27_reg_44612     |   16|   0|   16|          0|
    |hist_V_0_load_28_reg_44637     |   16|   0|   16|          0|
    |hist_V_0_load_29_reg_44662     |   16|   0|   16|          0|
    |hist_V_0_load_2_reg_43987      |   16|   0|   16|          0|
    |hist_V_0_load_30_reg_44687     |   16|   0|   16|          0|
    |hist_V_0_load_31_reg_44712     |   16|   0|   16|          0|
    |hist_V_0_load_32_reg_44737     |   16|   0|   16|          0|
    |hist_V_0_load_33_reg_44762     |   16|   0|   16|          0|
    |hist_V_0_load_34_reg_44787     |   16|   0|   16|          0|
    |hist_V_0_load_35_reg_44812     |   16|   0|   16|          0|
    |hist_V_0_load_3_reg_44012      |   16|   0|   16|          0|
    |hist_V_0_load_4_reg_44037      |   16|   0|   16|          0|
    |hist_V_0_load_5_reg_44062      |   16|   0|   16|          0|
    |hist_V_0_load_6_reg_44087      |   16|   0|   16|          0|
    |hist_V_0_load_7_reg_44112      |   16|   0|   16|          0|
    |hist_V_0_load_8_reg_44137      |   16|   0|   16|          0|
    |hist_V_0_load_9_reg_44162      |   16|   0|   16|          0|
    |hist_V_0_load_reg_43937        |   16|   0|   16|          0|
    |hist_V_1_load_10_reg_44142     |   16|   0|   16|          0|
    |hist_V_1_load_11_reg_44167     |   16|   0|   16|          0|
    |hist_V_1_load_12_reg_44192     |   16|   0|   16|          0|
    |hist_V_1_load_13_reg_44217     |   16|   0|   16|          0|
    |hist_V_1_load_14_reg_44242     |   16|   0|   16|          0|
    |hist_V_1_load_15_reg_44267     |   16|   0|   16|          0|
    |hist_V_1_load_16_reg_44292     |   16|   0|   16|          0|
    |hist_V_1_load_17_reg_44317     |   16|   0|   16|          0|
    |hist_V_1_load_18_reg_44342     |   16|   0|   16|          0|
    |hist_V_1_load_19_reg_44367     |   16|   0|   16|          0|
    |hist_V_1_load_1_reg_43917      |   16|   0|   16|          0|
    |hist_V_1_load_20_reg_44392     |   16|   0|   16|          0|
    |hist_V_1_load_21_reg_44417     |   16|   0|   16|          0|
    |hist_V_1_load_22_reg_44442     |   16|   0|   16|          0|
    |hist_V_1_load_23_reg_44467     |   16|   0|   16|          0|
    |hist_V_1_load_24_reg_44492     |   16|   0|   16|          0|
    |hist_V_1_load_25_reg_44517     |   16|   0|   16|          0|
    |hist_V_1_load_26_reg_44542     |   16|   0|   16|          0|
    |hist_V_1_load_27_reg_44567     |   16|   0|   16|          0|
    |hist_V_1_load_28_reg_44592     |   16|   0|   16|          0|
    |hist_V_1_load_29_reg_44617     |   16|   0|   16|          0|
    |hist_V_1_load_2_reg_43942      |   16|   0|   16|          0|
    |hist_V_1_load_30_reg_44642     |   16|   0|   16|          0|
    |hist_V_1_load_31_reg_44667     |   16|   0|   16|          0|
    |hist_V_1_load_32_reg_44692     |   16|   0|   16|          0|
    |hist_V_1_load_33_reg_44717     |   16|   0|   16|          0|
    |hist_V_1_load_34_reg_44742     |   16|   0|   16|          0|
    |hist_V_1_load_35_reg_44767     |   16|   0|   16|          0|
    |hist_V_1_load_36_reg_44792     |   16|   0|   16|          0|
    |hist_V_1_load_37_reg_44817     |   16|   0|   16|          0|
    |hist_V_1_load_3_reg_43967      |   16|   0|   16|          0|
    |hist_V_1_load_4_reg_43992      |   16|   0|   16|          0|
    |hist_V_1_load_5_reg_44017      |   16|   0|   16|          0|
    |hist_V_1_load_6_reg_44042      |   16|   0|   16|          0|
    |hist_V_1_load_7_reg_44067      |   16|   0|   16|          0|
    |hist_V_1_load_8_reg_44092      |   16|   0|   16|          0|
    |hist_V_1_load_9_reg_44117      |   16|   0|   16|          0|
    |hist_V_2_load_10_reg_44172     |   16|   0|   16|          0|
    |hist_V_2_load_11_reg_44197     |   16|   0|   16|          0|
    |hist_V_2_load_12_reg_44222     |   16|   0|   16|          0|
    |hist_V_2_load_13_reg_44247     |   16|   0|   16|          0|
    |hist_V_2_load_14_reg_44272     |   16|   0|   16|          0|
    |hist_V_2_load_15_reg_44297     |   16|   0|   16|          0|
    |hist_V_2_load_16_reg_44322     |   16|   0|   16|          0|
    |hist_V_2_load_17_reg_44347     |   16|   0|   16|          0|
    |hist_V_2_load_18_reg_44372     |   16|   0|   16|          0|
    |hist_V_2_load_19_reg_44397     |   16|   0|   16|          0|
    |hist_V_2_load_1_reg_43947      |   16|   0|   16|          0|
    |hist_V_2_load_20_reg_44422     |   16|   0|   16|          0|
    |hist_V_2_load_21_reg_44447     |   16|   0|   16|          0|
    |hist_V_2_load_22_reg_44472     |   16|   0|   16|          0|
    |hist_V_2_load_23_reg_44497     |   16|   0|   16|          0|
    |hist_V_2_load_24_reg_44522     |   16|   0|   16|          0|
    |hist_V_2_load_25_reg_44547     |   16|   0|   16|          0|
    |hist_V_2_load_26_reg_44572     |   16|   0|   16|          0|
    |hist_V_2_load_27_reg_44597     |   16|   0|   16|          0|
    |hist_V_2_load_28_reg_44622     |   16|   0|   16|          0|
    |hist_V_2_load_29_reg_44647     |   16|   0|   16|          0|
    |hist_V_2_load_2_reg_43972      |   16|   0|   16|          0|
    |hist_V_2_load_30_reg_44672     |   16|   0|   16|          0|
    |hist_V_2_load_31_reg_44697     |   16|   0|   16|          0|
    |hist_V_2_load_32_reg_44722     |   16|   0|   16|          0|
    |hist_V_2_load_33_reg_44747     |   16|   0|   16|          0|
    |hist_V_2_load_34_reg_44772     |   16|   0|   16|          0|
    |hist_V_2_load_35_reg_44797     |   16|   0|   16|          0|
    |hist_V_2_load_36_reg_44822     |   16|   0|   16|          0|
    |hist_V_2_load_3_reg_43997      |   16|   0|   16|          0|
    |hist_V_2_load_4_reg_44022      |   16|   0|   16|          0|
    |hist_V_2_load_5_reg_44047      |   16|   0|   16|          0|
    |hist_V_2_load_6_reg_44072      |   16|   0|   16|          0|
    |hist_V_2_load_7_reg_44097      |   16|   0|   16|          0|
    |hist_V_2_load_8_reg_44122      |   16|   0|   16|          0|
    |hist_V_2_load_9_reg_44147      |   16|   0|   16|          0|
    |hist_V_2_load_reg_43922        |   16|   0|   16|          0|
    |hist_V_3_load_10_reg_44177     |   16|   0|   16|          0|
    |hist_V_3_load_11_reg_44202     |   16|   0|   16|          0|
    |hist_V_3_load_12_reg_44227     |   16|   0|   16|          0|
    |hist_V_3_load_13_reg_44252     |   16|   0|   16|          0|
    |hist_V_3_load_14_reg_44277     |   16|   0|   16|          0|
    |hist_V_3_load_15_reg_44302     |   16|   0|   16|          0|
    |hist_V_3_load_16_reg_44327     |   16|   0|   16|          0|
    |hist_V_3_load_17_reg_44352     |   16|   0|   16|          0|
    |hist_V_3_load_18_reg_44377     |   16|   0|   16|          0|
    |hist_V_3_load_19_reg_44402     |   16|   0|   16|          0|
    |hist_V_3_load_1_reg_43952      |   16|   0|   16|          0|
    |hist_V_3_load_20_reg_44427     |   16|   0|   16|          0|
    |hist_V_3_load_21_reg_44452     |   16|   0|   16|          0|
    |hist_V_3_load_22_reg_44477     |   16|   0|   16|          0|
    |hist_V_3_load_23_reg_44502     |   16|   0|   16|          0|
    |hist_V_3_load_24_reg_44527     |   16|   0|   16|          0|
    |hist_V_3_load_25_reg_44552     |   16|   0|   16|          0|
    |hist_V_3_load_26_reg_44577     |   16|   0|   16|          0|
    |hist_V_3_load_27_reg_44602     |   16|   0|   16|          0|
    |hist_V_3_load_28_reg_44627     |   16|   0|   16|          0|
    |hist_V_3_load_29_reg_44652     |   16|   0|   16|          0|
    |hist_V_3_load_2_reg_43977      |   16|   0|   16|          0|
    |hist_V_3_load_30_reg_44677     |   16|   0|   16|          0|
    |hist_V_3_load_31_reg_44702     |   16|   0|   16|          0|
    |hist_V_3_load_32_reg_44727     |   16|   0|   16|          0|
    |hist_V_3_load_33_reg_44752     |   16|   0|   16|          0|
    |hist_V_3_load_34_reg_44777     |   16|   0|   16|          0|
    |hist_V_3_load_35_reg_44802     |   16|   0|   16|          0|
    |hist_V_3_load_36_reg_44827     |   16|   0|   16|          0|
    |hist_V_3_load_3_reg_44002      |   16|   0|   16|          0|
    |hist_V_3_load_4_reg_44027      |   16|   0|   16|          0|
    |hist_V_3_load_5_reg_44052      |   16|   0|   16|          0|
    |hist_V_3_load_6_reg_44077      |   16|   0|   16|          0|
    |hist_V_3_load_7_reg_44102      |   16|   0|   16|          0|
    |hist_V_3_load_8_reg_44127      |   16|   0|   16|          0|
    |hist_V_3_load_9_reg_44152      |   16|   0|   16|          0|
    |hist_V_3_load_reg_43927        |   16|   0|   16|          0|
    |hist_V_4_load_10_reg_44182     |   16|   0|   16|          0|
    |hist_V_4_load_11_reg_44207     |   16|   0|   16|          0|
    |hist_V_4_load_12_reg_44232     |   16|   0|   16|          0|
    |hist_V_4_load_13_reg_44257     |   16|   0|   16|          0|
    |hist_V_4_load_14_reg_44282     |   16|   0|   16|          0|
    |hist_V_4_load_15_reg_44307     |   16|   0|   16|          0|
    |hist_V_4_load_16_reg_44332     |   16|   0|   16|          0|
    |hist_V_4_load_17_reg_44357     |   16|   0|   16|          0|
    |hist_V_4_load_18_reg_44382     |   16|   0|   16|          0|
    |hist_V_4_load_19_reg_44407     |   16|   0|   16|          0|
    |hist_V_4_load_1_reg_43957      |   16|   0|   16|          0|
    |hist_V_4_load_20_reg_44432     |   16|   0|   16|          0|
    |hist_V_4_load_21_reg_44457     |   16|   0|   16|          0|
    |hist_V_4_load_22_reg_44482     |   16|   0|   16|          0|
    |hist_V_4_load_23_reg_44507     |   16|   0|   16|          0|
    |hist_V_4_load_24_reg_44532     |   16|   0|   16|          0|
    |hist_V_4_load_25_reg_44557     |   16|   0|   16|          0|
    |hist_V_4_load_26_reg_44582     |   16|   0|   16|          0|
    |hist_V_4_load_27_reg_44607     |   16|   0|   16|          0|
    |hist_V_4_load_28_reg_44632     |   16|   0|   16|          0|
    |hist_V_4_load_29_reg_44657     |   16|   0|   16|          0|
    |hist_V_4_load_2_reg_43982      |   16|   0|   16|          0|
    |hist_V_4_load_30_reg_44682     |   16|   0|   16|          0|
    |hist_V_4_load_31_reg_44707     |   16|   0|   16|          0|
    |hist_V_4_load_32_reg_44732     |   16|   0|   16|          0|
    |hist_V_4_load_33_reg_44757     |   16|   0|   16|          0|
    |hist_V_4_load_34_reg_44782     |   16|   0|   16|          0|
    |hist_V_4_load_35_reg_44807     |   16|   0|   16|          0|
    |hist_V_4_load_36_reg_44832     |   16|   0|   16|          0|
    |hist_V_4_load_3_reg_44007      |   16|   0|   16|          0|
    |hist_V_4_load_4_reg_44032      |   16|   0|   16|          0|
    |hist_V_4_load_5_reg_44057      |   16|   0|   16|          0|
    |hist_V_4_load_6_reg_44082      |   16|   0|   16|          0|
    |hist_V_4_load_7_reg_44107      |   16|   0|   16|          0|
    |hist_V_4_load_8_reg_44132      |   16|   0|   16|          0|
    |hist_V_4_load_9_reg_44157      |   16|   0|   16|          0|
    |hist_V_4_load_reg_43932        |   16|   0|   16|          0|
    |i_reg_3474                     |    3|   0|    3|          0|
    |icmp_ln1497_reg_47398          |    1|   0|    1|          0|
    |icmp_ln239_reg_43722           |    1|   0|    1|          0|
    |icmp_ln270_reg_43868           |    1|   0|    1|          0|
    |icmp_ln281_reg_45873           |    1|   0|    1|          0|
    |icmp_ln356_reg_47347           |    1|   0|    1|          0|
    |icmp_ln768_2_reg_47446         |    1|   0|    1|          0|
    |icmp_ln786_2_reg_47451         |    1|   0|    1|          0|
    |k_reg_3438                     |    8|   0|    8|          0|
    |mul_ln1118_126_reg_32752       |   31|   0|   31|          0|
    |mul_ln1118_128_reg_32757       |   31|   0|   31|          0|
    |mul_ln1118_140_reg_36742       |   31|   0|   31|          0|
    |mul_ln1118_189_reg_36768       |   31|   0|   31|          0|
    |mul_ln1118_192_reg_36772       |   31|   0|   31|          0|
    |mul_ln1118_5_reg_23108         |   31|   0|   31|          0|
    |mul_ln1118_6_reg_23112         |   31|   0|   31|          0|
    |mul_ln1118_9_reg_23124         |   31|   0|   31|          0|
    |mul_ln1118_reg_23091           |   31|   0|   31|          0|
    |overflow_1_reg_47367           |    1|   0|    1|          0|
    |p_Result_4_reg_47428           |    1|   0|    1|          0|
    |p_Result_5_reg_47440           |    1|   0|    1|          0|
    |p_Val2_12_reg_47434            |   24|   0|   24|          0|
    |p_Val2_8_reg_47357             |   40|   0|   40|          0|
    |p_Val2_9_reg_47362             |   24|   0|   24|          0|
    |phi_mul_reg_3462               |   10|   0|   10|          0|
    |q_1_reg_43774                  |   16|   0|   16|          0|
    |q_2_reg_43779                  |   16|   0|   16|          0|
    |q_3_reg_43784                  |   16|   0|   16|          0|
    |q_reg_43769                    |   16|   0|   16|          0|
    |ratio_V_reg_47393              |   24|   0|   24|          0|
    |reg_23095                      |   31|   0|   31|          0|
    |reg_23099                      |   31|   0|   31|          0|
    |reg_23104                      |   31|   0|   31|          0|
    |reg_23116                      |   31|   0|   31|          0|
    |reg_23120                      |   31|   0|   31|          0|
    |reg_23128                      |   31|   0|   31|          0|
    |reg_23132                      |   31|   0|   31|          0|
    |reg_23136                      |   31|   0|   31|          0|
    |reg_23140                      |   31|   0|   31|          0|
    |reg_23144                      |   31|   0|   31|          0|
    |reg_23148                      |   31|   0|   31|          0|
    |reg_23152                      |   31|   0|   31|          0|
    |reg_23156                      |   31|   0|   31|          0|
    |reg_23160                      |   31|   0|   31|          0|
    |reg_23164                      |   31|   0|   31|          0|
    |reg_23168                      |   31|   0|   31|          0|
    |reg_23172                      |   31|   0|   31|          0|
    |reg_23176                      |   31|   0|   31|          0|
    |reg_23180                      |   31|   0|   31|          0|
    |reg_23184                      |   31|   0|   31|          0|
    |reg_23188                      |   31|   0|   31|          0|
    |reg_23192                      |   31|   0|   31|          0|
    |reg_23196                      |   31|   0|   31|          0|
    |reg_23200                      |   31|   0|   31|          0|
    |reg_23204                      |   31|   0|   31|          0|
    |reg_23208                      |   31|   0|   31|          0|
    |reg_23212                      |   31|   0|   31|          0|
    |reg_23216                      |   31|   0|   31|          0|
    |reg_23220                      |   31|   0|   31|          0|
    |reg_23224                      |   31|   0|   31|          0|
    |reg_23228                      |   31|   0|   31|          0|
    |reg_23232                      |   31|   0|   31|          0|
    |reg_23237                      |   31|   0|   31|          0|
    |reg_23241                      |   31|   0|   31|          0|
    |reg_23246                      |   31|   0|   31|          0|
    |reg_23250                      |   31|   0|   31|          0|
    |reg_23254                      |   31|   0|   31|          0|
    |reg_23258                      |   31|   0|   31|          0|
    |reg_23262                      |   31|   0|   31|          0|
    |reg_23266                      |   31|   0|   31|          0|
    |reg_23270                      |   31|   0|   31|          0|
    |reg_23274                      |   31|   0|   31|          0|
    |reg_23278                      |   31|   0|   31|          0|
    |reg_23282                      |   31|   0|   31|          0|
    |reg_23286                      |   31|   0|   31|          0|
    |reg_23290                      |   31|   0|   31|          0|
    |reg_23294                      |   31|   0|   31|          0|
    |reg_23298                      |   31|   0|   31|          0|
    |reg_23302                      |   31|   0|   31|          0|
    |reg_23306                      |   31|   0|   31|          0|
    |reg_23310                      |   31|   0|   31|          0|
    |reg_23314                      |   31|   0|   31|          0|
    |reg_23318                      |   31|   0|   31|          0|
    |reg_23322                      |   31|   0|   31|          0|
    |reg_23326                      |   31|   0|   31|          0|
    |reg_23330                      |   31|   0|   31|          0|
    |reg_23334                      |   31|   0|   31|          0|
    |reg_23338                      |   31|   0|   31|          0|
    |reg_32700                      |   31|   0|   31|          0|
    |reg_32705                      |   31|   0|   31|          0|
    |reg_32709                      |   31|   0|   31|          0|
    |reg_32715                      |   31|   0|   31|          0|
    |reg_32727                      |   31|   0|   31|          0|
    |reg_32739                      |   31|   0|   31|          0|
    |reg_32745                      |   49|   0|   49|          0|
    |reg_3427                       |   32|   0|   32|          0|
    |reg_36864                      |   15|   0|   15|          0|
    |reg_36868                      |   15|   0|   15|          0|
    |reg_36872                      |   15|   0|   15|          0|
    |reg_36876                      |   15|   0|   15|          0|
    |reg_36880                      |   15|   0|   15|          0|
    |reg_36884                      |   15|   0|   15|          0|
    |reg_36888                      |   15|   0|   15|          0|
    |reg_36892                      |   15|   0|   15|          0|
    |reg_36896                      |   15|   0|   15|          0|
    |reg_36900                      |   15|   0|   15|          0|
    |reg_36904                      |   15|   0|   15|          0|
    |reg_36908                      |   15|   0|   15|          0|
    |reg_36912                      |   15|   0|   15|          0|
    |reg_36916                      |   15|   0|   15|          0|
    |reg_36920                      |   15|   0|   15|          0|
    |reg_36924                      |   15|   0|   15|          0|
    |reg_36928                      |   15|   0|   15|          0|
    |reg_36932                      |   15|   0|   15|          0|
    |reg_36936                      |   15|   0|   15|          0|
    |reg_36940                      |   15|   0|   15|          0|
    |reg_36944                      |   15|   0|   15|          0|
    |reg_36948                      |   15|   0|   15|          0|
    |reg_36952                      |   15|   0|   15|          0|
    |reg_36956                      |   15|   0|   15|          0|
    |reg_36960                      |   15|   0|   15|          0|
    |reg_36964                      |   15|   0|   15|          0|
    |reg_36968                      |   15|   0|   15|          0|
    |reg_36972                      |   15|   0|   15|          0|
    |reg_36976                      |   15|   0|   15|          0|
    |reg_36980                      |   15|   0|   15|          0|
    |reg_36984                      |   15|   0|   15|          0|
    |reg_36988                      |   15|   0|   15|          0|
    |reg_36992                      |   15|   0|   15|          0|
    |reg_36996                      |   15|   0|   15|          0|
    |reg_37000                      |   15|   0|   15|          0|
    |reg_37004                      |   15|   0|   15|          0|
    |reg_37008                      |   15|   0|   15|          0|
    |reg_37012                      |   15|   0|   15|          0|
    |reg_37016                      |   15|   0|   15|          0|
    |reg_37020                      |   15|   0|   15|          0|
    |reg_37024                      |   15|   0|   15|          0|
    |reg_37028                      |   15|   0|   15|          0|
    |reg_37032                      |   15|   0|   15|          0|
    |reg_37036                      |   15|   0|   15|          0|
    |reg_37040                      |   15|   0|   15|          0|
    |reg_37044                      |   15|   0|   15|          0|
    |reg_37048                      |   15|   0|   15|          0|
    |reg_37052                      |   15|   0|   15|          0|
    |reg_37056                      |   15|   0|   15|          0|
    |reg_37060                      |   15|   0|   15|          0|
    |reg_37064                      |   15|   0|   15|          0|
    |reg_37068                      |   15|   0|   15|          0|
    |reg_37072                      |   15|   0|   15|          0|
    |reg_37076                      |   15|   0|   15|          0|
    |reg_37080                      |   15|   0|   15|          0|
    |reg_37084                      |   15|   0|   15|          0|
    |reg_37088                      |   15|   0|   15|          0|
    |reg_37092                      |   15|   0|   15|          0|
    |reg_37096                      |   15|   0|   15|          0|
    |reg_37100                      |   15|   0|   15|          0|
    |reg_37104                      |   15|   0|   15|          0|
    |reg_37108                      |   15|   0|   15|          0|
    |reg_37112                      |   15|   0|   15|          0|
    |reg_37116                      |   15|   0|   15|          0|
    |reg_37120                      |   15|   0|   15|          0|
    |reg_3981                       |   31|   0|   31|          0|
    |reg_4368                       |   31|   0|   31|          0|
    |ret_V_2_reg_47408              |   25|   0|   25|          0|
    |ret_V_reg_47413                |   49|   0|   49|          0|
    |select_ln340_2_reg_47378       |   24|   0|   24|          0|
    |sext_ln1116_100_reg_45332      |   31|   0|   31|          0|
    |sext_ln1116_101_reg_45337      |   31|   0|   31|          0|
    |sext_ln1116_102_reg_45342      |   31|   0|   31|          0|
    |sext_ln1116_103_reg_45347      |   31|   0|   31|          0|
    |sext_ln1116_104_reg_45352      |   31|   0|   31|          0|
    |sext_ln1116_105_reg_45357      |   31|   0|   31|          0|
    |sext_ln1116_106_reg_45362      |   31|   0|   31|          0|
    |sext_ln1116_107_reg_45367      |   31|   0|   31|          0|
    |sext_ln1116_108_reg_45372      |   31|   0|   31|          0|
    |sext_ln1116_109_reg_45377      |   31|   0|   31|          0|
    |sext_ln1116_10_reg_44882       |   31|   0|   31|          0|
    |sext_ln1116_110_reg_45382      |   31|   0|   31|          0|
    |sext_ln1116_111_reg_45387      |   31|   0|   31|          0|
    |sext_ln1116_112_reg_45392      |   31|   0|   31|          0|
    |sext_ln1116_113_reg_45397      |   31|   0|   31|          0|
    |sext_ln1116_114_reg_45402      |   31|   0|   31|          0|
    |sext_ln1116_115_reg_45407      |   31|   0|   31|          0|
    |sext_ln1116_116_reg_45412      |   31|   0|   31|          0|
    |sext_ln1116_117_reg_45417      |   31|   0|   31|          0|
    |sext_ln1116_118_reg_45422      |   31|   0|   31|          0|
    |sext_ln1116_119_reg_45427      |   31|   0|   31|          0|
    |sext_ln1116_11_reg_44887       |   31|   0|   31|          0|
    |sext_ln1116_120_reg_45432      |   31|   0|   31|          0|
    |sext_ln1116_121_reg_45437      |   31|   0|   31|          0|
    |sext_ln1116_122_reg_45442      |   31|   0|   31|          0|
    |sext_ln1116_123_reg_45447      |   31|   0|   31|          0|
    |sext_ln1116_124_reg_45452      |   31|   0|   31|          0|
    |sext_ln1116_125_reg_45457      |   31|   0|   31|          0|
    |sext_ln1116_126_reg_45462      |   31|   0|   31|          0|
    |sext_ln1116_127_reg_45467      |   31|   0|   31|          0|
    |sext_ln1116_128_reg_45472      |   31|   0|   31|          0|
    |sext_ln1116_129_reg_45477      |   31|   0|   31|          0|
    |sext_ln1116_12_reg_44892       |   31|   0|   31|          0|
    |sext_ln1116_130_reg_45482      |   31|   0|   31|          0|
    |sext_ln1116_131_reg_45487      |   31|   0|   31|          0|
    |sext_ln1116_132_reg_45492      |   31|   0|   31|          0|
    |sext_ln1116_133_reg_45497      |   31|   0|   31|          0|
    |sext_ln1116_134_reg_45502      |   31|   0|   31|          0|
    |sext_ln1116_135_reg_45507      |   31|   0|   31|          0|
    |sext_ln1116_136_reg_45512      |   31|   0|   31|          0|
    |sext_ln1116_137_reg_45517      |   31|   0|   31|          0|
    |sext_ln1116_138_reg_45522      |   31|   0|   31|          0|
    |sext_ln1116_139_reg_45527      |   31|   0|   31|          0|
    |sext_ln1116_13_reg_44897       |   31|   0|   31|          0|
    |sext_ln1116_140_reg_45532      |   31|   0|   31|          0|
    |sext_ln1116_141_reg_45537      |   31|   0|   31|          0|
    |sext_ln1116_142_reg_45542      |   31|   0|   31|          0|
    |sext_ln1116_143_reg_45547      |   31|   0|   31|          0|
    |sext_ln1116_144_reg_45552      |   31|   0|   31|          0|
    |sext_ln1116_145_reg_45557      |   31|   0|   31|          0|
    |sext_ln1116_146_reg_45562      |   31|   0|   31|          0|
    |sext_ln1116_147_reg_45567      |   31|   0|   31|          0|
    |sext_ln1116_148_reg_45572      |   31|   0|   31|          0|
    |sext_ln1116_149_reg_45577      |   31|   0|   31|          0|
    |sext_ln1116_14_reg_44902       |   31|   0|   31|          0|
    |sext_ln1116_150_reg_45582      |   31|   0|   31|          0|
    |sext_ln1116_151_reg_45587      |   31|   0|   31|          0|
    |sext_ln1116_152_reg_45592      |   31|   0|   31|          0|
    |sext_ln1116_153_reg_45597      |   31|   0|   31|          0|
    |sext_ln1116_154_reg_45602      |   31|   0|   31|          0|
    |sext_ln1116_155_reg_45607      |   31|   0|   31|          0|
    |sext_ln1116_156_reg_45612      |   31|   0|   31|          0|
    |sext_ln1116_157_reg_45617      |   31|   0|   31|          0|
    |sext_ln1116_158_reg_45622      |   31|   0|   31|          0|
    |sext_ln1116_159_reg_45627      |   31|   0|   31|          0|
    |sext_ln1116_15_reg_44907       |   31|   0|   31|          0|
    |sext_ln1116_160_reg_45632      |   31|   0|   31|          0|
    |sext_ln1116_161_reg_45637      |   31|   0|   31|          0|
    |sext_ln1116_162_reg_45642      |   31|   0|   31|          0|
    |sext_ln1116_163_reg_45647      |   31|   0|   31|          0|
    |sext_ln1116_164_reg_45652      |   31|   0|   31|          0|
    |sext_ln1116_165_reg_45657      |   31|   0|   31|          0|
    |sext_ln1116_166_reg_45662      |   31|   0|   31|          0|
    |sext_ln1116_167_reg_45667      |   31|   0|   31|          0|
    |sext_ln1116_168_reg_45672      |   31|   0|   31|          0|
    |sext_ln1116_169_reg_45677      |   31|   0|   31|          0|
    |sext_ln1116_16_reg_44912       |   31|   0|   31|          0|
    |sext_ln1116_170_reg_45682      |   31|   0|   31|          0|
    |sext_ln1116_171_reg_45687      |   31|   0|   31|          0|
    |sext_ln1116_172_reg_45692      |   31|   0|   31|          0|
    |sext_ln1116_173_reg_45697      |   31|   0|   31|          0|
    |sext_ln1116_174_reg_45702      |   31|   0|   31|          0|
    |sext_ln1116_175_reg_45707      |   31|   0|   31|          0|
    |sext_ln1116_176_reg_45712      |   31|   0|   31|          0|
    |sext_ln1116_177_reg_45717      |   31|   0|   31|          0|
    |sext_ln1116_178_reg_45722      |   31|   0|   31|          0|
    |sext_ln1116_179_reg_45727      |   31|   0|   31|          0|
    |sext_ln1116_17_reg_44917       |   31|   0|   31|          0|
    |sext_ln1116_180_reg_45732      |   31|   0|   31|          0|
    |sext_ln1116_181_reg_45737      |   31|   0|   31|          0|
    |sext_ln1116_182_reg_45742      |   31|   0|   31|          0|
    |sext_ln1116_183_reg_45747      |   31|   0|   31|          0|
    |sext_ln1116_184_reg_45752      |   31|   0|   31|          0|
    |sext_ln1116_185_reg_45757      |   31|   0|   31|          0|
    |sext_ln1116_186_reg_45762      |   31|   0|   31|          0|
    |sext_ln1116_187_reg_45767      |   31|   0|   31|          0|
    |sext_ln1116_188_reg_45772      |   31|   0|   31|          0|
    |sext_ln1116_189_reg_45777      |   31|   0|   31|          0|
    |sext_ln1116_18_reg_44922       |   31|   0|   31|          0|
    |sext_ln1116_190_reg_45782      |   31|   0|   31|          0|
    |sext_ln1116_191_reg_45787      |   31|   0|   31|          0|
    |sext_ln1116_192_reg_45792      |   31|   0|   31|          0|
    |sext_ln1116_193_reg_45797      |   31|   0|   31|          0|
    |sext_ln1116_19_reg_44927       |   31|   0|   31|          0|
    |sext_ln1116_1_reg_44837        |   31|   0|   31|          0|
    |sext_ln1116_20_reg_44932       |   31|   0|   31|          0|
    |sext_ln1116_21_reg_44937       |   31|   0|   31|          0|
    |sext_ln1116_22_reg_44942       |   31|   0|   31|          0|
    |sext_ln1116_23_reg_44947       |   31|   0|   31|          0|
    |sext_ln1116_24_reg_44952       |   31|   0|   31|          0|
    |sext_ln1116_25_reg_44957       |   31|   0|   31|          0|
    |sext_ln1116_26_reg_44962       |   31|   0|   31|          0|
    |sext_ln1116_27_reg_44967       |   31|   0|   31|          0|
    |sext_ln1116_28_reg_44972       |   31|   0|   31|          0|
    |sext_ln1116_29_reg_44977       |   31|   0|   31|          0|
    |sext_ln1116_2_reg_44842        |   31|   0|   31|          0|
    |sext_ln1116_30_reg_44982       |   31|   0|   31|          0|
    |sext_ln1116_31_reg_44987       |   31|   0|   31|          0|
    |sext_ln1116_32_reg_44992       |   31|   0|   31|          0|
    |sext_ln1116_33_reg_44997       |   31|   0|   31|          0|
    |sext_ln1116_34_reg_45002       |   31|   0|   31|          0|
    |sext_ln1116_35_reg_45007       |   31|   0|   31|          0|
    |sext_ln1116_36_reg_45012       |   31|   0|   31|          0|
    |sext_ln1116_37_reg_45017       |   31|   0|   31|          0|
    |sext_ln1116_38_reg_45022       |   31|   0|   31|          0|
    |sext_ln1116_39_reg_45027       |   31|   0|   31|          0|
    |sext_ln1116_3_reg_44847        |   31|   0|   31|          0|
    |sext_ln1116_40_reg_45032       |   31|   0|   31|          0|
    |sext_ln1116_41_reg_45037       |   31|   0|   31|          0|
    |sext_ln1116_42_reg_45042       |   31|   0|   31|          0|
    |sext_ln1116_43_reg_45047       |   31|   0|   31|          0|
    |sext_ln1116_44_reg_45052       |   31|   0|   31|          0|
    |sext_ln1116_45_reg_45057       |   31|   0|   31|          0|
    |sext_ln1116_46_reg_45062       |   31|   0|   31|          0|
    |sext_ln1116_47_reg_45067       |   31|   0|   31|          0|
    |sext_ln1116_48_reg_45072       |   31|   0|   31|          0|
    |sext_ln1116_49_reg_45077       |   31|   0|   31|          0|
    |sext_ln1116_4_reg_44852        |   31|   0|   31|          0|
    |sext_ln1116_50_reg_45082       |   31|   0|   31|          0|
    |sext_ln1116_51_reg_45087       |   31|   0|   31|          0|
    |sext_ln1116_52_reg_45092       |   31|   0|   31|          0|
    |sext_ln1116_53_reg_45097       |   31|   0|   31|          0|
    |sext_ln1116_54_reg_45102       |   31|   0|   31|          0|
    |sext_ln1116_55_reg_45107       |   31|   0|   31|          0|
    |sext_ln1116_56_reg_45112       |   31|   0|   31|          0|
    |sext_ln1116_57_reg_45117       |   31|   0|   31|          0|
    |sext_ln1116_58_reg_45122       |   31|   0|   31|          0|
    |sext_ln1116_59_reg_45127       |   31|   0|   31|          0|
    |sext_ln1116_5_reg_44857        |   31|   0|   31|          0|
    |sext_ln1116_60_reg_45132       |   31|   0|   31|          0|
    |sext_ln1116_61_reg_45137       |   31|   0|   31|          0|
    |sext_ln1116_62_reg_45142       |   31|   0|   31|          0|
    |sext_ln1116_63_reg_45147       |   31|   0|   31|          0|
    |sext_ln1116_64_reg_45152       |   31|   0|   31|          0|
    |sext_ln1116_65_reg_45157       |   31|   0|   31|          0|
    |sext_ln1116_66_reg_45162       |   31|   0|   31|          0|
    |sext_ln1116_67_reg_45167       |   31|   0|   31|          0|
    |sext_ln1116_68_reg_45172       |   31|   0|   31|          0|
    |sext_ln1116_69_reg_45177       |   31|   0|   31|          0|
    |sext_ln1116_6_reg_44862        |   31|   0|   31|          0|
    |sext_ln1116_70_reg_45182       |   31|   0|   31|          0|
    |sext_ln1116_71_reg_45187       |   31|   0|   31|          0|
    |sext_ln1116_72_reg_45192       |   31|   0|   31|          0|
    |sext_ln1116_73_reg_45197       |   31|   0|   31|          0|
    |sext_ln1116_74_reg_45202       |   31|   0|   31|          0|
    |sext_ln1116_75_reg_45207       |   31|   0|   31|          0|
    |sext_ln1116_76_reg_45212       |   31|   0|   31|          0|
    |sext_ln1116_77_reg_45217       |   31|   0|   31|          0|
    |sext_ln1116_78_reg_45222       |   31|   0|   31|          0|
    |sext_ln1116_79_reg_45227       |   31|   0|   31|          0|
    |sext_ln1116_7_reg_44867        |   31|   0|   31|          0|
    |sext_ln1116_80_reg_45232       |   31|   0|   31|          0|
    |sext_ln1116_81_reg_45237       |   31|   0|   31|          0|
    |sext_ln1116_82_reg_45242       |   31|   0|   31|          0|
    |sext_ln1116_83_reg_45247       |   31|   0|   31|          0|
    |sext_ln1116_84_reg_45252       |   31|   0|   31|          0|
    |sext_ln1116_85_reg_45257       |   31|   0|   31|          0|
    |sext_ln1116_86_reg_45262       |   31|   0|   31|          0|
    |sext_ln1116_87_reg_45267       |   31|   0|   31|          0|
    |sext_ln1116_88_reg_45272       |   31|   0|   31|          0|
    |sext_ln1116_89_reg_45277       |   31|   0|   31|          0|
    |sext_ln1116_8_reg_44872        |   31|   0|   31|          0|
    |sext_ln1116_90_reg_45282       |   31|   0|   31|          0|
    |sext_ln1116_91_reg_45287       |   31|   0|   31|          0|
    |sext_ln1116_92_reg_45292       |   31|   0|   31|          0|
    |sext_ln1116_93_reg_45297       |   31|   0|   31|          0|
    |sext_ln1116_94_reg_45302       |   31|   0|   31|          0|
    |sext_ln1116_95_reg_45307       |   31|   0|   31|          0|
    |sext_ln1116_96_reg_45312       |   31|   0|   31|          0|
    |sext_ln1116_97_reg_45317       |   31|   0|   31|          0|
    |sext_ln1116_98_reg_45322       |   31|   0|   31|          0|
    |sext_ln1116_99_reg_45327       |   31|   0|   31|          0|
    |sext_ln1116_9_reg_44877        |   31|   0|   31|          0|
    |sext_ln1116_reg_43854          |   31|   0|   31|          0|
    |sext_ln259_1_reg_43819         |   17|   0|   24|          7|
    |sext_ln259_2_reg_43829         |   17|   0|   24|          7|
    |sext_ln259_3_reg_43839         |   17|   0|   24|          7|
    |sext_ln259_reg_43809           |   17|   0|   24|          7|
    |sext_ln260_1_reg_43824         |   17|   0|   24|          7|
    |sext_ln260_2_reg_43834         |   17|   0|   24|          7|
    |sext_ln260_3_reg_43844         |   17|   0|   24|          7|
    |sext_ln260_reg_43814           |   17|   0|   24|          7|
    |sext_ln281_reg_45802           |   31|   0|   31|          0|
    |thr_V_reg_47388                |   24|   0|   24|          0|
    |thr_V_reg_47388_pp2_iter2_reg  |   24|   0|   24|          0|
    |tmp_10_reg_47403               |    1|   0|    1|          0|
    |tmp_1_reg_43878                |    6|   0|    6|          0|
    |tobool98_reg_43764             |    1|   0|    1|          0|
    |trunc_ln1265_reg_47351         |    2|   0|    2|          0|
    |trunc_ln271_reg_43888          |    3|   0|    3|          0|
    |underflow_1_reg_47372          |    1|   0|    1|          0|
    |urem_ln271_reg_43883           |    8|   0|    8|          0|
    |x_V_reg_47383                  |   24|   0|   24|          0|
    |ylp_V_1_0224_fu_998            |   40|   0|   40|          0|
    |ylp_V_2_0225_fu_1002           |   40|   0|   40|          0|
    |add_ln270_reg_43872            |   64|  32|    8|          0|
    |b_reg_3450                     |   64|  32|    2|          0|
    |icmp_ln1497_reg_47398          |   64|  32|    1|          0|
    |icmp_ln270_reg_43868           |   64|  32|    1|          0|
    |icmp_ln281_reg_45873           |   64|  32|    1|          0|
    |icmp_ln356_reg_47347           |   64|  32|    1|          0|
    |k_reg_3438                     |   64|  32|    8|          0|
    |p_Val2_8_reg_47357             |   64|  32|   40|          0|
    |tmp_10_reg_47403               |   64|  32|    1|          0|
    |x_V_reg_47383                  |   64|  32|   24|          0|
    +-------------------------------+-----+----+-----+-----------+
    |Total                          |17024| 320|16527|         56|
    +-------------------------------+-----+----+-----+-----------+



================================================================
== Interface
================================================================
* Summary: 
+--------------------+-----+-----+------------+---------------+--------------+
|      RTL Ports     | Dir | Bits|  Protocol  | Source Object |    C Type    |
+--------------------+-----+-----+------------+---------------+--------------+
|ap_clk              |   in|    1|  ap_ctrl_hs|  fir_multiband|  return value|
|ap_rst              |   in|    1|  ap_ctrl_hs|  fir_multiband|  return value|
|ap_start            |   in|    1|  ap_ctrl_hs|  fir_multiband|  return value|
|ap_done             |  out|    1|  ap_ctrl_hs|  fir_multiband|  return value|
|ap_idle             |  out|    1|  ap_ctrl_hs|  fir_multiband|  return value|
|ap_ready            |  out|    1|  ap_ctrl_hs|  fir_multiband|  return value|
|in_r                |   in|   16|     ap_none|           in_r|       pointer|
|out_r               |  out|   16|      ap_vld|          out_r|       pointer|
|out_r_ap_vld        |  out|    1|      ap_vld|          out_r|       pointer|
|length_r            |   in|   32|     ap_none|       length_r|        scalar|
|drc_thr_address0    |  out|    2|   ap_memory|        drc_thr|         array|
|drc_thr_ce0         |  out|    1|   ap_memory|        drc_thr|         array|
|drc_thr_q0          |   in|   16|   ap_memory|        drc_thr|         array|
|drc_thr_address1    |  out|    2|   ap_memory|        drc_thr|         array|
|drc_thr_ce1         |  out|    1|   ap_memory|        drc_thr|         array|
|drc_thr_q1          |   in|   16|   ap_memory|        drc_thr|         array|
|drc_ratio_address0  |  out|    2|   ap_memory|      drc_ratio|         array|
|drc_ratio_ce0       |  out|    1|   ap_memory|      drc_ratio|         array|
|drc_ratio_q0        |   in|   16|   ap_memory|      drc_ratio|         array|
|drc_ratio_address1  |  out|    2|   ap_memory|      drc_ratio|         array|
|drc_ratio_ce1       |  out|    1|   ap_memory|      drc_ratio|         array|
|drc_ratio_q1        |   in|   16|   ap_memory|      drc_ratio|         array|
|reset               |   in|   32|     ap_none|          reset|        scalar|
|bypass              |   in|   32|     ap_none|         bypass|        scalar|
+--------------------+-----+-----+------------+---------------+--------------+

