

================================================================
== Vitis HLS Report for 'fir_multiband'
================================================================
* Date:           Tue Sep 29 17:39:34 2026

* Version:        2020.2 (Build 3064766 on Wed Nov 18 09:12:45 MST 2020)
* Project:        synth_proj
* Solution:       solution1 (Vivado IP Flow Target)
* Product family: zynq
* Target device:  xc7z020-clg400-1


================================================================
== Performance Estimates
================================================================
+ Timing: 
    * Summary: 
    +--------+----------+----------+------------+
    |  Clock |  Target  | Estimated| Uncertainty|
    +--------+----------+----------+------------+
    |ap_clk  |  10.00 ns|  7.266 ns|     2.70 ns|
    +--------+----------+----------+------------+

+ Latency: 
    * Summary: 
    +---------+---------+----------+----------+-----+-----+---------+
    |  Latency (cycles) |  Latency (absolute) |  Interval | Pipeline|
    |   min   |   max   |    min   |    max   | min | max |   Type  |
    +---------+---------+----------+----------+-----+-----+---------+
    |        ?|        ?|         ?|         ?|    ?|    ?|     none|
    +---------+---------+----------+----------+-----+-----+---------+

    + Detail: 
        * Instance: 
        N/A

        * Loop: 
        +---------------------+---------+---------+----------+-----------+-----------+------+----------+
        |                     |  Latency (cycles) | Iteration|  Initiation Interval  | Trip |          |
        |      Loop Name      |   min   |   max   |  Latency |  achieved |   target  | Count| Pipelined|
        +---------------------+---------+---------+----------+-----------+-----------+------+----------+
        |- VITIS_LOOP_213_1   |       65|       65|         1|          1|          1|    65|       yes|
        |- VITIS_LOOP_217_2   |        ?|        ?|       198|          -|          -|     ?|        no|
        | + VITIS_LOOP_224_3  |      137|      137|        12|          2|          1|    64|       yes|
        | + VITIS_LOOP_233_4  |       45|       45|        43|          1|          1|     4|       yes|
        +---------------------+---------+---------+----------+-----------+-----------+------+----------+



================================================================
== Utilization Estimates
================================================================
* Summary: 
+-----------------+---------+-----+--------+--------+-----+
|       Name      | BRAM_18K| DSP |   FF   |   LUT  | URAM|
+-----------------+---------+-----+--------+--------+-----+
|DSP              |        -|    -|       -|       -|    -|
|Expression       |        -|    -|       0|  106176|    -|
|FIFO             |        -|    -|       -|       -|    -|
|Instance         |        -|    3|   11789|    3939|    -|
|Memory           |      128|    -|     160|      20|    -|
|Multiplexer      |        -|    -|       -|     775|    -|
|Register         |        -|    -|   73765|   12640|    -|
+-----------------+---------+-----+--------+--------+-----+
|Total            |      128|    3|   85714|  123550|    0|
+-----------------+---------+-----+--------+--------+-----+
|Available        |      280|  220|  106400|   53200|    0|
+-----------------+---------+-----+--------+--------+-----+
|Utilization (%)  |       45|    1|      80|     232|    0|
+-----------------+---------+-----+--------+--------+-----+

+ Detail: 
    * Instance: 
    +------------------------------+--------------------------+---------+----+-----+-----+-----+
    |           Instance           |          Module          | BRAM_18K| DSP|  FF | LUT | URAM|
    +------------------------------+--------------------------+---------+----+-----+-----+-----+
    |fpext_32ns_64_2_no_dsp_1_U1   |fpext_32ns_64_2_no_dsp_1  |        0|   0|    0|    0|    0|
    |fpext_32ns_64_2_no_dsp_1_U2   |fpext_32ns_64_2_no_dsp_1  |        0|   0|    0|    0|    0|
    |fpext_32ns_64_2_no_dsp_1_U3   |fpext_32ns_64_2_no_dsp_1  |        0|   0|    0|    0|    0|
    |fpext_32ns_64_2_no_dsp_1_U4   |fpext_32ns_64_2_no_dsp_1  |        0|   0|    0|    0|    0|
    |fpext_32ns_64_2_no_dsp_1_U5   |fpext_32ns_64_2_no_dsp_1  |        0|   0|    0|    0|    0|
    |fpext_32ns_64_2_no_dsp_1_U6   |fpext_32ns_64_2_no_dsp_1  |        0|   0|    0|    0|    0|
    |fpext_32ns_64_2_no_dsp_1_U7   |fpext_32ns_64_2_no_dsp_1  |        0|   0|    0|    0|    0|
    |fpext_32ns_64_2_no_dsp_1_U8   |fpext_32ns_64_2_no_dsp_1  |        0|   0|    0|    0|    0|
    |fpext_32ns_64_2_no_dsp_1_U9   |fpext_32ns_64_2_no_dsp_1  |        0|   0|    0|    0|    0|
    |fpext_32ns_64_2_no_dsp_1_U10  |fpext_32ns_64_2_no_dsp_1  |        0|   0|    0|    0|    0|
    |fpext_32ns_64_2_no_dsp_1_U11  |fpext_32ns_64_2_no_dsp_1  |        0|   0|    0|    0|    0|
    |fpext_32ns_64_2_no_dsp_1_U12  |fpext_32ns_64_2_no_dsp_1  |        0|   0|    0|    0|    0|
    |fpext_32ns_64_2_no_dsp_1_U13  |fpext_32ns_64_2_no_dsp_1  |        0|   0|    0|    0|    0|
    |fpext_32ns_64_2_no_dsp_1_U14  |fpext_32ns_64_2_no_dsp_1  |        0|   0|    0|    0|    0|
    |fpext_32ns_64_2_no_dsp_1_U15  |fpext_32ns_64_2_no_dsp_1  |        0|   0|    0|    0|    0|
    |fpext_32ns_64_2_no_dsp_1_U16  |fpext_32ns_64_2_no_dsp_1  |        0|   0|    0|    0|    0|
    |fpext_32ns_64_2_no_dsp_1_U17  |fpext_32ns_64_2_no_dsp_1  |        0|   0|    0|    0|    0|
    |fpext_32ns_64_2_no_dsp_1_U18  |fpext_32ns_64_2_no_dsp_1  |        0|   0|    0|    0|    0|
    |fpext_32ns_64_2_no_dsp_1_U19  |fpext_32ns_64_2_no_dsp_1  |        0|   0|    0|    0|    0|
    |fpext_32ns_64_2_no_dsp_1_U20  |fpext_32ns_64_2_no_dsp_1  |        0|   0|    0|    0|    0|
    |fpext_32ns_64_2_no_dsp_1_U21  |fpext_32ns_64_2_no_dsp_1  |        0|   0|    0|    0|    0|
    |fpext_32ns_64_2_no_dsp_1_U22  |fpext_32ns_64_2_no_dsp_1  |        0|   0|    0|    0|    0|
    |fpext_32ns_64_2_no_dsp_1_U23  |fpext_32ns_64_2_no_dsp_1  |        0|   0|    0|    0|    0|
    |fpext_32ns_64_2_no_dsp_1_U24  |fpext_32ns_64_2_no_dsp_1  |        0|   0|    0|    0|    0|
    |fpext_32ns_64_2_no_dsp_1_U25  |fpext_32ns_64_2_no_dsp_1  |        0|   0|    0|    0|    0|
    |fpext_32ns_64_2_no_dsp_1_U26  |fpext_32ns_64_2_no_dsp_1  |        0|   0|    0|    0|    0|
    |fpext_32ns_64_2_no_dsp_1_U27  |fpext_32ns_64_2_no_dsp_1  |        0|   0|    0|    0|    0|
    |fpext_32ns_64_2_no_dsp_1_U28  |fpext_32ns_64_2_no_dsp_1  |        0|   0|    0|    0|    0|
    |fpext_32ns_64_2_no_dsp_1_U29  |fpext_32ns_64_2_no_dsp_1  |        0|   0|    0|    0|    0|
    |fpext_32ns_64_2_no_dsp_1_U30  |fpext_32ns_64_2_no_dsp_1  |        0|   0|    0|    0|    0|
    |fpext_32ns_64_2_no_dsp_1_U31  |fpext_32ns_64_2_no_dsp_1  |        0|   0|    0|    0|    0|
    |fpext_32ns_64_2_no_dsp_1_U32  |fpext_32ns_64_2_no_dsp_1  |        0|   0|    0|    0|    0|
    |fpext_32ns_64_2_no_dsp_1_U33  |fpext_32ns_64_2_no_dsp_1  |        0|   0|    0|    0|    0|
    |fpext_32ns_64_2_no_dsp_1_U34  |fpext_32ns_64_2_no_dsp_1  |        0|   0|    0|    0|    0|
    |fpext_32ns_64_2_no_dsp_1_U35  |fpext_32ns_64_2_no_dsp_1  |        0|   0|    0|    0|    0|
    |fpext_32ns_64_2_no_dsp_1_U36  |fpext_32ns_64_2_no_dsp_1  |        0|   0|    0|    0|    0|
    |fpext_32ns_64_2_no_dsp_1_U37  |fpext_32ns_64_2_no_dsp_1  |        0|   0|    0|    0|    0|
    |fpext_32ns_64_2_no_dsp_1_U38  |fpext_32ns_64_2_no_dsp_1  |        0|   0|    0|    0|    0|
    |fpext_32ns_64_2_no_dsp_1_U39  |fpext_32ns_64_2_no_dsp_1  |        0|   0|    0|    0|    0|
    |fpext_32ns_64_2_no_dsp_1_U40  |fpext_32ns_64_2_no_dsp_1  |        0|   0|    0|    0|    0|
    |fpext_32ns_64_2_no_dsp_1_U41  |fpext_32ns_64_2_no_dsp_1  |        0|   0|    0|    0|    0|
    |fpext_32ns_64_2_no_dsp_1_U42  |fpext_32ns_64_2_no_dsp_1  |        0|   0|    0|    0|    0|
    |fpext_32ns_64_2_no_dsp_1_U43  |fpext_32ns_64_2_no_dsp_1  |        0|   0|    0|    0|    0|
    |fpext_32ns_64_2_no_dsp_1_U44  |fpext_32ns_64_2_no_dsp_1  |        0|   0|    0|    0|    0|
    |fpext_32ns_64_2_no_dsp_1_U45  |fpext_32ns_64_2_no_dsp_1  |        0|   0|    0|    0|    0|
    |fpext_32ns_64_2_no_dsp_1_U46  |fpext_32ns_64_2_no_dsp_1  |        0|   0|    0|    0|    0|
    |fpext_32ns_64_2_no_dsp_1_U47  |fpext_32ns_64_2_no_dsp_1  |        0|   0|    0|    0|    0|
    |fpext_32ns_64_2_no_dsp_1_U48  |fpext_32ns_64_2_no_dsp_1  |        0|   0|    0|    0|    0|
    |fpext_32ns_64_2_no_dsp_1_U49  |fpext_32ns_64_2_no_dsp_1  |        0|   0|    0|    0|    0|
    |fpext_32ns_64_2_no_dsp_1_U50  |fpext_32ns_64_2_no_dsp_1  |        0|   0|    0|    0|    0|
    |fpext_32ns_64_2_no_dsp_1_U51  |fpext_32ns_64_2_no_dsp_1  |        0|   0|    0|    0|    0|
    |fpext_32ns_64_2_no_dsp_1_U52  |fpext_32ns_64_2_no_dsp_1  |        0|   0|    0|    0|    0|
    |fpext_32ns_64_2_no_dsp_1_U53  |fpext_32ns_64_2_no_dsp_1  |        0|   0|    0|    0|    0|
    |fpext_32ns_64_2_no_dsp_1_U54  |fpext_32ns_64_2_no_dsp_1  |        0|   0|    0|    0|    0|
    |fpext_32ns_64_2_no_dsp_1_U55  |fpext_32ns_64_2_no_dsp_1  |        0|   0|    0|    0|    0|
    |fpext_32ns_64_2_no_dsp_1_U56  |fpext_32ns_64_2_no_dsp_1  |        0|   0|    0|    0|    0|
    |fpext_32ns_64_2_no_dsp_1_U57  |fpext_32ns_64_2_no_dsp_1  |        0|   0|    0|    0|    0|
    |fpext_32ns_64_2_no_dsp_1_U58  |fpext_32ns_64_2_no_dsp_1  |        0|   0|    0|    0|    0|
    |fpext_32ns_64_2_no_dsp_1_U59  |fpext_32ns_64_2_no_dsp_1  |        0|   0|    0|    0|    0|
    |fpext_32ns_64_2_no_dsp_1_U60  |fpext_32ns_64_2_no_dsp_1  |        0|   0|    0|    0|    0|
    |fpext_32ns_64_2_no_dsp_1_U61  |fpext_32ns_64_2_no_dsp_1  |        0|   0|    0|    0|    0|
    |fpext_32ns_64_2_no_dsp_1_U62  |fpext_32ns_64_2_no_dsp_1  |        0|   0|    0|    0|    0|
    |fpext_32ns_64_2_no_dsp_1_U63  |fpext_32ns_64_2_no_dsp_1  |        0|   0|    0|    0|    0|
    |fpext_32ns_64_2_no_dsp_1_U64  |fpext_32ns_64_2_no_dsp_1  |        0|   0|    0|    0|    0|
    |fpext_32ns_64_2_no_dsp_1_U65  |fpext_32ns_64_2_no_dsp_1  |        0|   0|    0|    0|    0|
    |mul_33s_33s_66_2_1_U70        |mul_33s_33s_66_2_1        |        0|   0|  169|   52|    0|
    |mul_33s_33s_66_2_1_U71        |mul_33s_33s_66_2_1        |        0|   0|  169|   52|    0|
    |mul_33s_33s_66_2_1_U72        |mul_33s_33s_66_2_1        |        0|   0|  169|   52|    0|
    |mul_33s_33s_66_2_1_U73        |mul_33s_33s_66_2_1        |        0|   0|  169|   52|    0|
    |mul_33s_33s_66_2_1_U74        |mul_33s_33s_66_2_1        |        0|   0|  169|   52|    0|
    |mul_33s_33s_66_2_1_U75        |mul_33s_33s_66_2_1        |        0|   0|  169|   52|    0|
    |mul_33s_33s_66_2_1_U76        |mul_33s_33s_66_2_1        |        0|   0|  169|   52|    0|
    |mul_33s_33s_66_2_1_U77        |mul_33s_33s_66_2_1        |        0|   0|  169|   52|    0|
    |mul_33s_33s_66_2_1_U78        |mul_33s_33s_66_2_1        |        0|   0|  169|   52|    0|
    |mul_33s_33s_66_2_1_U79        |mul_33s_33s_66_2_1        |        0|   0|  169|   52|    0|
    |mul_33s_33s_66_2_1_U80        |mul_33s_33s_66_2_1        |        0|   0|  169|   52|    0|
    |mul_33s_33s_66_2_1_U81        |mul_33s_33s_66_2_1        |        0|   0|  169|   52|    0|
    |mul_33s_33s_66_2_1_U82        |mul_33s_33s_66_2_1        |        0|   0|  169|   52|    0|
    |mul_33s_33s_66_2_1_U83        |mul_33s_33s_66_2_1        |        0|   0|  169|   52|    0|
    |mul_33s_33s_66_2_1_U84        |mul_33s_33s_66_2_1        |        0|   0|  169|   52|    0|
    |mul_33s_33s_66_2_1_U85        |mul_33s_33s_66_2_1        |        0|   0|  169|   52|    0|
    |mul_33s_33s_66_2_1_U86        |mul_33s_33s_66_2_1        |        0|   0|  169|   52|    0|
    |mul_33s_33s_66_2_1_U87        |mul_33s_33s_66_2_1        |        0|   0|  169|   52|    0|
    |mul_33s_33s_66_2_1_U88        |mul_33s_33s_66_2_1        |        0|   0|  169|   52|    0|
    |mul_33s_33s_66_2_1_U89        |mul_33s_33s_66_2_1        |        0|   0|  169|   52|    0|
    |mul_33s_33s_66_2_1_U90        |mul_33s_33s_66_2_1        |        0|   0|  169|   52|    0|
    |mul_33s_33s_66_2_1_U91        |mul_33s_33s_66_2_1        |        0|   0|  169|   52|    0|
    |mul_33s_33s_66_2_1_U92        |mul_33s_33s_66_2_1        |        0|   0|  169|   52|    0|
    |mul_33s_33s_66_2_1_U93        |mul_33s_33s_66_2_1        |        0|   0|  169|   52|    0|
    |mul_33s_33s_66_2_1_U94        |mul_33s_33s_66_2_1        |        0|   0|  169|   52|    0|
    |mul_33s_33s_66_2_1_U95        |mul_33s_33s_66_2_1        |        0|   0|  169|   52|    0|
    |mul_33s_33s_66_2_1_U96        |mul_33s_33s_66_2_1        |        0|   0|  169|   52|    0|
    |mul_33s_33s_66_2_1_U97        |mul_33s_33s_66_2_1        |        0|   0|  169|   52|    0|
    |mul_33s_33s_66_2_1_U98        |mul_33s_33s_66_2_1        |        0|   0|  169|   52|    0|
    |mul_33s_33s_66_2_1_U99        |mul_33s_33s_66_2_1        |        0|   0|  169|   52|    0|
    |mul_33s_33s_66_2_1_U100       |mul_33s_33s_66_2_1        |        0|   0|  169|   52|    0|
    |mul_33s_33s_66_2_1_U101       |mul_33s_33s_66_2_1        |        0|   0|  169|   52|    0|
    |mul_33s_33s_66_2_1_U102       |mul_33s_33s_66_2_1        |        0|   0|  169|   52|    0|
    |mul_33s_33s_66_2_1_U103       |mul_33s_33s_66_2_1        |        0|   0|  169|   52|    0|
    |mul_33s_33s_66_2_1_U104       |mul_33s_33s_66_2_1        |        0|   0|  169|   52|    0|
    |mul_33s_33s_66_2_1_U105       |mul_33s_33s_66_2_1        |        0|   0|  169|   52|    0|
    |mul_33s_33s_66_2_1_U106       |mul_33s_33s_66_2_1        |        0|   0|  169|   52|    0|
    |mul_33s_33s_66_2_1_U107       |mul_33s_33s_66_2_1        |        0|   0|  169|   52|    0|
    |mul_33s_33s_66_2_1_U108       |mul_33s_33s_66_2_1        |        0|   0|  169|   52|    0|
    |mul_33s_33s_66_2_1_U109       |mul_33s_33s_66_2_1        |        0|   0|  169|   52|    0|
    |mul_33s_33s_66_2_1_U110       |mul_33s_33s_66_2_1        |        0|   0|  169|   52|    0|
    |mul_33s_33s_66_2_1_U111       |mul_33s_33s_66_2_1        |        0|   0|  169|   52|    0|
    |mul_33s_33s_66_2_1_U112       |mul_33s_33s_66_2_1        |        0|   0|  169|   52|    0|
    |mul_33s_33s_66_2_1_U113       |mul_33s_33s_66_2_1        |        0|   0|  169|   52|    0|
    |mul_33s_33s_66_2_1_U114       |mul_33s_33s_66_2_1        |        0|   0|  169|   52|    0|
    |mul_33s_33s_66_2_1_U115       |mul_33s_33s_66_2_1        |        0|   0|  169|   52|    0|
    |mul_33s_33s_66_2_1_U116       |mul_33s_33s_66_2_1        |        0|   0|  169|   52|    0|
    |mul_33s_33s_66_2_1_U117       |mul_33s_33s_66_2_1        |        0|   0|  169|   52|    0|
    |mul_33s_33s_66_2_1_U118       |mul_33s_33s_66_2_1        |        0|   0|  169|   52|    0|
    |mul_33s_33s_66_2_1_U119       |mul_33s_33s_66_2_1        |        0|   0|  169|   52|    0|
    |mul_33s_33s_66_2_1_U120       |mul_33s_33s_66_2_1        |        0|   0|  169|   52|    0|
    |mul_33s_33s_66_2_1_U121       |mul_33s_33s_66_2_1        |        0|   0|  169|   52|    0|
    |mul_33s_33s_66_2_1_U122       |mul_33s_33s_66_2_1        |        0|   0|  169|   52|    0|
    |mul_33s_33s_66_2_1_U123       |mul_33s_33s_66_2_1        |        0|   0|  169|   52|    0|
    |mul_33s_33s_66_2_1_U124       |mul_33s_33s_66_2_1        |        0|   0|  169|   52|    0|
    |mul_33s_33s_66_2_1_U125       |mul_33s_33s_66_2_1        |        0|   0|  169|   52|    0|
    |mul_33s_33s_66_2_1_U126       |mul_33s_33s_66_2_1        |        0|   0|  169|   52|    0|
    |mul_33s_33s_66_2_1_U127       |mul_33s_33s_66_2_1        |        0|   0|  169|   52|    0|
    |mul_33s_33s_66_2_1_U128       |mul_33s_33s_66_2_1        |        0|   0|  169|   52|    0|
    |mul_33s_33s_66_2_1_U129       |mul_33s_33s_66_2_1        |        0|   0|  169|   52|    0|
    |mul_33s_33s_66_2_1_U130       |mul_33s_33s_66_2_1        |        0|   0|  169|   52|    0|
    |mul_33s_33s_66_2_1_U131       |mul_33s_33s_66_2_1        |        0|   0|  169|   52|    0|
    |mul_33s_33s_66_2_1_U132       |mul_33s_33s_66_2_1        |        0|   0|  169|   52|    0|
    |mul_33s_33s_66_2_1_U133       |mul_33s_33s_66_2_1        |        0|   0|  169|   52|    0|
    |mul_33s_33s_66_2_1_U134       |mul_33s_33s_66_2_1        |        0|   0|  169|   52|    0|
    |mul_41s_33ns_72_2_1_U135      |mul_41s_33ns_72_2_1       |        0|   1|  201|   84|    0|
    |mul_6ns_8ns_13_1_1_U67        |mul_6ns_8ns_13_1_1        |        0|   0|    0|   41|    0|
    |mul_72s_33s_104_5_1_U136      |mul_72s_33s_104_5_1       |        0|   2|  441|  256|    0|
    |mul_7ns_9ns_15_1_1_U68        |mul_7ns_9ns_15_1_1        |        0|   0|    0|   51|    0|
    |mux_564_16_1_1_U69            |mux_564_16_1_1            |        0|   0|    0|   25|    0|
    |urem_7ns_4ns_7_11_1_U66       |urem_7ns_4ns_7_11_1       |        0|   0|  162|  102|    0|
    +------------------------------+--------------------------+---------+----+-----+-----+-----+
    |Total                         |                          |        0|   3|11789| 3939|    0|
    +------------------------------+--------------------------+---------+----+-----+-----+-----+

    * DSP: 
    N/A

    * Memory: 
    +--------------+------------+---------+----+----+-----+------+-----+------+-------------+
    |    Memory    |   Module   | BRAM_18K| FF | LUT| URAM| Words| Bits| Banks| W*Bits*Banks|
    +--------------+------------+---------+----+----+-----+------+-----+------+-------------+
    |FIR_COEFFS_U  |FIR_COEFFS  |      128|   0|   0|    0|   260|   32|     1|         8320|
    |hist_V_0_U    |hist_V_0    |        0|  32|   4|    0|    13|   16|     1|          208|
    |hist_V_1_U    |hist_V_1    |        0|  32|   4|    0|    13|   16|     1|          208|
    |hist_V_2_U    |hist_V_1    |        0|  32|   4|    0|    13|   16|     1|          208|
    |hist_V_3_U    |hist_V_1    |        0|  32|   4|    0|    13|   16|     1|          208|
    |hist_V_4_U    |hist_V_1    |        0|  32|   4|    0|    13|   16|     1|          208|
    +--------------+------------+---------+----+----+-----+------+-----+------+-------------+
    |Total         |            |      128| 160|  20|    0|   325|  112|     6|         9360|
    +--------------+------------+---------+----+----+-----+------+-----+------+-------------+

    * FIFO: 
    N/A

    * Expression: 
    +------------------------------+----------+----+---+------+------------+------------+
    |         Variable Name        | Operation| DSP| FF|  LUT | Bitwidth P0| Bitwidth P1|
    +------------------------------+----------+----+---+------+------------+------------+
    |acc_V_4_fu_59869_p2           |         +|   0|  0|    47|          40|          40|
    |add_ln1192_10_fu_27877_p2     |         +|   0|  0|    80|          73|          73|
    |add_ln1192_11_fu_27962_p2     |         +|   0|  0|    80|          73|          73|
    |add_ln1192_12_fu_30753_p2     |         +|   0|  0|    80|          73|          73|
    |add_ln1192_13_fu_30838_p2     |         +|   0|  0|    80|          73|          73|
    |add_ln1192_14_fu_33621_p2     |         +|   0|  0|    80|          73|          73|
    |add_ln1192_15_fu_33708_p2     |         +|   0|  0|    80|          73|          73|
    |add_ln1192_16_fu_33813_p2     |         +|   0|  0|    80|          73|          73|
    |add_ln1192_17_fu_36607_p2     |         +|   0|  0|    80|          73|          73|
    |add_ln1192_18_fu_36712_p2     |         +|   0|  0|    80|          73|          73|
    |add_ln1192_19_fu_36821_p2     |         +|   0|  0|    80|          73|          73|
    |add_ln1192_1_fu_21336_p2      |         +|   0|  0|    80|          73|          73|
    |add_ln1192_20_fu_36898_p2     |         +|   0|  0|    80|          73|          73|
    |add_ln1192_21_fu_36999_p2     |         +|   0|  0|    80|          73|          73|
    |add_ln1192_22_fu_39838_p2     |         +|   0|  0|    80|          73|          73|
    |add_ln1192_23_fu_39947_p2     |         +|   0|  0|    80|          73|          73|
    |add_ln1192_24_fu_42763_p2     |         +|   0|  0|    80|          73|          73|
    |add_ln1192_25_fu_40054_p2     |         +|   0|  0|    80|          73|          73|
    |add_ln1192_26_fu_40139_p2     |         +|   0|  0|    80|          73|          73|
    |add_ln1192_27_fu_42956_p2     |         +|   0|  0|    80|          73|          73|
    |add_ln1192_28_fu_45519_p2     |         +|   0|  0|    80|          73|          73|
    |add_ln1192_29_fu_45628_p2     |         +|   0|  0|    80|          73|          73|
    |add_ln1192_2_fu_24292_p2      |         +|   0|  0|    80|          73|          73|
    |add_ln1192_30_fu_45691_p2     |         +|   0|  0|    80|          73|          73|
    |add_ln1192_31_fu_45796_p2     |         +|   0|  0|    80|          73|          73|
    |add_ln1192_32_fu_48394_p2     |         +|   0|  0|    80|          73|          73|
    |add_ln1192_33_fu_48521_p2     |         +|   0|  0|    80|          73|          73|
    |add_ln1192_34_fu_51027_p2     |         +|   0|  0|    80|          73|          73|
    |add_ln1192_35_fu_48620_p2     |         +|   0|  0|    80|          73|          73|
    |add_ln1192_36_fu_48721_p2     |         +|   0|  0|    80|          73|          73|
    |add_ln1192_37_fu_51164_p2     |         +|   0|  0|    80|          73|          73|
    |add_ln1192_38_fu_53468_p2     |         +|   0|  0|    80|          73|          73|
    |add_ln1192_39_fu_53577_p2     |         +|   0|  0|    80|          73|          73|
    |add_ln1192_3_fu_24397_p2      |         +|   0|  0|    80|          73|          73|
    |add_ln1192_40_fu_51295_p2     |         +|   0|  0|    80|          73|          73|
    |add_ln1192_41_fu_51380_p2     |         +|   0|  0|    80|          73|          73|
    |add_ln1192_42_fu_53746_p2     |         +|   0|  0|    80|          73|          73|
    |add_ln1192_43_fu_55418_p2     |         +|   0|  0|    80|          73|          73|
    |add_ln1192_44_fu_56773_p2     |         +|   0|  0|    80|          73|          73|
    |add_ln1192_45_fu_55503_p2     |         +|   0|  0|    80|          73|          73|
    |add_ln1192_46_fu_55590_p2     |         +|   0|  0|    80|          73|          73|
    |add_ln1192_47_fu_56896_p2     |         +|   0|  0|    80|          73|          73|
    |add_ln1192_48_fu_57713_p2     |         +|   0|  0|    80|          73|          73|
    |add_ln1192_49_fu_57822_p2     |         +|   0|  0|    80|          73|          73|
    |add_ln1192_4_fu_24502_p2      |         +|   0|  0|    80|          73|          73|
    |add_ln1192_50_fu_57027_p2     |         +|   0|  0|    80|          73|          73|
    |add_ln1192_51_fu_57112_p2     |         +|   0|  0|    80|          73|          73|
    |add_ln1192_52_fu_57991_p2     |         +|   0|  0|    80|          73|          73|
    |add_ln1192_53_fu_58426_p2     |         +|   0|  0|    80|          73|          73|
    |add_ln1192_54_fu_58745_p2     |         +|   0|  0|    80|          73|          73|
    |add_ln1192_55_fu_58511_p2     |         +|   0|  0|    80|          73|          73|
    |add_ln1192_56_fu_58580_p2     |         +|   0|  0|    80|          73|          73|
    |add_ln1192_57_fu_58948_p2     |         +|   0|  0|    80|          73|          73|
    |add_ln1192_58_fu_59151_p2     |         +|   0|  0|    80|          73|          73|
    |add_ln1192_59_fu_59242_p2     |         +|   0|  0|    80|          73|          73|
    |add_ln1192_5_fu_24603_p2      |         +|   0|  0|    80|          73|          73|
    |add_ln1192_60_fu_59030_p2     |         +|   0|  0|    48|          41|          41|
    |add_ln1192_61_fu_59325_p2     |         +|   0|  0|    48|          41|          41|
    |add_ln1192_62_fu_59512_p2     |         +|   0|  0|    48|          41|          41|
    |add_ln1192_63_fu_59576_p2     |         +|   0|  0|    48|          41|          41|
    |add_ln1192_6_fu_24704_p2      |         +|   0|  0|    80|          73|          73|
    |add_ln1192_7_fu_27582_p2      |         +|   0|  0|    80|          73|          73|
    |add_ln1192_8_fu_27683_p2      |         +|   0|  0|    80|          73|          73|
    |add_ln1192_9_fu_27792_p2      |         +|   0|  0|    80|          73|          73|
    |add_ln1192_fu_21231_p2        |         +|   0|  0|    80|          73|          73|
    |add_ln213_fu_2155_p2          |         +|   0|  0|    14|           7|           1|
    |add_ln214_fu_2171_p2          |         +|   0|  0|    17|          14|           8|
    |add_ln217_fu_2268_p2          |         +|   0|  0|    39|          32|           1|
    |add_ln224_fu_2291_p2          |         +|   0|  0|    14|           7|           2|
    |add_ln225_fu_2301_p2          |         +|   0|  0|    14|           6|           2|
    |add_ln233_fu_3645_p2          |         +|   0|  0|    11|           3|           1|
    |add_ln273_10_fu_3776_p2       |         +|   0|  0|    14|           9|           4|
    |add_ln273_11_fu_3786_p2       |         +|   0|  0|    14|           9|           4|
    |add_ln273_12_fu_3796_p2       |         +|   0|  0|    14|           9|           4|
    |add_ln273_13_fu_3806_p2       |         +|   0|  0|    14|           9|           4|
    |add_ln273_14_fu_3816_p2       |         +|   0|  0|    14|           9|           4|
    |add_ln273_15_fu_3826_p2       |         +|   0|  0|    14|           9|           4|
    |add_ln273_16_fu_3836_p2       |         +|   0|  0|    14|           9|           5|
    |add_ln273_17_fu_3846_p2       |         +|   0|  0|    14|           9|           5|
    |add_ln273_18_fu_3856_p2       |         +|   0|  0|    14|           9|           5|
    |add_ln273_19_fu_4118_p2       |         +|   0|  0|    14|           9|           5|
    |add_ln273_1_fu_3680_p2        |         +|   0|  0|    14|           9|           1|
    |add_ln273_20_fu_4128_p2       |         +|   0|  0|    14|           9|           5|
    |add_ln273_21_fu_4138_p2       |         +|   0|  0|    14|           9|           5|
    |add_ln273_22_fu_5005_p2       |         +|   0|  0|    14|           9|           5|
    |add_ln273_23_fu_5015_p2       |         +|   0|  0|    14|           9|           5|
    |add_ln273_24_fu_5025_p2       |         +|   0|  0|    14|           9|           5|
    |add_ln273_25_fu_5035_p2       |         +|   0|  0|    14|           9|           5|
    |add_ln273_26_fu_5045_p2       |         +|   0|  0|    14|           9|           5|
    |add_ln273_27_fu_6525_p2       |         +|   0|  0|    14|           9|           5|
    |add_ln273_28_fu_6535_p2       |         +|   0|  0|    14|           9|           5|
    |add_ln273_29_fu_9283_p2       |         +|   0|  0|    14|           9|           5|
    |add_ln273_2_fu_3691_p2        |         +|   0|  0|    14|           9|           2|
    |add_ln273_30_fu_6545_p2       |         +|   0|  0|    14|           9|           5|
    |add_ln273_31_fu_6555_p2       |         +|   0|  0|    14|           9|           5|
    |add_ln273_32_fu_9293_p2       |         +|   0|  0|    14|           9|           6|
    |add_ln273_33_fu_12477_p2      |         +|   0|  0|    14|           9|           6|
    |add_ln273_34_fu_12487_p2      |         +|   0|  0|    14|           9|           6|
    |add_ln273_35_fu_12497_p2      |         +|   0|  0|    14|           9|           6|
    |add_ln273_36_fu_12507_p2      |         +|   0|  0|    14|           9|           6|
    |add_ln273_37_fu_15577_p2      |         +|   0|  0|    14|           9|           6|
    |add_ln273_38_fu_15587_p2      |         +|   0|  0|    14|           9|           6|
    |add_ln273_39_fu_18278_p2      |         +|   0|  0|    14|           9|           6|
    |add_ln273_3_fu_3702_p2        |         +|   0|  0|    14|           9|           2|
    |add_ln273_40_fu_15597_p2      |         +|   0|  0|    14|           9|           6|
    |add_ln273_41_fu_15607_p2      |         +|   0|  0|    14|           9|           6|
    |add_ln273_42_fu_18288_p2      |         +|   0|  0|    14|           9|           6|
    |add_ln273_43_fu_21049_p2      |         +|   0|  0|    14|           9|           6|
    |add_ln273_44_fu_21059_p2      |         +|   0|  0|    14|           9|           6|
    |add_ln273_45_fu_18298_p2      |         +|   0|  0|    14|           9|           6|
    |add_ln273_46_fu_18308_p2      |         +|   0|  0|    14|           9|           6|
    |add_ln273_47_fu_21069_p2      |         +|   0|  0|    14|           9|           6|
    |add_ln273_48_fu_24237_p2      |         +|   0|  0|    14|           9|           6|
    |add_ln273_49_fu_27449_p2      |         +|   0|  0|    14|           9|           6|
    |add_ln273_4_fu_3713_p2        |         +|   0|  0|    14|           9|           3|
    |add_ln273_50_fu_24247_p2      |         +|   0|  0|    14|           9|           6|
    |add_ln273_51_fu_24257_p2      |         +|   0|  0|    14|           9|           6|
    |add_ln273_52_fu_27459_p2      |         +|   0|  0|    14|           9|           6|
    |add_ln273_53_fu_30522_p2      |         +|   0|  0|    14|           9|           6|
    |add_ln273_54_fu_30532_p2      |         +|   0|  0|    14|           9|           6|
    |add_ln273_55_fu_27469_p2      |         +|   0|  0|    14|           9|           6|
    |add_ln273_56_fu_27479_p2      |         +|   0|  0|    14|           9|           6|
    |add_ln273_57_fu_30542_p2      |         +|   0|  0|    14|           9|           6|
    |add_ln273_58_fu_33490_p2      |         +|   0|  0|    14|           9|           6|
    |add_ln273_59_fu_36544_p2      |         +|   0|  0|    14|           9|           6|
    |add_ln273_5_fu_3724_p2        |         +|   0|  0|    14|           9|           3|
    |add_ln273_60_fu_33500_p2      |         +|   0|  0|    14|           9|           6|
    |add_ln273_61_fu_33510_p2      |         +|   0|  0|    14|           9|           6|
    |add_ln273_62_fu_36554_p2      |         +|   0|  0|    14|           9|           6|
    |add_ln273_63_fu_39687_p2      |         +|   0|  0|    14|           9|           6|
    |add_ln273_64_fu_39697_p2      |         +|   0|  0|    14|           9|           7|
    |add_ln273_6_fu_3735_p2        |         +|   0|  0|    14|           9|           3|
    |add_ln273_7_fu_3746_p2        |         +|   0|  0|    14|           9|           3|
    |add_ln273_8_fu_3756_p2        |         +|   0|  0|    14|           9|           4|
    |add_ln273_9_fu_3766_p2        |         +|   0|  0|    14|           9|           4|
    |add_ln273_fu_3669_p2          |         +|   0|  0|    14|           9|           9|
    |add_ln415_10_fu_11207_p2      |         +|   0|  0|    25|          18|          18|
    |add_ln415_11_fu_11451_p2      |         +|   0|  0|    25|          18|          18|
    |add_ln415_12_fu_13717_p2      |         +|   0|  0|    25|          18|          18|
    |add_ln415_13_fu_13961_p2      |         +|   0|  0|    25|          18|          18|
    |add_ln415_14_fu_14205_p2      |         +|   0|  0|    25|          18|          18|
    |add_ln415_15_fu_14449_p2      |         +|   0|  0|    25|          18|          18|
    |add_ln415_16_fu_14693_p2      |         +|   0|  0|    25|          18|          18|
    |add_ln415_17_fu_16887_p2      |         +|   0|  0|    25|          18|          18|
    |add_ln415_18_fu_17131_p2      |         +|   0|  0|    25|          18|          18|
    |add_ln415_19_fu_19381_p2      |         +|   0|  0|    25|          18|          18|
    |add_ln415_1_fu_5296_p2        |         +|   0|  0|    25|          18|          18|
    |add_ln415_20_fu_19625_p2      |         +|   0|  0|    25|          18|          18|
    |add_ln415_21_fu_19869_p2      |         +|   0|  0|    25|          18|          18|
    |add_ln415_22_fu_22310_p2      |         +|   0|  0|    25|          18|          18|
    |add_ln415_23_fu_22554_p2      |         +|   0|  0|    25|          18|          18|
    |add_ln415_24_fu_22790_p2      |         +|   0|  0|    25|          18|          18|
    |add_ln415_25_fu_23034_p2      |         +|   0|  0|    25|          18|          18|
    |add_ln415_26_fu_23278_p2      |         +|   0|  0|    25|          18|          18|
    |add_ln415_27_fu_25774_p2      |         +|   0|  0|    25|          18|          18|
    |add_ln415_28_fu_26018_p2      |         +|   0|  0|    25|          18|          18|
    |add_ln415_29_fu_28801_p2      |         +|   0|  0|    25|          18|          18|
    |add_ln415_2_fu_7032_p2        |         +|   0|  0|    25|          18|          18|
    |add_ln415_30_fu_26365_p2      |         +|   0|  0|    25|          18|          18|
    |add_ln415_31_fu_26609_p2      |         +|   0|  0|    25|          18|          18|
    |add_ln415_32_fu_29373_p2      |         +|   0|  0|    25|          18|          18|
    |add_ln415_33_fu_31645_p2      |         +|   0|  0|    25|          18|          18|
    |add_ln415_34_fu_31889_p2      |         +|   0|  0|    25|          18|          18|
    |add_ln415_35_fu_32133_p2      |         +|   0|  0|    25|          18|          18|
    |add_ln415_36_fu_32377_p2      |         +|   0|  0|    25|          18|          18|
    |add_ln415_37_fu_34794_p2      |         +|   0|  0|    25|          18|          18|
    |add_ln415_38_fu_35038_p2      |         +|   0|  0|    25|          18|          18|
    |add_ln415_39_fu_37722_p2      |         +|   0|  0|    25|          18|          18|
    |add_ln415_3_fu_7276_p2        |         +|   0|  0|    25|          18|          18|
    |add_ln415_40_fu_35385_p2      |         +|   0|  0|    25|          18|          18|
    |add_ln415_41_fu_35629_p2      |         +|   0|  0|    25|          18|          18|
    |add_ln415_42_fu_38248_p2      |         +|   0|  0|    25|          18|          18|
    |add_ln415_43_fu_40906_p2      |         +|   0|  0|    25|          18|          18|
    |add_ln415_44_fu_41150_p2      |         +|   0|  0|    25|          18|          18|
    |add_ln415_45_fu_38698_p2      |         +|   0|  0|    25|          18|          18|
    |add_ln415_46_fu_38942_p2      |         +|   0|  0|    25|          18|          18|
    |add_ln415_47_fu_41676_p2      |         +|   0|  0|    25|          18|          18|
    |add_ln415_48_fu_43930_p2      |         +|   0|  0|    25|          18|          18|
    |add_ln415_49_fu_46416_p2      |         +|   0|  0|    25|          18|          18|
    |add_ln415_4_fu_7520_p2        |         +|   0|  0|    25|          18|          18|
    |add_ln415_50_fu_44277_p2      |         +|   0|  0|    25|          18|          18|
    |add_ln415_51_fu_44521_p2      |         +|   0|  0|    25|          18|          18|
    |add_ln415_52_fu_46942_p2      |         +|   0|  0|    25|          18|          18|
    |add_ln415_53_fu_49418_p2      |         +|   0|  0|    25|          18|          18|
    |add_ln415_54_fu_49662_p2      |         +|   0|  0|    25|          18|          18|
    |add_ln415_55_fu_47392_p2      |         +|   0|  0|    25|          18|          18|
    |add_ln415_56_fu_47636_p2      |         +|   0|  0|    25|          18|          18|
    |add_ln415_57_fu_50180_p2      |         +|   0|  0|    25|          18|          18|
    |add_ln415_58_fu_52318_p2      |         +|   0|  0|    25|          18|          18|
    |add_ln415_59_fu_54286_p2      |         +|   0|  0|    25|          18|          18|
    |add_ln415_5_fu_7764_p2        |         +|   0|  0|    25|          18|          18|
    |add_ln415_60_fu_52665_p2      |         +|   0|  0|    25|          18|          18|
    |add_ln415_61_fu_52909_p2      |         +|   0|  0|    25|          18|          18|
    |add_ln415_62_fu_54858_p2      |         +|   0|  0|    25|          18|          18|
    |add_ln415_63_fu_56257_p2      |         +|   0|  0|    25|          18|          18|
    |add_ln415_64_fu_56501_p2      |         +|   0|  0|    25|          18|          18|
    |add_ln415_6_fu_8008_p2        |         +|   0|  0|    25|          18|          18|
    |add_ln415_7_fu_10475_p2       |         +|   0|  0|    25|          18|          18|
    |add_ln415_8_fu_10719_p2       |         +|   0|  0|    25|          18|          18|
    |add_ln415_9_fu_10963_p2       |         +|   0|  0|    25|          18|          18|
    |add_ln415_fu_5146_p2          |         +|   0|  0|    25|          18|          18|
    |add_ln455_10_fu_8530_p2       |         +|   0|  0|     8|          12|          11|
    |add_ln455_11_fu_8633_p2       |         +|   0|  0|     8|          12|          11|
    |add_ln455_12_fu_11664_p2      |         +|   0|  0|     8|          12|          11|
    |add_ln455_13_fu_11767_p2      |         +|   0|  0|     8|          12|          11|
    |add_ln455_14_fu_11870_p2      |         +|   0|  0|     8|          12|          11|
    |add_ln455_15_fu_11973_p2      |         +|   0|  0|     8|          12|          11|
    |add_ln455_16_fu_12076_p2      |         +|   0|  0|     8|          12|          11|
    |add_ln455_17_fu_14906_p2      |         +|   0|  0|     8|          12|          11|
    |add_ln455_18_fu_15009_p2      |         +|   0|  0|     8|          12|          11|
    |add_ln455_19_fu_17344_p2      |         +|   0|  0|     8|          12|          11|
    |add_ln455_1_fu_5205_p2        |         +|   0|  0|     8|          12|          11|
    |add_ln455_20_fu_17447_p2      |         +|   0|  0|     8|          12|          11|
    |add_ln455_21_fu_17550_p2      |         +|   0|  0|     8|          12|          11|
    |add_ln455_22_fu_20082_p2      |         +|   0|  0|     8|          12|          11|
    |add_ln455_23_fu_20185_p2      |         +|   0|  0|     8|          12|          11|
    |add_ln455_24_fu_20288_p2      |         +|   0|  0|     8|          12|          11|
    |add_ln455_25_fu_20391_p2      |         +|   0|  0|     8|          12|          11|
    |add_ln455_26_fu_20494_p2      |         +|   0|  0|     8|          12|          11|
    |add_ln455_27_fu_23491_p2      |         +|   0|  0|     8|          12|          11|
    |add_ln455_28_fu_23594_p2      |         +|   0|  0|     8|          12|          11|
    |add_ln455_29_fu_26231_p2      |         +|   0|  0|     8|          12|          11|
    |add_ln455_2_fu_5355_p2        |         +|   0|  0|     8|          12|          11|
    |add_ln455_30_fu_23792_p2      |         +|   0|  0|     8|          12|          11|
    |add_ln455_31_fu_23895_p2      |         +|   0|  0|     8|          12|          11|
    |add_ln455_32_fu_26822_p2      |         +|   0|  0|     8|          12|          11|
    |add_ln455_33_fu_29586_p2      |         +|   0|  0|     8|          12|          11|
    |add_ln455_34_fu_29689_p2      |         +|   0|  0|     8|          12|          11|
    |add_ln455_35_fu_29792_p2      |         +|   0|  0|     8|          12|          11|
    |add_ln455_36_fu_29895_p2      |         +|   0|  0|     8|          12|          11|
    |add_ln455_37_fu_32590_p2      |         +|   0|  0|     8|          12|          11|
    |add_ln455_38_fu_32693_p2      |         +|   0|  0|     8|          12|          11|
    |add_ln455_39_fu_35251_p2      |         +|   0|  0|     8|          12|          11|
    |add_ln455_3_fu_5458_p2        |         +|   0|  0|     8|          12|          11|
    |add_ln455_40_fu_32891_p2      |         +|   0|  0|     8|          12|          11|
    |add_ln455_41_fu_32994_p2      |         +|   0|  0|     8|          12|          11|
    |add_ln455_42_fu_35842_p2      |         +|   0|  0|     8|          12|          11|
    |add_ln455_43_fu_38461_p2      |         +|   0|  0|     8|          12|          11|
    |add_ln455_44_fu_38564_p2      |         +|   0|  0|     8|          12|          11|
    |add_ln455_45_fu_36135_p2      |         +|   0|  0|     8|          12|          11|
    |add_ln455_46_fu_36238_p2      |         +|   0|  0|     8|          12|          11|
    |add_ln455_47_fu_39155_p2      |         +|   0|  0|     8|          12|          11|
    |add_ln455_48_fu_41889_p2      |         +|   0|  0|     8|          12|          11|
    |add_ln455_49_fu_44143_p2      |         +|   0|  0|     8|          12|          11|
    |add_ln455_4_fu_5561_p2        |         +|   0|  0|     8|          12|          11|
    |add_ln455_50_fu_42087_p2      |         +|   0|  0|     8|          12|          11|
    |add_ln455_51_fu_42190_p2      |         +|   0|  0|     8|          12|          11|
    |add_ln455_52_fu_44734_p2      |         +|   0|  0|     8|          12|          11|
    |add_ln455_53_fu_47155_p2      |         +|   0|  0|     8|          12|          11|
    |add_ln455_54_fu_47258_p2      |         +|   0|  0|     8|          12|          11|
    |add_ln455_55_fu_45033_p2      |         +|   0|  0|     8|          12|          11|
    |add_ln455_56_fu_45136_p2      |         +|   0|  0|     8|          12|          11|
    |add_ln455_57_fu_47849_p2      |         +|   0|  0|     8|          12|          11|
    |add_ln455_58_fu_50393_p2      |         +|   0|  0|     8|          12|          11|
    |add_ln455_59_fu_52531_p2      |         +|   0|  0|     8|          12|          11|
    |add_ln455_5_fu_5664_p2        |         +|   0|  0|     8|          12|          11|
    |add_ln455_60_fu_50591_p2      |         +|   0|  0|     8|          12|          11|
    |add_ln455_61_fu_50694_p2      |         +|   0|  0|     8|          12|          11|
    |add_ln455_62_fu_53122_p2      |         +|   0|  0|     8|          12|          11|
    |add_ln455_63_fu_55071_p2      |         +|   0|  0|     8|          12|          11|
    |add_ln455_64_fu_55174_p2      |         +|   0|  0|     8|          12|          11|
    |add_ln455_6_fu_5767_p2        |         +|   0|  0|     8|          12|          11|
    |add_ln455_7_fu_8221_p2        |         +|   0|  0|     8|          12|          11|
    |add_ln455_8_fu_8324_p2        |         +|   0|  0|     8|          12|          11|
    |add_ln455_9_fu_8427_p2        |         +|   0|  0|     8|          12|          11|
    |add_ln455_fu_5055_p2          |         +|   0|  0|     8|          12|          11|
    |add_ln581_10_fu_6099_p2       |         +|   0|  0|    12|          12|           6|
    |add_ln581_11_fu_6194_p2       |         +|   0|  0|    12|          12|           6|
    |add_ln581_12_fu_6289_p2       |         +|   0|  0|    12|          12|           6|
    |add_ln581_13_fu_8775_p2       |         +|   0|  0|    12|          12|           6|
    |add_ln581_14_fu_8870_p2       |         +|   0|  0|    12|          12|           6|
    |add_ln581_15_fu_8965_p2       |         +|   0|  0|    12|          12|           6|
    |add_ln581_16_fu_9060_p2       |         +|   0|  0|    12|          12|           6|
    |add_ln581_17_fu_9155_p2       |         +|   0|  0|    12|          12|           6|
    |add_ln581_18_fu_12218_p2      |         +|   0|  0|    12|          12|           6|
    |add_ln581_19_fu_12313_p2      |         +|   0|  0|    12|          12|           6|
    |add_ln581_1_fu_4187_p2        |         +|   0|  0|    12|          12|           6|
    |add_ln581_20_fu_15151_p2      |         +|   0|  0|    12|          12|           6|
    |add_ln581_21_fu_15246_p2      |         +|   0|  0|    12|          12|           6|
    |add_ln581_22_fu_15341_p2      |         +|   0|  0|    12|          12|           6|
    |add_ln581_23_fu_17692_p2      |         +|   0|  0|    12|          12|           6|
    |add_ln581_24_fu_17787_p2      |         +|   0|  0|    12|          12|           6|
    |add_ln581_25_fu_17888_p2      |         +|   0|  0|    12|          12|           6|
    |add_ln581_26_fu_17983_p2      |         +|   0|  0|    12|          12|           6|
    |add_ln581_27_fu_18078_p2      |         +|   0|  0|    12|          12|           6|
    |add_ln581_28_fu_20636_p2      |         +|   0|  0|    12|          12|           6|
    |add_ln581_29_fu_20731_p2      |         +|   0|  0|    12|          12|           6|
    |add_ln581_2_fu_4288_p2        |         +|   0|  0|    12|          12|           6|
    |add_ln581_30_fu_23736_p2      |         +|   0|  0|    12|          12|           6|
    |add_ln581_31_fu_20862_p2      |         +|   0|  0|    12|          12|           6|
    |add_ln581_32_fu_20957_p2      |         +|   0|  0|    12|          12|           6|
    |add_ln581_33_fu_24037_p2      |         +|   0|  0|    12|          12|           6|
    |add_ln581_34_fu_26964_p2      |         +|   0|  0|    12|          12|           6|
    |add_ln581_35_fu_27059_p2      |         +|   0|  0|    12|          12|           6|
    |add_ln581_36_fu_27154_p2      |         +|   0|  0|    12|          12|           6|
    |add_ln581_37_fu_27249_p2      |         +|   0|  0|    12|          12|           6|
    |add_ln581_38_fu_30037_p2      |         +|   0|  0|    12|          12|           6|
    |add_ln581_39_fu_30132_p2      |         +|   0|  0|    12|          12|           6|
    |add_ln581_3_fu_4389_p2        |         +|   0|  0|    12|          12|           6|
    |add_ln581_40_fu_32835_p2      |         +|   0|  0|    12|          12|           6|
    |add_ln581_41_fu_30263_p2      |         +|   0|  0|    12|          12|           6|
    |add_ln581_42_fu_30358_p2      |         +|   0|  0|    12|          12|           6|
    |add_ln581_43_fu_33136_p2      |         +|   0|  0|    12|          12|           6|
    |add_ln581_44_fu_35984_p2      |         +|   0|  0|    12|          12|           6|
    |add_ln581_45_fu_36079_p2      |         +|   0|  0|    12|          12|           6|
    |add_ln581_46_fu_33303_p2      |         +|   0|  0|    12|          12|           6|
    |add_ln581_47_fu_33398_p2      |         +|   0|  0|    12|          12|           6|
    |add_ln581_48_fu_36380_p2      |         +|   0|  0|    12|          12|           6|
    |add_ln581_49_fu_39297_p2      |         +|   0|  0|    12|          12|           6|
    |add_ln581_4_fu_4484_p2        |         +|   0|  0|    12|          12|           6|
    |add_ln581_50_fu_42031_p2      |         +|   0|  0|    12|          12|           6|
    |add_ln581_51_fu_39428_p2      |         +|   0|  0|    12|          12|           6|
    |add_ln581_52_fu_39523_p2      |         +|   0|  0|    12|          12|           6|
    |add_ln581_53_fu_42332_p2      |         +|   0|  0|    12|          12|           6|
    |add_ln581_54_fu_44876_p2      |         +|   0|  0|    12|          12|           6|
    |add_ln581_55_fu_44971_p2      |         +|   0|  0|    12|          12|           6|
    |add_ln581_56_fu_42499_p2      |         +|   0|  0|    12|          12|           6|
    |add_ln581_57_fu_42594_p2      |         +|   0|  0|    12|          12|           6|
    |add_ln581_58_fu_45278_p2      |         +|   0|  0|    12|          12|           6|
    |add_ln581_59_fu_47991_p2      |         +|   0|  0|    12|          12|           6|
    |add_ln581_5_fu_4579_p2        |         +|   0|  0|    12|          12|           6|
    |add_ln581_60_fu_50535_p2      |         +|   0|  0|    12|          12|           6|
    |add_ln581_61_fu_48122_p2      |         +|   0|  0|    12|          12|           6|
    |add_ln581_62_fu_48217_p2      |         +|   0|  0|    12|          12|           6|
    |add_ln581_63_fu_50836_p2      |         +|   0|  0|    12|          12|           6|
    |add_ln581_64_fu_53264_p2      |         +|   0|  0|    12|          12|           6|
    |add_ln581_65_fu_53359_p2      |         +|   0|  0|    12|          12|           6|
    |add_ln581_6_fu_4674_p2        |         +|   0|  0|    12|          12|           6|
    |add_ln581_7_fu_4769_p2        |         +|   0|  0|    12|          12|           6|
    |add_ln581_8_fu_5909_p2        |         +|   0|  0|    12|          12|           6|
    |add_ln581_9_fu_6004_p2        |         +|   0|  0|    12|          12|           6|
    |add_ln581_fu_2455_p2          |         +|   0|  0|    12|          12|           5|
    |add_ln591_10_fu_11181_p2      |         +|   0|  0|    12|          12|           6|
    |add_ln591_11_fu_11425_p2      |         +|   0|  0|    12|          12|           6|
    |add_ln591_12_fu_13691_p2      |         +|   0|  0|    12|          12|           6|
    |add_ln591_13_fu_13935_p2      |         +|   0|  0|    12|          12|           6|
    |add_ln591_14_fu_14179_p2      |         +|   0|  0|    12|          12|           6|
    |add_ln591_15_fu_14423_p2      |         +|   0|  0|    12|          12|           6|
    |add_ln591_16_fu_14667_p2      |         +|   0|  0|    12|          12|           6|
    |add_ln591_17_fu_16861_p2      |         +|   0|  0|    12|          12|           6|
    |add_ln591_18_fu_17105_p2      |         +|   0|  0|    12|          12|           6|
    |add_ln591_19_fu_19355_p2      |         +|   0|  0|    12|          12|           6|
    |add_ln591_1_fu_5262_p2        |         +|   0|  0|    12|          12|           6|
    |add_ln591_20_fu_19599_p2      |         +|   0|  0|    12|          12|           6|
    |add_ln591_21_fu_19843_p2      |         +|   0|  0|    12|          12|           6|
    |add_ln591_22_fu_22284_p2      |         +|   0|  0|    12|          12|           6|
    |add_ln591_23_fu_22528_p2      |         +|   0|  0|    12|          12|           6|
    |add_ln591_24_fu_22764_p2      |         +|   0|  0|    12|          12|           6|
    |add_ln591_25_fu_23008_p2      |         +|   0|  0|    12|          12|           6|
    |add_ln591_26_fu_23252_p2      |         +|   0|  0|    12|          12|           6|
    |add_ln591_27_fu_25748_p2      |         +|   0|  0|    12|          12|           6|
    |add_ln591_28_fu_25992_p2      |         +|   0|  0|    12|          12|           6|
    |add_ln591_29_fu_28775_p2      |         +|   0|  0|    12|          12|           6|
    |add_ln591_2_fu_7006_p2        |         +|   0|  0|    12|          12|           6|
    |add_ln591_30_fu_26339_p2      |         +|   0|  0|    12|          12|           6|
    |add_ln591_31_fu_26583_p2      |         +|   0|  0|    12|          12|           6|
    |add_ln591_32_fu_29347_p2      |         +|   0|  0|    12|          12|           6|
    |add_ln591_33_fu_31619_p2      |         +|   0|  0|    12|          12|           6|
    |add_ln591_34_fu_31863_p2      |         +|   0|  0|    12|          12|           6|
    |add_ln591_35_fu_32107_p2      |         +|   0|  0|    12|          12|           6|
    |add_ln591_36_fu_32351_p2      |         +|   0|  0|    12|          12|           6|
    |add_ln591_37_fu_34768_p2      |         +|   0|  0|    12|          12|           6|
    |add_ln591_38_fu_35012_p2      |         +|   0|  0|    12|          12|           6|
    |add_ln591_39_fu_37696_p2      |         +|   0|  0|    12|          12|           6|
    |add_ln591_3_fu_7250_p2        |         +|   0|  0|    12|          12|           6|
    |add_ln591_40_fu_35359_p2      |         +|   0|  0|    12|          12|           6|
    |add_ln591_41_fu_35603_p2      |         +|   0|  0|    12|          12|           6|
    |add_ln591_42_fu_38222_p2      |         +|   0|  0|    12|          12|           6|
    |add_ln591_43_fu_40880_p2      |         +|   0|  0|    12|          12|           6|
    |add_ln591_44_fu_41124_p2      |         +|   0|  0|    12|          12|           6|
    |add_ln591_45_fu_38672_p2      |         +|   0|  0|    12|          12|           6|
    |add_ln591_46_fu_38916_p2      |         +|   0|  0|    12|          12|           6|
    |add_ln591_47_fu_41650_p2      |         +|   0|  0|    12|          12|           6|
    |add_ln591_48_fu_43904_p2      |         +|   0|  0|    12|          12|           6|
    |add_ln591_49_fu_46390_p2      |         +|   0|  0|    12|          12|           6|
    |add_ln591_4_fu_7494_p2        |         +|   0|  0|    12|          12|           6|
    |add_ln591_50_fu_44251_p2      |         +|   0|  0|    12|          12|           6|
    |add_ln591_51_fu_44495_p2      |         +|   0|  0|    12|          12|           6|
    |add_ln591_52_fu_46916_p2      |         +|   0|  0|    12|          12|           6|
    |add_ln591_53_fu_49392_p2      |         +|   0|  0|    12|          12|           6|
    |add_ln591_54_fu_49636_p2      |         +|   0|  0|    12|          12|           6|
    |add_ln591_55_fu_47366_p2      |         +|   0|  0|    12|          12|           6|
    |add_ln591_56_fu_47610_p2      |         +|   0|  0|    12|          12|           6|
    |add_ln591_57_fu_50154_p2      |         +|   0|  0|    12|          12|           6|
    |add_ln591_58_fu_52292_p2      |         +|   0|  0|    12|          12|           6|
    |add_ln591_59_fu_54260_p2      |         +|   0|  0|    12|          12|           6|
    |add_ln591_5_fu_7738_p2        |         +|   0|  0|    12|          12|           6|
    |add_ln591_60_fu_52639_p2      |         +|   0|  0|    12|          12|           6|
    |add_ln591_61_fu_52883_p2      |         +|   0|  0|    12|          12|           6|
    |add_ln591_62_fu_54832_p2      |         +|   0|  0|    12|          12|           6|
    |add_ln591_63_fu_56231_p2      |         +|   0|  0|    12|          12|           6|
    |add_ln591_64_fu_56475_p2      |         +|   0|  0|    12|          12|           6|
    |add_ln591_6_fu_7982_p2        |         +|   0|  0|    12|          12|           6|
    |add_ln591_7_fu_10449_p2       |         +|   0|  0|    12|          12|           6|
    |add_ln591_8_fu_10693_p2       |         +|   0|  0|    12|          12|           6|
    |add_ln591_9_fu_10937_p2       |         +|   0|  0|    12|          12|           6|
    |add_ln591_fu_5112_p2          |         +|   0|  0|    12|          12|           6|
    |add_ln612_10_fu_8500_p2       |         +|   0|  0|     8|          12|          12|
    |add_ln612_11_fu_8603_p2       |         +|   0|  0|     8|          12|          12|
    |add_ln612_12_fu_8706_p2       |         +|   0|  0|     8|          12|          12|
    |add_ln612_13_fu_11737_p2      |         +|   0|  0|     8|          12|          12|
    |add_ln612_14_fu_11840_p2      |         +|   0|  0|     8|          12|          12|
    |add_ln612_15_fu_11943_p2      |         +|   0|  0|     8|          12|          12|
    |add_ln612_16_fu_12046_p2      |         +|   0|  0|     8|          12|          12|
    |add_ln612_17_fu_12149_p2      |         +|   0|  0|     8|          12|          12|
    |add_ln612_18_fu_14979_p2      |         +|   0|  0|     8|          12|          12|
    |add_ln612_19_fu_15082_p2      |         +|   0|  0|     8|          12|          12|
    |add_ln612_1_fu_5175_p2        |         +|   0|  0|     8|          12|          12|
    |add_ln612_20_fu_17417_p2      |         +|   0|  0|     8|          12|          12|
    |add_ln612_21_fu_17520_p2      |         +|   0|  0|     8|          12|          12|
    |add_ln612_22_fu_17623_p2      |         +|   0|  0|     8|          12|          12|
    |add_ln612_23_fu_20155_p2      |         +|   0|  0|     8|          12|          12|
    |add_ln612_24_fu_20258_p2      |         +|   0|  0|     8|          12|          12|
    |add_ln612_25_fu_20361_p2      |         +|   0|  0|     8|          12|          12|
    |add_ln612_26_fu_20464_p2      |         +|   0|  0|     8|          12|          12|
    |add_ln612_27_fu_20567_p2      |         +|   0|  0|     8|          12|          12|
    |add_ln612_28_fu_23564_p2      |         +|   0|  0|     8|          12|          12|
    |add_ln612_29_fu_23667_p2      |         +|   0|  0|     8|          12|          12|
    |add_ln612_2_fu_5325_p2        |         +|   0|  0|     8|          12|          12|
    |add_ln612_30_fu_26304_p2      |         +|   0|  0|     8|          12|          12|
    |add_ln612_31_fu_23865_p2      |         +|   0|  0|     8|          12|          12|
    |add_ln612_32_fu_23968_p2      |         +|   0|  0|     8|          12|          12|
    |add_ln612_33_fu_26895_p2      |         +|   0|  0|     8|          12|          12|
    |add_ln612_34_fu_29659_p2      |         +|   0|  0|     8|          12|          12|
    |add_ln612_35_fu_29762_p2      |         +|   0|  0|     8|          12|          12|
    |add_ln612_36_fu_29865_p2      |         +|   0|  0|     8|          12|          12|
    |add_ln612_37_fu_29968_p2      |         +|   0|  0|     8|          12|          12|
    |add_ln612_38_fu_32663_p2      |         +|   0|  0|     8|          12|          12|
    |add_ln612_39_fu_32766_p2      |         +|   0|  0|     8|          12|          12|
    |add_ln612_3_fu_5428_p2        |         +|   0|  0|     8|          12|          12|
    |add_ln612_40_fu_35324_p2      |         +|   0|  0|     8|          12|          12|
    |add_ln612_41_fu_32964_p2      |         +|   0|  0|     8|          12|          12|
    |add_ln612_42_fu_33067_p2      |         +|   0|  0|     8|          12|          12|
    |add_ln612_43_fu_35915_p2      |         +|   0|  0|     8|          12|          12|
    |add_ln612_44_fu_38534_p2      |         +|   0|  0|     8|          12|          12|
    |add_ln612_45_fu_38637_p2      |         +|   0|  0|     8|          12|          12|
    |add_ln612_46_fu_36208_p2      |         +|   0|  0|     8|          12|          12|
    |add_ln612_47_fu_36311_p2      |         +|   0|  0|     8|          12|          12|
    |add_ln612_48_fu_39228_p2      |         +|   0|  0|     8|          12|          12|
    |add_ln612_49_fu_41962_p2      |         +|   0|  0|     8|          12|          12|
    |add_ln612_4_fu_5531_p2        |         +|   0|  0|     8|          12|          12|
    |add_ln612_50_fu_44216_p2      |         +|   0|  0|     8|          12|          12|
    |add_ln612_51_fu_42160_p2      |         +|   0|  0|     8|          12|          12|
    |add_ln612_52_fu_42263_p2      |         +|   0|  0|     8|          12|          12|
    |add_ln612_53_fu_44807_p2      |         +|   0|  0|     8|          12|          12|
    |add_ln612_54_fu_47228_p2      |         +|   0|  0|     8|          12|          12|
    |add_ln612_55_fu_47331_p2      |         +|   0|  0|     8|          12|          12|
    |add_ln612_56_fu_45106_p2      |         +|   0|  0|     8|          12|          12|
    |add_ln612_57_fu_45209_p2      |         +|   0|  0|     8|          12|          12|
    |add_ln612_58_fu_47922_p2      |         +|   0|  0|     8|          12|          12|
    |add_ln612_59_fu_50466_p2      |         +|   0|  0|     8|          12|          12|
    |add_ln612_5_fu_5634_p2        |         +|   0|  0|     8|          12|          12|
    |add_ln612_60_fu_52604_p2      |         +|   0|  0|     8|          12|          12|
    |add_ln612_61_fu_50664_p2      |         +|   0|  0|     8|          12|          12|
    |add_ln612_62_fu_50767_p2      |         +|   0|  0|     8|          12|          12|
    |add_ln612_63_fu_53195_p2      |         +|   0|  0|     8|          12|          12|
    |add_ln612_64_fu_55144_p2      |         +|   0|  0|     8|          12|          12|
    |add_ln612_65_fu_55247_p2      |         +|   0|  0|     8|          12|          12|
    |add_ln612_6_fu_5737_p2        |         +|   0|  0|     8|          12|          12|
    |add_ln612_7_fu_5840_p2        |         +|   0|  0|     8|          12|          12|
    |add_ln612_8_fu_8294_p2        |         +|   0|  0|     8|          12|          12|
    |add_ln612_9_fu_8397_p2        |         +|   0|  0|     8|          12|          12|
    |add_ln612_fu_2513_p2          |         +|   0|  0|    12|          12|          11|
    |add_ln618_10_fu_6224_p2       |         +|   0|  0|    12|          12|           1|
    |add_ln618_11_fu_6319_p2       |         +|   0|  0|    12|          12|           1|
    |add_ln618_12_fu_8805_p2       |         +|   0|  0|    12|          12|           1|
    |add_ln618_13_fu_8900_p2       |         +|   0|  0|    12|          12|           1|
    |add_ln618_14_fu_8995_p2       |         +|   0|  0|    12|          12|           1|
    |add_ln618_15_fu_9090_p2       |         +|   0|  0|    12|          12|           1|
    |add_ln618_16_fu_9185_p2       |         +|   0|  0|    12|          12|           1|
    |add_ln618_17_fu_12248_p2      |         +|   0|  0|    12|          12|           1|
    |add_ln618_18_fu_12343_p2      |         +|   0|  0|    12|          12|           1|
    |add_ln618_19_fu_15181_p2      |         +|   0|  0|    12|          12|           1|
    |add_ln618_1_fu_4324_p2        |         +|   0|  0|    12|          12|           1|
    |add_ln618_20_fu_15276_p2      |         +|   0|  0|    12|          12|           1|
    |add_ln618_21_fu_15371_p2      |         +|   0|  0|    12|          12|           1|
    |add_ln618_22_fu_17722_p2      |         +|   0|  0|    12|          12|           1|
    |add_ln618_23_fu_17817_p2      |         +|   0|  0|    12|          12|           1|
    |add_ln618_24_fu_17918_p2      |         +|   0|  0|    12|          12|           1|
    |add_ln618_25_fu_18013_p2      |         +|   0|  0|    12|          12|           1|
    |add_ln618_26_fu_18108_p2      |         +|   0|  0|    12|          12|           1|
    |add_ln618_27_fu_20666_p2      |         +|   0|  0|    12|          12|           1|
    |add_ln618_28_fu_20761_p2      |         +|   0|  0|    12|          12|           1|
    |add_ln618_29_fu_23766_p2      |         +|   0|  0|    12|          12|           1|
    |add_ln618_2_fu_4419_p2        |         +|   0|  0|    12|          12|           1|
    |add_ln618_30_fu_20892_p2      |         +|   0|  0|    12|          12|           1|
    |add_ln618_31_fu_20987_p2      |         +|   0|  0|    12|          12|           1|
    |add_ln618_32_fu_24067_p2      |         +|   0|  0|    12|          12|           1|
    |add_ln618_33_fu_26994_p2      |         +|   0|  0|    12|          12|           1|
    |add_ln618_34_fu_27089_p2      |         +|   0|  0|    12|          12|           1|
    |add_ln618_35_fu_27184_p2      |         +|   0|  0|    12|          12|           1|
    |add_ln618_36_fu_27279_p2      |         +|   0|  0|    12|          12|           1|
    |add_ln618_37_fu_30067_p2      |         +|   0|  0|    12|          12|           1|
    |add_ln618_38_fu_30162_p2      |         +|   0|  0|    12|          12|           1|
    |add_ln618_39_fu_32865_p2      |         +|   0|  0|    12|          12|           1|
    |add_ln618_3_fu_4514_p2        |         +|   0|  0|    12|          12|           1|
    |add_ln618_40_fu_30293_p2      |         +|   0|  0|    12|          12|           1|
    |add_ln618_41_fu_30388_p2      |         +|   0|  0|    12|          12|           1|
    |add_ln618_42_fu_33166_p2      |         +|   0|  0|    12|          12|           1|
    |add_ln618_43_fu_36014_p2      |         +|   0|  0|    12|          12|           1|
    |add_ln618_44_fu_36109_p2      |         +|   0|  0|    12|          12|           1|
    |add_ln618_45_fu_33333_p2      |         +|   0|  0|    12|          12|           1|
    |add_ln618_46_fu_33428_p2      |         +|   0|  0|    12|          12|           1|
    |add_ln618_47_fu_36410_p2      |         +|   0|  0|    12|          12|           1|
    |add_ln618_48_fu_39327_p2      |         +|   0|  0|    12|          12|           1|
    |add_ln618_49_fu_42061_p2      |         +|   0|  0|    12|          12|           1|
    |add_ln618_4_fu_4609_p2        |         +|   0|  0|    12|          12|           1|
    |add_ln618_50_fu_39458_p2      |         +|   0|  0|    12|          12|           1|
    |add_ln618_51_fu_39553_p2      |         +|   0|  0|    12|          12|           1|
    |add_ln618_52_fu_42362_p2      |         +|   0|  0|    12|          12|           1|
    |add_ln618_53_fu_44906_p2      |         +|   0|  0|    12|          12|           1|
    |add_ln618_54_fu_45001_p2      |         +|   0|  0|    12|          12|           1|
    |add_ln618_55_fu_42529_p2      |         +|   0|  0|    12|          12|           1|
    |add_ln618_56_fu_42624_p2      |         +|   0|  0|    12|          12|           1|
    |add_ln618_57_fu_45308_p2      |         +|   0|  0|    12|          12|           1|
    |add_ln618_58_fu_48021_p2      |         +|   0|  0|    12|          12|           1|
    |add_ln618_59_fu_50565_p2      |         +|   0|  0|    12|          12|           1|
    |add_ln618_5_fu_4704_p2        |         +|   0|  0|    12|          12|           1|
    |add_ln618_60_fu_48152_p2      |         +|   0|  0|    12|          12|           1|
    |add_ln618_61_fu_48247_p2      |         +|   0|  0|    12|          12|           1|
    |add_ln618_62_fu_50866_p2      |         +|   0|  0|    12|          12|           1|
    |add_ln618_63_fu_53294_p2      |         +|   0|  0|    12|          12|           1|
    |add_ln618_64_fu_53389_p2      |         +|   0|  0|    12|          12|           1|
    |add_ln618_6_fu_4799_p2        |         +|   0|  0|    12|          12|           1|
    |add_ln618_7_fu_5939_p2        |         +|   0|  0|    12|          12|           1|
    |add_ln618_8_fu_6034_p2        |         +|   0|  0|    12|          12|           1|
    |add_ln618_9_fu_6129_p2        |         +|   0|  0|    12|          12|           1|
    |add_ln618_fu_4223_p2          |         +|   0|  0|    12|          12|           1|
    |add_ln619_10_fu_8615_p2       |         +|   0|  0|    12|          12|           2|
    |add_ln619_11_fu_8718_p2       |         +|   0|  0|    12|          12|           2|
    |add_ln619_12_fu_11749_p2      |         +|   0|  0|    12|          12|           2|
    |add_ln619_13_fu_11852_p2      |         +|   0|  0|    12|          12|           2|
    |add_ln619_14_fu_11955_p2      |         +|   0|  0|    12|          12|           2|
    |add_ln619_15_fu_12058_p2      |         +|   0|  0|    12|          12|           2|
    |add_ln619_16_fu_12161_p2      |         +|   0|  0|    12|          12|           2|
    |add_ln619_17_fu_14991_p2      |         +|   0|  0|    12|          12|           2|
    |add_ln619_18_fu_15094_p2      |         +|   0|  0|    12|          12|           2|
    |add_ln619_19_fu_17429_p2      |         +|   0|  0|    12|          12|           2|
    |add_ln619_1_fu_5337_p2        |         +|   0|  0|    12|          12|           2|
    |add_ln619_20_fu_17532_p2      |         +|   0|  0|    12|          12|           2|
    |add_ln619_21_fu_17635_p2      |         +|   0|  0|    12|          12|           2|
    |add_ln619_22_fu_20167_p2      |         +|   0|  0|    12|          12|           2|
    |add_ln619_23_fu_20270_p2      |         +|   0|  0|    12|          12|           2|
    |add_ln619_24_fu_20373_p2      |         +|   0|  0|    12|          12|           2|
    |add_ln619_25_fu_20476_p2      |         +|   0|  0|    12|          12|           2|
    |add_ln619_26_fu_20579_p2      |         +|   0|  0|    12|          12|           2|
    |add_ln619_27_fu_23576_p2      |         +|   0|  0|    12|          12|           2|
    |add_ln619_28_fu_23679_p2      |         +|   0|  0|    12|          12|           2|
    |add_ln619_29_fu_26316_p2      |         +|   0|  0|    12|          12|           2|
    |add_ln619_2_fu_5440_p2        |         +|   0|  0|    12|          12|           2|
    |add_ln619_30_fu_23877_p2      |         +|   0|  0|    12|          12|           2|
    |add_ln619_31_fu_23980_p2      |         +|   0|  0|    12|          12|           2|
    |add_ln619_32_fu_26907_p2      |         +|   0|  0|    12|          12|           2|
    |add_ln619_33_fu_29671_p2      |         +|   0|  0|    12|          12|           2|
    |add_ln619_34_fu_29774_p2      |         +|   0|  0|    12|          12|           2|
    |add_ln619_35_fu_29877_p2      |         +|   0|  0|    12|          12|           2|
    |add_ln619_36_fu_29980_p2      |         +|   0|  0|    12|          12|           2|
    |add_ln619_37_fu_32675_p2      |         +|   0|  0|    12|          12|           2|
    |add_ln619_38_fu_32778_p2      |         +|   0|  0|    12|          12|           2|
    |add_ln619_39_fu_35336_p2      |         +|   0|  0|    12|          12|           2|
    |add_ln619_3_fu_5543_p2        |         +|   0|  0|    12|          12|           2|
    |add_ln619_40_fu_32976_p2      |         +|   0|  0|    12|          12|           2|
    |add_ln619_41_fu_33079_p2      |         +|   0|  0|    12|          12|           2|
    |add_ln619_42_fu_35927_p2      |         +|   0|  0|    12|          12|           2|
    |add_ln619_43_fu_38546_p2      |         +|   0|  0|    12|          12|           2|
    |add_ln619_44_fu_38649_p2      |         +|   0|  0|    12|          12|           2|
    |add_ln619_45_fu_36220_p2      |         +|   0|  0|    12|          12|           2|
    |add_ln619_46_fu_36323_p2      |         +|   0|  0|    12|          12|           2|
    |add_ln619_47_fu_39240_p2      |         +|   0|  0|    12|          12|           2|
    |add_ln619_48_fu_41974_p2      |         +|   0|  0|    12|          12|           2|
    |add_ln619_49_fu_44228_p2      |         +|   0|  0|    12|          12|           2|
    |add_ln619_4_fu_5646_p2        |         +|   0|  0|    12|          12|           2|
    |add_ln619_50_fu_42172_p2      |         +|   0|  0|    12|          12|           2|
    |add_ln619_51_fu_42275_p2      |         +|   0|  0|    12|          12|           2|
    |add_ln619_52_fu_44819_p2      |         +|   0|  0|    12|          12|           2|
    |add_ln619_53_fu_47240_p2      |         +|   0|  0|    12|          12|           2|
    |add_ln619_54_fu_47343_p2      |         +|   0|  0|    12|          12|           2|
    |add_ln619_55_fu_45118_p2      |         +|   0|  0|    12|          12|           2|
    |add_ln619_56_fu_45221_p2      |         +|   0|  0|    12|          12|           2|
    |add_ln619_57_fu_47934_p2      |         +|   0|  0|    12|          12|           2|
    |add_ln619_58_fu_50478_p2      |         +|   0|  0|    12|          12|           2|
    |add_ln619_59_fu_52616_p2      |         +|   0|  0|    12|          12|           2|
    |add_ln619_5_fu_5749_p2        |         +|   0|  0|    12|          12|           2|
    |add_ln619_60_fu_50676_p2      |         +|   0|  0|    12|          12|           2|
    |add_ln619_61_fu_50779_p2      |         +|   0|  0|    12|          12|           2|
    |add_ln619_62_fu_53207_p2      |         +|   0|  0|    12|          12|           2|
    |add_ln619_63_fu_55156_p2      |         +|   0|  0|    12|          12|           2|
    |add_ln619_64_fu_55259_p2      |         +|   0|  0|    12|          12|           2|
    |add_ln619_6_fu_5852_p2        |         +|   0|  0|    12|          12|           2|
    |add_ln619_7_fu_8306_p2        |         +|   0|  0|    12|          12|           2|
    |add_ln619_8_fu_8409_p2        |         +|   0|  0|    12|          12|           2|
    |add_ln619_9_fu_8512_p2        |         +|   0|  0|    12|          12|           2|
    |add_ln619_fu_5187_p2          |         +|   0|  0|    12|          12|           2|
    |add_ln700_10_fu_27883_p2      |         +|   0|  0|    79|          72|          72|
    |add_ln700_11_fu_27968_p2      |         +|   0|  0|    79|          72|          72|
    |add_ln700_12_fu_30759_p2      |         +|   0|  0|    79|          72|          72|
    |add_ln700_13_fu_30844_p2      |         +|   0|  0|    79|          72|          72|
    |add_ln700_14_fu_33627_p2      |         +|   0|  0|    79|          72|          72|
    |add_ln700_15_fu_33714_p2      |         +|   0|  0|    79|          72|          72|
    |add_ln700_16_fu_33819_p2      |         +|   0|  0|    79|          72|          72|
    |add_ln700_17_fu_36613_p2      |         +|   0|  0|    79|          72|          72|
    |add_ln700_18_fu_36718_p2      |         +|   0|  0|    79|          72|          72|
    |add_ln700_19_fu_36827_p2      |         +|   0|  0|    79|          72|          72|
    |add_ln700_1_fu_21342_p2       |         +|   0|  0|    79|          72|          72|
    |add_ln700_20_fu_36904_p2      |         +|   0|  0|    79|          72|          72|
    |add_ln700_21_fu_37005_p2      |         +|   0|  0|    79|          72|          72|
    |add_ln700_22_fu_39844_p2      |         +|   0|  0|    79|          72|          72|
    |add_ln700_23_fu_39953_p2      |         +|   0|  0|    79|          72|          72|
    |add_ln700_24_fu_42769_p2      |         +|   0|  0|    79|          72|          72|
    |add_ln700_25_fu_40060_p2      |         +|   0|  0|    79|          72|          72|
    |add_ln700_26_fu_40145_p2      |         +|   0|  0|    79|          72|          72|
    |add_ln700_27_fu_42962_p2      |         +|   0|  0|    79|          72|          72|
    |add_ln700_28_fu_45525_p2      |         +|   0|  0|    79|          72|          72|
    |add_ln700_29_fu_45634_p2      |         +|   0|  0|    79|          72|          72|
    |add_ln700_2_fu_24298_p2       |         +|   0|  0|    79|          72|          72|
    |add_ln700_30_fu_45697_p2      |         +|   0|  0|    79|          72|          72|
    |add_ln700_31_fu_45802_p2      |         +|   0|  0|    79|          72|          72|
    |add_ln700_32_fu_48400_p2      |         +|   0|  0|    79|          72|          72|
    |add_ln700_33_fu_48527_p2      |         +|   0|  0|    79|          72|          72|
    |add_ln700_34_fu_51033_p2      |         +|   0|  0|    79|          72|          72|
    |add_ln700_35_fu_48626_p2      |         +|   0|  0|    79|          72|          72|
    |add_ln700_36_fu_48727_p2      |         +|   0|  0|    79|          72|          72|
    |add_ln700_37_fu_51170_p2      |         +|   0|  0|    79|          72|          72|
    |add_ln700_38_fu_53474_p2      |         +|   0|  0|    79|          72|          72|
    |add_ln700_39_fu_53583_p2      |         +|   0|  0|    79|          72|          72|
    |add_ln700_3_fu_24403_p2       |         +|   0|  0|    79|          72|          72|
    |add_ln700_40_fu_51301_p2      |         +|   0|  0|    79|          72|          72|
    |add_ln700_41_fu_51386_p2      |         +|   0|  0|    79|          72|          72|
    |add_ln700_42_fu_53752_p2      |         +|   0|  0|    79|          72|          72|
    |add_ln700_43_fu_55424_p2      |         +|   0|  0|    79|          72|          72|
    |add_ln700_44_fu_56779_p2      |         +|   0|  0|    79|          72|          72|
    |add_ln700_45_fu_55509_p2      |         +|   0|  0|    79|          72|          72|
    |add_ln700_46_fu_55596_p2      |         +|   0|  0|    79|          72|          72|
    |add_ln700_47_fu_56902_p2      |         +|   0|  0|    79|          72|          72|
    |add_ln700_48_fu_57719_p2      |         +|   0|  0|    79|          72|          72|
    |add_ln700_49_fu_57828_p2      |         +|   0|  0|    79|          72|          72|
    |add_ln700_4_fu_24508_p2       |         +|   0|  0|    79|          72|          72|
    |add_ln700_50_fu_57033_p2      |         +|   0|  0|    79|          72|          72|
    |add_ln700_51_fu_57118_p2      |         +|   0|  0|    79|          72|          72|
    |add_ln700_52_fu_57997_p2      |         +|   0|  0|    79|          72|          72|
    |add_ln700_53_fu_58432_p2      |         +|   0|  0|    79|          72|          72|
    |add_ln700_54_fu_58751_p2      |         +|   0|  0|    79|          72|          72|
    |add_ln700_55_fu_58517_p2      |         +|   0|  0|    79|          72|          72|
    |add_ln700_56_fu_58586_p2      |         +|   0|  0|    79|          72|          72|
    |add_ln700_57_fu_58954_p2      |         +|   0|  0|    79|          72|          72|
    |add_ln700_58_fu_59157_p2      |         +|   0|  0|    79|          72|          72|
    |add_ln700_59_fu_59248_p2      |         +|   0|  0|    79|          72|          72|
    |add_ln700_5_fu_24609_p2       |         +|   0|  0|    79|          72|          72|
    |add_ln700_6_fu_24710_p2       |         +|   0|  0|    79|          72|          72|
    |add_ln700_7_fu_27588_p2       |         +|   0|  0|    79|          72|          72|
    |add_ln700_8_fu_27689_p2       |         +|   0|  0|    79|          72|          72|
    |add_ln700_9_fu_27798_p2       |         +|   0|  0|    79|          72|          72|
    |add_ln700_fu_21237_p2         |         +|   0|  0|    79|          72|          72|
    |add_ln703_1_fu_59339_p2       |         +|   0|  0|    47|          40|          40|
    |add_ln703_2_fu_59526_p2       |         +|   0|  0|    47|          40|          40|
    |add_ln703_3_fu_59590_p2       |         +|   0|  0|    47|          40|          40|
    |add_ln703_fu_59044_p2         |         +|   0|  0|    47|          40|          40|
    |add_ln954_fu_60104_p2         |         +|   0|  0|    39|          32|           6|
    |add_ln964_fu_60177_p2         |         +|   0|  0|     8|           8|           8|
    |lsb_index_fu_59974_p2         |         +|   0|  0|    39|          32|           6|
    |m_1_fu_60132_p2               |         +|   0|  0|    48|          41|          41|
    |next_urem_fu_2196_p2          |         +|   0|  0|    14|           7|           1|
    |pos1_fu_2525_p2               |         +|   0|  0|    12|          12|           1|
    |pos2_fu_2614_p2               |         +|   0|  0|    12|          12|           2|
    |ret_V_3_fu_59683_p2           |         +|   0|  0|    48|          41|          30|
    |ret_V_4_fu_59855_p2           |         +|   0|  0|    48|          41|          41|
    |ret_V_fu_59704_p2             |         +|   0|  0|    79|          72|          61|
    |F2_fu_2433_p2                 |         -|   0|  0|    12|          11|          12|
    |man_V_2_fu_2420_p2            |         -|   0|  0|    61|           1|          54|
    |p_Val2_3_fu_59640_p2          |         -|   0|  0|    47|           1|          40|
    |sub_ln455_10_fu_6169_p2       |         -|   0|  0|    61|           1|          54|
    |sub_ln455_11_fu_6264_p2       |         -|   0|  0|    61|           1|          54|
    |sub_ln455_12_fu_8750_p2       |         -|   0|  0|    61|           1|          54|
    |sub_ln455_13_fu_8845_p2       |         -|   0|  0|    61|           1|          54|
    |sub_ln455_14_fu_8940_p2       |         -|   0|  0|    61|           1|          54|
    |sub_ln455_15_fu_9035_p2       |         -|   0|  0|    61|           1|          54|
    |sub_ln455_16_fu_9130_p2       |         -|   0|  0|    61|           1|          54|
    |sub_ln455_17_fu_12193_p2      |         -|   0|  0|    61|           1|          54|
    |sub_ln455_18_fu_12288_p2      |         -|   0|  0|    61|           1|          54|
    |sub_ln455_19_fu_15126_p2      |         -|   0|  0|    61|           1|          54|
    |sub_ln455_1_fu_4263_p2        |         -|   0|  0|    61|           1|          54|
    |sub_ln455_20_fu_15221_p2      |         -|   0|  0|    61|           1|          54|
    |sub_ln455_21_fu_15316_p2      |         -|   0|  0|    61|           1|          54|
    |sub_ln455_22_fu_17667_p2      |         -|   0|  0|    61|           1|          54|
    |sub_ln455_23_fu_17762_p2      |         -|   0|  0|    61|           1|          54|
    |sub_ln455_24_fu_17863_p2      |         -|   0|  0|    61|           1|          54|
    |sub_ln455_25_fu_17958_p2      |         -|   0|  0|    61|           1|          54|
    |sub_ln455_26_fu_18053_p2      |         -|   0|  0|    61|           1|          54|
    |sub_ln455_27_fu_20611_p2      |         -|   0|  0|    61|           1|          54|
    |sub_ln455_28_fu_20706_p2      |         -|   0|  0|    61|           1|          54|
    |sub_ln455_29_fu_23711_p2      |         -|   0|  0|    61|           1|          54|
    |sub_ln455_2_fu_4364_p2        |         -|   0|  0|    61|           1|          54|
    |sub_ln455_30_fu_20837_p2      |         -|   0|  0|    61|           1|          54|
    |sub_ln455_31_fu_20932_p2      |         -|   0|  0|    61|           1|          54|
    |sub_ln455_32_fu_24012_p2      |         -|   0|  0|    61|           1|          54|
    |sub_ln455_33_fu_26939_p2      |         -|   0|  0|    61|           1|          54|
    |sub_ln455_34_fu_27034_p2      |         -|   0|  0|    61|           1|          54|
    |sub_ln455_35_fu_27129_p2      |         -|   0|  0|    61|           1|          54|
    |sub_ln455_36_fu_27224_p2      |         -|   0|  0|    61|           1|          54|
    |sub_ln455_37_fu_30012_p2      |         -|   0|  0|    61|           1|          54|
    |sub_ln455_38_fu_30107_p2      |         -|   0|  0|    61|           1|          54|
    |sub_ln455_39_fu_32810_p2      |         -|   0|  0|    61|           1|          54|
    |sub_ln455_3_fu_4459_p2        |         -|   0|  0|    61|           1|          54|
    |sub_ln455_40_fu_30238_p2      |         -|   0|  0|    61|           1|          54|
    |sub_ln455_41_fu_30333_p2      |         -|   0|  0|    61|           1|          54|
    |sub_ln455_42_fu_33111_p2      |         -|   0|  0|    61|           1|          54|
    |sub_ln455_43_fu_35959_p2      |         -|   0|  0|    61|           1|          54|
    |sub_ln455_44_fu_36054_p2      |         -|   0|  0|    61|           1|          54|
    |sub_ln455_45_fu_33278_p2      |         -|   0|  0|    61|           1|          54|
    |sub_ln455_46_fu_33373_p2      |         -|   0|  0|    61|           1|          54|
    |sub_ln455_47_fu_36355_p2      |         -|   0|  0|    61|           1|          54|
    |sub_ln455_48_fu_39272_p2      |         -|   0|  0|    61|           1|          54|
    |sub_ln455_49_fu_42006_p2      |         -|   0|  0|    61|           1|          54|
    |sub_ln455_4_fu_4554_p2        |         -|   0|  0|    61|           1|          54|
    |sub_ln455_50_fu_39403_p2      |         -|   0|  0|    61|           1|          54|
    |sub_ln455_51_fu_39498_p2      |         -|   0|  0|    61|           1|          54|
    |sub_ln455_52_fu_42307_p2      |         -|   0|  0|    61|           1|          54|
    |sub_ln455_53_fu_44851_p2      |         -|   0|  0|    61|           1|          54|
    |sub_ln455_54_fu_44946_p2      |         -|   0|  0|    61|           1|          54|
    |sub_ln455_55_fu_42474_p2      |         -|   0|  0|    61|           1|          54|
    |sub_ln455_56_fu_42569_p2      |         -|   0|  0|    61|           1|          54|
    |sub_ln455_57_fu_45253_p2      |         -|   0|  0|    61|           1|          54|
    |sub_ln455_58_fu_47966_p2      |         -|   0|  0|    61|           1|          54|
    |sub_ln455_59_fu_50510_p2      |         -|   0|  0|    61|           1|          54|
    |sub_ln455_5_fu_4649_p2        |         -|   0|  0|    61|           1|          54|
    |sub_ln455_60_fu_48097_p2      |         -|   0|  0|    61|           1|          54|
    |sub_ln455_61_fu_48192_p2      |         -|   0|  0|    61|           1|          54|
    |sub_ln455_62_fu_50811_p2      |         -|   0|  0|    61|           1|          54|
    |sub_ln455_63_fu_53239_p2      |         -|   0|  0|    61|           1|          54|
    |sub_ln455_64_fu_53334_p2      |         -|   0|  0|    61|           1|          54|
    |sub_ln455_6_fu_4744_p2        |         -|   0|  0|    61|           1|          54|
    |sub_ln455_7_fu_5884_p2        |         -|   0|  0|    61|           1|          54|
    |sub_ln455_8_fu_5979_p2        |         -|   0|  0|    61|           1|          54|
    |sub_ln455_9_fu_6074_p2        |         -|   0|  0|    61|           1|          54|
    |sub_ln455_fu_4162_p2          |         -|   0|  0|    61|           1|          54|
    |sub_ln575_10_fu_6182_p2       |         -|   0|  0|    12|          11|          12|
    |sub_ln575_11_fu_6277_p2       |         -|   0|  0|    12|          11|          12|
    |sub_ln575_12_fu_8763_p2       |         -|   0|  0|    12|          11|          12|
    |sub_ln575_13_fu_8858_p2       |         -|   0|  0|    12|          11|          12|
    |sub_ln575_14_fu_8953_p2       |         -|   0|  0|    12|          11|          12|
    |sub_ln575_15_fu_9048_p2       |         -|   0|  0|    12|          11|          12|
    |sub_ln575_16_fu_9143_p2       |         -|   0|  0|    12|          11|          12|
    |sub_ln575_17_fu_12206_p2      |         -|   0|  0|    12|          11|          12|
    |sub_ln575_18_fu_12301_p2      |         -|   0|  0|    12|          11|          12|
    |sub_ln575_19_fu_15139_p2      |         -|   0|  0|    12|          11|          12|
    |sub_ln575_1_fu_4276_p2        |         -|   0|  0|    12|          11|          12|
    |sub_ln575_20_fu_15234_p2      |         -|   0|  0|    12|          11|          12|
    |sub_ln575_21_fu_15329_p2      |         -|   0|  0|    12|          11|          12|
    |sub_ln575_22_fu_17680_p2      |         -|   0|  0|    12|          11|          12|
    |sub_ln575_23_fu_17775_p2      |         -|   0|  0|    12|          11|          12|
    |sub_ln575_24_fu_17876_p2      |         -|   0|  0|    12|          11|          12|
    |sub_ln575_25_fu_17971_p2      |         -|   0|  0|    12|          11|          12|
    |sub_ln575_26_fu_18066_p2      |         -|   0|  0|    12|          11|          12|
    |sub_ln575_27_fu_20624_p2      |         -|   0|  0|    12|          11|          12|
    |sub_ln575_28_fu_20719_p2      |         -|   0|  0|    12|          11|          12|
    |sub_ln575_29_fu_23724_p2      |         -|   0|  0|    12|          11|          12|
    |sub_ln575_2_fu_4377_p2        |         -|   0|  0|    12|          11|          12|
    |sub_ln575_30_fu_20850_p2      |         -|   0|  0|    12|          11|          12|
    |sub_ln575_31_fu_20945_p2      |         -|   0|  0|    12|          11|          12|
    |sub_ln575_32_fu_24025_p2      |         -|   0|  0|    12|          11|          12|
    |sub_ln575_33_fu_26952_p2      |         -|   0|  0|    12|          11|          12|
    |sub_ln575_34_fu_27047_p2      |         -|   0|  0|    12|          11|          12|
    |sub_ln575_35_fu_27142_p2      |         -|   0|  0|    12|          11|          12|
    |sub_ln575_36_fu_27237_p2      |         -|   0|  0|    12|          11|          12|
    |sub_ln575_37_fu_30025_p2      |         -|   0|  0|    12|          11|          12|
    |sub_ln575_38_fu_30120_p2      |         -|   0|  0|    12|          11|          12|
    |sub_ln575_39_fu_32823_p2      |         -|   0|  0|    12|          11|          12|
    |sub_ln575_3_fu_4472_p2        |         -|   0|  0|    12|          11|          12|
    |sub_ln575_40_fu_30251_p2      |         -|   0|  0|    12|          11|          12|
    |sub_ln575_41_fu_30346_p2      |         -|   0|  0|    12|          11|          12|
    |sub_ln575_42_fu_33124_p2      |         -|   0|  0|    12|          11|          12|
    |sub_ln575_43_fu_35972_p2      |         -|   0|  0|    12|          11|          12|
    |sub_ln575_44_fu_36067_p2      |         -|   0|  0|    12|          11|          12|
    |sub_ln575_45_fu_33291_p2      |         -|   0|  0|    12|          11|          12|
    |sub_ln575_46_fu_33386_p2      |         -|   0|  0|    12|          11|          12|
    |sub_ln575_47_fu_36368_p2      |         -|   0|  0|    12|          11|          12|
    |sub_ln575_48_fu_39285_p2      |         -|   0|  0|    12|          11|          12|
    |sub_ln575_49_fu_42019_p2      |         -|   0|  0|    12|          11|          12|
    |sub_ln575_4_fu_4567_p2        |         -|   0|  0|    12|          11|          12|
    |sub_ln575_50_fu_39416_p2      |         -|   0|  0|    12|          11|          12|
    |sub_ln575_51_fu_39511_p2      |         -|   0|  0|    12|          11|          12|
    |sub_ln575_52_fu_42320_p2      |         -|   0|  0|    12|          11|          12|
    |sub_ln575_53_fu_44864_p2      |         -|   0|  0|    12|          11|          12|
    |sub_ln575_54_fu_44959_p2      |         -|   0|  0|    12|          11|          12|
    |sub_ln575_55_fu_42487_p2      |         -|   0|  0|    12|          11|          12|
    |sub_ln575_56_fu_42582_p2      |         -|   0|  0|    12|          11|          12|
    |sub_ln575_57_fu_45266_p2      |         -|   0|  0|    12|          11|          12|
    |sub_ln575_58_fu_47979_p2      |         -|   0|  0|    12|          11|          12|
    |sub_ln575_59_fu_50523_p2      |         -|   0|  0|    12|          11|          12|
    |sub_ln575_5_fu_4662_p2        |         -|   0|  0|    12|          11|          12|
    |sub_ln575_60_fu_48110_p2      |         -|   0|  0|    12|          11|          12|
    |sub_ln575_61_fu_48205_p2      |         -|   0|  0|    12|          11|          12|
    |sub_ln575_62_fu_50824_p2      |         -|   0|  0|    12|          11|          12|
    |sub_ln575_63_fu_53252_p2      |         -|   0|  0|    12|          11|          12|
    |sub_ln575_64_fu_53347_p2      |         -|   0|  0|    12|          11|          12|
    |sub_ln575_6_fu_4757_p2        |         -|   0|  0|    12|          11|          12|
    |sub_ln575_7_fu_5897_p2        |         -|   0|  0|    12|          11|          12|
    |sub_ln575_8_fu_5992_p2        |         -|   0|  0|    12|          11|          12|
    |sub_ln575_9_fu_6087_p2        |         -|   0|  0|    12|          11|          12|
    |sub_ln575_fu_4175_p2          |         -|   0|  0|    12|          11|          12|
    |sub_ln581_10_fu_6105_p2       |         -|   0|  0|    12|           5|          12|
    |sub_ln581_11_fu_6200_p2       |         -|   0|  0|    12|           5|          12|
    |sub_ln581_12_fu_6295_p2       |         -|   0|  0|    12|           5|          12|
    |sub_ln581_13_fu_8781_p2       |         -|   0|  0|    12|           5|          12|
    |sub_ln581_14_fu_8876_p2       |         -|   0|  0|    12|           5|          12|
    |sub_ln581_15_fu_8971_p2       |         -|   0|  0|    12|           5|          12|
    |sub_ln581_16_fu_9066_p2       |         -|   0|  0|    12|           5|          12|
    |sub_ln581_17_fu_9161_p2       |         -|   0|  0|    12|           5|          12|
    |sub_ln581_18_fu_12224_p2      |         -|   0|  0|    12|           5|          12|
    |sub_ln581_19_fu_12319_p2      |         -|   0|  0|    12|           5|          12|
    |sub_ln581_1_fu_4193_p2        |         -|   0|  0|    12|           5|          12|
    |sub_ln581_20_fu_15157_p2      |         -|   0|  0|    12|           5|          12|
    |sub_ln581_21_fu_15252_p2      |         -|   0|  0|    12|           5|          12|
    |sub_ln581_22_fu_15347_p2      |         -|   0|  0|    12|           5|          12|
    |sub_ln581_23_fu_17698_p2      |         -|   0|  0|    12|           5|          12|
    |sub_ln581_24_fu_17793_p2      |         -|   0|  0|    12|           5|          12|
    |sub_ln581_25_fu_17894_p2      |         -|   0|  0|    12|           5|          12|
    |sub_ln581_26_fu_17989_p2      |         -|   0|  0|    12|           5|          12|
    |sub_ln581_27_fu_18084_p2      |         -|   0|  0|    12|           5|          12|
    |sub_ln581_28_fu_20642_p2      |         -|   0|  0|    12|           5|          12|
    |sub_ln581_29_fu_20737_p2      |         -|   0|  0|    12|           5|          12|
    |sub_ln581_2_fu_4294_p2        |         -|   0|  0|    12|           5|          12|
    |sub_ln581_30_fu_23742_p2      |         -|   0|  0|    12|           5|          12|
    |sub_ln581_31_fu_20868_p2      |         -|   0|  0|    12|           5|          12|
    |sub_ln581_32_fu_20963_p2      |         -|   0|  0|    12|           5|          12|
    |sub_ln581_33_fu_24043_p2      |         -|   0|  0|    12|           5|          12|
    |sub_ln581_34_fu_26970_p2      |         -|   0|  0|    12|           5|          12|
    |sub_ln581_35_fu_27065_p2      |         -|   0|  0|    12|           5|          12|
    |sub_ln581_36_fu_27160_p2      |         -|   0|  0|    12|           5|          12|
    |sub_ln581_37_fu_27255_p2      |         -|   0|  0|    12|           5|          12|
    |sub_ln581_38_fu_30043_p2      |         -|   0|  0|    12|           5|          12|
    |sub_ln581_39_fu_30138_p2      |         -|   0|  0|    12|           5|          12|
    |sub_ln581_3_fu_4395_p2        |         -|   0|  0|    12|           5|          12|
    |sub_ln581_40_fu_32841_p2      |         -|   0|  0|    12|           5|          12|
    |sub_ln581_41_fu_30269_p2      |         -|   0|  0|    12|           5|          12|
    |sub_ln581_42_fu_30364_p2      |         -|   0|  0|    12|           5|          12|
    |sub_ln581_43_fu_33142_p2      |         -|   0|  0|    12|           5|          12|
    |sub_ln581_44_fu_35990_p2      |         -|   0|  0|    12|           5|          12|
    |sub_ln581_45_fu_36085_p2      |         -|   0|  0|    12|           5|          12|
    |sub_ln581_46_fu_33309_p2      |         -|   0|  0|    12|           5|          12|
    |sub_ln581_47_fu_33404_p2      |         -|   0|  0|    12|           5|          12|
    |sub_ln581_48_fu_36386_p2      |         -|   0|  0|    12|           5|          12|
    |sub_ln581_49_fu_39303_p2      |         -|   0|  0|    12|           5|          12|
    |sub_ln581_4_fu_4490_p2        |         -|   0|  0|    12|           5|          12|
    |sub_ln581_50_fu_42037_p2      |         -|   0|  0|    12|           5|          12|
    |sub_ln581_51_fu_39434_p2      |         -|   0|  0|    12|           5|          12|
    |sub_ln581_52_fu_39529_p2      |         -|   0|  0|    12|           5|          12|
    |sub_ln581_53_fu_42338_p2      |         -|   0|  0|    12|           5|          12|
    |sub_ln581_54_fu_44882_p2      |         -|   0|  0|    12|           5|          12|
    |sub_ln581_55_fu_44977_p2      |         -|   0|  0|    12|           5|          12|
    |sub_ln581_56_fu_42505_p2      |         -|   0|  0|    12|           5|          12|
    |sub_ln581_57_fu_42600_p2      |         -|   0|  0|    12|           5|          12|
    |sub_ln581_58_fu_45284_p2      |         -|   0|  0|    12|           5|          12|
    |sub_ln581_59_fu_47997_p2      |         -|   0|  0|    12|           5|          12|
    |sub_ln581_5_fu_4585_p2        |         -|   0|  0|    12|           5|          12|
    |sub_ln581_60_fu_50541_p2      |         -|   0|  0|    12|           5|          12|
    |sub_ln581_61_fu_48128_p2      |         -|   0|  0|    12|           5|          12|
    |sub_ln581_62_fu_48223_p2      |         -|   0|  0|    12|           5|          12|
    |sub_ln581_63_fu_50842_p2      |         -|   0|  0|    12|           5|          12|
    |sub_ln581_64_fu_53270_p2      |         -|   0|  0|    12|           5|          12|
    |sub_ln581_65_fu_53365_p2      |         -|   0|  0|    12|           5|          12|
    |sub_ln581_6_fu_4680_p2        |         -|   0|  0|    12|           5|          12|
    |sub_ln581_7_fu_4775_p2        |         -|   0|  0|    12|           5|          12|
    |sub_ln581_8_fu_5915_p2        |         -|   0|  0|    12|           5|          12|
    |sub_ln581_9_fu_6010_p2        |         -|   0|  0|    12|           5|          12|
    |sub_ln581_fu_2461_p2          |         -|   0|  0|    12|           4|          12|
    |sub_ln944_fu_59968_p2         |         -|   0|  0|    39|           6|          32|
    |sub_ln947_fu_60011_p2         |         -|   0|  0|    14|           1|           6|
    |sub_ln955_fu_60090_p2         |         -|   0|  0|    39|           5|          32|
    |sub_ln964_fu_60172_p2         |         -|   0|  0|     8|           4|           8|
    |tmp_V_fu_59917_p2             |         -|   0|  0|    47|           1|          40|
    |Range1_all_ones_3_fu_2563_p2  |       and|   0|  0|     2|           1|           1|
    |Range1_all_ones_fu_2722_p2    |       and|   0|  0|     2|           1|           1|
    |and_ln340_100_fu_51477_p2     |       and|   0|  0|     2|           1|           1|
    |and_ln340_101_fu_51483_p2     |       and|   0|  0|     2|           1|           1|
    |and_ln340_102_fu_49109_p2     |       and|   0|  0|     2|           1|           1|
    |and_ln340_103_fu_49115_p2     |       and|   0|  0|     2|           1|           1|
    |and_ln340_104_fu_49195_p2     |       and|   0|  0|     2|           1|           1|
    |and_ln340_105_fu_49201_p2     |       and|   0|  0|     2|           1|           1|
    |and_ln340_106_fu_51595_p2     |       and|   0|  0|     2|           1|           1|
    |and_ln340_107_fu_51601_p2     |       and|   0|  0|     2|           1|           1|
    |and_ln340_108_fu_53903_p2     |       and|   0|  0|     2|           1|           1|
    |and_ln340_109_fu_53909_p2     |       and|   0|  0|     2|           1|           1|
    |and_ln340_10_fu_10151_p2      |       and|   0|  0|     2|           1|           1|
    |and_ln340_110_fu_53989_p2     |       and|   0|  0|     2|           1|           1|
    |and_ln340_111_fu_53995_p2     |       and|   0|  0|     2|           1|           1|
    |and_ln340_112_fu_51963_p2     |       and|   0|  0|     2|           1|           1|
    |and_ln340_113_fu_51969_p2     |       and|   0|  0|     2|           1|           1|
    |and_ln340_114_fu_52049_p2     |       and|   0|  0|     2|           1|           1|
    |and_ln340_115_fu_52055_p2     |       and|   0|  0|     2|           1|           1|
    |and_ln340_116_fu_52276_p2     |       and|   0|  0|     2|           1|           1|
    |and_ln340_117_fu_52282_p2     |       and|   0|  0|     2|           1|           1|
    |and_ln340_118_fu_55765_p2     |       and|   0|  0|     2|           1|           1|
    |and_ln340_119_fu_55771_p2     |       and|   0|  0|     2|           1|           1|
    |and_ln340_11_fu_10157_p2      |       and|   0|  0|     2|           1|           1|
    |and_ln340_120_fu_57209_p2     |       and|   0|  0|     2|           1|           1|
    |and_ln340_121_fu_57215_p2     |       and|   0|  0|     2|           1|           1|
    |and_ln340_122_fu_55992_p2     |       and|   0|  0|     2|           1|           1|
    |and_ln340_123_fu_55998_p2     |       and|   0|  0|     2|           1|           1|
    |and_ln340_124_fu_54816_p2     |       and|   0|  0|     2|           1|           1|
    |and_ln340_125_fu_54822_p2     |       and|   0|  0|     2|           1|           1|
    |and_ln340_126_fu_57327_p2     |       and|   0|  0|     2|           1|           1|
    |and_ln340_127_fu_57333_p2     |       and|   0|  0|     2|           1|           1|
    |and_ln340_128_fu_58148_p2     |       and|   0|  0|     2|           1|           1|
    |and_ln340_129_fu_58154_p2     |       and|   0|  0|     2|           1|           1|
    |and_ln340_12_fu_12798_p2      |       and|   0|  0|     2|           1|           1|
    |and_ln340_130_fu_58234_p2     |       and|   0|  0|     2|           1|           1|
    |and_ln340_131_fu_58240_p2     |       and|   0|  0|     2|           1|           1|
    |and_ln340_13_fu_12804_p2      |       and|   0|  0|     2|           1|           1|
    |and_ln340_14_fu_12884_p2      |       and|   0|  0|     2|           1|           1|
    |and_ln340_15_fu_12890_p2      |       and|   0|  0|     2|           1|           1|
    |and_ln340_16_fu_15800_p2      |       and|   0|  0|     2|           1|           1|
    |and_ln340_17_fu_15806_p2      |       and|   0|  0|     2|           1|           1|
    |and_ln340_18_fu_15886_p2      |       and|   0|  0|     2|           1|           1|
    |and_ln340_19_fu_15892_p2      |       and|   0|  0|     2|           1|           1|
    |and_ln340_1_fu_2889_p2        |       and|   0|  0|     2|           1|           1|
    |and_ln340_20_fu_13393_p2      |       and|   0|  0|     2|           1|           1|
    |and_ln340_21_fu_13399_p2      |       and|   0|  0|     2|           1|           1|
    |and_ln340_22_fu_16014_p2      |       and|   0|  0|     2|           1|           1|
    |and_ln340_23_fu_16020_p2      |       and|   0|  0|     2|           1|           1|
    |and_ln340_24_fu_16100_p2      |       and|   0|  0|     2|           1|           1|
    |and_ln340_25_fu_16106_p2      |       and|   0|  0|     2|           1|           1|
    |and_ln340_26_fu_18673_p2      |       and|   0|  0|     2|           1|           1|
    |and_ln340_27_fu_18679_p2      |       and|   0|  0|     2|           1|           1|
    |and_ln340_28_fu_18759_p2      |       and|   0|  0|     2|           1|           1|
    |and_ln340_29_fu_18765_p2      |       and|   0|  0|     2|           1|           1|
    |and_ln340_2_fu_9447_p2        |       and|   0|  0|     2|           1|           1|
    |and_ln340_30_fu_18845_p2      |       and|   0|  0|     2|           1|           1|
    |and_ln340_31_fu_18851_p2      |       and|   0|  0|     2|           1|           1|
    |and_ln340_32_fu_18931_p2      |       and|   0|  0|     2|           1|           1|
    |and_ln340_33_fu_18937_p2      |       and|   0|  0|     2|           1|           1|
    |and_ln340_34_fu_19017_p2      |       and|   0|  0|     2|           1|           1|
    |and_ln340_35_fu_19023_p2      |       and|   0|  0|     2|           1|           1|
    |and_ln340_36_fu_21627_p2      |       and|   0|  0|     2|           1|           1|
    |and_ln340_37_fu_21633_p2      |       and|   0|  0|     2|           1|           1|
    |and_ln340_38_fu_21713_p2      |       and|   0|  0|     2|           1|           1|
    |and_ln340_39_fu_21719_p2      |       and|   0|  0|     2|           1|           1|
    |and_ln340_3_fu_9453_p2        |       and|   0|  0|     2|           1|           1|
    |and_ln340_40_fu_21940_p2      |       and|   0|  0|     2|           1|           1|
    |and_ln340_41_fu_21946_p2      |       and|   0|  0|     2|           1|           1|
    |and_ln340_42_fu_22127_p2      |       and|   0|  0|     2|           1|           1|
    |and_ln340_43_fu_22133_p2      |       and|   0|  0|     2|           1|           1|
    |and_ln340_44_fu_24941_p2      |       and|   0|  0|     2|           1|           1|
    |and_ln340_45_fu_24947_p2      |       and|   0|  0|     2|           1|           1|
    |and_ln340_46_fu_28091_p2      |       and|   0|  0|     2|           1|           1|
    |and_ln340_47_fu_28097_p2      |       and|   0|  0|     2|           1|           1|
    |and_ln340_48_fu_28177_p2      |       and|   0|  0|     2|           1|           1|
    |and_ln340_49_fu_28183_p2      |       and|   0|  0|     2|           1|           1|
    |and_ln340_4_fu_9642_p2        |       and|   0|  0|     2|           1|           1|
    |and_ln340_50_fu_25450_p2      |       and|   0|  0|     2|           1|           1|
    |and_ln340_51_fu_25456_p2      |       and|   0|  0|     2|           1|           1|
    |and_ln340_52_fu_28305_p2      |       and|   0|  0|     2|           1|           1|
    |and_ln340_53_fu_28311_p2      |       and|   0|  0|     2|           1|           1|
    |and_ln340_54_fu_28391_p2      |       and|   0|  0|     2|           1|           1|
    |and_ln340_55_fu_28397_p2      |       and|   0|  0|     2|           1|           1|
    |and_ln340_56_fu_31065_p2      |       and|   0|  0|     2|           1|           1|
    |and_ln340_57_fu_31071_p2      |       and|   0|  0|     2|           1|           1|
    |and_ln340_58_fu_28759_p2      |       and|   0|  0|     2|           1|           1|
    |and_ln340_59_fu_28765_p2      |       and|   0|  0|     2|           1|           1|
    |and_ln340_5_fu_9648_p2        |       and|   0|  0|     2|           1|           1|
    |and_ln340_60_fu_31334_p2      |       and|   0|  0|     2|           1|           1|
    |and_ln340_61_fu_31340_p2      |       and|   0|  0|     2|           1|           1|
    |and_ln340_62_fu_31380_p2      |       and|   0|  0|     2|           1|           1|
    |and_ln340_63_fu_31386_p2      |       and|   0|  0|     2|           1|           1|
    |and_ln340_64_fu_29331_p2      |       and|   0|  0|     2|           1|           1|
    |and_ln340_65_fu_29337_p2      |       and|   0|  0|     2|           1|           1|
    |and_ln340_66_fu_34102_p2      |       and|   0|  0|     2|           1|           1|
    |and_ln340_67_fu_34108_p2      |       and|   0|  0|     2|           1|           1|
    |and_ln340_68_fu_34329_p2      |       and|   0|  0|     2|           1|           1|
    |and_ln340_69_fu_34335_p2      |       and|   0|  0|     2|           1|           1|
    |and_ln340_6_fu_12584_p2       |       and|   0|  0|     2|           1|           1|
    |and_ln340_70_fu_37186_p2      |       and|   0|  0|     2|           1|           1|
    |and_ln340_71_fu_37192_p2      |       and|   0|  0|     2|           1|           1|
    |and_ln340_72_fu_37272_p2      |       and|   0|  0|     2|           1|           1|
    |and_ln340_73_fu_37278_p2      |       and|   0|  0|     2|           1|           1|
    |and_ln340_74_fu_37358_p2      |       and|   0|  0|     2|           1|           1|
    |and_ln340_75_fu_37364_p2      |       and|   0|  0|     2|           1|           1|
    |and_ln340_76_fu_40284_p2      |       and|   0|  0|     2|           1|           1|
    |and_ln340_77_fu_40290_p2      |       and|   0|  0|     2|           1|           1|
    |and_ln340_78_fu_40370_p2      |       and|   0|  0|     2|           1|           1|
    |and_ln340_79_fu_40376_p2      |       and|   0|  0|     2|           1|           1|
    |and_ln340_7_fu_12590_p2       |       and|   0|  0|     2|           1|           1|
    |and_ln340_80_fu_43135_p2      |       and|   0|  0|     2|           1|           1|
    |and_ln340_81_fu_43141_p2      |       and|   0|  0|     2|           1|           1|
    |and_ln340_82_fu_40597_p2      |       and|   0|  0|     2|           1|           1|
    |and_ln340_83_fu_40603_p2      |       and|   0|  0|     2|           1|           1|
    |and_ln340_84_fu_40683_p2      |       and|   0|  0|     2|           1|           1|
    |and_ln340_85_fu_40689_p2      |       and|   0|  0|     2|           1|           1|
    |and_ln340_86_fu_43253_p2      |       and|   0|  0|     2|           1|           1|
    |and_ln340_87_fu_43259_p2      |       and|   0|  0|     2|           1|           1|
    |and_ln340_88_fu_45989_p2      |       and|   0|  0|     2|           1|           1|
    |and_ln340_89_fu_45995_p2      |       and|   0|  0|     2|           1|           1|
    |and_ln340_8_fu_12670_p2       |       and|   0|  0|     2|           1|           1|
    |and_ln340_90_fu_46075_p2      |       and|   0|  0|     2|           1|           1|
    |and_ln340_91_fu_46081_p2      |       and|   0|  0|     2|           1|           1|
    |and_ln340_92_fu_43621_p2      |       and|   0|  0|     2|           1|           1|
    |and_ln340_93_fu_43627_p2      |       and|   0|  0|     2|           1|           1|
    |and_ln340_94_fu_43707_p2      |       and|   0|  0|     2|           1|           1|
    |and_ln340_95_fu_43713_p2      |       and|   0|  0|     2|           1|           1|
    |and_ln340_96_fu_46193_p2      |       and|   0|  0|     2|           1|           1|
    |and_ln340_97_fu_46199_p2      |       and|   0|  0|     2|           1|           1|
    |and_ln340_98_fu_48882_p2      |       and|   0|  0|     2|           1|           1|
    |and_ln340_99_fu_48888_p2      |       and|   0|  0|     2|           1|           1|
    |and_ln340_9_fu_12676_p2       |       and|   0|  0|     2|           1|           1|
    |and_ln340_fu_2884_p2          |       and|   0|  0|     2|           1|           1|
    |and_ln403_100_fu_44308_p2     |       and|   0|  0|     2|           1|           1|
    |and_ln403_101_fu_44326_p2     |       and|   0|  0|     2|           1|           1|
    |and_ln403_102_fu_44552_p2     |       and|   0|  0|     2|           1|           1|
    |and_ln403_103_fu_44570_p2     |       and|   0|  0|     2|           1|           1|
    |and_ln403_104_fu_46973_p2     |       and|   0|  0|     2|           1|           1|
    |and_ln403_105_fu_46991_p2     |       and|   0|  0|     2|           1|           1|
    |and_ln403_106_fu_49449_p2     |       and|   0|  0|     2|           1|           1|
    |and_ln403_107_fu_49467_p2     |       and|   0|  0|     2|           1|           1|
    |and_ln403_108_fu_49693_p2     |       and|   0|  0|     2|           1|           1|
    |and_ln403_109_fu_49711_p2     |       and|   0|  0|     2|           1|           1|
    |and_ln403_10_fu_7795_p2       |       and|   0|  0|     2|           1|           1|
    |and_ln403_110_fu_47423_p2     |       and|   0|  0|     2|           1|           1|
    |and_ln403_111_fu_47441_p2     |       and|   0|  0|     2|           1|           1|
    |and_ln403_112_fu_47667_p2     |       and|   0|  0|     2|           1|           1|
    |and_ln403_113_fu_47685_p2     |       and|   0|  0|     2|           1|           1|
    |and_ln403_114_fu_50211_p2     |       and|   0|  0|     2|           1|           1|
    |and_ln403_115_fu_50229_p2     |       and|   0|  0|     2|           1|           1|
    |and_ln403_116_fu_52349_p2     |       and|   0|  0|     2|           1|           1|
    |and_ln403_117_fu_52367_p2     |       and|   0|  0|     2|           1|           1|
    |and_ln403_118_fu_54317_p2     |       and|   0|  0|     2|           1|           1|
    |and_ln403_119_fu_54335_p2     |       and|   0|  0|     2|           1|           1|
    |and_ln403_11_fu_7813_p2       |       and|   0|  0|     2|           1|           1|
    |and_ln403_120_fu_52696_p2     |       and|   0|  0|     2|           1|           1|
    |and_ln403_121_fu_52714_p2     |       and|   0|  0|     2|           1|           1|
    |and_ln403_122_fu_52940_p2     |       and|   0|  0|     2|           1|           1|
    |and_ln403_123_fu_52958_p2     |       and|   0|  0|     2|           1|           1|
    |and_ln403_124_fu_54889_p2     |       and|   0|  0|     2|           1|           1|
    |and_ln403_125_fu_54907_p2     |       and|   0|  0|     2|           1|           1|
    |and_ln403_126_fu_56288_p2     |       and|   0|  0|     2|           1|           1|
    |and_ln403_127_fu_56306_p2     |       and|   0|  0|     2|           1|           1|
    |and_ln403_128_fu_56532_p2     |       and|   0|  0|     2|           1|           1|
    |and_ln403_129_fu_56550_p2     |       and|   0|  0|     2|           1|           1|
    |and_ln403_12_fu_8039_p2       |       and|   0|  0|     2|           1|           1|
    |and_ln403_13_fu_8057_p2       |       and|   0|  0|     2|           1|           1|
    |and_ln403_14_fu_10506_p2      |       and|   0|  0|     2|           1|           1|
    |and_ln403_15_fu_10524_p2      |       and|   0|  0|     2|           1|           1|
    |and_ln403_16_fu_10750_p2      |       and|   0|  0|     2|           1|           1|
    |and_ln403_17_fu_10768_p2      |       and|   0|  0|     2|           1|           1|
    |and_ln403_18_fu_10994_p2      |       and|   0|  0|     2|           1|           1|
    |and_ln403_19_fu_11012_p2      |       and|   0|  0|     2|           1|           1|
    |and_ln403_1_fu_6602_p2        |       and|   0|  0|     2|           1|           1|
    |and_ln403_20_fu_11238_p2      |       and|   0|  0|     2|           1|           1|
    |and_ln403_21_fu_11256_p2      |       and|   0|  0|     2|           1|           1|
    |and_ln403_22_fu_11482_p2      |       and|   0|  0|     2|           1|           1|
    |and_ln403_23_fu_11500_p2      |       and|   0|  0|     2|           1|           1|
    |and_ln403_24_fu_13748_p2      |       and|   0|  0|     2|           1|           1|
    |and_ln403_25_fu_13766_p2      |       and|   0|  0|     2|           1|           1|
    |and_ln403_26_fu_13992_p2      |       and|   0|  0|     2|           1|           1|
    |and_ln403_27_fu_14010_p2      |       and|   0|  0|     2|           1|           1|
    |and_ln403_28_fu_14236_p2      |       and|   0|  0|     2|           1|           1|
    |and_ln403_29_fu_14254_p2      |       and|   0|  0|     2|           1|           1|
    |and_ln403_2_fu_6804_p2        |       and|   0|  0|     2|           1|           1|
    |and_ln403_30_fu_14480_p2      |       and|   0|  0|     2|           1|           1|
    |and_ln403_31_fu_14498_p2      |       and|   0|  0|     2|           1|           1|
    |and_ln403_32_fu_14724_p2      |       and|   0|  0|     2|           1|           1|
    |and_ln403_33_fu_14742_p2      |       and|   0|  0|     2|           1|           1|
    |and_ln403_34_fu_16918_p2      |       and|   0|  0|     2|           1|           1|
    |and_ln403_35_fu_16936_p2      |       and|   0|  0|     2|           1|           1|
    |and_ln403_36_fu_17162_p2      |       and|   0|  0|     2|           1|           1|
    |and_ln403_37_fu_17180_p2      |       and|   0|  0|     2|           1|           1|
    |and_ln403_38_fu_19412_p2      |       and|   0|  0|     2|           1|           1|
    |and_ln403_39_fu_19430_p2      |       and|   0|  0|     2|           1|           1|
    |and_ln403_3_fu_6820_p2        |       and|   0|  0|     2|           1|           1|
    |and_ln403_40_fu_19656_p2      |       and|   0|  0|     2|           1|           1|
    |and_ln403_41_fu_19674_p2      |       and|   0|  0|     2|           1|           1|
    |and_ln403_42_fu_19900_p2      |       and|   0|  0|     2|           1|           1|
    |and_ln403_43_fu_19918_p2      |       and|   0|  0|     2|           1|           1|
    |and_ln403_44_fu_22341_p2      |       and|   0|  0|     2|           1|           1|
    |and_ln403_45_fu_22359_p2      |       and|   0|  0|     2|           1|           1|
    |and_ln403_46_fu_22585_p2      |       and|   0|  0|     2|           1|           1|
    |and_ln403_47_fu_22603_p2      |       and|   0|  0|     2|           1|           1|
    |and_ln403_48_fu_22821_p2      |       and|   0|  0|     2|           1|           1|
    |and_ln403_49_fu_22839_p2      |       and|   0|  0|     2|           1|           1|
    |and_ln403_4_fu_7063_p2        |       and|   0|  0|     2|           1|           1|
    |and_ln403_50_fu_23065_p2      |       and|   0|  0|     2|           1|           1|
    |and_ln403_51_fu_23083_p2      |       and|   0|  0|     2|           1|           1|
    |and_ln403_52_fu_23309_p2      |       and|   0|  0|     2|           1|           1|
    |and_ln403_53_fu_23327_p2      |       and|   0|  0|     2|           1|           1|
    |and_ln403_54_fu_25805_p2      |       and|   0|  0|     2|           1|           1|
    |and_ln403_55_fu_25823_p2      |       and|   0|  0|     2|           1|           1|
    |and_ln403_56_fu_26049_p2      |       and|   0|  0|     2|           1|           1|
    |and_ln403_57_fu_26067_p2      |       and|   0|  0|     2|           1|           1|
    |and_ln403_58_fu_28832_p2      |       and|   0|  0|     2|           1|           1|
    |and_ln403_59_fu_28850_p2      |       and|   0|  0|     2|           1|           1|
    |and_ln403_5_fu_7081_p2        |       and|   0|  0|     2|           1|           1|
    |and_ln403_60_fu_26396_p2      |       and|   0|  0|     2|           1|           1|
    |and_ln403_61_fu_26414_p2      |       and|   0|  0|     2|           1|           1|
    |and_ln403_62_fu_26640_p2      |       and|   0|  0|     2|           1|           1|
    |and_ln403_63_fu_26658_p2      |       and|   0|  0|     2|           1|           1|
    |and_ln403_64_fu_29404_p2      |       and|   0|  0|     2|           1|           1|
    |and_ln403_65_fu_29422_p2      |       and|   0|  0|     2|           1|           1|
    |and_ln403_66_fu_31676_p2      |       and|   0|  0|     2|           1|           1|
    |and_ln403_67_fu_31694_p2      |       and|   0|  0|     2|           1|           1|
    |and_ln403_68_fu_31920_p2      |       and|   0|  0|     2|           1|           1|
    |and_ln403_69_fu_31938_p2      |       and|   0|  0|     2|           1|           1|
    |and_ln403_6_fu_7307_p2        |       and|   0|  0|     2|           1|           1|
    |and_ln403_70_fu_32164_p2      |       and|   0|  0|     2|           1|           1|
    |and_ln403_71_fu_32182_p2      |       and|   0|  0|     2|           1|           1|
    |and_ln403_72_fu_32408_p2      |       and|   0|  0|     2|           1|           1|
    |and_ln403_73_fu_32426_p2      |       and|   0|  0|     2|           1|           1|
    |and_ln403_74_fu_34825_p2      |       and|   0|  0|     2|           1|           1|
    |and_ln403_75_fu_34843_p2      |       and|   0|  0|     2|           1|           1|
    |and_ln403_76_fu_35069_p2      |       and|   0|  0|     2|           1|           1|
    |and_ln403_77_fu_35087_p2      |       and|   0|  0|     2|           1|           1|
    |and_ln403_78_fu_37753_p2      |       and|   0|  0|     2|           1|           1|
    |and_ln403_79_fu_37771_p2      |       and|   0|  0|     2|           1|           1|
    |and_ln403_7_fu_7325_p2        |       and|   0|  0|     2|           1|           1|
    |and_ln403_80_fu_35416_p2      |       and|   0|  0|     2|           1|           1|
    |and_ln403_81_fu_35434_p2      |       and|   0|  0|     2|           1|           1|
    |and_ln403_82_fu_35660_p2      |       and|   0|  0|     2|           1|           1|
    |and_ln403_83_fu_35678_p2      |       and|   0|  0|     2|           1|           1|
    |and_ln403_84_fu_38279_p2      |       and|   0|  0|     2|           1|           1|
    |and_ln403_85_fu_38297_p2      |       and|   0|  0|     2|           1|           1|
    |and_ln403_86_fu_40937_p2      |       and|   0|  0|     2|           1|           1|
    |and_ln403_87_fu_40955_p2      |       and|   0|  0|     2|           1|           1|
    |and_ln403_88_fu_41181_p2      |       and|   0|  0|     2|           1|           1|
    |and_ln403_89_fu_41199_p2      |       and|   0|  0|     2|           1|           1|
    |and_ln403_8_fu_7551_p2        |       and|   0|  0|     2|           1|           1|
    |and_ln403_90_fu_38729_p2      |       and|   0|  0|     2|           1|           1|
    |and_ln403_91_fu_38747_p2      |       and|   0|  0|     2|           1|           1|
    |and_ln403_92_fu_38973_p2      |       and|   0|  0|     2|           1|           1|
    |and_ln403_93_fu_38991_p2      |       and|   0|  0|     2|           1|           1|
    |and_ln403_94_fu_41707_p2      |       and|   0|  0|     2|           1|           1|
    |and_ln403_95_fu_41725_p2      |       and|   0|  0|     2|           1|           1|
    |and_ln403_96_fu_43961_p2      |       and|   0|  0|     2|           1|           1|
    |and_ln403_97_fu_43979_p2      |       and|   0|  0|     2|           1|           1|
    |and_ln403_98_fu_46447_p2      |       and|   0|  0|     2|           1|           1|
    |and_ln403_99_fu_46465_p2      |       and|   0|  0|     2|           1|           1|
    |and_ln403_9_fu_7569_p2        |       and|   0|  0|     2|           1|           1|
    |and_ln403_fu_6586_p2          |       and|   0|  0|     2|           1|           1|
    |and_ln557_10_fu_13497_p2      |       and|   0|  0|     2|           1|           1|
    |and_ln557_11_fu_13638_p2      |       and|   0|  0|     2|           1|           1|
    |and_ln557_12_fu_16244_p2      |       and|   0|  0|     2|           1|           1|
    |and_ln557_13_fu_16385_p2      |       and|   0|  0|     2|           1|           1|
    |and_ln557_14_fu_16526_p2      |       and|   0|  0|     2|           1|           1|
    |and_ln557_15_fu_16667_p2      |       and|   0|  0|     2|           1|           1|
    |and_ln557_16_fu_16808_p2      |       and|   0|  0|     2|           1|           1|
    |and_ln557_17_fu_19161_p2      |       and|   0|  0|     2|           1|           1|
    |and_ln557_18_fu_19302_p2      |       and|   0|  0|     2|           1|           1|
    |and_ln557_19_fu_21857_p2      |       and|   0|  0|     2|           1|           1|
    |and_ln557_1_fu_9557_p2        |       and|   0|  0|     2|           1|           1|
    |and_ln557_20_fu_22044_p2      |       and|   0|  0|     2|           1|           1|
    |and_ln557_21_fu_22231_p2      |       and|   0|  0|     2|           1|           1|
    |and_ln557_22_fu_25085_p2      |       and|   0|  0|     2|           1|           1|
    |and_ln557_23_fu_25226_p2      |       and|   0|  0|     2|           1|           1|
    |and_ln557_24_fu_25367_p2      |       and|   0|  0|     2|           1|           1|
    |and_ln557_25_fu_25554_p2      |       and|   0|  0|     2|           1|           1|
    |and_ln557_26_fu_25695_p2      |       and|   0|  0|     2|           1|           1|
    |and_ln557_27_fu_28535_p2      |       and|   0|  0|     2|           1|           1|
    |and_ln557_28_fu_28676_p2      |       and|   0|  0|     2|           1|           1|
    |and_ln557_29_fu_31251_p2      |       and|   0|  0|     2|           1|           1|
    |and_ln557_2_fu_9786_p2        |       and|   0|  0|     2|           1|           1|
    |and_ln557_30_fu_29107_p2      |       and|   0|  0|     2|           1|           1|
    |and_ln557_31_fu_29248_p2      |       and|   0|  0|     2|           1|           1|
    |and_ln557_32_fu_31566_p2      |       and|   0|  0|     2|           1|           1|
    |and_ln557_33_fu_34246_p2      |       and|   0|  0|     2|           1|           1|
    |and_ln557_34_fu_34433_p2      |       and|   0|  0|     2|           1|           1|
    |and_ln557_35_fu_34574_p2      |       and|   0|  0|     2|           1|           1|
    |and_ln557_36_fu_34715_p2      |       and|   0|  0|     2|           1|           1|
    |and_ln557_37_fu_37502_p2      |       and|   0|  0|     2|           1|           1|
    |and_ln557_38_fu_37643_p2      |       and|   0|  0|     2|           1|           1|
    |and_ln557_39_fu_40514_p2      |       and|   0|  0|     2|           1|           1|
    |and_ln557_3_fu_9927_p2        |       and|   0|  0|     2|           1|           1|
    |and_ln557_40_fu_38028_p2      |       and|   0|  0|     2|           1|           1|
    |and_ln557_41_fu_38169_p2      |       and|   0|  0|     2|           1|           1|
    |and_ln557_42_fu_40827_p2      |       and|   0|  0|     2|           1|           1|
    |and_ln557_43_fu_43397_p2      |       and|   0|  0|     2|           1|           1|
    |and_ln557_44_fu_43538_p2      |       and|   0|  0|     2|           1|           1|
    |and_ln557_45_fu_41456_p2      |       and|   0|  0|     2|           1|           1|
    |and_ln557_46_fu_41597_p2      |       and|   0|  0|     2|           1|           1|
    |and_ln557_47_fu_43851_p2      |       and|   0|  0|     2|           1|           1|
    |and_ln557_48_fu_46337_p2      |       and|   0|  0|     2|           1|           1|
    |and_ln557_49_fu_49026_p2      |       and|   0|  0|     2|           1|           1|
    |and_ln557_4_fu_10068_p2       |       and|   0|  0|     2|           1|           1|
    |and_ln557_50_fu_46722_p2      |       and|   0|  0|     2|           1|           1|
    |and_ln557_51_fu_46863_p2      |       and|   0|  0|     2|           1|           1|
    |and_ln557_52_fu_49339_p2      |       and|   0|  0|     2|           1|           1|
    |and_ln557_53_fu_51739_p2      |       and|   0|  0|     2|           1|           1|
    |and_ln557_54_fu_51880_p2      |       and|   0|  0|     2|           1|           1|
    |and_ln557_55_fu_49960_p2      |       and|   0|  0|     2|           1|           1|
    |and_ln557_56_fu_50101_p2      |       and|   0|  0|     2|           1|           1|
    |and_ln557_57_fu_52193_p2      |       and|   0|  0|     2|           1|           1|
    |and_ln557_58_fu_54207_p2      |       and|   0|  0|     2|           1|           1|
    |and_ln557_59_fu_55909_p2      |       and|   0|  0|     2|           1|           1|
    |and_ln557_5_fu_10255_p2       |       and|   0|  0|     2|           1|           1|
    |and_ln557_60_fu_54592_p2      |       and|   0|  0|     2|           1|           1|
    |and_ln557_61_fu_54733_p2      |       and|   0|  0|     2|           1|           1|
    |and_ln557_62_fu_56178_p2      |       and|   0|  0|     2|           1|           1|
    |and_ln557_63_fu_57471_p2      |       and|   0|  0|     2|           1|           1|
    |and_ln557_64_fu_57612_p2      |       and|   0|  0|     2|           1|           1|
    |and_ln557_6_fu_10396_p2       |       and|   0|  0|     2|           1|           1|
    |and_ln557_7_fu_13028_p2       |       and|   0|  0|     2|           1|           1|
    |and_ln557_8_fu_13169_p2       |       and|   0|  0|     2|           1|           1|
    |and_ln557_9_fu_13310_p2       |       and|   0|  0|     2|           1|           1|
    |and_ln557_fu_9362_p2          |       and|   0|  0|     2|           1|           1|
    |and_ln577_10_fu_11233_p2      |       and|   0|  0|     2|           1|           1|
    |and_ln577_11_fu_11477_p2      |       and|   0|  0|     2|           1|           1|
    |and_ln577_12_fu_13743_p2      |       and|   0|  0|     2|           1|           1|
    |and_ln577_13_fu_13987_p2      |       and|   0|  0|     2|           1|           1|
    |and_ln577_14_fu_14231_p2      |       and|   0|  0|     2|           1|           1|
    |and_ln577_15_fu_14475_p2      |       and|   0|  0|     2|           1|           1|
    |and_ln577_16_fu_14719_p2      |       and|   0|  0|     2|           1|           1|
    |and_ln577_17_fu_16913_p2      |       and|   0|  0|     2|           1|           1|
    |and_ln577_18_fu_17157_p2      |       and|   0|  0|     2|           1|           1|
    |and_ln577_19_fu_19407_p2      |       and|   0|  0|     2|           1|           1|
    |and_ln577_1_fu_5308_p2        |       and|   0|  0|     2|           1|           1|
    |and_ln577_20_fu_19651_p2      |       and|   0|  0|     2|           1|           1|
    |and_ln577_21_fu_19895_p2      |       and|   0|  0|     2|           1|           1|
    |and_ln577_22_fu_22336_p2      |       and|   0|  0|     2|           1|           1|
    |and_ln577_23_fu_22580_p2      |       and|   0|  0|     2|           1|           1|
    |and_ln577_24_fu_22816_p2      |       and|   0|  0|     2|           1|           1|
    |and_ln577_25_fu_23060_p2      |       and|   0|  0|     2|           1|           1|
    |and_ln577_26_fu_23304_p2      |       and|   0|  0|     2|           1|           1|
    |and_ln577_27_fu_25800_p2      |       and|   0|  0|     2|           1|           1|
    |and_ln577_28_fu_26044_p2      |       and|   0|  0|     2|           1|           1|
    |and_ln577_29_fu_28827_p2      |       and|   0|  0|     2|           1|           1|
    |and_ln577_2_fu_7058_p2        |       and|   0|  0|     2|           1|           1|
    |and_ln577_30_fu_26391_p2      |       and|   0|  0|     2|           1|           1|
    |and_ln577_31_fu_26635_p2      |       and|   0|  0|     2|           1|           1|
    |and_ln577_32_fu_29399_p2      |       and|   0|  0|     2|           1|           1|
    |and_ln577_33_fu_31671_p2      |       and|   0|  0|     2|           1|           1|
    |and_ln577_34_fu_31915_p2      |       and|   0|  0|     2|           1|           1|
    |and_ln577_35_fu_32159_p2      |       and|   0|  0|     2|           1|           1|
    |and_ln577_36_fu_32403_p2      |       and|   0|  0|     2|           1|           1|
    |and_ln577_37_fu_34820_p2      |       and|   0|  0|     2|           1|           1|
    |and_ln577_38_fu_35064_p2      |       and|   0|  0|     2|           1|           1|
    |and_ln577_39_fu_37748_p2      |       and|   0|  0|     2|           1|           1|
    |and_ln577_3_fu_7302_p2        |       and|   0|  0|     2|           1|           1|
    |and_ln577_40_fu_35411_p2      |       and|   0|  0|     2|           1|           1|
    |and_ln577_41_fu_35655_p2      |       and|   0|  0|     2|           1|           1|
    |and_ln577_42_fu_38274_p2      |       and|   0|  0|     2|           1|           1|
    |and_ln577_43_fu_40932_p2      |       and|   0|  0|     2|           1|           1|
    |and_ln577_44_fu_41176_p2      |       and|   0|  0|     2|           1|           1|
    |and_ln577_45_fu_38724_p2      |       and|   0|  0|     2|           1|           1|
    |and_ln577_46_fu_38968_p2      |       and|   0|  0|     2|           1|           1|
    |and_ln577_47_fu_41702_p2      |       and|   0|  0|     2|           1|           1|
    |and_ln577_48_fu_43956_p2      |       and|   0|  0|     2|           1|           1|
    |and_ln577_49_fu_46442_p2      |       and|   0|  0|     2|           1|           1|
    |and_ln577_4_fu_7546_p2        |       and|   0|  0|     2|           1|           1|
    |and_ln577_50_fu_44303_p2      |       and|   0|  0|     2|           1|           1|
    |and_ln577_51_fu_44547_p2      |       and|   0|  0|     2|           1|           1|
    |and_ln577_52_fu_46968_p2      |       and|   0|  0|     2|           1|           1|
    |and_ln577_53_fu_49444_p2      |       and|   0|  0|     2|           1|           1|
    |and_ln577_54_fu_49688_p2      |       and|   0|  0|     2|           1|           1|
    |and_ln577_55_fu_47418_p2      |       and|   0|  0|     2|           1|           1|
    |and_ln577_56_fu_47662_p2      |       and|   0|  0|     2|           1|           1|
    |and_ln577_57_fu_50206_p2      |       and|   0|  0|     2|           1|           1|
    |and_ln577_58_fu_52344_p2      |       and|   0|  0|     2|           1|           1|
    |and_ln577_59_fu_54312_p2      |       and|   0|  0|     2|           1|           1|
    |and_ln577_5_fu_7790_p2        |       and|   0|  0|     2|           1|           1|
    |and_ln577_60_fu_52691_p2      |       and|   0|  0|     2|           1|           1|
    |and_ln577_61_fu_52935_p2      |       and|   0|  0|     2|           1|           1|
    |and_ln577_62_fu_54884_p2      |       and|   0|  0|     2|           1|           1|
    |and_ln577_63_fu_56283_p2      |       and|   0|  0|     2|           1|           1|
    |and_ln577_64_fu_56527_p2      |       and|   0|  0|     2|           1|           1|
    |and_ln577_6_fu_8034_p2        |       and|   0|  0|     2|           1|           1|
    |and_ln577_7_fu_10501_p2       |       and|   0|  0|     2|           1|           1|
    |and_ln577_8_fu_10745_p2       |       and|   0|  0|     2|           1|           1|
    |and_ln577_9_fu_10989_p2       |       and|   0|  0|     2|           1|           1|
    |and_ln577_fu_5158_p2          |       and|   0|  0|     2|           1|           1|
    |and_ln581_fu_2507_p2          |       and|   0|  0|     2|           1|           1|
    |and_ln585_1_fu_2656_p2        |       and|   0|  0|     2|           1|           1|
    |and_ln585_fu_2596_p2          |       and|   0|  0|     2|           1|           1|
    |and_ln603_100_fu_34161_p2     |       and|   0|  0|     2|           1|           1|
    |and_ln603_101_fu_31713_p2     |       and|   0|  0|     2|           1|           1|
    |and_ln603_102_fu_31730_p2     |       and|   0|  0|     2|           1|           1|
    |and_ln603_103_fu_34348_p2     |       and|   0|  0|     2|           1|           1|
    |and_ln603_104_fu_31957_p2     |       and|   0|  0|     2|           1|           1|
    |and_ln603_105_fu_31974_p2     |       and|   0|  0|     2|           1|           1|
    |and_ln603_106_fu_34489_p2     |       and|   0|  0|     2|           1|           1|
    |and_ln603_107_fu_32201_p2     |       and|   0|  0|     2|           1|           1|
    |and_ln603_108_fu_32218_p2     |       and|   0|  0|     2|           1|           1|
    |and_ln603_109_fu_34630_p2     |       and|   0|  0|     2|           1|           1|
    |and_ln603_10_fu_9842_p2       |       and|   0|  0|     2|           1|           1|
    |and_ln603_110_fu_32445_p2     |       and|   0|  0|     2|           1|           1|
    |and_ln603_111_fu_32462_p2     |       and|   0|  0|     2|           1|           1|
    |and_ln603_112_fu_37417_p2     |       and|   0|  0|     2|           1|           1|
    |and_ln603_113_fu_34862_p2     |       and|   0|  0|     2|           1|           1|
    |and_ln603_114_fu_34879_p2     |       and|   0|  0|     2|           1|           1|
    |and_ln603_115_fu_37558_p2     |       and|   0|  0|     2|           1|           1|
    |and_ln603_116_fu_35106_p2     |       and|   0|  0|     2|           1|           1|
    |and_ln603_117_fu_35123_p2     |       and|   0|  0|     2|           1|           1|
    |and_ln603_118_fu_40429_p2     |       and|   0|  0|     2|           1|           1|
    |and_ln603_119_fu_37790_p2     |       and|   0|  0|     2|           1|           1|
    |and_ln603_11_fu_7344_p2       |       and|   0|  0|     2|           1|           1|
    |and_ln603_120_fu_37807_p2     |       and|   0|  0|     2|           1|           1|
    |and_ln603_121_fu_37943_p2     |       and|   0|  0|     2|           1|           1|
    |and_ln603_122_fu_35453_p2     |       and|   0|  0|     2|           1|           1|
    |and_ln603_123_fu_35470_p2     |       and|   0|  0|     2|           1|           1|
    |and_ln603_124_fu_38084_p2     |       and|   0|  0|     2|           1|           1|
    |and_ln603_125_fu_35697_p2     |       and|   0|  0|     2|           1|           1|
    |and_ln603_126_fu_35714_p2     |       and|   0|  0|     2|           1|           1|
    |and_ln603_127_fu_40742_p2     |       and|   0|  0|     2|           1|           1|
    |and_ln603_128_fu_38316_p2     |       and|   0|  0|     2|           1|           1|
    |and_ln603_129_fu_38333_p2     |       and|   0|  0|     2|           1|           1|
    |and_ln603_12_fu_7361_p2       |       and|   0|  0|     2|           1|           1|
    |and_ln603_130_fu_43312_p2     |       and|   0|  0|     2|           1|           1|
    |and_ln603_131_fu_40974_p2     |       and|   0|  0|     2|           1|           1|
    |and_ln603_132_fu_40991_p2     |       and|   0|  0|     2|           1|           1|
    |and_ln603_133_fu_43453_p2     |       and|   0|  0|     2|           1|           1|
    |and_ln603_134_fu_41218_p2     |       and|   0|  0|     2|           1|           1|
    |and_ln603_135_fu_41235_p2     |       and|   0|  0|     2|           1|           1|
    |and_ln603_136_fu_41371_p2     |       and|   0|  0|     2|           1|           1|
    |and_ln603_137_fu_38766_p2     |       and|   0|  0|     2|           1|           1|
    |and_ln603_138_fu_38783_p2     |       and|   0|  0|     2|           1|           1|
    |and_ln603_139_fu_41512_p2     |       and|   0|  0|     2|           1|           1|
    |and_ln603_13_fu_9983_p2       |       and|   0|  0|     2|           1|           1|
    |and_ln603_140_fu_39010_p2     |       and|   0|  0|     2|           1|           1|
    |and_ln603_141_fu_39027_p2     |       and|   0|  0|     2|           1|           1|
    |and_ln603_142_fu_43766_p2     |       and|   0|  0|     2|           1|           1|
    |and_ln603_143_fu_41744_p2     |       and|   0|  0|     2|           1|           1|
    |and_ln603_144_fu_41761_p2     |       and|   0|  0|     2|           1|           1|
    |and_ln603_145_fu_46252_p2     |       and|   0|  0|     2|           1|           1|
    |and_ln603_146_fu_43998_p2     |       and|   0|  0|     2|           1|           1|
    |and_ln603_147_fu_44015_p2     |       and|   0|  0|     2|           1|           1|
    |and_ln603_148_fu_48941_p2     |       and|   0|  0|     2|           1|           1|
    |and_ln603_149_fu_46484_p2     |       and|   0|  0|     2|           1|           1|
    |and_ln603_14_fu_7588_p2       |       and|   0|  0|     2|           1|           1|
    |and_ln603_150_fu_46501_p2     |       and|   0|  0|     2|           1|           1|
    |and_ln603_151_fu_46637_p2     |       and|   0|  0|     2|           1|           1|
    |and_ln603_152_fu_44345_p2     |       and|   0|  0|     2|           1|           1|
    |and_ln603_153_fu_44362_p2     |       and|   0|  0|     2|           1|           1|
    |and_ln603_154_fu_46778_p2     |       and|   0|  0|     2|           1|           1|
    |and_ln603_155_fu_44589_p2     |       and|   0|  0|     2|           1|           1|
    |and_ln603_156_fu_44606_p2     |       and|   0|  0|     2|           1|           1|
    |and_ln603_157_fu_49254_p2     |       and|   0|  0|     2|           1|           1|
    |and_ln603_158_fu_47010_p2     |       and|   0|  0|     2|           1|           1|
    |and_ln603_159_fu_47027_p2     |       and|   0|  0|     2|           1|           1|
    |and_ln603_15_fu_7605_p2       |       and|   0|  0|     2|           1|           1|
    |and_ln603_160_fu_51654_p2     |       and|   0|  0|     2|           1|           1|
    |and_ln603_161_fu_49486_p2     |       and|   0|  0|     2|           1|           1|
    |and_ln603_162_fu_49503_p2     |       and|   0|  0|     2|           1|           1|
    |and_ln603_163_fu_51795_p2     |       and|   0|  0|     2|           1|           1|
    |and_ln603_164_fu_49730_p2     |       and|   0|  0|     2|           1|           1|
    |and_ln603_165_fu_49747_p2     |       and|   0|  0|     2|           1|           1|
    |and_ln603_166_fu_49875_p2     |       and|   0|  0|     2|           1|           1|
    |and_ln603_167_fu_47460_p2     |       and|   0|  0|     2|           1|           1|
    |and_ln603_168_fu_47477_p2     |       and|   0|  0|     2|           1|           1|
    |and_ln603_169_fu_50016_p2     |       and|   0|  0|     2|           1|           1|
    |and_ln603_16_fu_10170_p2      |       and|   0|  0|     2|           1|           1|
    |and_ln603_170_fu_47704_p2     |       and|   0|  0|     2|           1|           1|
    |and_ln603_171_fu_47721_p2     |       and|   0|  0|     2|           1|           1|
    |and_ln603_172_fu_52108_p2     |       and|   0|  0|     2|           1|           1|
    |and_ln603_173_fu_50248_p2     |       and|   0|  0|     2|           1|           1|
    |and_ln603_174_fu_50265_p2     |       and|   0|  0|     2|           1|           1|
    |and_ln603_175_fu_54122_p2     |       and|   0|  0|     2|           1|           1|
    |and_ln603_176_fu_52386_p2     |       and|   0|  0|     2|           1|           1|
    |and_ln603_177_fu_52403_p2     |       and|   0|  0|     2|           1|           1|
    |and_ln603_178_fu_55824_p2     |       and|   0|  0|     2|           1|           1|
    |and_ln603_179_fu_54354_p2     |       and|   0|  0|     2|           1|           1|
    |and_ln603_17_fu_7832_p2       |       and|   0|  0|     2|           1|           1|
    |and_ln603_180_fu_54371_p2     |       and|   0|  0|     2|           1|           1|
    |and_ln603_181_fu_54507_p2     |       and|   0|  0|     2|           1|           1|
    |and_ln603_182_fu_52733_p2     |       and|   0|  0|     2|           1|           1|
    |and_ln603_183_fu_52750_p2     |       and|   0|  0|     2|           1|           1|
    |and_ln603_184_fu_54648_p2     |       and|   0|  0|     2|           1|           1|
    |and_ln603_185_fu_52977_p2     |       and|   0|  0|     2|           1|           1|
    |and_ln603_186_fu_52994_p2     |       and|   0|  0|     2|           1|           1|
    |and_ln603_187_fu_56093_p2     |       and|   0|  0|     2|           1|           1|
    |and_ln603_188_fu_54926_p2     |       and|   0|  0|     2|           1|           1|
    |and_ln603_189_fu_54943_p2     |       and|   0|  0|     2|           1|           1|
    |and_ln603_18_fu_7849_p2       |       and|   0|  0|     2|           1|           1|
    |and_ln603_190_fu_57386_p2     |       and|   0|  0|     2|           1|           1|
    |and_ln603_191_fu_56325_p2     |       and|   0|  0|     2|           1|           1|
    |and_ln603_192_fu_56342_p2     |       and|   0|  0|     2|           1|           1|
    |and_ln603_193_fu_57527_p2     |       and|   0|  0|     2|           1|           1|
    |and_ln603_194_fu_56569_p2     |       and|   0|  0|     2|           1|           1|
    |and_ln603_195_fu_56586_p2     |       and|   0|  0|     2|           1|           1|
    |and_ln603_19_fu_10311_p2      |       and|   0|  0|     2|           1|           1|
    |and_ln603_1_fu_6614_p2        |       and|   0|  0|     2|           1|           1|
    |and_ln603_20_fu_8076_p2       |       and|   0|  0|     2|           1|           1|
    |and_ln603_21_fu_8093_p2       |       and|   0|  0|     2|           1|           1|
    |and_ln603_22_fu_12943_p2      |       and|   0|  0|     2|           1|           1|
    |and_ln603_23_fu_10543_p2      |       and|   0|  0|     2|           1|           1|
    |and_ln603_24_fu_10560_p2      |       and|   0|  0|     2|           1|           1|
    |and_ln603_25_fu_13084_p2      |       and|   0|  0|     2|           1|           1|
    |and_ln603_26_fu_10787_p2      |       and|   0|  0|     2|           1|           1|
    |and_ln603_27_fu_10804_p2      |       and|   0|  0|     2|           1|           1|
    |and_ln603_28_fu_13225_p2      |       and|   0|  0|     2|           1|           1|
    |and_ln603_29_fu_11031_p2      |       and|   0|  0|     2|           1|           1|
    |and_ln603_2_fu_6626_p2        |       and|   0|  0|     2|           1|           1|
    |and_ln603_30_fu_11048_p2      |       and|   0|  0|     2|           1|           1|
    |and_ln603_31_fu_13412_p2      |       and|   0|  0|     2|           1|           1|
    |and_ln603_32_fu_11275_p2      |       and|   0|  0|     2|           1|           1|
    |and_ln603_33_fu_11292_p2      |       and|   0|  0|     2|           1|           1|
    |and_ln603_34_fu_13553_p2      |       and|   0|  0|     2|           1|           1|
    |and_ln603_35_fu_11519_p2      |       and|   0|  0|     2|           1|           1|
    |and_ln603_36_fu_11536_p2      |       and|   0|  0|     2|           1|           1|
    |and_ln603_37_fu_16159_p2      |       and|   0|  0|     2|           1|           1|
    |and_ln603_38_fu_13785_p2      |       and|   0|  0|     2|           1|           1|
    |and_ln603_39_fu_13802_p2      |       and|   0|  0|     2|           1|           1|
    |and_ln603_3_fu_6642_p2        |       and|   0|  0|     2|           1|           1|
    |and_ln603_40_fu_16300_p2      |       and|   0|  0|     2|           1|           1|
    |and_ln603_41_fu_14029_p2      |       and|   0|  0|     2|           1|           1|
    |and_ln603_42_fu_14046_p2      |       and|   0|  0|     2|           1|           1|
    |and_ln603_43_fu_16441_p2      |       and|   0|  0|     2|           1|           1|
    |and_ln603_44_fu_14273_p2      |       and|   0|  0|     2|           1|           1|
    |and_ln603_45_fu_14290_p2      |       and|   0|  0|     2|           1|           1|
    |and_ln603_46_fu_16582_p2      |       and|   0|  0|     2|           1|           1|
    |and_ln603_47_fu_14517_p2      |       and|   0|  0|     2|           1|           1|
    |and_ln603_48_fu_14534_p2      |       and|   0|  0|     2|           1|           1|
    |and_ln603_49_fu_16723_p2      |       and|   0|  0|     2|           1|           1|
    |and_ln603_4_fu_6832_p2        |       and|   0|  0|     2|           1|           1|
    |and_ln603_50_fu_14761_p2      |       and|   0|  0|     2|           1|           1|
    |and_ln603_51_fu_14778_p2      |       and|   0|  0|     2|           1|           1|
    |and_ln603_52_fu_19076_p2      |       and|   0|  0|     2|           1|           1|
    |and_ln603_53_fu_16955_p2      |       and|   0|  0|     2|           1|           1|
    |and_ln603_54_fu_16972_p2      |       and|   0|  0|     2|           1|           1|
    |and_ln603_55_fu_19217_p2      |       and|   0|  0|     2|           1|           1|
    |and_ln603_56_fu_17199_p2      |       and|   0|  0|     2|           1|           1|
    |and_ln603_57_fu_17216_p2      |       and|   0|  0|     2|           1|           1|
    |and_ln603_58_fu_21772_p2      |       and|   0|  0|     2|           1|           1|
    |and_ln603_59_fu_19449_p2      |       and|   0|  0|     2|           1|           1|
    |and_ln603_5_fu_6844_p2        |       and|   0|  0|     2|           1|           1|
    |and_ln603_60_fu_19466_p2      |       and|   0|  0|     2|           1|           1|
    |and_ln603_61_fu_21959_p2      |       and|   0|  0|     2|           1|           1|
    |and_ln603_62_fu_19693_p2      |       and|   0|  0|     2|           1|           1|
    |and_ln603_63_fu_19710_p2      |       and|   0|  0|     2|           1|           1|
    |and_ln603_64_fu_22146_p2      |       and|   0|  0|     2|           1|           1|
    |and_ln603_65_fu_19937_p2      |       and|   0|  0|     2|           1|           1|
    |and_ln603_66_fu_19954_p2      |       and|   0|  0|     2|           1|           1|
    |and_ln603_67_fu_25000_p2      |       and|   0|  0|     2|           1|           1|
    |and_ln603_68_fu_22378_p2      |       and|   0|  0|     2|           1|           1|
    |and_ln603_69_fu_22395_p2      |       and|   0|  0|     2|           1|           1|
    |and_ln603_6_fu_6860_p2        |       and|   0|  0|     2|           1|           1|
    |and_ln603_70_fu_25141_p2      |       and|   0|  0|     2|           1|           1|
    |and_ln603_71_fu_22622_p2      |       and|   0|  0|     2|           1|           1|
    |and_ln603_72_fu_22639_p2      |       and|   0|  0|     2|           1|           1|
    |and_ln603_73_fu_25282_p2      |       and|   0|  0|     2|           1|           1|
    |and_ln603_74_fu_22858_p2      |       and|   0|  0|     2|           1|           1|
    |and_ln603_75_fu_22875_p2      |       and|   0|  0|     2|           1|           1|
    |and_ln603_76_fu_25469_p2      |       and|   0|  0|     2|           1|           1|
    |and_ln603_77_fu_23102_p2      |       and|   0|  0|     2|           1|           1|
    |and_ln603_78_fu_23119_p2      |       and|   0|  0|     2|           1|           1|
    |and_ln603_79_fu_25610_p2      |       and|   0|  0|     2|           1|           1|
    |and_ln603_7_fu_9701_p2        |       and|   0|  0|     2|           1|           1|
    |and_ln603_80_fu_23346_p2      |       and|   0|  0|     2|           1|           1|
    |and_ln603_81_fu_23363_p2      |       and|   0|  0|     2|           1|           1|
    |and_ln603_82_fu_28450_p2      |       and|   0|  0|     2|           1|           1|
    |and_ln603_83_fu_25842_p2      |       and|   0|  0|     2|           1|           1|
    |and_ln603_84_fu_25859_p2      |       and|   0|  0|     2|           1|           1|
    |and_ln603_85_fu_28591_p2      |       and|   0|  0|     2|           1|           1|
    |and_ln603_86_fu_26086_p2      |       and|   0|  0|     2|           1|           1|
    |and_ln603_87_fu_26103_p2      |       and|   0|  0|     2|           1|           1|
    |and_ln603_88_fu_31166_p2      |       and|   0|  0|     2|           1|           1|
    |and_ln603_89_fu_28869_p2      |       and|   0|  0|     2|           1|           1|
    |and_ln603_8_fu_7100_p2        |       and|   0|  0|     2|           1|           1|
    |and_ln603_90_fu_28886_p2      |       and|   0|  0|     2|           1|           1|
    |and_ln603_91_fu_29022_p2      |       and|   0|  0|     2|           1|           1|
    |and_ln603_92_fu_26433_p2      |       and|   0|  0|     2|           1|           1|
    |and_ln603_93_fu_26450_p2      |       and|   0|  0|     2|           1|           1|
    |and_ln603_94_fu_29163_p2      |       and|   0|  0|     2|           1|           1|
    |and_ln603_95_fu_26677_p2      |       and|   0|  0|     2|           1|           1|
    |and_ln603_96_fu_26694_p2      |       and|   0|  0|     2|           1|           1|
    |and_ln603_97_fu_31481_p2      |       and|   0|  0|     2|           1|           1|
    |and_ln603_98_fu_29441_p2      |       and|   0|  0|     2|           1|           1|
    |and_ln603_99_fu_29458_p2      |       and|   0|  0|     2|           1|           1|
    |and_ln603_9_fu_7117_p2        |       and|   0|  0|     2|           1|           1|
    |and_ln603_fu_2640_p2          |       and|   0|  0|     2|           1|           1|
    |and_ln621_100_fu_34235_p2     |       and|   0|  0|     2|           1|           1|
    |and_ln621_101_fu_34241_p2     |       and|   0|  0|     2|           1|           1|
    |and_ln621_102_fu_31990_p2     |       and|   0|  0|     2|           1|           1|
    |and_ln621_103_fu_34422_p2     |       and|   0|  0|     2|           1|           1|
    |and_ln621_104_fu_34428_p2     |       and|   0|  0|     2|           1|           1|
    |and_ln621_105_fu_32234_p2     |       and|   0|  0|     2|           1|           1|
    |and_ln621_106_fu_34563_p2     |       and|   0|  0|     2|           1|           1|
    |and_ln621_107_fu_34569_p2     |       and|   0|  0|     2|           1|           1|
    |and_ln621_108_fu_32478_p2     |       and|   0|  0|     2|           1|           1|
    |and_ln621_109_fu_34704_p2     |       and|   0|  0|     2|           1|           1|
    |and_ln621_10_fu_9916_p2       |       and|   0|  0|     2|           1|           1|
    |and_ln621_110_fu_34710_p2     |       and|   0|  0|     2|           1|           1|
    |and_ln621_111_fu_34895_p2     |       and|   0|  0|     2|           1|           1|
    |and_ln621_112_fu_37491_p2     |       and|   0|  0|     2|           1|           1|
    |and_ln621_113_fu_37497_p2     |       and|   0|  0|     2|           1|           1|
    |and_ln621_114_fu_35139_p2     |       and|   0|  0|     2|           1|           1|
    |and_ln621_115_fu_37632_p2     |       and|   0|  0|     2|           1|           1|
    |and_ln621_116_fu_37638_p2     |       and|   0|  0|     2|           1|           1|
    |and_ln621_117_fu_37823_p2     |       and|   0|  0|     2|           1|           1|
    |and_ln621_118_fu_40503_p2     |       and|   0|  0|     2|           1|           1|
    |and_ln621_119_fu_40509_p2     |       and|   0|  0|     2|           1|           1|
    |and_ln621_11_fu_9922_p2       |       and|   0|  0|     2|           1|           1|
    |and_ln621_120_fu_35486_p2     |       and|   0|  0|     2|           1|           1|
    |and_ln621_121_fu_38017_p2     |       and|   0|  0|     2|           1|           1|
    |and_ln621_122_fu_38023_p2     |       and|   0|  0|     2|           1|           1|
    |and_ln621_123_fu_35730_p2     |       and|   0|  0|     2|           1|           1|
    |and_ln621_124_fu_38158_p2     |       and|   0|  0|     2|           1|           1|
    |and_ln621_125_fu_38164_p2     |       and|   0|  0|     2|           1|           1|
    |and_ln621_126_fu_38349_p2     |       and|   0|  0|     2|           1|           1|
    |and_ln621_127_fu_40816_p2     |       and|   0|  0|     2|           1|           1|
    |and_ln621_128_fu_40822_p2     |       and|   0|  0|     2|           1|           1|
    |and_ln621_129_fu_41007_p2     |       and|   0|  0|     2|           1|           1|
    |and_ln621_12_fu_7621_p2       |       and|   0|  0|     2|           1|           1|
    |and_ln621_130_fu_43386_p2     |       and|   0|  0|     2|           1|           1|
    |and_ln621_131_fu_43392_p2     |       and|   0|  0|     2|           1|           1|
    |and_ln621_132_fu_41251_p2     |       and|   0|  0|     2|           1|           1|
    |and_ln621_133_fu_43527_p2     |       and|   0|  0|     2|           1|           1|
    |and_ln621_134_fu_43533_p2     |       and|   0|  0|     2|           1|           1|
    |and_ln621_135_fu_38799_p2     |       and|   0|  0|     2|           1|           1|
    |and_ln621_136_fu_41445_p2     |       and|   0|  0|     2|           1|           1|
    |and_ln621_137_fu_41451_p2     |       and|   0|  0|     2|           1|           1|
    |and_ln621_138_fu_39043_p2     |       and|   0|  0|     2|           1|           1|
    |and_ln621_139_fu_41586_p2     |       and|   0|  0|     2|           1|           1|
    |and_ln621_13_fu_10057_p2      |       and|   0|  0|     2|           1|           1|
    |and_ln621_140_fu_41592_p2     |       and|   0|  0|     2|           1|           1|
    |and_ln621_141_fu_41777_p2     |       and|   0|  0|     2|           1|           1|
    |and_ln621_142_fu_43840_p2     |       and|   0|  0|     2|           1|           1|
    |and_ln621_143_fu_43846_p2     |       and|   0|  0|     2|           1|           1|
    |and_ln621_144_fu_44031_p2     |       and|   0|  0|     2|           1|           1|
    |and_ln621_145_fu_46326_p2     |       and|   0|  0|     2|           1|           1|
    |and_ln621_146_fu_46332_p2     |       and|   0|  0|     2|           1|           1|
    |and_ln621_147_fu_46517_p2     |       and|   0|  0|     2|           1|           1|
    |and_ln621_148_fu_49015_p2     |       and|   0|  0|     2|           1|           1|
    |and_ln621_149_fu_49021_p2     |       and|   0|  0|     2|           1|           1|
    |and_ln621_14_fu_10063_p2      |       and|   0|  0|     2|           1|           1|
    |and_ln621_150_fu_44378_p2     |       and|   0|  0|     2|           1|           1|
    |and_ln621_151_fu_46711_p2     |       and|   0|  0|     2|           1|           1|
    |and_ln621_152_fu_46717_p2     |       and|   0|  0|     2|           1|           1|
    |and_ln621_153_fu_44622_p2     |       and|   0|  0|     2|           1|           1|
    |and_ln621_154_fu_46852_p2     |       and|   0|  0|     2|           1|           1|
    |and_ln621_155_fu_46858_p2     |       and|   0|  0|     2|           1|           1|
    |and_ln621_156_fu_47043_p2     |       and|   0|  0|     2|           1|           1|
    |and_ln621_157_fu_49328_p2     |       and|   0|  0|     2|           1|           1|
    |and_ln621_158_fu_49334_p2     |       and|   0|  0|     2|           1|           1|
    |and_ln621_159_fu_49519_p2     |       and|   0|  0|     2|           1|           1|
    |and_ln621_15_fu_7865_p2       |       and|   0|  0|     2|           1|           1|
    |and_ln621_160_fu_51728_p2     |       and|   0|  0|     2|           1|           1|
    |and_ln621_161_fu_51734_p2     |       and|   0|  0|     2|           1|           1|
    |and_ln621_162_fu_49758_p2     |       and|   0|  0|     2|           1|           1|
    |and_ln621_163_fu_51869_p2     |       and|   0|  0|     2|           1|           1|
    |and_ln621_164_fu_51875_p2     |       and|   0|  0|     2|           1|           1|
    |and_ln621_165_fu_47493_p2     |       and|   0|  0|     2|           1|           1|
    |and_ln621_166_fu_49949_p2     |       and|   0|  0|     2|           1|           1|
    |and_ln621_167_fu_49955_p2     |       and|   0|  0|     2|           1|           1|
    |and_ln621_168_fu_47737_p2     |       and|   0|  0|     2|           1|           1|
    |and_ln621_169_fu_50090_p2     |       and|   0|  0|     2|           1|           1|
    |and_ln621_16_fu_10244_p2      |       and|   0|  0|     2|           1|           1|
    |and_ln621_170_fu_50096_p2     |       and|   0|  0|     2|           1|           1|
    |and_ln621_171_fu_50281_p2     |       and|   0|  0|     2|           1|           1|
    |and_ln621_172_fu_52182_p2     |       and|   0|  0|     2|           1|           1|
    |and_ln621_173_fu_52188_p2     |       and|   0|  0|     2|           1|           1|
    |and_ln621_174_fu_52419_p2     |       and|   0|  0|     2|           1|           1|
    |and_ln621_175_fu_54196_p2     |       and|   0|  0|     2|           1|           1|
    |and_ln621_176_fu_54202_p2     |       and|   0|  0|     2|           1|           1|
    |and_ln621_177_fu_54387_p2     |       and|   0|  0|     2|           1|           1|
    |and_ln621_178_fu_55898_p2     |       and|   0|  0|     2|           1|           1|
    |and_ln621_179_fu_55904_p2     |       and|   0|  0|     2|           1|           1|
    |and_ln621_17_fu_10250_p2      |       and|   0|  0|     2|           1|           1|
    |and_ln621_180_fu_52766_p2     |       and|   0|  0|     2|           1|           1|
    |and_ln621_181_fu_54581_p2     |       and|   0|  0|     2|           1|           1|
    |and_ln621_182_fu_54587_p2     |       and|   0|  0|     2|           1|           1|
    |and_ln621_183_fu_53010_p2     |       and|   0|  0|     2|           1|           1|
    |and_ln621_184_fu_54722_p2     |       and|   0|  0|     2|           1|           1|
    |and_ln621_185_fu_54728_p2     |       and|   0|  0|     2|           1|           1|
    |and_ln621_186_fu_54959_p2     |       and|   0|  0|     2|           1|           1|
    |and_ln621_187_fu_56167_p2     |       and|   0|  0|     2|           1|           1|
    |and_ln621_188_fu_56173_p2     |       and|   0|  0|     2|           1|           1|
    |and_ln621_189_fu_56358_p2     |       and|   0|  0|     2|           1|           1|
    |and_ln621_18_fu_8109_p2       |       and|   0|  0|     2|           1|           1|
    |and_ln621_190_fu_57460_p2     |       and|   0|  0|     2|           1|           1|
    |and_ln621_191_fu_57466_p2     |       and|   0|  0|     2|           1|           1|
    |and_ln621_192_fu_56602_p2     |       and|   0|  0|     2|           1|           1|
    |and_ln621_193_fu_57601_p2     |       and|   0|  0|     2|           1|           1|
    |and_ln621_194_fu_57607_p2     |       and|   0|  0|     2|           1|           1|
    |and_ln621_19_fu_10385_p2      |       and|   0|  0|     2|           1|           1|
    |and_ln621_1_fu_9352_p2        |       and|   0|  0|     2|           1|           1|
    |and_ln621_20_fu_10391_p2      |       and|   0|  0|     2|           1|           1|
    |and_ln621_21_fu_10576_p2      |       and|   0|  0|     2|           1|           1|
    |and_ln621_22_fu_13017_p2      |       and|   0|  0|     2|           1|           1|
    |and_ln621_23_fu_13023_p2      |       and|   0|  0|     2|           1|           1|
    |and_ln621_24_fu_10820_p2      |       and|   0|  0|     2|           1|           1|
    |and_ln621_25_fu_13158_p2      |       and|   0|  0|     2|           1|           1|
    |and_ln621_26_fu_13164_p2      |       and|   0|  0|     2|           1|           1|
    |and_ln621_27_fu_11064_p2      |       and|   0|  0|     2|           1|           1|
    |and_ln621_28_fu_13299_p2      |       and|   0|  0|     2|           1|           1|
    |and_ln621_29_fu_13305_p2      |       and|   0|  0|     2|           1|           1|
    |and_ln621_2_fu_9357_p2        |       and|   0|  0|     2|           1|           1|
    |and_ln621_30_fu_11308_p2      |       and|   0|  0|     2|           1|           1|
    |and_ln621_31_fu_13486_p2      |       and|   0|  0|     2|           1|           1|
    |and_ln621_32_fu_13492_p2      |       and|   0|  0|     2|           1|           1|
    |and_ln621_33_fu_11552_p2      |       and|   0|  0|     2|           1|           1|
    |and_ln621_34_fu_13627_p2      |       and|   0|  0|     2|           1|           1|
    |and_ln621_35_fu_13633_p2      |       and|   0|  0|     2|           1|           1|
    |and_ln621_36_fu_13818_p2      |       and|   0|  0|     2|           1|           1|
    |and_ln621_37_fu_16233_p2      |       and|   0|  0|     2|           1|           1|
    |and_ln621_38_fu_16239_p2      |       and|   0|  0|     2|           1|           1|
    |and_ln621_39_fu_14062_p2      |       and|   0|  0|     2|           1|           1|
    |and_ln621_3_fu_6889_p2        |       and|   0|  0|     2|           1|           1|
    |and_ln621_40_fu_16374_p2      |       and|   0|  0|     2|           1|           1|
    |and_ln621_41_fu_16380_p2      |       and|   0|  0|     2|           1|           1|
    |and_ln621_42_fu_14306_p2      |       and|   0|  0|     2|           1|           1|
    |and_ln621_43_fu_16515_p2      |       and|   0|  0|     2|           1|           1|
    |and_ln621_44_fu_16521_p2      |       and|   0|  0|     2|           1|           1|
    |and_ln621_45_fu_14550_p2      |       and|   0|  0|     2|           1|           1|
    |and_ln621_46_fu_16656_p2      |       and|   0|  0|     2|           1|           1|
    |and_ln621_47_fu_16662_p2      |       and|   0|  0|     2|           1|           1|
    |and_ln621_48_fu_14794_p2      |       and|   0|  0|     2|           1|           1|
    |and_ln621_49_fu_16797_p2      |       and|   0|  0|     2|           1|           1|
    |and_ln621_4_fu_9547_p2        |       and|   0|  0|     2|           1|           1|
    |and_ln621_50_fu_16803_p2      |       and|   0|  0|     2|           1|           1|
    |and_ln621_51_fu_16988_p2      |       and|   0|  0|     2|           1|           1|
    |and_ln621_52_fu_19150_p2      |       and|   0|  0|     2|           1|           1|
    |and_ln621_53_fu_19156_p2      |       and|   0|  0|     2|           1|           1|
    |and_ln621_54_fu_17232_p2      |       and|   0|  0|     2|           1|           1|
    |and_ln621_55_fu_19291_p2      |       and|   0|  0|     2|           1|           1|
    |and_ln621_56_fu_19297_p2      |       and|   0|  0|     2|           1|           1|
    |and_ln621_57_fu_19482_p2      |       and|   0|  0|     2|           1|           1|
    |and_ln621_58_fu_21846_p2      |       and|   0|  0|     2|           1|           1|
    |and_ln621_59_fu_21852_p2      |       and|   0|  0|     2|           1|           1|
    |and_ln621_5_fu_9552_p2        |       and|   0|  0|     2|           1|           1|
    |and_ln621_60_fu_19726_p2      |       and|   0|  0|     2|           1|           1|
    |and_ln621_61_fu_22033_p2      |       and|   0|  0|     2|           1|           1|
    |and_ln621_62_fu_22039_p2      |       and|   0|  0|     2|           1|           1|
    |and_ln621_63_fu_19970_p2      |       and|   0|  0|     2|           1|           1|
    |and_ln621_64_fu_22220_p2      |       and|   0|  0|     2|           1|           1|
    |and_ln621_65_fu_22226_p2      |       and|   0|  0|     2|           1|           1|
    |and_ln621_66_fu_22411_p2      |       and|   0|  0|     2|           1|           1|
    |and_ln621_67_fu_25074_p2      |       and|   0|  0|     2|           1|           1|
    |and_ln621_68_fu_25080_p2      |       and|   0|  0|     2|           1|           1|
    |and_ln621_69_fu_22650_p2      |       and|   0|  0|     2|           1|           1|
    |and_ln621_6_fu_7133_p2        |       and|   0|  0|     2|           1|           1|
    |and_ln621_70_fu_25215_p2      |       and|   0|  0|     2|           1|           1|
    |and_ln621_71_fu_25221_p2      |       and|   0|  0|     2|           1|           1|
    |and_ln621_72_fu_22891_p2      |       and|   0|  0|     2|           1|           1|
    |and_ln621_73_fu_25356_p2      |       and|   0|  0|     2|           1|           1|
    |and_ln621_74_fu_25362_p2      |       and|   0|  0|     2|           1|           1|
    |and_ln621_75_fu_23135_p2      |       and|   0|  0|     2|           1|           1|
    |and_ln621_76_fu_25543_p2      |       and|   0|  0|     2|           1|           1|
    |and_ln621_77_fu_25549_p2      |       and|   0|  0|     2|           1|           1|
    |and_ln621_78_fu_23379_p2      |       and|   0|  0|     2|           1|           1|
    |and_ln621_79_fu_25684_p2      |       and|   0|  0|     2|           1|           1|
    |and_ln621_7_fu_9775_p2        |       and|   0|  0|     2|           1|           1|
    |and_ln621_80_fu_25690_p2      |       and|   0|  0|     2|           1|           1|
    |and_ln621_81_fu_25875_p2      |       and|   0|  0|     2|           1|           1|
    |and_ln621_82_fu_28524_p2      |       and|   0|  0|     2|           1|           1|
    |and_ln621_83_fu_28530_p2      |       and|   0|  0|     2|           1|           1|
    |and_ln621_84_fu_26119_p2      |       and|   0|  0|     2|           1|           1|
    |and_ln621_85_fu_28665_p2      |       and|   0|  0|     2|           1|           1|
    |and_ln621_86_fu_28671_p2      |       and|   0|  0|     2|           1|           1|
    |and_ln621_87_fu_28902_p2      |       and|   0|  0|     2|           1|           1|
    |and_ln621_88_fu_31240_p2      |       and|   0|  0|     2|           1|           1|
    |and_ln621_89_fu_31246_p2      |       and|   0|  0|     2|           1|           1|
    |and_ln621_8_fu_9781_p2        |       and|   0|  0|     2|           1|           1|
    |and_ln621_90_fu_26466_p2      |       and|   0|  0|     2|           1|           1|
    |and_ln621_91_fu_29096_p2      |       and|   0|  0|     2|           1|           1|
    |and_ln621_92_fu_29102_p2      |       and|   0|  0|     2|           1|           1|
    |and_ln621_93_fu_26710_p2      |       and|   0|  0|     2|           1|           1|
    |and_ln621_94_fu_29237_p2      |       and|   0|  0|     2|           1|           1|
    |and_ln621_95_fu_29243_p2      |       and|   0|  0|     2|           1|           1|
    |and_ln621_96_fu_29474_p2      |       and|   0|  0|     2|           1|           1|
    |and_ln621_97_fu_31555_p2      |       and|   0|  0|     2|           1|           1|
    |and_ln621_98_fu_31561_p2      |       and|   0|  0|     2|           1|           1|
    |and_ln621_99_fu_31746_p2      |       and|   0|  0|     2|           1|           1|
    |and_ln621_9_fu_7377_p2        |       and|   0|  0|     2|           1|           1|
    |and_ln621_fu_6671_p2          |       and|   0|  0|     2|           1|           1|
    |and_ln639_10_fu_11110_p2      |       and|   0|  0|     2|           1|           1|
    |and_ln639_11_fu_11354_p2      |       and|   0|  0|     2|           1|           1|
    |and_ln639_12_fu_11598_p2      |       and|   0|  0|     2|           1|           1|
    |and_ln639_13_fu_13864_p2      |       and|   0|  0|     2|           1|           1|
    |and_ln639_14_fu_14108_p2      |       and|   0|  0|     2|           1|           1|
    |and_ln639_15_fu_14352_p2      |       and|   0|  0|     2|           1|           1|
    |and_ln639_16_fu_14596_p2      |       and|   0|  0|     2|           1|           1|
    |and_ln639_17_fu_14840_p2      |       and|   0|  0|     2|           1|           1|
    |and_ln639_18_fu_17034_p2      |       and|   0|  0|     2|           1|           1|
    |and_ln639_19_fu_17278_p2      |       and|   0|  0|     2|           1|           1|
    |and_ln639_1_fu_6717_p2        |       and|   0|  0|     2|           1|           1|
    |and_ln639_20_fu_19528_p2      |       and|   0|  0|     2|           1|           1|
    |and_ln639_21_fu_19772_p2      |       and|   0|  0|     2|           1|           1|
    |and_ln639_22_fu_20016_p2      |       and|   0|  0|     2|           1|           1|
    |and_ln639_23_fu_22457_p2      |       and|   0|  0|     2|           1|           1|
    |and_ln639_24_fu_22696_p2      |       and|   0|  0|     2|           1|           1|
    |and_ln639_25_fu_22937_p2      |       and|   0|  0|     2|           1|           1|
    |and_ln639_26_fu_23181_p2      |       and|   0|  0|     2|           1|           1|
    |and_ln639_27_fu_23425_p2      |       and|   0|  0|     2|           1|           1|
    |and_ln639_28_fu_25921_p2      |       and|   0|  0|     2|           1|           1|
    |and_ln639_29_fu_26165_p2      |       and|   0|  0|     2|           1|           1|
    |and_ln639_2_fu_6935_p2        |       and|   0|  0|     2|           1|           1|
    |and_ln639_30_fu_28948_p2      |       and|   0|  0|     2|           1|           1|
    |and_ln639_31_fu_26512_p2      |       and|   0|  0|     2|           1|           1|
    |and_ln639_32_fu_26756_p2      |       and|   0|  0|     2|           1|           1|
    |and_ln639_33_fu_29520_p2      |       and|   0|  0|     2|           1|           1|
    |and_ln639_34_fu_31792_p2      |       and|   0|  0|     2|           1|           1|
    |and_ln639_35_fu_32036_p2      |       and|   0|  0|     2|           1|           1|
    |and_ln639_36_fu_32280_p2      |       and|   0|  0|     2|           1|           1|
    |and_ln639_37_fu_32524_p2      |       and|   0|  0|     2|           1|           1|
    |and_ln639_38_fu_34941_p2      |       and|   0|  0|     2|           1|           1|
    |and_ln639_39_fu_35185_p2      |       and|   0|  0|     2|           1|           1|
    |and_ln639_3_fu_7179_p2        |       and|   0|  0|     2|           1|           1|
    |and_ln639_40_fu_37869_p2      |       and|   0|  0|     2|           1|           1|
    |and_ln639_41_fu_35532_p2      |       and|   0|  0|     2|           1|           1|
    |and_ln639_42_fu_35776_p2      |       and|   0|  0|     2|           1|           1|
    |and_ln639_43_fu_38395_p2      |       and|   0|  0|     2|           1|           1|
    |and_ln639_44_fu_41053_p2      |       and|   0|  0|     2|           1|           1|
    |and_ln639_45_fu_41297_p2      |       and|   0|  0|     2|           1|           1|
    |and_ln639_46_fu_38845_p2      |       and|   0|  0|     2|           1|           1|
    |and_ln639_47_fu_39089_p2      |       and|   0|  0|     2|           1|           1|
    |and_ln639_48_fu_41823_p2      |       and|   0|  0|     2|           1|           1|
    |and_ln639_49_fu_44077_p2      |       and|   0|  0|     2|           1|           1|
    |and_ln639_4_fu_7423_p2        |       and|   0|  0|     2|           1|           1|
    |and_ln639_50_fu_46563_p2      |       and|   0|  0|     2|           1|           1|
    |and_ln639_51_fu_44424_p2      |       and|   0|  0|     2|           1|           1|
    |and_ln639_52_fu_44668_p2      |       and|   0|  0|     2|           1|           1|
    |and_ln639_53_fu_47089_p2      |       and|   0|  0|     2|           1|           1|
    |and_ln639_54_fu_49565_p2      |       and|   0|  0|     2|           1|           1|
    |and_ln639_55_fu_49804_p2      |       and|   0|  0|     2|           1|           1|
    |and_ln639_56_fu_47539_p2      |       and|   0|  0|     2|           1|           1|
    |and_ln639_57_fu_47783_p2      |       and|   0|  0|     2|           1|           1|
    |and_ln639_58_fu_50327_p2      |       and|   0|  0|     2|           1|           1|
    |and_ln639_59_fu_52465_p2      |       and|   0|  0|     2|           1|           1|
    |and_ln639_5_fu_7667_p2        |       and|   0|  0|     2|           1|           1|
    |and_ln639_60_fu_54433_p2      |       and|   0|  0|     2|           1|           1|
    |and_ln639_61_fu_52812_p2      |       and|   0|  0|     2|           1|           1|
    |and_ln639_62_fu_53056_p2      |       and|   0|  0|     2|           1|           1|
    |and_ln639_63_fu_55005_p2      |       and|   0|  0|     2|           1|           1|
    |and_ln639_64_fu_56404_p2      |       and|   0|  0|     2|           1|           1|
    |and_ln639_65_fu_56648_p2      |       and|   0|  0|     2|           1|           1|
    |and_ln639_66_fu_2779_p2       |       and|   0|  0|     2|           1|           1|
    |and_ln639_6_fu_7911_p2        |       and|   0|  0|     2|           1|           1|
    |and_ln639_7_fu_8155_p2        |       and|   0|  0|     2|           1|           1|
    |and_ln639_8_fu_10622_p2       |       and|   0|  0|     2|           1|           1|
    |and_ln639_9_fu_10866_p2       |       and|   0|  0|     2|           1|           1|
    |and_ln639_fu_2774_p2          |       and|   0|  0|     2|           1|           1|
    |and_ln640_10_fu_11360_p2      |       and|   0|  0|     2|           1|           1|
    |and_ln640_11_fu_11604_p2      |       and|   0|  0|     2|           1|           1|
    |and_ln640_12_fu_13870_p2      |       and|   0|  0|     2|           1|           1|
    |and_ln640_13_fu_14114_p2      |       and|   0|  0|     2|           1|           1|
    |and_ln640_14_fu_14358_p2      |       and|   0|  0|     2|           1|           1|
    |and_ln640_15_fu_14602_p2      |       and|   0|  0|     2|           1|           1|
    |and_ln640_16_fu_14846_p2      |       and|   0|  0|     2|           1|           1|
    |and_ln640_17_fu_17040_p2      |       and|   0|  0|     2|           1|           1|
    |and_ln640_18_fu_17284_p2      |       and|   0|  0|     2|           1|           1|
    |and_ln640_19_fu_19534_p2      |       and|   0|  0|     2|           1|           1|
    |and_ln640_1_fu_6941_p2        |       and|   0|  0|     2|           1|           1|
    |and_ln640_20_fu_19778_p2      |       and|   0|  0|     2|           1|           1|
    |and_ln640_21_fu_20022_p2      |       and|   0|  0|     2|           1|           1|
    |and_ln640_22_fu_22463_p2      |       and|   0|  0|     2|           1|           1|
    |and_ln640_23_fu_22701_p2      |       and|   0|  0|     2|           1|           1|
    |and_ln640_24_fu_22943_p2      |       and|   0|  0|     2|           1|           1|
    |and_ln640_25_fu_23187_p2      |       and|   0|  0|     2|           1|           1|
    |and_ln640_26_fu_23431_p2      |       and|   0|  0|     2|           1|           1|
    |and_ln640_27_fu_25927_p2      |       and|   0|  0|     2|           1|           1|
    |and_ln640_28_fu_26171_p2      |       and|   0|  0|     2|           1|           1|
    |and_ln640_29_fu_28954_p2      |       and|   0|  0|     2|           1|           1|
    |and_ln640_2_fu_7185_p2        |       and|   0|  0|     2|           1|           1|
    |and_ln640_30_fu_26518_p2      |       and|   0|  0|     2|           1|           1|
    |and_ln640_31_fu_26762_p2      |       and|   0|  0|     2|           1|           1|
    |and_ln640_32_fu_29526_p2      |       and|   0|  0|     2|           1|           1|
    |and_ln640_33_fu_31798_p2      |       and|   0|  0|     2|           1|           1|
    |and_ln640_34_fu_32042_p2      |       and|   0|  0|     2|           1|           1|
    |and_ln640_35_fu_32286_p2      |       and|   0|  0|     2|           1|           1|
    |and_ln640_36_fu_32530_p2      |       and|   0|  0|     2|           1|           1|
    |and_ln640_37_fu_34947_p2      |       and|   0|  0|     2|           1|           1|
    |and_ln640_38_fu_35191_p2      |       and|   0|  0|     2|           1|           1|
    |and_ln640_39_fu_37875_p2      |       and|   0|  0|     2|           1|           1|
    |and_ln640_3_fu_7429_p2        |       and|   0|  0|     2|           1|           1|
    |and_ln640_40_fu_35538_p2      |       and|   0|  0|     2|           1|           1|
    |and_ln640_41_fu_35782_p2      |       and|   0|  0|     2|           1|           1|
    |and_ln640_42_fu_38401_p2      |       and|   0|  0|     2|           1|           1|
    |and_ln640_43_fu_41059_p2      |       and|   0|  0|     2|           1|           1|
    |and_ln640_44_fu_41303_p2      |       and|   0|  0|     2|           1|           1|
    |and_ln640_45_fu_38851_p2      |       and|   0|  0|     2|           1|           1|
    |and_ln640_46_fu_39095_p2      |       and|   0|  0|     2|           1|           1|
    |and_ln640_47_fu_41829_p2      |       and|   0|  0|     2|           1|           1|
    |and_ln640_48_fu_44083_p2      |       and|   0|  0|     2|           1|           1|
    |and_ln640_49_fu_46569_p2      |       and|   0|  0|     2|           1|           1|
    |and_ln640_4_fu_7673_p2        |       and|   0|  0|     2|           1|           1|
    |and_ln640_50_fu_44430_p2      |       and|   0|  0|     2|           1|           1|
    |and_ln640_51_fu_44674_p2      |       and|   0|  0|     2|           1|           1|
    |and_ln640_52_fu_47095_p2      |       and|   0|  0|     2|           1|           1|
    |and_ln640_53_fu_49571_p2      |       and|   0|  0|     2|           1|           1|
    |and_ln640_54_fu_49809_p2      |       and|   0|  0|     2|           1|           1|
    |and_ln640_55_fu_47545_p2      |       and|   0|  0|     2|           1|           1|
    |and_ln640_56_fu_47789_p2      |       and|   0|  0|     2|           1|           1|
    |and_ln640_57_fu_50333_p2      |       and|   0|  0|     2|           1|           1|
    |and_ln640_58_fu_52471_p2      |       and|   0|  0|     2|           1|           1|
    |and_ln640_59_fu_54439_p2      |       and|   0|  0|     2|           1|           1|
    |and_ln640_5_fu_7917_p2        |       and|   0|  0|     2|           1|           1|
    |and_ln640_60_fu_52818_p2      |       and|   0|  0|     2|           1|           1|
    |and_ln640_61_fu_53062_p2      |       and|   0|  0|     2|           1|           1|
    |and_ln640_62_fu_55011_p2      |       and|   0|  0|     2|           1|           1|
    |and_ln640_63_fu_56410_p2      |       and|   0|  0|     2|           1|           1|
    |and_ln640_64_fu_56654_p2      |       and|   0|  0|     2|           1|           1|
    |and_ln640_6_fu_8161_p2        |       and|   0|  0|     2|           1|           1|
    |and_ln640_7_fu_10628_p2       |       and|   0|  0|     2|           1|           1|
    |and_ln640_8_fu_10872_p2       |       and|   0|  0|     2|           1|           1|
    |and_ln640_9_fu_11116_p2       |       and|   0|  0|     2|           1|           1|
    |and_ln640_fu_6723_p2          |       and|   0|  0|     2|           1|           1|
    |and_ln641_10_fu_11133_p2      |       and|   0|  0|     2|           1|           1|
    |and_ln641_11_fu_11377_p2      |       and|   0|  0|     2|           1|           1|
    |and_ln641_12_fu_11621_p2      |       and|   0|  0|     2|           1|           1|
    |and_ln641_13_fu_13887_p2      |       and|   0|  0|     2|           1|           1|
    |and_ln641_14_fu_14131_p2      |       and|   0|  0|     2|           1|           1|
    |and_ln641_15_fu_14375_p2      |       and|   0|  0|     2|           1|           1|
    |and_ln641_16_fu_14619_p2      |       and|   0|  0|     2|           1|           1|
    |and_ln641_17_fu_14863_p2      |       and|   0|  0|     2|           1|           1|
    |and_ln641_18_fu_17057_p2      |       and|   0|  0|     2|           1|           1|
    |and_ln641_19_fu_17301_p2      |       and|   0|  0|     2|           1|           1|
    |and_ln641_1_fu_6740_p2        |       and|   0|  0|     2|           1|           1|
    |and_ln641_20_fu_19551_p2      |       and|   0|  0|     2|           1|           1|
    |and_ln641_21_fu_19795_p2      |       and|   0|  0|     2|           1|           1|
    |and_ln641_22_fu_20039_p2      |       and|   0|  0|     2|           1|           1|
    |and_ln641_23_fu_22480_p2      |       and|   0|  0|     2|           1|           1|
    |and_ln641_24_fu_22718_p2      |       and|   0|  0|     2|           1|           1|
    |and_ln641_25_fu_22960_p2      |       and|   0|  0|     2|           1|           1|
    |and_ln641_26_fu_23204_p2      |       and|   0|  0|     2|           1|           1|
    |and_ln641_27_fu_23448_p2      |       and|   0|  0|     2|           1|           1|
    |and_ln641_28_fu_25944_p2      |       and|   0|  0|     2|           1|           1|
    |and_ln641_29_fu_26188_p2      |       and|   0|  0|     2|           1|           1|
    |and_ln641_2_fu_6958_p2        |       and|   0|  0|     2|           1|           1|
    |and_ln641_30_fu_28971_p2      |       and|   0|  0|     2|           1|           1|
    |and_ln641_31_fu_26535_p2      |       and|   0|  0|     2|           1|           1|
    |and_ln641_32_fu_26779_p2      |       and|   0|  0|     2|           1|           1|
    |and_ln641_33_fu_29543_p2      |       and|   0|  0|     2|           1|           1|
    |and_ln641_34_fu_31815_p2      |       and|   0|  0|     2|           1|           1|
    |and_ln641_35_fu_32059_p2      |       and|   0|  0|     2|           1|           1|
    |and_ln641_36_fu_32303_p2      |       and|   0|  0|     2|           1|           1|
    |and_ln641_37_fu_32547_p2      |       and|   0|  0|     2|           1|           1|
    |and_ln641_38_fu_34964_p2      |       and|   0|  0|     2|           1|           1|
    |and_ln641_39_fu_35208_p2      |       and|   0|  0|     2|           1|           1|
    |and_ln641_3_fu_7202_p2        |       and|   0|  0|     2|           1|           1|
    |and_ln641_40_fu_37892_p2      |       and|   0|  0|     2|           1|           1|
    |and_ln641_41_fu_35555_p2      |       and|   0|  0|     2|           1|           1|
    |and_ln641_42_fu_35799_p2      |       and|   0|  0|     2|           1|           1|
    |and_ln641_43_fu_38418_p2      |       and|   0|  0|     2|           1|           1|
    |and_ln641_44_fu_41076_p2      |       and|   0|  0|     2|           1|           1|
    |and_ln641_45_fu_41320_p2      |       and|   0|  0|     2|           1|           1|
    |and_ln641_46_fu_38868_p2      |       and|   0|  0|     2|           1|           1|
    |and_ln641_47_fu_39112_p2      |       and|   0|  0|     2|           1|           1|
    |and_ln641_48_fu_41846_p2      |       and|   0|  0|     2|           1|           1|
    |and_ln641_49_fu_44100_p2      |       and|   0|  0|     2|           1|           1|
    |and_ln641_4_fu_7446_p2        |       and|   0|  0|     2|           1|           1|
    |and_ln641_50_fu_46586_p2      |       and|   0|  0|     2|           1|           1|
    |and_ln641_51_fu_44447_p2      |       and|   0|  0|     2|           1|           1|
    |and_ln641_52_fu_44691_p2      |       and|   0|  0|     2|           1|           1|
    |and_ln641_53_fu_47112_p2      |       and|   0|  0|     2|           1|           1|
    |and_ln641_54_fu_49588_p2      |       and|   0|  0|     2|           1|           1|
    |and_ln641_55_fu_49826_p2      |       and|   0|  0|     2|           1|           1|
    |and_ln641_56_fu_47562_p2      |       and|   0|  0|     2|           1|           1|
    |and_ln641_57_fu_47806_p2      |       and|   0|  0|     2|           1|           1|
    |and_ln641_58_fu_50350_p2      |       and|   0|  0|     2|           1|           1|
    |and_ln641_59_fu_52488_p2      |       and|   0|  0|     2|           1|           1|
    |and_ln641_5_fu_7690_p2        |       and|   0|  0|     2|           1|           1|
    |and_ln641_60_fu_54456_p2      |       and|   0|  0|     2|           1|           1|
    |and_ln641_61_fu_52835_p2      |       and|   0|  0|     2|           1|           1|
    |and_ln641_62_fu_53079_p2      |       and|   0|  0|     2|           1|           1|
    |and_ln641_63_fu_55028_p2      |       and|   0|  0|     2|           1|           1|
    |and_ln641_64_fu_56427_p2      |       and|   0|  0|     2|           1|           1|
    |and_ln641_65_fu_56671_p2      |       and|   0|  0|     2|           1|           1|
    |and_ln641_6_fu_7934_p2        |       and|   0|  0|     2|           1|           1|
    |and_ln641_7_fu_8178_p2        |       and|   0|  0|     2|           1|           1|
    |and_ln641_8_fu_10645_p2       |       and|   0|  0|     2|           1|           1|
    |and_ln641_9_fu_10889_p2       |       and|   0|  0|     2|           1|           1|
    |and_ln641_fu_2737_p2          |       and|   0|  0|     2|           1|           1|
    |and_ln653_10_fu_13453_p2      |       and|   0|  0|     2|           1|           1|
    |and_ln653_11_fu_13594_p2      |       and|   0|  0|     2|           1|           1|
    |and_ln653_12_fu_16200_p2      |       and|   0|  0|     2|           1|           1|
    |and_ln653_13_fu_16341_p2      |       and|   0|  0|     2|           1|           1|
    |and_ln653_14_fu_16482_p2      |       and|   0|  0|     2|           1|           1|
    |and_ln653_15_fu_16623_p2      |       and|   0|  0|     2|           1|           1|
    |and_ln653_16_fu_16764_p2      |       and|   0|  0|     2|           1|           1|
    |and_ln653_17_fu_19117_p2      |       and|   0|  0|     2|           1|           1|
    |and_ln653_18_fu_19258_p2      |       and|   0|  0|     2|           1|           1|
    |and_ln653_19_fu_21813_p2      |       and|   0|  0|     2|           1|           1|
    |and_ln653_1_fu_9515_p2        |       and|   0|  0|     2|           1|           1|
    |and_ln653_20_fu_22000_p2      |       and|   0|  0|     2|           1|           1|
    |and_ln653_21_fu_22187_p2      |       and|   0|  0|     2|           1|           1|
    |and_ln653_22_fu_25041_p2      |       and|   0|  0|     2|           1|           1|
    |and_ln653_23_fu_25182_p2      |       and|   0|  0|     2|           1|           1|
    |and_ln653_24_fu_25323_p2      |       and|   0|  0|     2|           1|           1|
    |and_ln653_25_fu_25510_p2      |       and|   0|  0|     2|           1|           1|
    |and_ln653_26_fu_25651_p2      |       and|   0|  0|     2|           1|           1|
    |and_ln653_27_fu_28491_p2      |       and|   0|  0|     2|           1|           1|
    |and_ln653_28_fu_28632_p2      |       and|   0|  0|     2|           1|           1|
    |and_ln653_29_fu_31207_p2      |       and|   0|  0|     2|           1|           1|
    |and_ln653_2_fu_9742_p2        |       and|   0|  0|     2|           1|           1|
    |and_ln653_30_fu_29063_p2      |       and|   0|  0|     2|           1|           1|
    |and_ln653_31_fu_29204_p2      |       and|   0|  0|     2|           1|           1|
    |and_ln653_32_fu_31522_p2      |       and|   0|  0|     2|           1|           1|
    |and_ln653_33_fu_34202_p2      |       and|   0|  0|     2|           1|           1|
    |and_ln653_34_fu_34389_p2      |       and|   0|  0|     2|           1|           1|
    |and_ln653_35_fu_34530_p2      |       and|   0|  0|     2|           1|           1|
    |and_ln653_36_fu_34671_p2      |       and|   0|  0|     2|           1|           1|
    |and_ln653_37_fu_37458_p2      |       and|   0|  0|     2|           1|           1|
    |and_ln653_38_fu_37599_p2      |       and|   0|  0|     2|           1|           1|
    |and_ln653_39_fu_40470_p2      |       and|   0|  0|     2|           1|           1|
    |and_ln653_3_fu_9883_p2        |       and|   0|  0|     2|           1|           1|
    |and_ln653_40_fu_37984_p2      |       and|   0|  0|     2|           1|           1|
    |and_ln653_41_fu_38125_p2      |       and|   0|  0|     2|           1|           1|
    |and_ln653_42_fu_40783_p2      |       and|   0|  0|     2|           1|           1|
    |and_ln653_43_fu_43353_p2      |       and|   0|  0|     2|           1|           1|
    |and_ln653_44_fu_43494_p2      |       and|   0|  0|     2|           1|           1|
    |and_ln653_45_fu_41412_p2      |       and|   0|  0|     2|           1|           1|
    |and_ln653_46_fu_41553_p2      |       and|   0|  0|     2|           1|           1|
    |and_ln653_47_fu_43807_p2      |       and|   0|  0|     2|           1|           1|
    |and_ln653_48_fu_46293_p2      |       and|   0|  0|     2|           1|           1|
    |and_ln653_49_fu_48982_p2      |       and|   0|  0|     2|           1|           1|
    |and_ln653_4_fu_10024_p2       |       and|   0|  0|     2|           1|           1|
    |and_ln653_50_fu_46678_p2      |       and|   0|  0|     2|           1|           1|
    |and_ln653_51_fu_46819_p2      |       and|   0|  0|     2|           1|           1|
    |and_ln653_52_fu_49295_p2      |       and|   0|  0|     2|           1|           1|
    |and_ln653_53_fu_51695_p2      |       and|   0|  0|     2|           1|           1|
    |and_ln653_54_fu_51836_p2      |       and|   0|  0|     2|           1|           1|
    |and_ln653_55_fu_49916_p2      |       and|   0|  0|     2|           1|           1|
    |and_ln653_56_fu_50057_p2      |       and|   0|  0|     2|           1|           1|
    |and_ln653_57_fu_52149_p2      |       and|   0|  0|     2|           1|           1|
    |and_ln653_58_fu_54163_p2      |       and|   0|  0|     2|           1|           1|
    |and_ln653_59_fu_55865_p2      |       and|   0|  0|     2|           1|           1|
    |and_ln653_5_fu_10211_p2       |       and|   0|  0|     2|           1|           1|
    |and_ln653_60_fu_54548_p2      |       and|   0|  0|     2|           1|           1|
    |and_ln653_61_fu_54689_p2      |       and|   0|  0|     2|           1|           1|
    |and_ln653_62_fu_56134_p2      |       and|   0|  0|     2|           1|           1|
    |and_ln653_63_fu_57427_p2      |       and|   0|  0|     2|           1|           1|
    |and_ln653_64_fu_57568_p2      |       and|   0|  0|     2|           1|           1|
    |and_ln653_6_fu_10352_p2       |       and|   0|  0|     2|           1|           1|
    |and_ln653_7_fu_12984_p2       |       and|   0|  0|     2|           1|           1|
    |and_ln653_8_fu_13125_p2       |       and|   0|  0|     2|           1|           1|
    |and_ln653_9_fu_13266_p2       |       and|   0|  0|     2|           1|           1|
    |and_ln653_fu_9320_p2          |       and|   0|  0|     2|           1|           1|
    |and_ln654_10_fu_13464_p2      |       and|   0|  0|     2|           1|           1|
    |and_ln654_11_fu_13605_p2      |       and|   0|  0|     2|           1|           1|
    |and_ln654_12_fu_16211_p2      |       and|   0|  0|     2|           1|           1|
    |and_ln654_13_fu_16352_p2      |       and|   0|  0|     2|           1|           1|
    |and_ln654_14_fu_16493_p2      |       and|   0|  0|     2|           1|           1|
    |and_ln654_15_fu_16634_p2      |       and|   0|  0|     2|           1|           1|
    |and_ln654_16_fu_16775_p2      |       and|   0|  0|     2|           1|           1|
    |and_ln654_17_fu_19128_p2      |       and|   0|  0|     2|           1|           1|
    |and_ln654_18_fu_19269_p2      |       and|   0|  0|     2|           1|           1|
    |and_ln654_19_fu_21824_p2      |       and|   0|  0|     2|           1|           1|
    |and_ln654_1_fu_9526_p2        |       and|   0|  0|     2|           1|           1|
    |and_ln654_20_fu_22011_p2      |       and|   0|  0|     2|           1|           1|
    |and_ln654_21_fu_22198_p2      |       and|   0|  0|     2|           1|           1|
    |and_ln654_22_fu_25052_p2      |       and|   0|  0|     2|           1|           1|
    |and_ln654_23_fu_25193_p2      |       and|   0|  0|     2|           1|           1|
    |and_ln654_24_fu_25334_p2      |       and|   0|  0|     2|           1|           1|
    |and_ln654_25_fu_25521_p2      |       and|   0|  0|     2|           1|           1|
    |and_ln654_26_fu_25662_p2      |       and|   0|  0|     2|           1|           1|
    |and_ln654_27_fu_28502_p2      |       and|   0|  0|     2|           1|           1|
    |and_ln654_28_fu_28643_p2      |       and|   0|  0|     2|           1|           1|
    |and_ln654_29_fu_31218_p2      |       and|   0|  0|     2|           1|           1|
    |and_ln654_2_fu_9753_p2        |       and|   0|  0|     2|           1|           1|
    |and_ln654_30_fu_29074_p2      |       and|   0|  0|     2|           1|           1|
    |and_ln654_31_fu_29215_p2      |       and|   0|  0|     2|           1|           1|
    |and_ln654_32_fu_31533_p2      |       and|   0|  0|     2|           1|           1|
    |and_ln654_33_fu_34213_p2      |       and|   0|  0|     2|           1|           1|
    |and_ln654_34_fu_34400_p2      |       and|   0|  0|     2|           1|           1|
    |and_ln654_35_fu_34541_p2      |       and|   0|  0|     2|           1|           1|
    |and_ln654_36_fu_34682_p2      |       and|   0|  0|     2|           1|           1|
    |and_ln654_37_fu_37469_p2      |       and|   0|  0|     2|           1|           1|
    |and_ln654_38_fu_37610_p2      |       and|   0|  0|     2|           1|           1|
    |and_ln654_39_fu_40481_p2      |       and|   0|  0|     2|           1|           1|
    |and_ln654_3_fu_9894_p2        |       and|   0|  0|     2|           1|           1|
    |and_ln654_40_fu_37995_p2      |       and|   0|  0|     2|           1|           1|
    |and_ln654_41_fu_38136_p2      |       and|   0|  0|     2|           1|           1|
    |and_ln654_42_fu_40794_p2      |       and|   0|  0|     2|           1|           1|
    |and_ln654_43_fu_43364_p2      |       and|   0|  0|     2|           1|           1|
    |and_ln654_44_fu_43505_p2      |       and|   0|  0|     2|           1|           1|
    |and_ln654_45_fu_41423_p2      |       and|   0|  0|     2|           1|           1|
    |and_ln654_46_fu_41564_p2      |       and|   0|  0|     2|           1|           1|
    |and_ln654_47_fu_43818_p2      |       and|   0|  0|     2|           1|           1|
    |and_ln654_48_fu_46304_p2      |       and|   0|  0|     2|           1|           1|
    |and_ln654_49_fu_48993_p2      |       and|   0|  0|     2|           1|           1|
    |and_ln654_4_fu_10035_p2       |       and|   0|  0|     2|           1|           1|
    |and_ln654_50_fu_46689_p2      |       and|   0|  0|     2|           1|           1|
    |and_ln654_51_fu_46830_p2      |       and|   0|  0|     2|           1|           1|
    |and_ln654_52_fu_49306_p2      |       and|   0|  0|     2|           1|           1|
    |and_ln654_53_fu_51706_p2      |       and|   0|  0|     2|           1|           1|
    |and_ln654_54_fu_51847_p2      |       and|   0|  0|     2|           1|           1|
    |and_ln654_55_fu_49927_p2      |       and|   0|  0|     2|           1|           1|
    |and_ln654_56_fu_50068_p2      |       and|   0|  0|     2|           1|           1|
    |and_ln654_57_fu_52160_p2      |       and|   0|  0|     2|           1|           1|
    |and_ln654_58_fu_54174_p2      |       and|   0|  0|     2|           1|           1|
    |and_ln654_59_fu_55876_p2      |       and|   0|  0|     2|           1|           1|
    |and_ln654_5_fu_10222_p2       |       and|   0|  0|     2|           1|           1|
    |and_ln654_60_fu_54559_p2      |       and|   0|  0|     2|           1|           1|
    |and_ln654_61_fu_54700_p2      |       and|   0|  0|     2|           1|           1|
    |and_ln654_62_fu_56145_p2      |       and|   0|  0|     2|           1|           1|
    |and_ln654_63_fu_57438_p2      |       and|   0|  0|     2|           1|           1|
    |and_ln654_64_fu_57579_p2      |       and|   0|  0|     2|           1|           1|
    |and_ln654_6_fu_10363_p2       |       and|   0|  0|     2|           1|           1|
    |and_ln654_7_fu_12995_p2       |       and|   0|  0|     2|           1|           1|
    |and_ln654_8_fu_13136_p2       |       and|   0|  0|     2|           1|           1|
    |and_ln654_9_fu_13277_p2       |       and|   0|  0|     2|           1|           1|
    |and_ln654_fu_9331_p2          |       and|   0|  0|     2|           1|           1|
    |and_ln658_100_fu_34452_p2     |       and|   0|  0|     2|           1|           1|
    |and_ln658_101_fu_34593_p2     |       and|   0|  0|     2|           1|           1|
    |and_ln658_102_fu_34734_p2     |       and|   0|  0|     2|           1|           1|
    |and_ln658_103_fu_37521_p2     |       and|   0|  0|     2|           1|           1|
    |and_ln658_104_fu_37662_p2     |       and|   0|  0|     2|           1|           1|
    |and_ln658_105_fu_40533_p2     |       and|   0|  0|     2|           1|           1|
    |and_ln658_106_fu_38047_p2     |       and|   0|  0|     2|           1|           1|
    |and_ln658_107_fu_38188_p2     |       and|   0|  0|     2|           1|           1|
    |and_ln658_108_fu_40846_p2     |       and|   0|  0|     2|           1|           1|
    |and_ln658_109_fu_43416_p2     |       and|   0|  0|     2|           1|           1|
    |and_ln658_10_fu_13533_p2      |       and|   0|  0|     2|           1|           1|
    |and_ln658_110_fu_43557_p2     |       and|   0|  0|     2|           1|           1|
    |and_ln658_111_fu_41475_p2     |       and|   0|  0|     2|           1|           1|
    |and_ln658_112_fu_41616_p2     |       and|   0|  0|     2|           1|           1|
    |and_ln658_113_fu_43870_p2     |       and|   0|  0|     2|           1|           1|
    |and_ln658_114_fu_46356_p2     |       and|   0|  0|     2|           1|           1|
    |and_ln658_115_fu_49045_p2     |       and|   0|  0|     2|           1|           1|
    |and_ln658_116_fu_46741_p2     |       and|   0|  0|     2|           1|           1|
    |and_ln658_117_fu_46882_p2     |       and|   0|  0|     2|           1|           1|
    |and_ln658_118_fu_49358_p2     |       and|   0|  0|     2|           1|           1|
    |and_ln658_119_fu_51758_p2     |       and|   0|  0|     2|           1|           1|
    |and_ln658_11_fu_13674_p2      |       and|   0|  0|     2|           1|           1|
    |and_ln658_120_fu_51899_p2     |       and|   0|  0|     2|           1|           1|
    |and_ln658_121_fu_49979_p2     |       and|   0|  0|     2|           1|           1|
    |and_ln658_122_fu_50120_p2     |       and|   0|  0|     2|           1|           1|
    |and_ln658_123_fu_52212_p2     |       and|   0|  0|     2|           1|           1|
    |and_ln658_124_fu_54226_p2     |       and|   0|  0|     2|           1|           1|
    |and_ln658_125_fu_55928_p2     |       and|   0|  0|     2|           1|           1|
    |and_ln658_126_fu_54611_p2     |       and|   0|  0|     2|           1|           1|
    |and_ln658_127_fu_54752_p2     |       and|   0|  0|     2|           1|           1|
    |and_ln658_128_fu_56197_p2     |       and|   0|  0|     2|           1|           1|
    |and_ln658_129_fu_57490_p2     |       and|   0|  0|     2|           1|           1|
    |and_ln658_12_fu_16280_p2      |       and|   0|  0|     2|           1|           1|
    |and_ln658_130_fu_57631_p2     |       and|   0|  0|     2|           1|           1|
    |and_ln658_13_fu_16421_p2      |       and|   0|  0|     2|           1|           1|
    |and_ln658_14_fu_16562_p2      |       and|   0|  0|     2|           1|           1|
    |and_ln658_15_fu_16703_p2      |       and|   0|  0|     2|           1|           1|
    |and_ln658_16_fu_16844_p2      |       and|   0|  0|     2|           1|           1|
    |and_ln658_17_fu_19197_p2      |       and|   0|  0|     2|           1|           1|
    |and_ln658_18_fu_19338_p2      |       and|   0|  0|     2|           1|           1|
    |and_ln658_19_fu_21893_p2      |       and|   0|  0|     2|           1|           1|
    |and_ln658_1_fu_9590_p2        |       and|   0|  0|     2|           1|           1|
    |and_ln658_20_fu_22080_p2      |       and|   0|  0|     2|           1|           1|
    |and_ln658_21_fu_22267_p2      |       and|   0|  0|     2|           1|           1|
    |and_ln658_22_fu_25121_p2      |       and|   0|  0|     2|           1|           1|
    |and_ln658_23_fu_25262_p2      |       and|   0|  0|     2|           1|           1|
    |and_ln658_24_fu_25403_p2      |       and|   0|  0|     2|           1|           1|
    |and_ln658_25_fu_25590_p2      |       and|   0|  0|     2|           1|           1|
    |and_ln658_26_fu_25731_p2      |       and|   0|  0|     2|           1|           1|
    |and_ln658_27_fu_28571_p2      |       and|   0|  0|     2|           1|           1|
    |and_ln658_28_fu_28712_p2      |       and|   0|  0|     2|           1|           1|
    |and_ln658_29_fu_31287_p2      |       and|   0|  0|     2|           1|           1|
    |and_ln658_2_fu_9822_p2        |       and|   0|  0|     2|           1|           1|
    |and_ln658_30_fu_29143_p2      |       and|   0|  0|     2|           1|           1|
    |and_ln658_31_fu_29284_p2      |       and|   0|  0|     2|           1|           1|
    |and_ln658_32_fu_31602_p2      |       and|   0|  0|     2|           1|           1|
    |and_ln658_33_fu_34282_p2      |       and|   0|  0|     2|           1|           1|
    |and_ln658_34_fu_34469_p2      |       and|   0|  0|     2|           1|           1|
    |and_ln658_35_fu_34610_p2      |       and|   0|  0|     2|           1|           1|
    |and_ln658_36_fu_34751_p2      |       and|   0|  0|     2|           1|           1|
    |and_ln658_37_fu_37538_p2      |       and|   0|  0|     2|           1|           1|
    |and_ln658_38_fu_37679_p2      |       and|   0|  0|     2|           1|           1|
    |and_ln658_39_fu_40550_p2      |       and|   0|  0|     2|           1|           1|
    |and_ln658_3_fu_9963_p2        |       and|   0|  0|     2|           1|           1|
    |and_ln658_40_fu_38064_p2      |       and|   0|  0|     2|           1|           1|
    |and_ln658_41_fu_38205_p2      |       and|   0|  0|     2|           1|           1|
    |and_ln658_42_fu_40863_p2      |       and|   0|  0|     2|           1|           1|
    |and_ln658_43_fu_43433_p2      |       and|   0|  0|     2|           1|           1|
    |and_ln658_44_fu_43574_p2      |       and|   0|  0|     2|           1|           1|
    |and_ln658_45_fu_41492_p2      |       and|   0|  0|     2|           1|           1|
    |and_ln658_46_fu_41633_p2      |       and|   0|  0|     2|           1|           1|
    |and_ln658_47_fu_43887_p2      |       and|   0|  0|     2|           1|           1|
    |and_ln658_48_fu_46373_p2      |       and|   0|  0|     2|           1|           1|
    |and_ln658_49_fu_49062_p2      |       and|   0|  0|     2|           1|           1|
    |and_ln658_4_fu_10104_p2       |       and|   0|  0|     2|           1|           1|
    |and_ln658_50_fu_46758_p2      |       and|   0|  0|     2|           1|           1|
    |and_ln658_51_fu_46899_p2      |       and|   0|  0|     2|           1|           1|
    |and_ln658_52_fu_49375_p2      |       and|   0|  0|     2|           1|           1|
    |and_ln658_53_fu_51775_p2      |       and|   0|  0|     2|           1|           1|
    |and_ln658_54_fu_51916_p2      |       and|   0|  0|     2|           1|           1|
    |and_ln658_55_fu_49996_p2      |       and|   0|  0|     2|           1|           1|
    |and_ln658_56_fu_50137_p2      |       and|   0|  0|     2|           1|           1|
    |and_ln658_57_fu_52229_p2      |       and|   0|  0|     2|           1|           1|
    |and_ln658_58_fu_54243_p2      |       and|   0|  0|     2|           1|           1|
    |and_ln658_59_fu_55945_p2      |       and|   0|  0|     2|           1|           1|
    |and_ln658_5_fu_10291_p2       |       and|   0|  0|     2|           1|           1|
    |and_ln658_60_fu_54628_p2      |       and|   0|  0|     2|           1|           1|
    |and_ln658_61_fu_54769_p2      |       and|   0|  0|     2|           1|           1|
    |and_ln658_62_fu_56214_p2      |       and|   0|  0|     2|           1|           1|
    |and_ln658_63_fu_57507_p2      |       and|   0|  0|     2|           1|           1|
    |and_ln658_64_fu_57648_p2      |       and|   0|  0|     2|           1|           1|
    |and_ln658_66_fu_9380_p2       |       and|   0|  0|     2|           1|           1|
    |and_ln658_67_fu_9575_p2       |       and|   0|  0|     2|           1|           1|
    |and_ln658_68_fu_9805_p2       |       and|   0|  0|     2|           1|           1|
    |and_ln658_69_fu_9946_p2       |       and|   0|  0|     2|           1|           1|
    |and_ln658_6_fu_10432_p2       |       and|   0|  0|     2|           1|           1|
    |and_ln658_70_fu_10087_p2      |       and|   0|  0|     2|           1|           1|
    |and_ln658_71_fu_10274_p2      |       and|   0|  0|     2|           1|           1|
    |and_ln658_72_fu_10415_p2      |       and|   0|  0|     2|           1|           1|
    |and_ln658_73_fu_13047_p2      |       and|   0|  0|     2|           1|           1|
    |and_ln658_74_fu_13188_p2      |       and|   0|  0|     2|           1|           1|
    |and_ln658_75_fu_13329_p2      |       and|   0|  0|     2|           1|           1|
    |and_ln658_76_fu_13516_p2      |       and|   0|  0|     2|           1|           1|
    |and_ln658_77_fu_13657_p2      |       and|   0|  0|     2|           1|           1|
    |and_ln658_78_fu_16263_p2      |       and|   0|  0|     2|           1|           1|
    |and_ln658_79_fu_16404_p2      |       and|   0|  0|     2|           1|           1|
    |and_ln658_7_fu_13064_p2       |       and|   0|  0|     2|           1|           1|
    |and_ln658_80_fu_16545_p2      |       and|   0|  0|     2|           1|           1|
    |and_ln658_81_fu_16686_p2      |       and|   0|  0|     2|           1|           1|
    |and_ln658_82_fu_16827_p2      |       and|   0|  0|     2|           1|           1|
    |and_ln658_83_fu_19180_p2      |       and|   0|  0|     2|           1|           1|
    |and_ln658_84_fu_19321_p2      |       and|   0|  0|     2|           1|           1|
    |and_ln658_85_fu_21876_p2      |       and|   0|  0|     2|           1|           1|
    |and_ln658_86_fu_22063_p2      |       and|   0|  0|     2|           1|           1|
    |and_ln658_87_fu_22250_p2      |       and|   0|  0|     2|           1|           1|
    |and_ln658_88_fu_25104_p2      |       and|   0|  0|     2|           1|           1|
    |and_ln658_89_fu_25245_p2      |       and|   0|  0|     2|           1|           1|
    |and_ln658_8_fu_13205_p2       |       and|   0|  0|     2|           1|           1|
    |and_ln658_90_fu_25386_p2      |       and|   0|  0|     2|           1|           1|
    |and_ln658_91_fu_25573_p2      |       and|   0|  0|     2|           1|           1|
    |and_ln658_92_fu_25714_p2      |       and|   0|  0|     2|           1|           1|
    |and_ln658_93_fu_28554_p2      |       and|   0|  0|     2|           1|           1|
    |and_ln658_94_fu_28695_p2      |       and|   0|  0|     2|           1|           1|
    |and_ln658_95_fu_31270_p2      |       and|   0|  0|     2|           1|           1|
    |and_ln658_96_fu_29126_p2      |       and|   0|  0|     2|           1|           1|
    |and_ln658_97_fu_29267_p2      |       and|   0|  0|     2|           1|           1|
    |and_ln658_98_fu_31585_p2      |       and|   0|  0|     2|           1|           1|
    |and_ln658_99_fu_34265_p2      |       and|   0|  0|     2|           1|           1|
    |and_ln658_9_fu_13346_p2       |       and|   0|  0|     2|           1|           1|
    |and_ln658_fu_9395_p2          |       and|   0|  0|     2|           1|           1|
    |and_ln659_100_fu_49068_p2     |       and|   0|  0|     2|           1|           1|
    |and_ln659_101_fu_51447_p2     |       and|   0|  0|     2|           1|           1|
    |and_ln659_102_fu_46764_p2     |       and|   0|  0|     2|           1|           1|
    |and_ln659_103_fu_49079_p2     |       and|   0|  0|     2|           1|           1|
    |and_ln659_104_fu_46905_p2     |       and|   0|  0|     2|           1|           1|
    |and_ln659_105_fu_49165_p2     |       and|   0|  0|     2|           1|           1|
    |and_ln659_106_fu_49381_p2     |       and|   0|  0|     2|           1|           1|
    |and_ln659_107_fu_51565_p2     |       and|   0|  0|     2|           1|           1|
    |and_ln659_108_fu_51781_p2     |       and|   0|  0|     2|           1|           1|
    |and_ln659_109_fu_53873_p2     |       and|   0|  0|     2|           1|           1|
    |and_ln659_10_fu_10110_p2      |       and|   0|  0|     2|           1|           1|
    |and_ln659_110_fu_51922_p2     |       and|   0|  0|     2|           1|           1|
    |and_ln659_111_fu_53959_p2     |       and|   0|  0|     2|           1|           1|
    |and_ln659_112_fu_50002_p2     |       and|   0|  0|     2|           1|           1|
    |and_ln659_113_fu_51933_p2     |       and|   0|  0|     2|           1|           1|
    |and_ln659_114_fu_50143_p2     |       and|   0|  0|     2|           1|           1|
    |and_ln659_115_fu_52019_p2     |       and|   0|  0|     2|           1|           1|
    |and_ln659_116_fu_52235_p2     |       and|   0|  0|     2|           1|           1|
    |and_ln659_117_fu_52247_p2     |       and|   0|  0|     2|           1|           1|
    |and_ln659_118_fu_54249_p2     |       and|   0|  0|     2|           1|           1|
    |and_ln659_119_fu_55735_p2     |       and|   0|  0|     2|           1|           1|
    |and_ln659_11_fu_10122_p2      |       and|   0|  0|     2|           1|           1|
    |and_ln659_120_fu_55951_p2     |       and|   0|  0|     2|           1|           1|
    |and_ln659_121_fu_57179_p2     |       and|   0|  0|     2|           1|           1|
    |and_ln659_122_fu_54634_p2     |       and|   0|  0|     2|           1|           1|
    |and_ln659_123_fu_55962_p2     |       and|   0|  0|     2|           1|           1|
    |and_ln659_124_fu_54775_p2     |       and|   0|  0|     2|           1|           1|
    |and_ln659_125_fu_54787_p2     |       and|   0|  0|     2|           1|           1|
    |and_ln659_126_fu_56220_p2     |       and|   0|  0|     2|           1|           1|
    |and_ln659_127_fu_57297_p2     |       and|   0|  0|     2|           1|           1|
    |and_ln659_128_fu_57513_p2     |       and|   0|  0|     2|           1|           1|
    |and_ln659_129_fu_58118_p2     |       and|   0|  0|     2|           1|           1|
    |and_ln659_12_fu_10297_p2      |       and|   0|  0|     2|           1|           1|
    |and_ln659_130_fu_57654_p2     |       and|   0|  0|     2|           1|           1|
    |and_ln659_131_fu_58204_p2     |       and|   0|  0|     2|           1|           1|
    |and_ln659_13_fu_12768_p2      |       and|   0|  0|     2|           1|           1|
    |and_ln659_14_fu_10438_p2      |       and|   0|  0|     2|           1|           1|
    |and_ln659_15_fu_12854_p2      |       and|   0|  0|     2|           1|           1|
    |and_ln659_16_fu_13070_p2      |       and|   0|  0|     2|           1|           1|
    |and_ln659_17_fu_15770_p2      |       and|   0|  0|     2|           1|           1|
    |and_ln659_18_fu_13211_p2      |       and|   0|  0|     2|           1|           1|
    |and_ln659_19_fu_15856_p2      |       and|   0|  0|     2|           1|           1|
    |and_ln659_20_fu_13352_p2      |       and|   0|  0|     2|           1|           1|
    |and_ln659_21_fu_13364_p2      |       and|   0|  0|     2|           1|           1|
    |and_ln659_22_fu_13539_p2      |       and|   0|  0|     2|           1|           1|
    |and_ln659_23_fu_15984_p2      |       and|   0|  0|     2|           1|           1|
    |and_ln659_24_fu_13680_p2      |       and|   0|  0|     2|           1|           1|
    |and_ln659_25_fu_16070_p2      |       and|   0|  0|     2|           1|           1|
    |and_ln659_26_fu_16286_p2      |       and|   0|  0|     2|           1|           1|
    |and_ln659_27_fu_18643_p2      |       and|   0|  0|     2|           1|           1|
    |and_ln659_28_fu_16427_p2      |       and|   0|  0|     2|           1|           1|
    |and_ln659_29_fu_18729_p2      |       and|   0|  0|     2|           1|           1|
    |and_ln659_2_fu_9401_p2        |       and|   0|  0|     2|           1|           1|
    |and_ln659_30_fu_16568_p2      |       and|   0|  0|     2|           1|           1|
    |and_ln659_31_fu_18815_p2      |       and|   0|  0|     2|           1|           1|
    |and_ln659_32_fu_16709_p2      |       and|   0|  0|     2|           1|           1|
    |and_ln659_33_fu_18901_p2      |       and|   0|  0|     2|           1|           1|
    |and_ln659_34_fu_16850_p2      |       and|   0|  0|     2|           1|           1|
    |and_ln659_35_fu_18987_p2      |       and|   0|  0|     2|           1|           1|
    |and_ln659_36_fu_19203_p2      |       and|   0|  0|     2|           1|           1|
    |and_ln659_37_fu_21597_p2      |       and|   0|  0|     2|           1|           1|
    |and_ln659_38_fu_19344_p2      |       and|   0|  0|     2|           1|           1|
    |and_ln659_39_fu_21683_p2      |       and|   0|  0|     2|           1|           1|
    |and_ln659_3_fu_9412_p2        |       and|   0|  0|     2|           1|           1|
    |and_ln659_40_fu_21899_p2      |       and|   0|  0|     2|           1|           1|
    |and_ln659_41_fu_21911_p2      |       and|   0|  0|     2|           1|           1|
    |and_ln659_42_fu_22086_p2      |       and|   0|  0|     2|           1|           1|
    |and_ln659_43_fu_22098_p2      |       and|   0|  0|     2|           1|           1|
    |and_ln659_44_fu_22273_p2      |       and|   0|  0|     2|           1|           1|
    |and_ln659_45_fu_24911_p2      |       and|   0|  0|     2|           1|           1|
    |and_ln659_46_fu_25127_p2      |       and|   0|  0|     2|           1|           1|
    |and_ln659_47_fu_28061_p2      |       and|   0|  0|     2|           1|           1|
    |and_ln659_48_fu_25268_p2      |       and|   0|  0|     2|           1|           1|
    |and_ln659_49_fu_28147_p2      |       and|   0|  0|     2|           1|           1|
    |and_ln659_4_fu_9596_p2        |       and|   0|  0|     2|           1|           1|
    |and_ln659_50_fu_25409_p2      |       and|   0|  0|     2|           1|           1|
    |and_ln659_51_fu_25421_p2      |       and|   0|  0|     2|           1|           1|
    |and_ln659_52_fu_25596_p2      |       and|   0|  0|     2|           1|           1|
    |and_ln659_53_fu_28275_p2      |       and|   0|  0|     2|           1|           1|
    |and_ln659_54_fu_25737_p2      |       and|   0|  0|     2|           1|           1|
    |and_ln659_55_fu_28361_p2      |       and|   0|  0|     2|           1|           1|
    |and_ln659_56_fu_28577_p2      |       and|   0|  0|     2|           1|           1|
    |and_ln659_57_fu_31035_p2      |       and|   0|  0|     2|           1|           1|
    |and_ln659_58_fu_28718_p2      |       and|   0|  0|     2|           1|           1|
    |and_ln659_59_fu_28730_p2      |       and|   0|  0|     2|           1|           1|
    |and_ln659_5_fu_9607_p2        |       and|   0|  0|     2|           1|           1|
    |and_ln659_60_fu_31293_p2      |       and|   0|  0|     2|           1|           1|
    |and_ln659_61_fu_31305_p2      |       and|   0|  0|     2|           1|           1|
    |and_ln659_62_fu_29149_p2      |       and|   0|  0|     2|           1|           1|
    |and_ln659_63_fu_31350_p2      |       and|   0|  0|     2|           1|           1|
    |and_ln659_64_fu_29290_p2      |       and|   0|  0|     2|           1|           1|
    |and_ln659_65_fu_29302_p2      |       and|   0|  0|     2|           1|           1|
    |and_ln659_66_fu_31608_p2      |       and|   0|  0|     2|           1|           1|
    |and_ln659_67_fu_34072_p2      |       and|   0|  0|     2|           1|           1|
    |and_ln659_68_fu_34288_p2      |       and|   0|  0|     2|           1|           1|
    |and_ln659_69_fu_34300_p2      |       and|   0|  0|     2|           1|           1|
    |and_ln659_6_fu_9828_p2        |       and|   0|  0|     2|           1|           1|
    |and_ln659_70_fu_34475_p2      |       and|   0|  0|     2|           1|           1|
    |and_ln659_71_fu_37156_p2      |       and|   0|  0|     2|           1|           1|
    |and_ln659_72_fu_34616_p2      |       and|   0|  0|     2|           1|           1|
    |and_ln659_73_fu_37242_p2      |       and|   0|  0|     2|           1|           1|
    |and_ln659_74_fu_34757_p2      |       and|   0|  0|     2|           1|           1|
    |and_ln659_75_fu_37328_p2      |       and|   0|  0|     2|           1|           1|
    |and_ln659_76_fu_37544_p2      |       and|   0|  0|     2|           1|           1|
    |and_ln659_77_fu_40254_p2      |       and|   0|  0|     2|           1|           1|
    |and_ln659_78_fu_37685_p2      |       and|   0|  0|     2|           1|           1|
    |and_ln659_79_fu_40340_p2      |       and|   0|  0|     2|           1|           1|
    |and_ln659_7_fu_12554_p2       |       and|   0|  0|     2|           1|           1|
    |and_ln659_80_fu_40556_p2      |       and|   0|  0|     2|           1|           1|
    |and_ln659_81_fu_43105_p2      |       and|   0|  0|     2|           1|           1|
    |and_ln659_82_fu_38070_p2      |       and|   0|  0|     2|           1|           1|
    |and_ln659_83_fu_40567_p2      |       and|   0|  0|     2|           1|           1|
    |and_ln659_84_fu_38211_p2      |       and|   0|  0|     2|           1|           1|
    |and_ln659_85_fu_40653_p2      |       and|   0|  0|     2|           1|           1|
    |and_ln659_86_fu_40869_p2      |       and|   0|  0|     2|           1|           1|
    |and_ln659_87_fu_43223_p2      |       and|   0|  0|     2|           1|           1|
    |and_ln659_88_fu_43439_p2      |       and|   0|  0|     2|           1|           1|
    |and_ln659_89_fu_45959_p2      |       and|   0|  0|     2|           1|           1|
    |and_ln659_8_fu_9969_p2        |       and|   0|  0|     2|           1|           1|
    |and_ln659_90_fu_43580_p2      |       and|   0|  0|     2|           1|           1|
    |and_ln659_91_fu_46045_p2      |       and|   0|  0|     2|           1|           1|
    |and_ln659_92_fu_41498_p2      |       and|   0|  0|     2|           1|           1|
    |and_ln659_93_fu_43591_p2      |       and|   0|  0|     2|           1|           1|
    |and_ln659_94_fu_41639_p2      |       and|   0|  0|     2|           1|           1|
    |and_ln659_95_fu_43677_p2      |       and|   0|  0|     2|           1|           1|
    |and_ln659_96_fu_43893_p2      |       and|   0|  0|     2|           1|           1|
    |and_ln659_97_fu_46163_p2      |       and|   0|  0|     2|           1|           1|
    |and_ln659_98_fu_46379_p2      |       and|   0|  0|     2|           1|           1|
    |and_ln659_99_fu_48852_p2      |       and|   0|  0|     2|           1|           1|
    |and_ln659_9_fu_12640_p2       |       and|   0|  0|     2|           1|           1|
    |and_ln659_fu_2834_p2          |       and|   0|  0|     2|           1|           1|
    |and_ln746_fu_59659_p2         |       and|   0|  0|    40|          40|          40|
    |and_ln785_10_fu_27519_p2      |       and|   0|  0|     2|           1|           1|
    |and_ln785_11_fu_27537_p2      |       and|   0|  0|     2|           1|           1|
    |and_ln785_12_fu_30556_p2      |       and|   0|  0|     2|           1|           1|
    |and_ln785_13_fu_30574_p2      |       and|   0|  0|     2|           1|           1|
    |and_ln785_14_fu_30597_p2      |       and|   0|  0|     2|           1|           1|
    |and_ln785_15_fu_30639_p2      |       and|   0|  0|     2|           1|           1|
    |and_ln785_16_fu_30681_p2      |       and|   0|  0|     2|           1|           1|
    |and_ln785_17_fu_33529_p2      |       and|   0|  0|     2|           1|           1|
    |and_ln785_18_fu_33571_p2      |       and|   0|  0|     2|           1|           1|
    |and_ln785_19_fu_36568_p2      |       and|   0|  0|     2|           1|           1|
    |and_ln785_1_fu_18375_p2       |       and|   0|  0|     2|           1|           1|
    |and_ln785_20_fu_33766_p2      |       and|   0|  0|     2|           1|           1|
    |and_ln785_21_fu_33871_p2      |       and|   0|  0|     2|           1|           1|
    |and_ln785_22_fu_36665_p2      |       and|   0|  0|     2|           1|           1|
    |and_ln785_23_fu_39715_p2      |       and|   0|  0|     2|           1|           1|
    |and_ln785_24_fu_39738_p2      |       and|   0|  0|     2|           1|           1|
    |and_ln785_25_fu_39775_p2      |       and|   0|  0|     2|           1|           1|
    |and_ln785_26_fu_39793_p2      |       and|   0|  0|     2|           1|           1|
    |and_ln785_27_fu_42690_p2      |       and|   0|  0|     2|           1|           1|
    |and_ln785_28_fu_42713_p2      |       and|   0|  0|     2|           1|           1|
    |and_ln785_29_fu_45446_p2      |       and|   0|  0|     2|           1|           1|
    |and_ln785_2_fu_21091_p2       |       and|   0|  0|     2|           1|           1|
    |and_ln785_30_fu_42842_p2      |       and|   0|  0|     2|           1|           1|
    |and_ln785_31_fu_42884_p2      |       and|   0|  0|     2|           1|           1|
    |and_ln785_32_fu_45469_p2      |       and|   0|  0|     2|           1|           1|
    |and_ln785_33_fu_48313_p2      |       and|   0|  0|     2|           1|           1|
    |and_ln785_34_fu_48336_p2      |       and|   0|  0|     2|           1|           1|
    |and_ln785_35_fu_45749_p2      |       and|   0|  0|     2|           1|           1|
    |and_ln785_36_fu_45854_p2      |       and|   0|  0|     2|           1|           1|
    |and_ln785_37_fu_48452_p2      |       and|   0|  0|     2|           1|           1|
    |and_ln785_38_fu_50977_p2      |       and|   0|  0|     2|           1|           1|
    |and_ln785_39_fu_53419_p2      |       and|   0|  0|     2|           1|           1|
    |and_ln785_3_fu_21136_p2       |       and|   0|  0|     2|           1|           1|
    |and_ln785_40_fu_51101_p2      |       and|   0|  0|     2|           1|           1|
    |and_ln785_41_fu_51119_p2      |       and|   0|  0|     2|           1|           1|
    |and_ln785_42_fu_53437_p2      |       and|   0|  0|     2|           1|           1|
    |and_ln785_43_fu_55281_p2      |       and|   0|  0|     2|           1|           1|
    |and_ln785_44_fu_55304_p2      |       and|   0|  0|     2|           1|           1|
    |and_ln785_45_fu_53632_p2      |       and|   0|  0|     2|           1|           1|
    |and_ln785_46_fu_53674_p2      |       and|   0|  0|     2|           1|           1|
    |and_ln785_47_fu_55346_p2      |       and|   0|  0|     2|           1|           1|
    |and_ln785_48_fu_56723_p2      |       and|   0|  0|     2|           1|           1|
    |and_ln785_49_fu_57664_p2      |       and|   0|  0|     2|           1|           1|
    |and_ln785_4_fu_21181_p2       |       and|   0|  0|     2|           1|           1|
    |and_ln785_50_fu_56847_p2      |       and|   0|  0|     2|           1|           1|
    |and_ln785_51_fu_56865_p2      |       and|   0|  0|     2|           1|           1|
    |and_ln785_52_fu_57682_p2      |       and|   0|  0|     2|           1|           1|
    |and_ln785_53_fu_58289_p2      |       and|   0|  0|     2|           1|           1|
    |and_ln785_54_fu_58312_p2      |       and|   0|  0|     2|           1|           1|
    |and_ln785_55_fu_57877_p2      |       and|   0|  0|     2|           1|           1|
    |and_ln785_56_fu_57919_p2      |       and|   0|  0|     2|           1|           1|
    |and_ln785_57_fu_58354_p2      |       and|   0|  0|     2|           1|           1|
    |and_ln785_58_fu_58695_p2      |       and|   0|  0|     2|           1|           1|
    |and_ln785_59_fu_59062_p2      |       and|   0|  0|     2|           1|           1|
    |and_ln785_5_fu_21289_p2       |       and|   0|  0|     2|           1|           1|
    |and_ln785_60_fu_58824_p2      |       and|   0|  0|     2|           1|           1|
    |and_ln785_61_fu_58882_p2      |       and|   0|  0|     2|           1|           1|
    |and_ln785_62_fu_59085_p2      |       and|   0|  0|     2|           1|           1|
    |and_ln785_63_fu_59362_p2      |       and|   0|  0|     2|           1|           1|
    |and_ln785_64_fu_59420_p2      |       and|   0|  0|     2|           1|           1|
    |and_ln785_65_fu_59293_p2      |       and|   0|  0|     2|           1|           1|
    |and_ln785_66_fu_59480_p2      |       and|   0|  0|     2|           1|           1|
    |and_ln785_67_fu_59545_p2      |       and|   0|  0|     2|           1|           1|
    |and_ln785_68_fu_59608_p2      |       and|   0|  0|     2|           1|           1|
    |and_ln785_6_fu_21394_p2       |       and|   0|  0|     2|           1|           1|
    |and_ln785_7_fu_24350_p2       |       and|   0|  0|     2|           1|           1|
    |and_ln785_8_fu_24455_p2       |       and|   0|  0|     2|           1|           1|
    |and_ln785_9_fu_27501_p2       |       and|   0|  0|     2|           1|           1|
    |and_ln785_fu_18330_p2         |       and|   0|  0|     2|           1|           1|
    |and_ln786_100_fu_45755_p2     |       and|   0|  0|     2|           1|           1|
    |and_ln786_101_fu_45860_p2     |       and|   0|  0|     2|           1|           1|
    |and_ln786_102_fu_48458_p2     |       and|   0|  0|     2|           1|           1|
    |and_ln786_103_fu_50983_p2     |       and|   0|  0|     2|           1|           1|
    |and_ln786_104_fu_51079_p2     |       and|   0|  0|     2|           1|           1|
    |and_ln786_105_fu_48672_p2     |       and|   0|  0|     2|           1|           1|
    |and_ln786_106_fu_48773_p2     |       and|   0|  0|     2|           1|           1|
    |and_ln786_107_fu_51216_p2     |       and|   0|  0|     2|           1|           1|
    |and_ln786_108_fu_53520_p2     |       and|   0|  0|     2|           1|           1|
    |and_ln786_109_fu_55310_p2     |       and|   0|  0|     2|           1|           1|
    |and_ln786_10_fu_24667_p2      |       and|   0|  0|     2|           1|           1|
    |and_ln786_110_fu_53638_p2     |       and|   0|  0|     2|           1|           1|
    |and_ln786_111_fu_53680_p2     |       and|   0|  0|     2|           1|           1|
    |and_ln786_112_fu_55352_p2     |       and|   0|  0|     2|           1|           1|
    |and_ln786_113_fu_56729_p2     |       and|   0|  0|     2|           1|           1|
    |and_ln786_114_fu_56825_p2     |       and|   0|  0|     2|           1|           1|
    |and_ln786_115_fu_55555_p2     |       and|   0|  0|     2|           1|           1|
    |and_ln786_116_fu_55642_p2     |       and|   0|  0|     2|           1|           1|
    |and_ln786_117_fu_56948_p2     |       and|   0|  0|     2|           1|           1|
    |and_ln786_118_fu_57765_p2     |       and|   0|  0|     2|           1|           1|
    |and_ln786_119_fu_58318_p2     |       and|   0|  0|     2|           1|           1|
    |and_ln786_11_fu_24768_p2      |       and|   0|  0|     2|           1|           1|
    |and_ln786_120_fu_57883_p2     |       and|   0|  0|     2|           1|           1|
    |and_ln786_121_fu_57925_p2     |       and|   0|  0|     2|           1|           1|
    |and_ln786_122_fu_58360_p2     |       and|   0|  0|     2|           1|           1|
    |and_ln786_123_fu_58701_p2     |       and|   0|  0|     2|           1|           1|
    |and_ln786_124_fu_58797_p2     |       and|   0|  0|     2|           1|           1|
    |and_ln786_125_fu_58557_p2     |       and|   0|  0|     2|           1|           1|
    |and_ln786_126_fu_58626_p2     |       and|   0|  0|     2|           1|           1|
    |and_ln786_127_fu_58994_p2     |       and|   0|  0|     2|           1|           1|
    |and_ln786_128_fu_59197_p2     |       and|   0|  0|     2|           1|           1|
    |and_ln786_129_fu_59426_p2     |       and|   0|  0|     2|           1|           1|
    |and_ln786_12_fu_27646_p2      |       and|   0|  0|     2|           1|           1|
    |and_ln786_130_fu_59783_p2     |       and|   0|  0|     2|           1|           1|
    |and_ln786_13_fu_27747_p2      |       and|   0|  0|     2|           1|           1|
    |and_ln786_14_fu_30613_p2      |       and|   0|  0|     2|           1|           1|
    |and_ln786_15_fu_30655_p2      |       and|   0|  0|     2|           1|           1|
    |and_ln786_16_fu_30697_p2      |       and|   0|  0|     2|           1|           1|
    |and_ln786_17_fu_33545_p2      |       and|   0|  0|     2|           1|           1|
    |and_ln786_18_fu_33587_p2      |       and|   0|  0|     2|           1|           1|
    |and_ln786_19_fu_33685_p2      |       and|   0|  0|     2|           1|           1|
    |and_ln786_1_fu_18391_p2       |       and|   0|  0|     2|           1|           1|
    |and_ln786_20_fu_33784_p2      |       and|   0|  0|     2|           1|           1|
    |and_ln786_21_fu_33889_p2      |       and|   0|  0|     2|           1|           1|
    |and_ln786_22_fu_36683_p2      |       and|   0|  0|     2|           1|           1|
    |and_ln786_23_fu_36776_p2      |       and|   0|  0|     2|           1|           1|
    |and_ln786_24_fu_39754_p2      |       and|   0|  0|     2|           1|           1|
    |and_ln786_25_fu_36962_p2      |       and|   0|  0|     2|           1|           1|
    |and_ln786_26_fu_37063_p2      |       and|   0|  0|     2|           1|           1|
    |and_ln786_27_fu_39902_p2      |       and|   0|  0|     2|           1|           1|
    |and_ln786_28_fu_42729_p2      |       and|   0|  0|     2|           1|           1|
    |and_ln786_29_fu_42827_p2      |       and|   0|  0|     2|           1|           1|
    |and_ln786_2_fu_21107_p2       |       and|   0|  0|     2|           1|           1|
    |and_ln786_30_fu_42858_p2      |       and|   0|  0|     2|           1|           1|
    |and_ln786_31_fu_42900_p2      |       and|   0|  0|     2|           1|           1|
    |and_ln786_32_fu_45485_p2      |       and|   0|  0|     2|           1|           1|
    |and_ln786_33_fu_45583_p2      |       and|   0|  0|     2|           1|           1|
    |and_ln786_34_fu_48352_p2      |       and|   0|  0|     2|           1|           1|
    |and_ln786_35_fu_45767_p2      |       and|   0|  0|     2|           1|           1|
    |and_ln786_36_fu_45872_p2      |       and|   0|  0|     2|           1|           1|
    |and_ln786_37_fu_48470_p2      |       and|   0|  0|     2|           1|           1|
    |and_ln786_38_fu_50993_p2      |       and|   0|  0|     2|           1|           1|
    |and_ln786_39_fu_51091_p2      |       and|   0|  0|     2|           1|           1|
    |and_ln786_3_fu_21152_p2       |       and|   0|  0|     2|           1|           1|
    |and_ln786_40_fu_48684_p2      |       and|   0|  0|     2|           1|           1|
    |and_ln786_41_fu_48785_p2      |       and|   0|  0|     2|           1|           1|
    |and_ln786_42_fu_51228_p2      |       and|   0|  0|     2|           1|           1|
    |and_ln786_43_fu_53532_p2      |       and|   0|  0|     2|           1|           1|
    |and_ln786_44_fu_55320_p2      |       and|   0|  0|     2|           1|           1|
    |and_ln786_45_fu_53648_p2      |       and|   0|  0|     2|           1|           1|
    |and_ln786_46_fu_53690_p2      |       and|   0|  0|     2|           1|           1|
    |and_ln786_47_fu_55362_p2      |       and|   0|  0|     2|           1|           1|
    |and_ln786_48_fu_56739_p2      |       and|   0|  0|     2|           1|           1|
    |and_ln786_49_fu_56837_p2      |       and|   0|  0|     2|           1|           1|
    |and_ln786_4_fu_21197_p2       |       and|   0|  0|     2|           1|           1|
    |and_ln786_50_fu_55567_p2      |       and|   0|  0|     2|           1|           1|
    |and_ln786_51_fu_55654_p2      |       and|   0|  0|     2|           1|           1|
    |and_ln786_52_fu_56960_p2      |       and|   0|  0|     2|           1|           1|
    |and_ln786_53_fu_57777_p2      |       and|   0|  0|     2|           1|           1|
    |and_ln786_54_fu_58328_p2      |       and|   0|  0|     2|           1|           1|
    |and_ln786_55_fu_57893_p2      |       and|   0|  0|     2|           1|           1|
    |and_ln786_56_fu_57935_p2      |       and|   0|  0|     2|           1|           1|
    |and_ln786_57_fu_58370_p2      |       and|   0|  0|     2|           1|           1|
    |and_ln786_58_fu_58711_p2      |       and|   0|  0|     2|           1|           1|
    |and_ln786_59_fu_58809_p2      |       and|   0|  0|     2|           1|           1|
    |and_ln786_5_fu_21307_p2       |       and|   0|  0|     2|           1|           1|
    |and_ln786_60_fu_58835_p2      |       and|   0|  0|     2|           1|           1|
    |and_ln786_61_fu_58893_p2      |       and|   0|  0|     2|           1|           1|
    |and_ln786_62_fu_59096_p2      |       and|   0|  0|     2|           1|           1|
    |and_ln786_63_fu_59373_p2      |       and|   0|  0|     2|           1|           1|
    |and_ln786_64_fu_59436_p2      |       and|   0|  0|     2|           1|           1|
    |and_ln786_65_fu_18336_p2      |       and|   0|  0|     2|           1|           1|
    |and_ln786_66_fu_18381_p2      |       and|   0|  0|     2|           1|           1|
    |and_ln786_67_fu_21097_p2      |       and|   0|  0|     2|           1|           1|
    |and_ln786_68_fu_21142_p2      |       and|   0|  0|     2|           1|           1|
    |and_ln786_69_fu_21187_p2      |       and|   0|  0|     2|           1|           1|
    |and_ln786_6_fu_21412_p2       |       and|   0|  0|     2|           1|           1|
    |and_ln786_70_fu_21295_p2      |       and|   0|  0|     2|           1|           1|
    |and_ln786_71_fu_21400_p2      |       and|   0|  0|     2|           1|           1|
    |and_ln786_72_fu_24356_p2      |       and|   0|  0|     2|           1|           1|
    |and_ln786_73_fu_24461_p2      |       and|   0|  0|     2|           1|           1|
    |and_ln786_74_fu_24554_p2      |       and|   0|  0|     2|           1|           1|
    |and_ln786_75_fu_24655_p2      |       and|   0|  0|     2|           1|           1|
    |and_ln786_76_fu_24756_p2      |       and|   0|  0|     2|           1|           1|
    |and_ln786_77_fu_27634_p2      |       and|   0|  0|     2|           1|           1|
    |and_ln786_78_fu_27735_p2      |       and|   0|  0|     2|           1|           1|
    |and_ln786_79_fu_30603_p2      |       and|   0|  0|     2|           1|           1|
    |and_ln786_7_fu_24368_p2       |       and|   0|  0|     2|           1|           1|
    |and_ln786_80_fu_30645_p2      |       and|   0|  0|     2|           1|           1|
    |and_ln786_81_fu_30687_p2      |       and|   0|  0|     2|           1|           1|
    |and_ln786_82_fu_33535_p2      |       and|   0|  0|     2|           1|           1|
    |and_ln786_83_fu_33577_p2      |       and|   0|  0|     2|           1|           1|
    |and_ln786_84_fu_33673_p2      |       and|   0|  0|     2|           1|           1|
    |and_ln786_85_fu_33772_p2      |       and|   0|  0|     2|           1|           1|
    |and_ln786_86_fu_33877_p2      |       and|   0|  0|     2|           1|           1|
    |and_ln786_87_fu_36671_p2      |       and|   0|  0|     2|           1|           1|
    |and_ln786_88_fu_36764_p2      |       and|   0|  0|     2|           1|           1|
    |and_ln786_89_fu_39744_p2      |       and|   0|  0|     2|           1|           1|
    |and_ln786_8_fu_24473_p2       |       and|   0|  0|     2|           1|           1|
    |and_ln786_90_fu_36950_p2      |       and|   0|  0|     2|           1|           1|
    |and_ln786_91_fu_37051_p2      |       and|   0|  0|     2|           1|           1|
    |and_ln786_92_fu_39890_p2      |       and|   0|  0|     2|           1|           1|
    |and_ln786_93_fu_42719_p2      |       and|   0|  0|     2|           1|           1|
    |and_ln786_94_fu_42815_p2      |       and|   0|  0|     2|           1|           1|
    |and_ln786_95_fu_42848_p2      |       and|   0|  0|     2|           1|           1|
    |and_ln786_96_fu_42890_p2      |       and|   0|  0|     2|           1|           1|
    |and_ln786_97_fu_45475_p2      |       and|   0|  0|     2|           1|           1|
    |and_ln786_98_fu_45571_p2      |       and|   0|  0|     2|           1|           1|
    |and_ln786_99_fu_48342_p2      |       and|   0|  0|     2|           1|           1|
    |and_ln786_9_fu_24566_p2       |       and|   0|  0|     2|           1|           1|
    |and_ln786_fu_18346_p2         |       and|   0|  0|     2|           1|           1|
    |and_ln949_1_fu_60070_p2       |       and|   0|  0|     2|           1|           1|
    |and_ln949_fu_60041_p2         |       and|   0|  0|    40|          40|          40|
    |neg_src_1_fu_2812_p2          |       and|   0|  0|     2|           1|           1|
    |overflow_1_fu_59777_p2        |       and|   0|  0|     2|           1|           1|
    |overflow_2_fu_59889_p2        |       and|   0|  0|     2|           1|           1|
    |overflow_fu_2829_p2           |       and|   0|  0|     2|           1|           1|
    |underflow_1_fu_59795_p2       |       and|   0|  0|     2|           1|           1|
    |underflow_fu_2844_p2          |       and|   0|  0|     2|           1|           1|
    |ashr_ln586_10_fu_8449_p2      |      ashr|   0|  0|   161|          54|          54|
    |ashr_ln586_11_fu_8552_p2      |      ashr|   0|  0|   161|          54|          54|
    |ashr_ln586_12_fu_8655_p2      |      ashr|   0|  0|   161|          54|          54|
    |ashr_ln586_13_fu_11686_p2     |      ashr|   0|  0|   161|          54|          54|
    |ashr_ln586_14_fu_11789_p2     |      ashr|   0|  0|   161|          54|          54|
    |ashr_ln586_15_fu_11892_p2     |      ashr|   0|  0|   161|          54|          54|
    |ashr_ln586_16_fu_11995_p2     |      ashr|   0|  0|   161|          54|          54|
    |ashr_ln586_17_fu_12098_p2     |      ashr|   0|  0|   161|          54|          54|
    |ashr_ln586_18_fu_14928_p2     |      ashr|   0|  0|   161|          54|          54|
    |ashr_ln586_19_fu_15031_p2     |      ashr|   0|  0|   161|          54|          54|
    |ashr_ln586_1_fu_5077_p2       |      ashr|   0|  0|   161|          54|          54|
    |ashr_ln586_20_fu_17366_p2     |      ashr|   0|  0|   161|          54|          54|
    |ashr_ln586_21_fu_17469_p2     |      ashr|   0|  0|   161|          54|          54|
    |ashr_ln586_22_fu_17572_p2     |      ashr|   0|  0|   161|          54|          54|
    |ashr_ln586_23_fu_20104_p2     |      ashr|   0|  0|   161|          54|          54|
    |ashr_ln586_24_fu_20207_p2     |      ashr|   0|  0|   161|          54|          54|
    |ashr_ln586_25_fu_20310_p2     |      ashr|   0|  0|   161|          54|          54|
    |ashr_ln586_26_fu_20413_p2     |      ashr|   0|  0|   161|          54|          54|
    |ashr_ln586_27_fu_20516_p2     |      ashr|   0|  0|   161|          54|          54|
    |ashr_ln586_28_fu_23513_p2     |      ashr|   0|  0|   161|          54|          54|
    |ashr_ln586_29_fu_23616_p2     |      ashr|   0|  0|   161|          54|          54|
    |ashr_ln586_2_fu_5227_p2       |      ashr|   0|  0|   161|          54|          54|
    |ashr_ln586_30_fu_26253_p2     |      ashr|   0|  0|   161|          54|          54|
    |ashr_ln586_31_fu_23814_p2     |      ashr|   0|  0|   161|          54|          54|
    |ashr_ln586_32_fu_23917_p2     |      ashr|   0|  0|   161|          54|          54|
    |ashr_ln586_33_fu_26844_p2     |      ashr|   0|  0|   161|          54|          54|
    |ashr_ln586_34_fu_29608_p2     |      ashr|   0|  0|   161|          54|          54|
    |ashr_ln586_35_fu_29711_p2     |      ashr|   0|  0|   161|          54|          54|
    |ashr_ln586_36_fu_29814_p2     |      ashr|   0|  0|   161|          54|          54|
    |ashr_ln586_37_fu_29917_p2     |      ashr|   0|  0|   161|          54|          54|
    |ashr_ln586_38_fu_32612_p2     |      ashr|   0|  0|   161|          54|          54|
    |ashr_ln586_39_fu_32715_p2     |      ashr|   0|  0|   161|          54|          54|
    |ashr_ln586_3_fu_5377_p2       |      ashr|   0|  0|   161|          54|          54|
    |ashr_ln586_40_fu_35273_p2     |      ashr|   0|  0|   161|          54|          54|
    |ashr_ln586_41_fu_32913_p2     |      ashr|   0|  0|   161|          54|          54|
    |ashr_ln586_42_fu_33016_p2     |      ashr|   0|  0|   161|          54|          54|
    |ashr_ln586_43_fu_35864_p2     |      ashr|   0|  0|   161|          54|          54|
    |ashr_ln586_44_fu_38483_p2     |      ashr|   0|  0|   161|          54|          54|
    |ashr_ln586_45_fu_38586_p2     |      ashr|   0|  0|   161|          54|          54|
    |ashr_ln586_46_fu_36157_p2     |      ashr|   0|  0|   161|          54|          54|
    |ashr_ln586_47_fu_36260_p2     |      ashr|   0|  0|   161|          54|          54|
    |ashr_ln586_48_fu_39177_p2     |      ashr|   0|  0|   161|          54|          54|
    |ashr_ln586_49_fu_41911_p2     |      ashr|   0|  0|   161|          54|          54|
    |ashr_ln586_4_fu_5480_p2       |      ashr|   0|  0|   161|          54|          54|
    |ashr_ln586_50_fu_44165_p2     |      ashr|   0|  0|   161|          54|          54|
    |ashr_ln586_51_fu_42109_p2     |      ashr|   0|  0|   161|          54|          54|
    |ashr_ln586_52_fu_42212_p2     |      ashr|   0|  0|   161|          54|          54|
    |ashr_ln586_53_fu_44756_p2     |      ashr|   0|  0|   161|          54|          54|
    |ashr_ln586_54_fu_47177_p2     |      ashr|   0|  0|   161|          54|          54|
    |ashr_ln586_55_fu_47280_p2     |      ashr|   0|  0|   161|          54|          54|
    |ashr_ln586_56_fu_45055_p2     |      ashr|   0|  0|   161|          54|          54|
    |ashr_ln586_57_fu_45158_p2     |      ashr|   0|  0|   161|          54|          54|
    |ashr_ln586_58_fu_47871_p2     |      ashr|   0|  0|   161|          54|          54|
    |ashr_ln586_59_fu_50415_p2     |      ashr|   0|  0|   161|          54|          54|
    |ashr_ln586_5_fu_5583_p2       |      ashr|   0|  0|   161|          54|          54|
    |ashr_ln586_60_fu_52553_p2     |      ashr|   0|  0|   161|          54|          54|
    |ashr_ln586_61_fu_50613_p2     |      ashr|   0|  0|   161|          54|          54|
    |ashr_ln586_62_fu_50716_p2     |      ashr|   0|  0|   161|          54|          54|
    |ashr_ln586_63_fu_53144_p2     |      ashr|   0|  0|   161|          54|          54|
    |ashr_ln586_64_fu_55093_p2     |      ashr|   0|  0|   161|          54|          54|
    |ashr_ln586_65_fu_55196_p2     |      ashr|   0|  0|   161|          54|          54|
    |ashr_ln586_6_fu_5686_p2       |      ashr|   0|  0|   161|          54|          54|
    |ashr_ln586_7_fu_5789_p2       |      ashr|   0|  0|   161|          54|          54|
    |ashr_ln586_8_fu_8243_p2       |      ashr|   0|  0|   161|          54|          54|
    |ashr_ln586_9_fu_8346_p2       |      ashr|   0|  0|   161|          54|          54|
    |ashr_ln586_fu_2581_p2         |      ashr|   0|  0|   161|          54|          54|
    |Range2_all_ones_fu_2696_p2    |      icmp|   0|  0|    25|          54|          54|
    |empty_36_fu_2202_p2           |      icmp|   0|  0|    10|           7|           3|
    |icmp_ln1497_fu_59689_p2       |      icmp|   0|  0|    21|          40|          29|
    |icmp_ln213_fu_2161_p2         |      icmp|   0|  0|    10|           7|           7|
    |icmp_ln217_fu_2274_p2         |      icmp|   0|  0|    18|          32|          32|
    |icmp_ln224_fu_2279_p2         |      icmp|   0|  0|    10|           7|           1|
    |icmp_ln233_fu_3651_p2         |      icmp|   0|  0|     9|           3|           4|
    |icmp_ln571_10_fu_4927_p2      |      icmp|   0|  0|    28|          63|           1|
    |icmp_ln571_11_fu_4963_p2      |      icmp|   0|  0|    28|          63|           1|
    |icmp_ln571_12_fu_4999_p2      |      icmp|   0|  0|    28|          63|           1|
    |icmp_ln571_13_fu_6375_p2      |      icmp|   0|  0|    28|          63|           1|
    |icmp_ln571_14_fu_6411_p2      |      icmp|   0|  0|    28|          63|           1|
    |icmp_ln571_15_fu_6447_p2      |      icmp|   0|  0|    28|          63|           1|
    |icmp_ln571_16_fu_6483_p2      |      icmp|   0|  0|    28|          63|           1|
    |icmp_ln571_17_fu_6519_p2      |      icmp|   0|  0|    28|          63|           1|
    |icmp_ln571_18_fu_9241_p2      |      icmp|   0|  0|    28|          63|           1|
    |icmp_ln571_19_fu_9277_p2      |      icmp|   0|  0|    28|          63|           1|
    |icmp_ln571_1_fu_3896_p2       |      icmp|   0|  0|    28|          63|           1|
    |icmp_ln571_20_fu_12399_p2     |      icmp|   0|  0|    28|          63|           1|
    |icmp_ln571_21_fu_12435_p2     |      icmp|   0|  0|    28|          63|           1|
    |icmp_ln571_22_fu_12471_p2     |      icmp|   0|  0|    28|          63|           1|
    |icmp_ln571_23_fu_15427_p2     |      icmp|   0|  0|    28|          63|           1|
    |icmp_ln571_24_fu_15463_p2     |      icmp|   0|  0|    28|          63|           1|
    |icmp_ln571_25_fu_15499_p2     |      icmp|   0|  0|    28|          63|           1|
    |icmp_ln571_26_fu_15535_p2     |      icmp|   0|  0|    28|          63|           1|
    |icmp_ln571_27_fu_15571_p2     |      icmp|   0|  0|    28|          63|           1|
    |icmp_ln571_28_fu_18164_p2     |      icmp|   0|  0|    28|          63|           1|
    |icmp_ln571_29_fu_18200_p2     |      icmp|   0|  0|    28|          63|           1|
    |icmp_ln571_2_fu_3932_p2       |      icmp|   0|  0|    28|          63|           1|
    |icmp_ln571_30_fu_20817_p2     |      icmp|   0|  0|    28|          63|           1|
    |icmp_ln571_31_fu_18236_p2     |      icmp|   0|  0|    28|          63|           1|
    |icmp_ln571_32_fu_18272_p2     |      icmp|   0|  0|    28|          63|           1|
    |icmp_ln571_33_fu_21043_p2     |      icmp|   0|  0|    28|          63|           1|
    |icmp_ln571_34_fu_24123_p2     |      icmp|   0|  0|    28|          63|           1|
    |icmp_ln571_35_fu_24159_p2     |      icmp|   0|  0|    28|          63|           1|
    |icmp_ln571_36_fu_24195_p2     |      icmp|   0|  0|    28|          63|           1|
    |icmp_ln571_37_fu_24231_p2     |      icmp|   0|  0|    28|          63|           1|
    |icmp_ln571_38_fu_27335_p2     |      icmp|   0|  0|    28|          63|           1|
    |icmp_ln571_39_fu_27371_p2     |      icmp|   0|  0|    28|          63|           1|
    |icmp_ln571_3_fu_3968_p2       |      icmp|   0|  0|    28|          63|           1|
    |icmp_ln571_40_fu_30218_p2     |      icmp|   0|  0|    28|          63|           1|
    |icmp_ln571_41_fu_27407_p2     |      icmp|   0|  0|    28|          63|           1|
    |icmp_ln571_42_fu_27443_p2     |      icmp|   0|  0|    28|          63|           1|
    |icmp_ln571_43_fu_30444_p2     |      icmp|   0|  0|    28|          63|           1|
    |icmp_ln571_44_fu_33222_p2     |      icmp|   0|  0|    28|          63|           1|
    |icmp_ln571_45_fu_33258_p2     |      icmp|   0|  0|    28|          63|           1|
    |icmp_ln571_46_fu_30480_p2     |      icmp|   0|  0|    28|          63|           1|
    |icmp_ln571_47_fu_30516_p2     |      icmp|   0|  0|    28|          63|           1|
    |icmp_ln571_48_fu_33484_p2     |      icmp|   0|  0|    28|          63|           1|
    |icmp_ln571_49_fu_36466_p2     |      icmp|   0|  0|    28|          63|           1|
    |icmp_ln571_4_fu_4004_p2       |      icmp|   0|  0|    28|          63|           1|
    |icmp_ln571_50_fu_39383_p2     |      icmp|   0|  0|    28|          63|           1|
    |icmp_ln571_51_fu_36502_p2     |      icmp|   0|  0|    28|          63|           1|
    |icmp_ln571_52_fu_36538_p2     |      icmp|   0|  0|    28|          63|           1|
    |icmp_ln571_53_fu_39609_p2     |      icmp|   0|  0|    28|          63|           1|
    |icmp_ln571_54_fu_42418_p2     |      icmp|   0|  0|    28|          63|           1|
    |icmp_ln571_55_fu_42454_p2     |      icmp|   0|  0|    28|          63|           1|
    |icmp_ln571_56_fu_39645_p2     |      icmp|   0|  0|    28|          63|           1|
    |icmp_ln571_57_fu_39681_p2     |      icmp|   0|  0|    28|          63|           1|
    |icmp_ln571_58_fu_42680_p2     |      icmp|   0|  0|    28|          63|           1|
    |icmp_ln571_59_fu_45364_p2     |      icmp|   0|  0|    28|          63|           1|
    |icmp_ln571_5_fu_4040_p2       |      icmp|   0|  0|    28|          63|           1|
    |icmp_ln571_60_fu_48077_p2     |      icmp|   0|  0|    28|          63|           1|
    |icmp_ln571_61_fu_45400_p2     |      icmp|   0|  0|    28|          63|           1|
    |icmp_ln571_62_fu_45436_p2     |      icmp|   0|  0|    28|          63|           1|
    |icmp_ln571_63_fu_48303_p2     |      icmp|   0|  0|    28|          63|           1|
    |icmp_ln571_64_fu_50922_p2     |      icmp|   0|  0|    28|          63|           1|
    |icmp_ln571_65_fu_50958_p2     |      icmp|   0|  0|    28|          63|           1|
    |icmp_ln571_6_fu_4076_p2       |      icmp|   0|  0|    28|          63|           1|
    |icmp_ln571_7_fu_4112_p2       |      icmp|   0|  0|    28|          63|           1|
    |icmp_ln571_8_fu_4855_p2       |      icmp|   0|  0|    28|          63|           1|
    |icmp_ln571_9_fu_4891_p2       |      icmp|   0|  0|    28|          63|           1|
    |icmp_ln571_fu_2245_p2         |      icmp|   0|  0|    28|          63|           1|
    |icmp_ln577_100_fu_32196_p2    |      icmp|   0|  0|    12|          12|           5|
    |icmp_ln577_101_fu_32440_p2    |      icmp|   0|  0|    12|          12|           5|
    |icmp_ln577_102_fu_34857_p2    |      icmp|   0|  0|    12|          12|           5|
    |icmp_ln577_103_fu_35101_p2    |      icmp|   0|  0|    12|          12|           5|
    |icmp_ln577_104_fu_37785_p2    |      icmp|   0|  0|    12|          12|           5|
    |icmp_ln577_105_fu_35448_p2    |      icmp|   0|  0|    12|          12|           5|
    |icmp_ln577_106_fu_35692_p2    |      icmp|   0|  0|    12|          12|           5|
    |icmp_ln577_107_fu_38311_p2    |      icmp|   0|  0|    12|          12|           5|
    |icmp_ln577_108_fu_40969_p2    |      icmp|   0|  0|    12|          12|           5|
    |icmp_ln577_109_fu_41213_p2    |      icmp|   0|  0|    12|          12|           5|
    |icmp_ln577_10_fu_6188_p2      |      icmp|   0|  0|    12|          12|           5|
    |icmp_ln577_110_fu_38761_p2    |      icmp|   0|  0|    12|          12|           5|
    |icmp_ln577_111_fu_39005_p2    |      icmp|   0|  0|    12|          12|           5|
    |icmp_ln577_112_fu_41739_p2    |      icmp|   0|  0|    12|          12|           5|
    |icmp_ln577_113_fu_43993_p2    |      icmp|   0|  0|    12|          12|           5|
    |icmp_ln577_114_fu_46479_p2    |      icmp|   0|  0|    12|          12|           5|
    |icmp_ln577_115_fu_44340_p2    |      icmp|   0|  0|    12|          12|           5|
    |icmp_ln577_116_fu_44584_p2    |      icmp|   0|  0|    12|          12|           5|
    |icmp_ln577_117_fu_47005_p2    |      icmp|   0|  0|    12|          12|           5|
    |icmp_ln577_118_fu_49481_p2    |      icmp|   0|  0|    12|          12|           5|
    |icmp_ln577_119_fu_49725_p2    |      icmp|   0|  0|    12|          12|           5|
    |icmp_ln577_11_fu_6283_p2      |      icmp|   0|  0|    12|          12|           5|
    |icmp_ln577_120_fu_47455_p2    |      icmp|   0|  0|    12|          12|           5|
    |icmp_ln577_121_fu_47699_p2    |      icmp|   0|  0|    12|          12|           5|
    |icmp_ln577_122_fu_50243_p2    |      icmp|   0|  0|    12|          12|           5|
    |icmp_ln577_123_fu_52381_p2    |      icmp|   0|  0|    12|          12|           5|
    |icmp_ln577_124_fu_54349_p2    |      icmp|   0|  0|    12|          12|           5|
    |icmp_ln577_125_fu_52728_p2    |      icmp|   0|  0|    12|          12|           5|
    |icmp_ln577_126_fu_52972_p2    |      icmp|   0|  0|    12|          12|           5|
    |icmp_ln577_127_fu_54921_p2    |      icmp|   0|  0|    12|          12|           5|
    |icmp_ln577_128_fu_56320_p2    |      icmp|   0|  0|    12|          12|           5|
    |icmp_ln577_129_fu_56564_p2    |      icmp|   0|  0|    12|          12|           5|
    |icmp_ln577_12_fu_8769_p2      |      icmp|   0|  0|    12|          12|           5|
    |icmp_ln577_13_fu_8864_p2      |      icmp|   0|  0|    12|          12|           5|
    |icmp_ln577_14_fu_8959_p2      |      icmp|   0|  0|    12|          12|           5|
    |icmp_ln577_15_fu_9054_p2      |      icmp|   0|  0|    12|          12|           5|
    |icmp_ln577_16_fu_9149_p2      |      icmp|   0|  0|    12|          12|           5|
    |icmp_ln577_17_fu_12212_p2     |      icmp|   0|  0|    12|          12|           5|
    |icmp_ln577_18_fu_12307_p2     |      icmp|   0|  0|    12|          12|           5|
    |icmp_ln577_19_fu_15145_p2     |      icmp|   0|  0|    12|          12|           5|
    |icmp_ln577_1_fu_4282_p2       |      icmp|   0|  0|    12|          12|           5|
    |icmp_ln577_20_fu_15240_p2     |      icmp|   0|  0|    12|          12|           5|
    |icmp_ln577_21_fu_15335_p2     |      icmp|   0|  0|    12|          12|           5|
    |icmp_ln577_22_fu_17686_p2     |      icmp|   0|  0|    12|          12|           5|
    |icmp_ln577_23_fu_17781_p2     |      icmp|   0|  0|    12|          12|           5|
    |icmp_ln577_24_fu_17882_p2     |      icmp|   0|  0|    12|          12|           5|
    |icmp_ln577_25_fu_17977_p2     |      icmp|   0|  0|    12|          12|           5|
    |icmp_ln577_26_fu_18072_p2     |      icmp|   0|  0|    12|          12|           5|
    |icmp_ln577_27_fu_20630_p2     |      icmp|   0|  0|    12|          12|           5|
    |icmp_ln577_28_fu_20725_p2     |      icmp|   0|  0|    12|          12|           5|
    |icmp_ln577_29_fu_23730_p2     |      icmp|   0|  0|    12|          12|           5|
    |icmp_ln577_2_fu_4383_p2       |      icmp|   0|  0|    12|          12|           5|
    |icmp_ln577_30_fu_20856_p2     |      icmp|   0|  0|    12|          12|           5|
    |icmp_ln577_31_fu_20951_p2     |      icmp|   0|  0|    12|          12|           5|
    |icmp_ln577_32_fu_24031_p2     |      icmp|   0|  0|    12|          12|           5|
    |icmp_ln577_33_fu_26958_p2     |      icmp|   0|  0|    12|          12|           5|
    |icmp_ln577_34_fu_27053_p2     |      icmp|   0|  0|    12|          12|           5|
    |icmp_ln577_35_fu_27148_p2     |      icmp|   0|  0|    12|          12|           5|
    |icmp_ln577_36_fu_27243_p2     |      icmp|   0|  0|    12|          12|           5|
    |icmp_ln577_37_fu_30031_p2     |      icmp|   0|  0|    12|          12|           5|
    |icmp_ln577_38_fu_30126_p2     |      icmp|   0|  0|    12|          12|           5|
    |icmp_ln577_39_fu_32829_p2     |      icmp|   0|  0|    12|          12|           5|
    |icmp_ln577_3_fu_4478_p2       |      icmp|   0|  0|    12|          12|           5|
    |icmp_ln577_40_fu_30257_p2     |      icmp|   0|  0|    12|          12|           5|
    |icmp_ln577_41_fu_30352_p2     |      icmp|   0|  0|    12|          12|           5|
    |icmp_ln577_42_fu_33130_p2     |      icmp|   0|  0|    12|          12|           5|
    |icmp_ln577_43_fu_35978_p2     |      icmp|   0|  0|    12|          12|           5|
    |icmp_ln577_44_fu_36073_p2     |      icmp|   0|  0|    12|          12|           5|
    |icmp_ln577_45_fu_33297_p2     |      icmp|   0|  0|    12|          12|           5|
    |icmp_ln577_46_fu_33392_p2     |      icmp|   0|  0|    12|          12|           5|
    |icmp_ln577_47_fu_36374_p2     |      icmp|   0|  0|    12|          12|           5|
    |icmp_ln577_48_fu_39291_p2     |      icmp|   0|  0|    12|          12|           5|
    |icmp_ln577_49_fu_42025_p2     |      icmp|   0|  0|    12|          12|           5|
    |icmp_ln577_4_fu_4573_p2       |      icmp|   0|  0|    12|          12|           5|
    |icmp_ln577_50_fu_39422_p2     |      icmp|   0|  0|    12|          12|           5|
    |icmp_ln577_51_fu_39517_p2     |      icmp|   0|  0|    12|          12|           5|
    |icmp_ln577_52_fu_42326_p2     |      icmp|   0|  0|    12|          12|           5|
    |icmp_ln577_53_fu_44870_p2     |      icmp|   0|  0|    12|          12|           5|
    |icmp_ln577_54_fu_44965_p2     |      icmp|   0|  0|    12|          12|           5|
    |icmp_ln577_55_fu_42493_p2     |      icmp|   0|  0|    12|          12|           5|
    |icmp_ln577_56_fu_42588_p2     |      icmp|   0|  0|    12|          12|           5|
    |icmp_ln577_57_fu_45272_p2     |      icmp|   0|  0|    12|          12|           5|
    |icmp_ln577_58_fu_47985_p2     |      icmp|   0|  0|    12|          12|           5|
    |icmp_ln577_59_fu_50529_p2     |      icmp|   0|  0|    12|          12|           5|
    |icmp_ln577_5_fu_4668_p2       |      icmp|   0|  0|    12|          12|           5|
    |icmp_ln577_60_fu_48116_p2     |      icmp|   0|  0|    12|          12|           5|
    |icmp_ln577_61_fu_48211_p2     |      icmp|   0|  0|    12|          12|           5|
    |icmp_ln577_62_fu_50830_p2     |      icmp|   0|  0|    12|          12|           5|
    |icmp_ln577_63_fu_53258_p2     |      icmp|   0|  0|    12|          12|           5|
    |icmp_ln577_64_fu_53353_p2     |      icmp|   0|  0|    12|          12|           5|
    |icmp_ln577_65_fu_5163_p2      |      icmp|   0|  0|    12|          12|           5|
    |icmp_ln577_66_fu_5313_p2      |      icmp|   0|  0|    12|          12|           5|
    |icmp_ln577_67_fu_7095_p2      |      icmp|   0|  0|    12|          12|           5|
    |icmp_ln577_68_fu_7339_p2      |      icmp|   0|  0|    12|          12|           5|
    |icmp_ln577_69_fu_7583_p2      |      icmp|   0|  0|    12|          12|           5|
    |icmp_ln577_6_fu_4763_p2       |      icmp|   0|  0|    12|          12|           5|
    |icmp_ln577_70_fu_7827_p2      |      icmp|   0|  0|    12|          12|           5|
    |icmp_ln577_71_fu_8071_p2      |      icmp|   0|  0|    12|          12|           5|
    |icmp_ln577_72_fu_10538_p2     |      icmp|   0|  0|    12|          12|           5|
    |icmp_ln577_73_fu_10782_p2     |      icmp|   0|  0|    12|          12|           5|
    |icmp_ln577_74_fu_11026_p2     |      icmp|   0|  0|    12|          12|           5|
    |icmp_ln577_75_fu_11270_p2     |      icmp|   0|  0|    12|          12|           5|
    |icmp_ln577_76_fu_11514_p2     |      icmp|   0|  0|    12|          12|           5|
    |icmp_ln577_77_fu_13780_p2     |      icmp|   0|  0|    12|          12|           5|
    |icmp_ln577_78_fu_14024_p2     |      icmp|   0|  0|    12|          12|           5|
    |icmp_ln577_79_fu_14268_p2     |      icmp|   0|  0|    12|          12|           5|
    |icmp_ln577_7_fu_5903_p2       |      icmp|   0|  0|    12|          12|           5|
    |icmp_ln577_80_fu_14512_p2     |      icmp|   0|  0|    12|          12|           5|
    |icmp_ln577_81_fu_14756_p2     |      icmp|   0|  0|    12|          12|           5|
    |icmp_ln577_82_fu_16950_p2     |      icmp|   0|  0|    12|          12|           5|
    |icmp_ln577_83_fu_17194_p2     |      icmp|   0|  0|    12|          12|           5|
    |icmp_ln577_84_fu_19444_p2     |      icmp|   0|  0|    12|          12|           5|
    |icmp_ln577_85_fu_19688_p2     |      icmp|   0|  0|    12|          12|           5|
    |icmp_ln577_86_fu_19932_p2     |      icmp|   0|  0|    12|          12|           5|
    |icmp_ln577_87_fu_22373_p2     |      icmp|   0|  0|    12|          12|           5|
    |icmp_ln577_88_fu_22617_p2     |      icmp|   0|  0|    12|          12|           5|
    |icmp_ln577_89_fu_22853_p2     |      icmp|   0|  0|    12|          12|           5|
    |icmp_ln577_8_fu_5998_p2       |      icmp|   0|  0|    12|          12|           5|
    |icmp_ln577_90_fu_23097_p2     |      icmp|   0|  0|    12|          12|           5|
    |icmp_ln577_91_fu_23341_p2     |      icmp|   0|  0|    12|          12|           5|
    |icmp_ln577_92_fu_25837_p2     |      icmp|   0|  0|    12|          12|           5|
    |icmp_ln577_93_fu_26081_p2     |      icmp|   0|  0|    12|          12|           5|
    |icmp_ln577_94_fu_28864_p2     |      icmp|   0|  0|    12|          12|           5|
    |icmp_ln577_95_fu_26428_p2     |      icmp|   0|  0|    12|          12|           5|
    |icmp_ln577_96_fu_26672_p2     |      icmp|   0|  0|    12|          12|           5|
    |icmp_ln577_97_fu_29436_p2     |      icmp|   0|  0|    12|          12|           5|
    |icmp_ln577_98_fu_31708_p2     |      icmp|   0|  0|    12|          12|           5|
    |icmp_ln577_99_fu_31952_p2     |      icmp|   0|  0|    12|          12|           5|
    |icmp_ln577_9_fu_6093_p2       |      icmp|   0|  0|    12|          12|           5|
    |icmp_ln577_fu_4181_p2         |      icmp|   0|  0|    12|          12|           5|
    |icmp_ln581_1_fu_2609_p2       |      icmp|   0|  0|    12|          12|           4|
    |icmp_ln581_fu_2449_p2         |      icmp|   0|  0|    11|           8|           1|
    |icmp_ln582_10_fu_10932_p2     |      icmp|   0|  0|    12|          12|           5|
    |icmp_ln582_11_fu_11176_p2     |      icmp|   0|  0|    12|          12|           5|
    |icmp_ln582_12_fu_11420_p2     |      icmp|   0|  0|    12|          12|           5|
    |icmp_ln582_13_fu_13686_p2     |      icmp|   0|  0|    12|          12|           5|
    |icmp_ln582_14_fu_13930_p2     |      icmp|   0|  0|    12|          12|           5|
    |icmp_ln582_15_fu_14174_p2     |      icmp|   0|  0|    12|          12|           5|
    |icmp_ln582_16_fu_14418_p2     |      icmp|   0|  0|    12|          12|           5|
    |icmp_ln582_17_fu_14662_p2     |      icmp|   0|  0|    12|          12|           5|
    |icmp_ln582_18_fu_16856_p2     |      icmp|   0|  0|    12|          12|           5|
    |icmp_ln582_19_fu_17100_p2     |      icmp|   0|  0|    12|          12|           5|
    |icmp_ln582_1_fu_5063_p2       |      icmp|   0|  0|    12|          12|           5|
    |icmp_ln582_20_fu_19350_p2     |      icmp|   0|  0|    12|          12|           5|
    |icmp_ln582_21_fu_19594_p2     |      icmp|   0|  0|    12|          12|           5|
    |icmp_ln582_22_fu_19838_p2     |      icmp|   0|  0|    12|          12|           5|
    |icmp_ln582_23_fu_22279_p2     |      icmp|   0|  0|    12|          12|           5|
    |icmp_ln582_24_fu_22523_p2     |      icmp|   0|  0|    12|          12|           5|
    |icmp_ln582_25_fu_22759_p2     |      icmp|   0|  0|    12|          12|           5|
    |icmp_ln582_26_fu_23003_p2     |      icmp|   0|  0|    12|          12|           5|
    |icmp_ln582_27_fu_23247_p2     |      icmp|   0|  0|    12|          12|           5|
    |icmp_ln582_28_fu_25743_p2     |      icmp|   0|  0|    12|          12|           5|
    |icmp_ln582_29_fu_25987_p2     |      icmp|   0|  0|    12|          12|           5|
    |icmp_ln582_2_fu_5213_p2       |      icmp|   0|  0|    12|          12|           5|
    |icmp_ln582_30_fu_28770_p2     |      icmp|   0|  0|    12|          12|           5|
    |icmp_ln582_31_fu_26334_p2     |      icmp|   0|  0|    12|          12|           5|
    |icmp_ln582_32_fu_26578_p2     |      icmp|   0|  0|    12|          12|           5|
    |icmp_ln582_33_fu_29342_p2     |      icmp|   0|  0|    12|          12|           5|
    |icmp_ln582_34_fu_31614_p2     |      icmp|   0|  0|    12|          12|           5|
    |icmp_ln582_35_fu_31858_p2     |      icmp|   0|  0|    12|          12|           5|
    |icmp_ln582_36_fu_32102_p2     |      icmp|   0|  0|    12|          12|           5|
    |icmp_ln582_37_fu_32346_p2     |      icmp|   0|  0|    12|          12|           5|
    |icmp_ln582_38_fu_34763_p2     |      icmp|   0|  0|    12|          12|           5|
    |icmp_ln582_39_fu_35007_p2     |      icmp|   0|  0|    12|          12|           5|
    |icmp_ln582_3_fu_7001_p2       |      icmp|   0|  0|    12|          12|           5|
    |icmp_ln582_40_fu_37691_p2     |      icmp|   0|  0|    12|          12|           5|
    |icmp_ln582_41_fu_35354_p2     |      icmp|   0|  0|    12|          12|           5|
    |icmp_ln582_42_fu_35598_p2     |      icmp|   0|  0|    12|          12|           5|
    |icmp_ln582_43_fu_38217_p2     |      icmp|   0|  0|    12|          12|           5|
    |icmp_ln582_44_fu_40875_p2     |      icmp|   0|  0|    12|          12|           5|
    |icmp_ln582_45_fu_41119_p2     |      icmp|   0|  0|    12|          12|           5|
    |icmp_ln582_46_fu_38667_p2     |      icmp|   0|  0|    12|          12|           5|
    |icmp_ln582_47_fu_38911_p2     |      icmp|   0|  0|    12|          12|           5|
    |icmp_ln582_48_fu_41645_p2     |      icmp|   0|  0|    12|          12|           5|
    |icmp_ln582_49_fu_43899_p2     |      icmp|   0|  0|    12|          12|           5|
    |icmp_ln582_4_fu_7245_p2       |      icmp|   0|  0|    12|          12|           5|
    |icmp_ln582_50_fu_46385_p2     |      icmp|   0|  0|    12|          12|           5|
    |icmp_ln582_51_fu_44246_p2     |      icmp|   0|  0|    12|          12|           5|
    |icmp_ln582_52_fu_44490_p2     |      icmp|   0|  0|    12|          12|           5|
    |icmp_ln582_53_fu_46911_p2     |      icmp|   0|  0|    12|          12|           5|
    |icmp_ln582_54_fu_49387_p2     |      icmp|   0|  0|    12|          12|           5|
    |icmp_ln582_55_fu_49631_p2     |      icmp|   0|  0|    12|          12|           5|
    |icmp_ln582_56_fu_47361_p2     |      icmp|   0|  0|    12|          12|           5|
    |icmp_ln582_57_fu_47605_p2     |      icmp|   0|  0|    12|          12|           5|
    |icmp_ln582_58_fu_50149_p2     |      icmp|   0|  0|    12|          12|           5|
    |icmp_ln582_59_fu_52287_p2     |      icmp|   0|  0|    12|          12|           5|
    |icmp_ln582_5_fu_7489_p2       |      icmp|   0|  0|    12|          12|           5|
    |icmp_ln582_60_fu_54255_p2     |      icmp|   0|  0|    12|          12|           5|
    |icmp_ln582_61_fu_52634_p2     |      icmp|   0|  0|    12|          12|           5|
    |icmp_ln582_62_fu_52878_p2     |      icmp|   0|  0|    12|          12|           5|
    |icmp_ln582_63_fu_54827_p2     |      icmp|   0|  0|    12|          12|           5|
    |icmp_ln582_64_fu_56226_p2     |      icmp|   0|  0|    12|          12|           5|
    |icmp_ln582_65_fu_56470_p2     |      icmp|   0|  0|    12|          12|           5|
    |icmp_ln582_6_fu_7733_p2       |      icmp|   0|  0|    12|          12|           5|
    |icmp_ln582_7_fu_7977_p2       |      icmp|   0|  0|    12|          12|           5|
    |icmp_ln582_8_fu_10444_p2      |      icmp|   0|  0|    12|          12|           5|
    |icmp_ln582_9_fu_10688_p2      |      icmp|   0|  0|    12|          12|           5|
    |icmp_ln582_fu_2475_p2         |      icmp|   0|  0|    12|          12|           4|
    |icmp_ln585_10_fu_8435_p2      |      icmp|   0|  0|    12|          12|           6|
    |icmp_ln585_11_fu_8538_p2      |      icmp|   0|  0|    12|          12|           6|
    |icmp_ln585_12_fu_8641_p2      |      icmp|   0|  0|    12|          12|           6|
    |icmp_ln585_13_fu_11672_p2     |      icmp|   0|  0|    12|          12|           6|
    |icmp_ln585_14_fu_11775_p2     |      icmp|   0|  0|    12|          12|           6|
    |icmp_ln585_15_fu_11878_p2     |      icmp|   0|  0|    12|          12|           6|
    |icmp_ln585_16_fu_11981_p2     |      icmp|   0|  0|    12|          12|           6|
    |icmp_ln585_17_fu_12084_p2     |      icmp|   0|  0|    12|          12|           6|
    |icmp_ln585_18_fu_14914_p2     |      icmp|   0|  0|    12|          12|           6|
    |icmp_ln585_19_fu_15017_p2     |      icmp|   0|  0|    12|          12|           6|
    |icmp_ln585_1_fu_4211_p2       |      icmp|   0|  0|    12|          12|           6|
    |icmp_ln585_20_fu_17352_p2     |      icmp|   0|  0|    12|          12|           6|
    |icmp_ln585_21_fu_17455_p2     |      icmp|   0|  0|    12|          12|           6|
    |icmp_ln585_22_fu_17558_p2     |      icmp|   0|  0|    12|          12|           6|
    |icmp_ln585_23_fu_20090_p2     |      icmp|   0|  0|    12|          12|           6|
    |icmp_ln585_24_fu_20193_p2     |      icmp|   0|  0|    12|          12|           6|
    |icmp_ln585_25_fu_20296_p2     |      icmp|   0|  0|    12|          12|           6|
    |icmp_ln585_26_fu_20399_p2     |      icmp|   0|  0|    12|          12|           6|
    |icmp_ln585_27_fu_20502_p2     |      icmp|   0|  0|    12|          12|           6|
    |icmp_ln585_28_fu_23499_p2     |      icmp|   0|  0|    12|          12|           6|
    |icmp_ln585_29_fu_23602_p2     |      icmp|   0|  0|    12|          12|           6|
    |icmp_ln585_2_fu_4312_p2       |      icmp|   0|  0|    12|          12|           6|
    |icmp_ln585_30_fu_26239_p2     |      icmp|   0|  0|    12|          12|           6|
    |icmp_ln585_31_fu_23800_p2     |      icmp|   0|  0|    12|          12|           6|
    |icmp_ln585_32_fu_23903_p2     |      icmp|   0|  0|    12|          12|           6|
    |icmp_ln585_33_fu_26830_p2     |      icmp|   0|  0|    12|          12|           6|
    |icmp_ln585_34_fu_29594_p2     |      icmp|   0|  0|    12|          12|           6|
    |icmp_ln585_35_fu_29697_p2     |      icmp|   0|  0|    12|          12|           6|
    |icmp_ln585_36_fu_29800_p2     |      icmp|   0|  0|    12|          12|           6|
    |icmp_ln585_37_fu_29903_p2     |      icmp|   0|  0|    12|          12|           6|
    |icmp_ln585_38_fu_32598_p2     |      icmp|   0|  0|    12|          12|           6|
    |icmp_ln585_39_fu_32701_p2     |      icmp|   0|  0|    12|          12|           6|
    |icmp_ln585_3_fu_5363_p2       |      icmp|   0|  0|    12|          12|           6|
    |icmp_ln585_40_fu_35259_p2     |      icmp|   0|  0|    12|          12|           6|
    |icmp_ln585_41_fu_32899_p2     |      icmp|   0|  0|    12|          12|           6|
    |icmp_ln585_42_fu_33002_p2     |      icmp|   0|  0|    12|          12|           6|
    |icmp_ln585_43_fu_35850_p2     |      icmp|   0|  0|    12|          12|           6|
    |icmp_ln585_44_fu_38469_p2     |      icmp|   0|  0|    12|          12|           6|
    |icmp_ln585_45_fu_38572_p2     |      icmp|   0|  0|    12|          12|           6|
    |icmp_ln585_46_fu_36143_p2     |      icmp|   0|  0|    12|          12|           6|
    |icmp_ln585_47_fu_36246_p2     |      icmp|   0|  0|    12|          12|           6|
    |icmp_ln585_48_fu_39163_p2     |      icmp|   0|  0|    12|          12|           6|
    |icmp_ln585_49_fu_41897_p2     |      icmp|   0|  0|    12|          12|           6|
    |icmp_ln585_4_fu_5466_p2       |      icmp|   0|  0|    12|          12|           6|
    |icmp_ln585_50_fu_44151_p2     |      icmp|   0|  0|    12|          12|           6|
    |icmp_ln585_51_fu_42095_p2     |      icmp|   0|  0|    12|          12|           6|
    |icmp_ln585_52_fu_42198_p2     |      icmp|   0|  0|    12|          12|           6|
    |icmp_ln585_53_fu_44742_p2     |      icmp|   0|  0|    12|          12|           6|
    |icmp_ln585_54_fu_47163_p2     |      icmp|   0|  0|    12|          12|           6|
    |icmp_ln585_55_fu_47266_p2     |      icmp|   0|  0|    12|          12|           6|
    |icmp_ln585_56_fu_45041_p2     |      icmp|   0|  0|    12|          12|           6|
    |icmp_ln585_57_fu_45144_p2     |      icmp|   0|  0|    12|          12|           6|
    |icmp_ln585_58_fu_47857_p2     |      icmp|   0|  0|    12|          12|           6|
    |icmp_ln585_59_fu_50401_p2     |      icmp|   0|  0|    12|          12|           6|
    |icmp_ln585_5_fu_5569_p2       |      icmp|   0|  0|    12|          12|           6|
    |icmp_ln585_60_fu_52539_p2     |      icmp|   0|  0|    12|          12|           6|
    |icmp_ln585_61_fu_50599_p2     |      icmp|   0|  0|    12|          12|           6|
    |icmp_ln585_62_fu_50702_p2     |      icmp|   0|  0|    12|          12|           6|
    |icmp_ln585_63_fu_53130_p2     |      icmp|   0|  0|    12|          12|           6|
    |icmp_ln585_64_fu_55079_p2     |      icmp|   0|  0|    12|          12|           6|
    |icmp_ln585_65_fu_55182_p2     |      icmp|   0|  0|    12|          12|           6|
    |icmp_ln585_6_fu_5672_p2       |      icmp|   0|  0|    12|          12|           6|
    |icmp_ln585_7_fu_5775_p2       |      icmp|   0|  0|    12|          12|           6|
    |icmp_ln585_8_fu_8229_p2       |      icmp|   0|  0|    12|          12|           6|
    |icmp_ln585_9_fu_8332_p2       |      icmp|   0|  0|    12|          12|           6|
    |icmp_ln585_fu_2572_p2         |      icmp|   0|  0|    12|          12|           6|
    |icmp_ln591_10_fu_6218_p2      |      icmp|   0|  0|    12|          12|           6|
    |icmp_ln591_11_fu_6313_p2      |      icmp|   0|  0|    12|          12|           6|
    |icmp_ln591_12_fu_8799_p2      |      icmp|   0|  0|    12|          12|           6|
    |icmp_ln591_13_fu_8894_p2      |      icmp|   0|  0|    12|          12|           6|
    |icmp_ln591_14_fu_8989_p2      |      icmp|   0|  0|    12|          12|           6|
    |icmp_ln591_15_fu_9084_p2      |      icmp|   0|  0|    12|          12|           6|
    |icmp_ln591_16_fu_9179_p2      |      icmp|   0|  0|    12|          12|           6|
    |icmp_ln591_17_fu_12242_p2     |      icmp|   0|  0|    12|          12|           6|
    |icmp_ln591_18_fu_12337_p2     |      icmp|   0|  0|    12|          12|           6|
    |icmp_ln591_19_fu_15175_p2     |      icmp|   0|  0|    12|          12|           6|
    |icmp_ln591_1_fu_4318_p2       |      icmp|   0|  0|    12|          12|           6|
    |icmp_ln591_20_fu_15270_p2     |      icmp|   0|  0|    12|          12|           6|
    |icmp_ln591_21_fu_15365_p2     |      icmp|   0|  0|    12|          12|           6|
    |icmp_ln591_22_fu_17716_p2     |      icmp|   0|  0|    12|          12|           6|
    |icmp_ln591_23_fu_17811_p2     |      icmp|   0|  0|    12|          12|           6|
    |icmp_ln591_24_fu_17912_p2     |      icmp|   0|  0|    12|          12|           6|
    |icmp_ln591_25_fu_18007_p2     |      icmp|   0|  0|    12|          12|           6|
    |icmp_ln591_26_fu_18102_p2     |      icmp|   0|  0|    12|          12|           6|
    |icmp_ln591_27_fu_20660_p2     |      icmp|   0|  0|    12|          12|           6|
    |icmp_ln591_28_fu_20755_p2     |      icmp|   0|  0|    12|          12|           6|
    |icmp_ln591_29_fu_23760_p2     |      icmp|   0|  0|    12|          12|           6|
    |icmp_ln591_2_fu_4413_p2       |      icmp|   0|  0|    12|          12|           6|
    |icmp_ln591_30_fu_20886_p2     |      icmp|   0|  0|    12|          12|           6|
    |icmp_ln591_31_fu_20981_p2     |      icmp|   0|  0|    12|          12|           6|
    |icmp_ln591_32_fu_24061_p2     |      icmp|   0|  0|    12|          12|           6|
    |icmp_ln591_33_fu_26988_p2     |      icmp|   0|  0|    12|          12|           6|
    |icmp_ln591_34_fu_27083_p2     |      icmp|   0|  0|    12|          12|           6|
    |icmp_ln591_35_fu_27178_p2     |      icmp|   0|  0|    12|          12|           6|
    |icmp_ln591_36_fu_27273_p2     |      icmp|   0|  0|    12|          12|           6|
    |icmp_ln591_37_fu_30061_p2     |      icmp|   0|  0|    12|          12|           6|
    |icmp_ln591_38_fu_30156_p2     |      icmp|   0|  0|    12|          12|           6|
    |icmp_ln591_39_fu_32859_p2     |      icmp|   0|  0|    12|          12|           6|
    |icmp_ln591_3_fu_4508_p2       |      icmp|   0|  0|    12|          12|           6|
    |icmp_ln591_40_fu_30287_p2     |      icmp|   0|  0|    12|          12|           6|
    |icmp_ln591_41_fu_30382_p2     |      icmp|   0|  0|    12|          12|           6|
    |icmp_ln591_42_fu_33160_p2     |      icmp|   0|  0|    12|          12|           6|
    |icmp_ln591_43_fu_36008_p2     |      icmp|   0|  0|    12|          12|           6|
    |icmp_ln591_44_fu_36103_p2     |      icmp|   0|  0|    12|          12|           6|
    |icmp_ln591_45_fu_33327_p2     |      icmp|   0|  0|    12|          12|           6|
    |icmp_ln591_46_fu_33422_p2     |      icmp|   0|  0|    12|          12|           6|
    |icmp_ln591_47_fu_36404_p2     |      icmp|   0|  0|    12|          12|           6|
    |icmp_ln591_48_fu_39321_p2     |      icmp|   0|  0|    12|          12|           6|
    |icmp_ln591_49_fu_42055_p2     |      icmp|   0|  0|    12|          12|           6|
    |icmp_ln591_4_fu_4603_p2       |      icmp|   0|  0|    12|          12|           6|
    |icmp_ln591_50_fu_39452_p2     |      icmp|   0|  0|    12|          12|           6|
    |icmp_ln591_51_fu_39547_p2     |      icmp|   0|  0|    12|          12|           6|
    |icmp_ln591_52_fu_42356_p2     |      icmp|   0|  0|    12|          12|           6|
    |icmp_ln591_53_fu_44900_p2     |      icmp|   0|  0|    12|          12|           6|
    |icmp_ln591_54_fu_44995_p2     |      icmp|   0|  0|    12|          12|           6|
    |icmp_ln591_55_fu_42523_p2     |      icmp|   0|  0|    12|          12|           6|
    |icmp_ln591_56_fu_42618_p2     |      icmp|   0|  0|    12|          12|           6|
    |icmp_ln591_57_fu_45302_p2     |      icmp|   0|  0|    12|          12|           6|
    |icmp_ln591_58_fu_48015_p2     |      icmp|   0|  0|    12|          12|           6|
    |icmp_ln591_59_fu_50559_p2     |      icmp|   0|  0|    12|          12|           6|
    |icmp_ln591_5_fu_4698_p2       |      icmp|   0|  0|    12|          12|           6|
    |icmp_ln591_60_fu_48146_p2     |      icmp|   0|  0|    12|          12|           6|
    |icmp_ln591_61_fu_48241_p2     |      icmp|   0|  0|    12|          12|           6|
    |icmp_ln591_62_fu_50860_p2     |      icmp|   0|  0|    12|          12|           6|
    |icmp_ln591_63_fu_53288_p2     |      icmp|   0|  0|    12|          12|           6|
    |icmp_ln591_64_fu_53383_p2     |      icmp|   0|  0|    12|          12|           6|
    |icmp_ln591_6_fu_4793_p2       |      icmp|   0|  0|    12|          12|           6|
    |icmp_ln591_7_fu_5933_p2       |      icmp|   0|  0|    12|          12|           6|
    |icmp_ln591_8_fu_6028_p2       |      icmp|   0|  0|    12|          12|           6|
    |icmp_ln591_9_fu_6123_p2       |      icmp|   0|  0|    12|          12|           6|
    |icmp_ln591_fu_4217_p2         |      icmp|   0|  0|    12|          12|           6|
    |icmp_ln603_10_fu_8440_p2      |      icmp|   0|  0|    12|          12|           5|
    |icmp_ln603_11_fu_8543_p2      |      icmp|   0|  0|    12|          12|           5|
    |icmp_ln603_12_fu_8646_p2      |      icmp|   0|  0|    12|          12|           5|
    |icmp_ln603_13_fu_11677_p2     |      icmp|   0|  0|    12|          12|           5|
    |icmp_ln603_14_fu_11780_p2     |      icmp|   0|  0|    12|          12|           5|
    |icmp_ln603_15_fu_11883_p2     |      icmp|   0|  0|    12|          12|           5|
    |icmp_ln603_16_fu_11986_p2     |      icmp|   0|  0|    12|          12|           5|
    |icmp_ln603_17_fu_12089_p2     |      icmp|   0|  0|    12|          12|           5|
    |icmp_ln603_18_fu_14919_p2     |      icmp|   0|  0|    12|          12|           5|
    |icmp_ln603_19_fu_15022_p2     |      icmp|   0|  0|    12|          12|           5|
    |icmp_ln603_1_fu_5068_p2       |      icmp|   0|  0|    12|          12|           5|
    |icmp_ln603_20_fu_17357_p2     |      icmp|   0|  0|    12|          12|           5|
    |icmp_ln603_21_fu_17460_p2     |      icmp|   0|  0|    12|          12|           5|
    |icmp_ln603_22_fu_17563_p2     |      icmp|   0|  0|    12|          12|           5|
    |icmp_ln603_23_fu_20095_p2     |      icmp|   0|  0|    12|          12|           5|
    |icmp_ln603_24_fu_20198_p2     |      icmp|   0|  0|    12|          12|           5|
    |icmp_ln603_25_fu_20301_p2     |      icmp|   0|  0|    12|          12|           5|
    |icmp_ln603_26_fu_20404_p2     |      icmp|   0|  0|    12|          12|           5|
    |icmp_ln603_27_fu_20507_p2     |      icmp|   0|  0|    12|          12|           5|
    |icmp_ln603_28_fu_23504_p2     |      icmp|   0|  0|    12|          12|           5|
    |icmp_ln603_29_fu_23607_p2     |      icmp|   0|  0|    12|          12|           5|
    |icmp_ln603_2_fu_5218_p2       |      icmp|   0|  0|    12|          12|           5|
    |icmp_ln603_30_fu_26244_p2     |      icmp|   0|  0|    12|          12|           5|
    |icmp_ln603_31_fu_23805_p2     |      icmp|   0|  0|    12|          12|           5|
    |icmp_ln603_32_fu_23908_p2     |      icmp|   0|  0|    12|          12|           5|
    |icmp_ln603_33_fu_26835_p2     |      icmp|   0|  0|    12|          12|           5|
    |icmp_ln603_34_fu_29599_p2     |      icmp|   0|  0|    12|          12|           5|
    |icmp_ln603_35_fu_29702_p2     |      icmp|   0|  0|    12|          12|           5|
    |icmp_ln603_36_fu_29805_p2     |      icmp|   0|  0|    12|          12|           5|
    |icmp_ln603_37_fu_29908_p2     |      icmp|   0|  0|    12|          12|           5|
    |icmp_ln603_38_fu_32603_p2     |      icmp|   0|  0|    12|          12|           5|
    |icmp_ln603_39_fu_32706_p2     |      icmp|   0|  0|    12|          12|           5|
    |icmp_ln603_3_fu_5368_p2       |      icmp|   0|  0|    12|          12|           5|
    |icmp_ln603_40_fu_35264_p2     |      icmp|   0|  0|    12|          12|           5|
    |icmp_ln603_41_fu_32904_p2     |      icmp|   0|  0|    12|          12|           5|
    |icmp_ln603_42_fu_33007_p2     |      icmp|   0|  0|    12|          12|           5|
    |icmp_ln603_43_fu_35855_p2     |      icmp|   0|  0|    12|          12|           5|
    |icmp_ln603_44_fu_38474_p2     |      icmp|   0|  0|    12|          12|           5|
    |icmp_ln603_45_fu_38577_p2     |      icmp|   0|  0|    12|          12|           5|
    |icmp_ln603_46_fu_36148_p2     |      icmp|   0|  0|    12|          12|           5|
    |icmp_ln603_47_fu_36251_p2     |      icmp|   0|  0|    12|          12|           5|
    |icmp_ln603_48_fu_39168_p2     |      icmp|   0|  0|    12|          12|           5|
    |icmp_ln603_49_fu_41902_p2     |      icmp|   0|  0|    12|          12|           5|
    |icmp_ln603_4_fu_5471_p2       |      icmp|   0|  0|    12|          12|           5|
    |icmp_ln603_50_fu_44156_p2     |      icmp|   0|  0|    12|          12|           5|
    |icmp_ln603_51_fu_42100_p2     |      icmp|   0|  0|    12|          12|           5|
    |icmp_ln603_52_fu_42203_p2     |      icmp|   0|  0|    12|          12|           5|
    |icmp_ln603_53_fu_44747_p2     |      icmp|   0|  0|    12|          12|           5|
    |icmp_ln603_54_fu_47168_p2     |      icmp|   0|  0|    12|          12|           5|
    |icmp_ln603_55_fu_47271_p2     |      icmp|   0|  0|    12|          12|           5|
    |icmp_ln603_56_fu_45046_p2     |      icmp|   0|  0|    12|          12|           5|
    |icmp_ln603_57_fu_45149_p2     |      icmp|   0|  0|    12|          12|           5|
    |icmp_ln603_58_fu_47862_p2     |      icmp|   0|  0|    12|          12|           5|
    |icmp_ln603_59_fu_50406_p2     |      icmp|   0|  0|    12|          12|           5|
    |icmp_ln603_5_fu_5574_p2       |      icmp|   0|  0|    12|          12|           5|
    |icmp_ln603_60_fu_52544_p2     |      icmp|   0|  0|    12|          12|           5|
    |icmp_ln603_61_fu_50604_p2     |      icmp|   0|  0|    12|          12|           5|
    |icmp_ln603_62_fu_50707_p2     |      icmp|   0|  0|    12|          12|           5|
    |icmp_ln603_63_fu_53135_p2     |      icmp|   0|  0|    12|          12|           5|
    |icmp_ln603_64_fu_55084_p2     |      icmp|   0|  0|    12|          12|           5|
    |icmp_ln603_65_fu_55187_p2     |      icmp|   0|  0|    12|          12|           5|
    |icmp_ln603_6_fu_5677_p2       |      icmp|   0|  0|    12|          12|           5|
    |icmp_ln603_7_fu_5780_p2       |      icmp|   0|  0|    12|          12|           5|
    |icmp_ln603_8_fu_8234_p2       |      icmp|   0|  0|    12|          12|           5|
    |icmp_ln603_9_fu_8337_p2       |      icmp|   0|  0|    12|          12|           5|
    |icmp_ln603_fu_2495_p2         |      icmp|   0|  0|    11|           8|           1|
    |icmp_ln611_10_fu_8506_p2      |      icmp|   0|  0|    12|          12|           1|
    |icmp_ln611_11_fu_8609_p2      |      icmp|   0|  0|    12|          12|           1|
    |icmp_ln611_12_fu_8712_p2      |      icmp|   0|  0|    12|          12|           1|
    |icmp_ln611_13_fu_11743_p2     |      icmp|   0|  0|    12|          12|           1|
    |icmp_ln611_14_fu_11846_p2     |      icmp|   0|  0|    12|          12|           1|
    |icmp_ln611_15_fu_11949_p2     |      icmp|   0|  0|    12|          12|           1|
    |icmp_ln611_16_fu_12052_p2     |      icmp|   0|  0|    12|          12|           1|
    |icmp_ln611_17_fu_12155_p2     |      icmp|   0|  0|    12|          12|           1|
    |icmp_ln611_18_fu_14985_p2     |      icmp|   0|  0|    12|          12|           1|
    |icmp_ln611_19_fu_15088_p2     |      icmp|   0|  0|    12|          12|           1|
    |icmp_ln611_1_fu_5181_p2       |      icmp|   0|  0|    12|          12|           1|
    |icmp_ln611_20_fu_17423_p2     |      icmp|   0|  0|    12|          12|           1|
    |icmp_ln611_21_fu_17526_p2     |      icmp|   0|  0|    12|          12|           1|
    |icmp_ln611_22_fu_17629_p2     |      icmp|   0|  0|    12|          12|           1|
    |icmp_ln611_23_fu_20161_p2     |      icmp|   0|  0|    12|          12|           1|
    |icmp_ln611_24_fu_20264_p2     |      icmp|   0|  0|    12|          12|           1|
    |icmp_ln611_25_fu_20367_p2     |      icmp|   0|  0|    12|          12|           1|
    |icmp_ln611_26_fu_20470_p2     |      icmp|   0|  0|    12|          12|           1|
    |icmp_ln611_27_fu_20573_p2     |      icmp|   0|  0|    12|          12|           1|
    |icmp_ln611_28_fu_23570_p2     |      icmp|   0|  0|    12|          12|           1|
    |icmp_ln611_29_fu_23673_p2     |      icmp|   0|  0|    12|          12|           1|
    |icmp_ln611_2_fu_5331_p2       |      icmp|   0|  0|    12|          12|           1|
    |icmp_ln611_30_fu_26310_p2     |      icmp|   0|  0|    12|          12|           1|
    |icmp_ln611_31_fu_23871_p2     |      icmp|   0|  0|    12|          12|           1|
    |icmp_ln611_32_fu_23974_p2     |      icmp|   0|  0|    12|          12|           1|
    |icmp_ln611_33_fu_26901_p2     |      icmp|   0|  0|    12|          12|           1|
    |icmp_ln611_34_fu_29665_p2     |      icmp|   0|  0|    12|          12|           1|
    |icmp_ln611_35_fu_29768_p2     |      icmp|   0|  0|    12|          12|           1|
    |icmp_ln611_36_fu_29871_p2     |      icmp|   0|  0|    12|          12|           1|
    |icmp_ln611_37_fu_29974_p2     |      icmp|   0|  0|    12|          12|           1|
    |icmp_ln611_38_fu_32669_p2     |      icmp|   0|  0|    12|          12|           1|
    |icmp_ln611_39_fu_32772_p2     |      icmp|   0|  0|    12|          12|           1|
    |icmp_ln611_3_fu_5434_p2       |      icmp|   0|  0|    12|          12|           1|
    |icmp_ln611_40_fu_35330_p2     |      icmp|   0|  0|    12|          12|           1|
    |icmp_ln611_41_fu_32970_p2     |      icmp|   0|  0|    12|          12|           1|
    |icmp_ln611_42_fu_33073_p2     |      icmp|   0|  0|    12|          12|           1|
    |icmp_ln611_43_fu_35921_p2     |      icmp|   0|  0|    12|          12|           1|
    |icmp_ln611_44_fu_38540_p2     |      icmp|   0|  0|    12|          12|           1|
    |icmp_ln611_45_fu_38643_p2     |      icmp|   0|  0|    12|          12|           1|
    |icmp_ln611_46_fu_36214_p2     |      icmp|   0|  0|    12|          12|           1|
    |icmp_ln611_47_fu_36317_p2     |      icmp|   0|  0|    12|          12|           1|
    |icmp_ln611_48_fu_39234_p2     |      icmp|   0|  0|    12|          12|           1|
    |icmp_ln611_49_fu_41968_p2     |      icmp|   0|  0|    12|          12|           1|
    |icmp_ln611_4_fu_5537_p2       |      icmp|   0|  0|    12|          12|           1|
    |icmp_ln611_50_fu_44222_p2     |      icmp|   0|  0|    12|          12|           1|
    |icmp_ln611_51_fu_42166_p2     |      icmp|   0|  0|    12|          12|           1|
    |icmp_ln611_52_fu_42269_p2     |      icmp|   0|  0|    12|          12|           1|
    |icmp_ln611_53_fu_44813_p2     |      icmp|   0|  0|    12|          12|           1|
    |icmp_ln611_54_fu_47234_p2     |      icmp|   0|  0|    12|          12|           1|
    |icmp_ln611_55_fu_47337_p2     |      icmp|   0|  0|    12|          12|           1|
    |icmp_ln611_56_fu_45112_p2     |      icmp|   0|  0|    12|          12|           1|
    |icmp_ln611_57_fu_45215_p2     |      icmp|   0|  0|    12|          12|           1|
    |icmp_ln611_58_fu_47928_p2     |      icmp|   0|  0|    12|          12|           1|
    |icmp_ln611_59_fu_50472_p2     |      icmp|   0|  0|    12|          12|           1|
    |icmp_ln611_5_fu_5640_p2       |      icmp|   0|  0|    12|          12|           1|
    |icmp_ln611_60_fu_52610_p2     |      icmp|   0|  0|    12|          12|           1|
    |icmp_ln611_61_fu_50670_p2     |      icmp|   0|  0|    12|          12|           1|
    |icmp_ln611_62_fu_50773_p2     |      icmp|   0|  0|    12|          12|           1|
    |icmp_ln611_63_fu_53201_p2     |      icmp|   0|  0|    12|          12|           1|
    |icmp_ln611_64_fu_55150_p2     |      icmp|   0|  0|    12|          12|           1|
    |icmp_ln611_65_fu_55253_p2     |      icmp|   0|  0|    12|          12|           1|
    |icmp_ln611_6_fu_5743_p2       |      icmp|   0|  0|    12|          12|           1|
    |icmp_ln611_7_fu_5846_p2       |      icmp|   0|  0|    12|          12|           1|
    |icmp_ln611_8_fu_8300_p2       |      icmp|   0|  0|    12|          12|           1|
    |icmp_ln611_9_fu_8403_p2       |      icmp|   0|  0|    12|          12|           1|
    |icmp_ln611_fu_2519_p2         |      icmp|   0|  0|    12|          12|           1|
    |icmp_ln621_100_fu_48960_p2    |      icmp|   0|  0|    12|          12|           6|
    |icmp_ln621_101_fu_46512_p2    |      icmp|   0|  0|    12|          12|           6|
    |icmp_ln621_102_fu_46656_p2    |      icmp|   0|  0|    12|          12|           6|
    |icmp_ln621_103_fu_44373_p2    |      icmp|   0|  0|    12|          12|           6|
    |icmp_ln621_104_fu_46797_p2    |      icmp|   0|  0|    12|          12|           6|
    |icmp_ln621_105_fu_44617_p2    |      icmp|   0|  0|    12|          12|           6|
    |icmp_ln621_106_fu_49273_p2    |      icmp|   0|  0|    12|          12|           6|
    |icmp_ln621_107_fu_47038_p2    |      icmp|   0|  0|    12|          12|           6|
    |icmp_ln621_108_fu_51673_p2    |      icmp|   0|  0|    12|          12|           6|
    |icmp_ln621_109_fu_49514_p2    |      icmp|   0|  0|    12|          12|           6|
    |icmp_ln621_10_fu_10002_p2     |      icmp|   0|  0|    12|          12|           6|
    |icmp_ln621_110_fu_51814_p2    |      icmp|   0|  0|    12|          12|           6|
    |icmp_ln621_111_fu_49753_p2    |      icmp|   0|  0|    12|          12|           6|
    |icmp_ln621_112_fu_49894_p2    |      icmp|   0|  0|    12|          12|           6|
    |icmp_ln621_113_fu_47488_p2    |      icmp|   0|  0|    12|          12|           6|
    |icmp_ln621_114_fu_50035_p2    |      icmp|   0|  0|    12|          12|           6|
    |icmp_ln621_115_fu_47732_p2    |      icmp|   0|  0|    12|          12|           6|
    |icmp_ln621_116_fu_52127_p2    |      icmp|   0|  0|    12|          12|           6|
    |icmp_ln621_117_fu_50276_p2    |      icmp|   0|  0|    12|          12|           6|
    |icmp_ln621_118_fu_54141_p2    |      icmp|   0|  0|    12|          12|           6|
    |icmp_ln621_119_fu_52414_p2    |      icmp|   0|  0|    12|          12|           6|
    |icmp_ln621_11_fu_7616_p2      |      icmp|   0|  0|    12|          12|           6|
    |icmp_ln621_120_fu_55843_p2    |      icmp|   0|  0|    12|          12|           6|
    |icmp_ln621_121_fu_54382_p2    |      icmp|   0|  0|    12|          12|           6|
    |icmp_ln621_122_fu_54526_p2    |      icmp|   0|  0|    12|          12|           6|
    |icmp_ln621_123_fu_52761_p2    |      icmp|   0|  0|    12|          12|           6|
    |icmp_ln621_124_fu_54667_p2    |      icmp|   0|  0|    12|          12|           6|
    |icmp_ln621_125_fu_53005_p2    |      icmp|   0|  0|    12|          12|           6|
    |icmp_ln621_126_fu_56112_p2    |      icmp|   0|  0|    12|          12|           6|
    |icmp_ln621_127_fu_54954_p2    |      icmp|   0|  0|    12|          12|           6|
    |icmp_ln621_128_fu_57405_p2    |      icmp|   0|  0|    12|          12|           6|
    |icmp_ln621_129_fu_56353_p2    |      icmp|   0|  0|    12|          12|           6|
    |icmp_ln621_12_fu_10189_p2     |      icmp|   0|  0|    12|          12|           6|
    |icmp_ln621_130_fu_57546_p2    |      icmp|   0|  0|    12|          12|           6|
    |icmp_ln621_131_fu_56597_p2    |      icmp|   0|  0|    12|          12|           6|
    |icmp_ln621_13_fu_7860_p2      |      icmp|   0|  0|    12|          12|           6|
    |icmp_ln621_14_fu_10330_p2     |      icmp|   0|  0|    12|          12|           6|
    |icmp_ln621_15_fu_8104_p2      |      icmp|   0|  0|    12|          12|           6|
    |icmp_ln621_16_fu_12962_p2     |      icmp|   0|  0|    12|          12|           6|
    |icmp_ln621_17_fu_10571_p2     |      icmp|   0|  0|    12|          12|           6|
    |icmp_ln621_18_fu_13103_p2     |      icmp|   0|  0|    12|          12|           6|
    |icmp_ln621_19_fu_10815_p2     |      icmp|   0|  0|    12|          12|           6|
    |icmp_ln621_1_fu_2549_p2       |      icmp|   0|  0|    12|          12|           6|
    |icmp_ln621_20_fu_13244_p2     |      icmp|   0|  0|    12|          12|           6|
    |icmp_ln621_21_fu_11059_p2     |      icmp|   0|  0|    12|          12|           6|
    |icmp_ln621_22_fu_13431_p2     |      icmp|   0|  0|    12|          12|           6|
    |icmp_ln621_23_fu_11303_p2     |      icmp|   0|  0|    12|          12|           6|
    |icmp_ln621_24_fu_13572_p2     |      icmp|   0|  0|    12|          12|           6|
    |icmp_ln621_25_fu_11547_p2     |      icmp|   0|  0|    12|          12|           6|
    |icmp_ln621_26_fu_16178_p2     |      icmp|   0|  0|    12|          12|           6|
    |icmp_ln621_27_fu_13813_p2     |      icmp|   0|  0|    12|          12|           6|
    |icmp_ln621_28_fu_16319_p2     |      icmp|   0|  0|    12|          12|           6|
    |icmp_ln621_29_fu_14057_p2     |      icmp|   0|  0|    12|          12|           6|
    |icmp_ln621_2_fu_6656_p2       |      icmp|   0|  0|    12|          12|           6|
    |icmp_ln621_30_fu_16460_p2     |      icmp|   0|  0|    12|          12|           6|
    |icmp_ln621_31_fu_14301_p2     |      icmp|   0|  0|    12|          12|           6|
    |icmp_ln621_32_fu_16601_p2     |      icmp|   0|  0|    12|          12|           6|
    |icmp_ln621_33_fu_14545_p2     |      icmp|   0|  0|    12|          12|           6|
    |icmp_ln621_34_fu_16742_p2     |      icmp|   0|  0|    12|          12|           6|
    |icmp_ln621_35_fu_14789_p2     |      icmp|   0|  0|    12|          12|           6|
    |icmp_ln621_36_fu_19095_p2     |      icmp|   0|  0|    12|          12|           6|
    |icmp_ln621_37_fu_16983_p2     |      icmp|   0|  0|    12|          12|           6|
    |icmp_ln621_38_fu_19236_p2     |      icmp|   0|  0|    12|          12|           6|
    |icmp_ln621_39_fu_17227_p2     |      icmp|   0|  0|    12|          12|           6|
    |icmp_ln621_3_fu_6666_p2       |      icmp|   0|  0|    12|          12|           6|
    |icmp_ln621_40_fu_21791_p2     |      icmp|   0|  0|    12|          12|           6|
    |icmp_ln621_41_fu_19477_p2     |      icmp|   0|  0|    12|          12|           6|
    |icmp_ln621_42_fu_21978_p2     |      icmp|   0|  0|    12|          12|           6|
    |icmp_ln621_43_fu_19721_p2     |      icmp|   0|  0|    12|          12|           6|
    |icmp_ln621_44_fu_22165_p2     |      icmp|   0|  0|    12|          12|           6|
    |icmp_ln621_45_fu_19965_p2     |      icmp|   0|  0|    12|          12|           6|
    |icmp_ln621_46_fu_25019_p2     |      icmp|   0|  0|    12|          12|           6|
    |icmp_ln621_47_fu_22406_p2     |      icmp|   0|  0|    12|          12|           6|
    |icmp_ln621_48_fu_25160_p2     |      icmp|   0|  0|    12|          12|           6|
    |icmp_ln621_49_fu_22645_p2     |      icmp|   0|  0|    12|          12|           6|
    |icmp_ln621_4_fu_6874_p2       |      icmp|   0|  0|    12|          12|           6|
    |icmp_ln621_50_fu_25301_p2     |      icmp|   0|  0|    12|          12|           6|
    |icmp_ln621_51_fu_22886_p2     |      icmp|   0|  0|    12|          12|           6|
    |icmp_ln621_52_fu_25488_p2     |      icmp|   0|  0|    12|          12|           6|
    |icmp_ln621_53_fu_23130_p2     |      icmp|   0|  0|    12|          12|           6|
    |icmp_ln621_54_fu_25629_p2     |      icmp|   0|  0|    12|          12|           6|
    |icmp_ln621_55_fu_23374_p2     |      icmp|   0|  0|    12|          12|           6|
    |icmp_ln621_56_fu_28469_p2     |      icmp|   0|  0|    12|          12|           6|
    |icmp_ln621_57_fu_25870_p2     |      icmp|   0|  0|    12|          12|           6|
    |icmp_ln621_58_fu_28610_p2     |      icmp|   0|  0|    12|          12|           6|
    |icmp_ln621_59_fu_26114_p2     |      icmp|   0|  0|    12|          12|           6|
    |icmp_ln621_5_fu_6884_p2       |      icmp|   0|  0|    12|          12|           6|
    |icmp_ln621_60_fu_31185_p2     |      icmp|   0|  0|    12|          12|           6|
    |icmp_ln621_61_fu_28897_p2     |      icmp|   0|  0|    12|          12|           6|
    |icmp_ln621_62_fu_29041_p2     |      icmp|   0|  0|    12|          12|           6|
    |icmp_ln621_63_fu_26461_p2     |      icmp|   0|  0|    12|          12|           6|
    |icmp_ln621_64_fu_29182_p2     |      icmp|   0|  0|    12|          12|           6|
    |icmp_ln621_65_fu_26705_p2     |      icmp|   0|  0|    12|          12|           6|
    |icmp_ln621_66_fu_31500_p2     |      icmp|   0|  0|    12|          12|           6|
    |icmp_ln621_67_fu_29469_p2     |      icmp|   0|  0|    12|          12|           6|
    |icmp_ln621_68_fu_34180_p2     |      icmp|   0|  0|    12|          12|           6|
    |icmp_ln621_69_fu_31741_p2     |      icmp|   0|  0|    12|          12|           6|
    |icmp_ln621_6_fu_9720_p2       |      icmp|   0|  0|    12|          12|           6|
    |icmp_ln621_70_fu_34367_p2     |      icmp|   0|  0|    12|          12|           6|
    |icmp_ln621_71_fu_31985_p2     |      icmp|   0|  0|    12|          12|           6|
    |icmp_ln621_72_fu_34508_p2     |      icmp|   0|  0|    12|          12|           6|
    |icmp_ln621_73_fu_32229_p2     |      icmp|   0|  0|    12|          12|           6|
    |icmp_ln621_74_fu_34649_p2     |      icmp|   0|  0|    12|          12|           6|
    |icmp_ln621_75_fu_32473_p2     |      icmp|   0|  0|    12|          12|           6|
    |icmp_ln621_76_fu_37436_p2     |      icmp|   0|  0|    12|          12|           6|
    |icmp_ln621_77_fu_34890_p2     |      icmp|   0|  0|    12|          12|           6|
    |icmp_ln621_78_fu_37577_p2     |      icmp|   0|  0|    12|          12|           6|
    |icmp_ln621_79_fu_35134_p2     |      icmp|   0|  0|    12|          12|           6|
    |icmp_ln621_7_fu_7128_p2       |      icmp|   0|  0|    12|          12|           6|
    |icmp_ln621_80_fu_40448_p2     |      icmp|   0|  0|    12|          12|           6|
    |icmp_ln621_81_fu_37818_p2     |      icmp|   0|  0|    12|          12|           6|
    |icmp_ln621_82_fu_37962_p2     |      icmp|   0|  0|    12|          12|           6|
    |icmp_ln621_83_fu_35481_p2     |      icmp|   0|  0|    12|          12|           6|
    |icmp_ln621_84_fu_38103_p2     |      icmp|   0|  0|    12|          12|           6|
    |icmp_ln621_85_fu_35725_p2     |      icmp|   0|  0|    12|          12|           6|
    |icmp_ln621_86_fu_40761_p2     |      icmp|   0|  0|    12|          12|           6|
    |icmp_ln621_87_fu_38344_p2     |      icmp|   0|  0|    12|          12|           6|
    |icmp_ln621_88_fu_43331_p2     |      icmp|   0|  0|    12|          12|           6|
    |icmp_ln621_89_fu_41002_p2     |      icmp|   0|  0|    12|          12|           6|
    |icmp_ln621_8_fu_9861_p2       |      icmp|   0|  0|    12|          12|           6|
    |icmp_ln621_90_fu_43472_p2     |      icmp|   0|  0|    12|          12|           6|
    |icmp_ln621_91_fu_41246_p2     |      icmp|   0|  0|    12|          12|           6|
    |icmp_ln621_92_fu_41390_p2     |      icmp|   0|  0|    12|          12|           6|
    |icmp_ln621_93_fu_38794_p2     |      icmp|   0|  0|    12|          12|           6|
    |icmp_ln621_94_fu_41531_p2     |      icmp|   0|  0|    12|          12|           6|
    |icmp_ln621_95_fu_39038_p2     |      icmp|   0|  0|    12|          12|           6|
    |icmp_ln621_96_fu_43785_p2     |      icmp|   0|  0|    12|          12|           6|
    |icmp_ln621_97_fu_41772_p2     |      icmp|   0|  0|    12|          12|           6|
    |icmp_ln621_98_fu_46271_p2     |      icmp|   0|  0|    12|          12|           6|
    |icmp_ln621_99_fu_44026_p2     |      icmp|   0|  0|    12|          12|           6|
    |icmp_ln621_9_fu_7372_p2       |      icmp|   0|  0|    12|          12|           6|
    |icmp_ln621_fu_2535_p2         |      icmp|   0|  0|    12|          12|           6|
    |icmp_ln631_100_fu_46522_p2    |      icmp|   0|  0|    12|          12|           6|
    |icmp_ln631_101_fu_46527_p2    |      icmp|   0|  0|    12|          12|           6|
    |icmp_ln631_102_fu_44383_p2    |      icmp|   0|  0|    12|          12|           6|
    |icmp_ln631_103_fu_44388_p2    |      icmp|   0|  0|    12|          12|           6|
    |icmp_ln631_104_fu_44627_p2    |      icmp|   0|  0|    12|          12|           6|
    |icmp_ln631_105_fu_44632_p2    |      icmp|   0|  0|    12|          12|           6|
    |icmp_ln631_106_fu_47048_p2    |      icmp|   0|  0|    12|          12|           6|
    |icmp_ln631_107_fu_47053_p2    |      icmp|   0|  0|    12|          12|           6|
    |icmp_ln631_108_fu_49524_p2    |      icmp|   0|  0|    12|          12|           6|
    |icmp_ln631_109_fu_49529_p2    |      icmp|   0|  0|    12|          12|           6|
    |icmp_ln631_10_fu_7626_p2      |      icmp|   0|  0|    12|          12|           6|
    |icmp_ln631_110_fu_49763_p2    |      icmp|   0|  0|    12|          12|           6|
    |icmp_ln631_111_fu_49768_p2    |      icmp|   0|  0|    12|          12|           6|
    |icmp_ln631_112_fu_47498_p2    |      icmp|   0|  0|    12|          12|           6|
    |icmp_ln631_113_fu_47503_p2    |      icmp|   0|  0|    12|          12|           6|
    |icmp_ln631_114_fu_47742_p2    |      icmp|   0|  0|    12|          12|           6|
    |icmp_ln631_115_fu_47747_p2    |      icmp|   0|  0|    12|          12|           6|
    |icmp_ln631_116_fu_50286_p2    |      icmp|   0|  0|    12|          12|           6|
    |icmp_ln631_117_fu_50291_p2    |      icmp|   0|  0|    12|          12|           6|
    |icmp_ln631_118_fu_52424_p2    |      icmp|   0|  0|    12|          12|           6|
    |icmp_ln631_119_fu_52429_p2    |      icmp|   0|  0|    12|          12|           6|
    |icmp_ln631_11_fu_7631_p2      |      icmp|   0|  0|    12|          12|           6|
    |icmp_ln631_120_fu_54392_p2    |      icmp|   0|  0|    12|          12|           6|
    |icmp_ln631_121_fu_54397_p2    |      icmp|   0|  0|    12|          12|           6|
    |icmp_ln631_122_fu_52771_p2    |      icmp|   0|  0|    12|          12|           6|
    |icmp_ln631_123_fu_52776_p2    |      icmp|   0|  0|    12|          12|           6|
    |icmp_ln631_124_fu_53015_p2    |      icmp|   0|  0|    12|          12|           6|
    |icmp_ln631_125_fu_53020_p2    |      icmp|   0|  0|    12|          12|           6|
    |icmp_ln631_126_fu_54964_p2    |      icmp|   0|  0|    12|          12|           6|
    |icmp_ln631_127_fu_54969_p2    |      icmp|   0|  0|    12|          12|           6|
    |icmp_ln631_128_fu_56363_p2    |      icmp|   0|  0|    12|          12|           6|
    |icmp_ln631_129_fu_56368_p2    |      icmp|   0|  0|    12|          12|           6|
    |icmp_ln631_12_fu_7870_p2      |      icmp|   0|  0|    12|          12|           6|
    |icmp_ln631_130_fu_56607_p2    |      icmp|   0|  0|    12|          12|           6|
    |icmp_ln631_131_fu_56612_p2    |      icmp|   0|  0|    12|          12|           6|
    |icmp_ln631_13_fu_7875_p2      |      icmp|   0|  0|    12|          12|           6|
    |icmp_ln631_14_fu_8114_p2      |      icmp|   0|  0|    12|          12|           6|
    |icmp_ln631_15_fu_8119_p2      |      icmp|   0|  0|    12|          12|           6|
    |icmp_ln631_16_fu_10581_p2     |      icmp|   0|  0|    12|          12|           6|
    |icmp_ln631_17_fu_10586_p2     |      icmp|   0|  0|    12|          12|           6|
    |icmp_ln631_18_fu_10825_p2     |      icmp|   0|  0|    12|          12|           6|
    |icmp_ln631_19_fu_10830_p2     |      icmp|   0|  0|    12|          12|           6|
    |icmp_ln631_1_fu_2686_p2       |      icmp|   0|  0|    12|          12|           6|
    |icmp_ln631_20_fu_11069_p2     |      icmp|   0|  0|    12|          12|           6|
    |icmp_ln631_21_fu_11074_p2     |      icmp|   0|  0|    12|          12|           6|
    |icmp_ln631_22_fu_11313_p2     |      icmp|   0|  0|    12|          12|           6|
    |icmp_ln631_23_fu_11318_p2     |      icmp|   0|  0|    12|          12|           6|
    |icmp_ln631_24_fu_11557_p2     |      icmp|   0|  0|    12|          12|           6|
    |icmp_ln631_25_fu_11562_p2     |      icmp|   0|  0|    12|          12|           6|
    |icmp_ln631_26_fu_13823_p2     |      icmp|   0|  0|    12|          12|           6|
    |icmp_ln631_27_fu_13828_p2     |      icmp|   0|  0|    12|          12|           6|
    |icmp_ln631_28_fu_14067_p2     |      icmp|   0|  0|    12|          12|           6|
    |icmp_ln631_29_fu_14072_p2     |      icmp|   0|  0|    12|          12|           6|
    |icmp_ln631_2_fu_6676_p2       |      icmp|   0|  0|    12|          12|           6|
    |icmp_ln631_30_fu_14311_p2     |      icmp|   0|  0|    12|          12|           6|
    |icmp_ln631_31_fu_14316_p2     |      icmp|   0|  0|    12|          12|           6|
    |icmp_ln631_32_fu_14555_p2     |      icmp|   0|  0|    12|          12|           6|
    |icmp_ln631_33_fu_14560_p2     |      icmp|   0|  0|    12|          12|           6|
    |icmp_ln631_34_fu_14799_p2     |      icmp|   0|  0|    12|          12|           6|
    |icmp_ln631_35_fu_14804_p2     |      icmp|   0|  0|    12|          12|           6|
    |icmp_ln631_36_fu_16993_p2     |      icmp|   0|  0|    12|          12|           6|
    |icmp_ln631_37_fu_16998_p2     |      icmp|   0|  0|    12|          12|           6|
    |icmp_ln631_38_fu_17237_p2     |      icmp|   0|  0|    12|          12|           6|
    |icmp_ln631_39_fu_17242_p2     |      icmp|   0|  0|    12|          12|           6|
    |icmp_ln631_3_fu_6681_p2       |      icmp|   0|  0|    12|          12|           6|
    |icmp_ln631_40_fu_19487_p2     |      icmp|   0|  0|    12|          12|           6|
    |icmp_ln631_41_fu_19492_p2     |      icmp|   0|  0|    12|          12|           6|
    |icmp_ln631_42_fu_19731_p2     |      icmp|   0|  0|    12|          12|           6|
    |icmp_ln631_43_fu_19736_p2     |      icmp|   0|  0|    12|          12|           6|
    |icmp_ln631_44_fu_19975_p2     |      icmp|   0|  0|    12|          12|           6|
    |icmp_ln631_45_fu_19980_p2     |      icmp|   0|  0|    12|          12|           6|
    |icmp_ln631_46_fu_22416_p2     |      icmp|   0|  0|    12|          12|           6|
    |icmp_ln631_47_fu_22421_p2     |      icmp|   0|  0|    12|          12|           6|
    |icmp_ln631_48_fu_22655_p2     |      icmp|   0|  0|    12|          12|           6|
    |icmp_ln631_49_fu_22660_p2     |      icmp|   0|  0|    12|          12|           6|
    |icmp_ln631_4_fu_6894_p2       |      icmp|   0|  0|    12|          12|           6|
    |icmp_ln631_50_fu_22896_p2     |      icmp|   0|  0|    12|          12|           6|
    |icmp_ln631_51_fu_22901_p2     |      icmp|   0|  0|    12|          12|           6|
    |icmp_ln631_52_fu_23140_p2     |      icmp|   0|  0|    12|          12|           6|
    |icmp_ln631_53_fu_23145_p2     |      icmp|   0|  0|    12|          12|           6|
    |icmp_ln631_54_fu_23384_p2     |      icmp|   0|  0|    12|          12|           6|
    |icmp_ln631_55_fu_23389_p2     |      icmp|   0|  0|    12|          12|           6|
    |icmp_ln631_56_fu_25880_p2     |      icmp|   0|  0|    12|          12|           6|
    |icmp_ln631_57_fu_25885_p2     |      icmp|   0|  0|    12|          12|           6|
    |icmp_ln631_58_fu_26124_p2     |      icmp|   0|  0|    12|          12|           6|
    |icmp_ln631_59_fu_26129_p2     |      icmp|   0|  0|    12|          12|           6|
    |icmp_ln631_5_fu_6899_p2       |      icmp|   0|  0|    12|          12|           6|
    |icmp_ln631_60_fu_28907_p2     |      icmp|   0|  0|    12|          12|           6|
    |icmp_ln631_61_fu_28912_p2     |      icmp|   0|  0|    12|          12|           6|
    |icmp_ln631_62_fu_26471_p2     |      icmp|   0|  0|    12|          12|           6|
    |icmp_ln631_63_fu_26476_p2     |      icmp|   0|  0|    12|          12|           6|
    |icmp_ln631_64_fu_26715_p2     |      icmp|   0|  0|    12|          12|           6|
    |icmp_ln631_65_fu_26720_p2     |      icmp|   0|  0|    12|          12|           6|
    |icmp_ln631_66_fu_29479_p2     |      icmp|   0|  0|    12|          12|           6|
    |icmp_ln631_67_fu_29484_p2     |      icmp|   0|  0|    12|          12|           6|
    |icmp_ln631_68_fu_31751_p2     |      icmp|   0|  0|    12|          12|           6|
    |icmp_ln631_69_fu_31756_p2     |      icmp|   0|  0|    12|          12|           6|
    |icmp_ln631_6_fu_7138_p2       |      icmp|   0|  0|    12|          12|           6|
    |icmp_ln631_70_fu_31995_p2     |      icmp|   0|  0|    12|          12|           6|
    |icmp_ln631_71_fu_32000_p2     |      icmp|   0|  0|    12|          12|           6|
    |icmp_ln631_72_fu_32239_p2     |      icmp|   0|  0|    12|          12|           6|
    |icmp_ln631_73_fu_32244_p2     |      icmp|   0|  0|    12|          12|           6|
    |icmp_ln631_74_fu_32483_p2     |      icmp|   0|  0|    12|          12|           6|
    |icmp_ln631_75_fu_32488_p2     |      icmp|   0|  0|    12|          12|           6|
    |icmp_ln631_76_fu_34900_p2     |      icmp|   0|  0|    12|          12|           6|
    |icmp_ln631_77_fu_34905_p2     |      icmp|   0|  0|    12|          12|           6|
    |icmp_ln631_78_fu_35144_p2     |      icmp|   0|  0|    12|          12|           6|
    |icmp_ln631_79_fu_35149_p2     |      icmp|   0|  0|    12|          12|           6|
    |icmp_ln631_7_fu_7143_p2       |      icmp|   0|  0|    12|          12|           6|
    |icmp_ln631_80_fu_37828_p2     |      icmp|   0|  0|    12|          12|           6|
    |icmp_ln631_81_fu_37833_p2     |      icmp|   0|  0|    12|          12|           6|
    |icmp_ln631_82_fu_35491_p2     |      icmp|   0|  0|    12|          12|           6|
    |icmp_ln631_83_fu_35496_p2     |      icmp|   0|  0|    12|          12|           6|
    |icmp_ln631_84_fu_35735_p2     |      icmp|   0|  0|    12|          12|           6|
    |icmp_ln631_85_fu_35740_p2     |      icmp|   0|  0|    12|          12|           6|
    |icmp_ln631_86_fu_38354_p2     |      icmp|   0|  0|    12|          12|           6|
    |icmp_ln631_87_fu_38359_p2     |      icmp|   0|  0|    12|          12|           6|
    |icmp_ln631_88_fu_41012_p2     |      icmp|   0|  0|    12|          12|           6|
    |icmp_ln631_89_fu_41017_p2     |      icmp|   0|  0|    12|          12|           6|
    |icmp_ln631_8_fu_7382_p2       |      icmp|   0|  0|    12|          12|           6|
    |icmp_ln631_90_fu_41256_p2     |      icmp|   0|  0|    12|          12|           6|
    |icmp_ln631_91_fu_41261_p2     |      icmp|   0|  0|    12|          12|           6|
    |icmp_ln631_92_fu_38804_p2     |      icmp|   0|  0|    12|          12|           6|
    |icmp_ln631_93_fu_38809_p2     |      icmp|   0|  0|    12|          12|           6|
    |icmp_ln631_94_fu_39048_p2     |      icmp|   0|  0|    12|          12|           6|
    |icmp_ln631_95_fu_39053_p2     |      icmp|   0|  0|    12|          12|           6|
    |icmp_ln631_96_fu_41782_p2     |      icmp|   0|  0|    12|          12|           6|
    |icmp_ln631_97_fu_41787_p2     |      icmp|   0|  0|    12|          12|           6|
    |icmp_ln631_98_fu_44036_p2     |      icmp|   0|  0|    12|          12|           6|
    |icmp_ln631_99_fu_44041_p2     |      icmp|   0|  0|    12|          12|           6|
    |icmp_ln631_9_fu_7387_p2       |      icmp|   0|  0|    12|          12|           6|
    |icmp_ln631_fu_2681_p2         |      icmp|   0|  0|    12|          12|           6|
    |icmp_ln641_10_fu_11128_p2     |      icmp|   0|  0|    25|          54|           1|
    |icmp_ln641_11_fu_11372_p2     |      icmp|   0|  0|    25|          54|           1|
    |icmp_ln641_12_fu_11616_p2     |      icmp|   0|  0|    25|          54|           1|
    |icmp_ln641_13_fu_13882_p2     |      icmp|   0|  0|    25|          54|           1|
    |icmp_ln641_14_fu_14126_p2     |      icmp|   0|  0|    25|          54|           1|
    |icmp_ln641_15_fu_14370_p2     |      icmp|   0|  0|    25|          54|           1|
    |icmp_ln641_16_fu_14614_p2     |      icmp|   0|  0|    25|          54|           1|
    |icmp_ln641_17_fu_14858_p2     |      icmp|   0|  0|    25|          54|           1|
    |icmp_ln641_18_fu_17052_p2     |      icmp|   0|  0|    25|          54|           1|
    |icmp_ln641_19_fu_17296_p2     |      icmp|   0|  0|    25|          54|           1|
    |icmp_ln641_1_fu_6735_p2       |      icmp|   0|  0|    25|          54|           1|
    |icmp_ln641_20_fu_19546_p2     |      icmp|   0|  0|    25|          54|           1|
    |icmp_ln641_21_fu_19790_p2     |      icmp|   0|  0|    25|          54|           1|
    |icmp_ln641_22_fu_20034_p2     |      icmp|   0|  0|    25|          54|           1|
    |icmp_ln641_23_fu_22475_p2     |      icmp|   0|  0|    25|          54|           1|
    |icmp_ln641_24_fu_22713_p2     |      icmp|   0|  0|    25|          54|           1|
    |icmp_ln641_25_fu_22955_p2     |      icmp|   0|  0|    25|          54|           1|
    |icmp_ln641_26_fu_23199_p2     |      icmp|   0|  0|    25|          54|           1|
    |icmp_ln641_27_fu_23443_p2     |      icmp|   0|  0|    25|          54|           1|
    |icmp_ln641_28_fu_25939_p2     |      icmp|   0|  0|    25|          54|           1|
    |icmp_ln641_29_fu_26183_p2     |      icmp|   0|  0|    25|          54|           1|
    |icmp_ln641_2_fu_6953_p2       |      icmp|   0|  0|    25|          54|           1|
    |icmp_ln641_30_fu_28966_p2     |      icmp|   0|  0|    25|          54|           1|
    |icmp_ln641_31_fu_26530_p2     |      icmp|   0|  0|    25|          54|           1|
    |icmp_ln641_32_fu_26774_p2     |      icmp|   0|  0|    25|          54|           1|
    |icmp_ln641_33_fu_29538_p2     |      icmp|   0|  0|    25|          54|           1|
    |icmp_ln641_34_fu_31810_p2     |      icmp|   0|  0|    25|          54|           1|
    |icmp_ln641_35_fu_32054_p2     |      icmp|   0|  0|    25|          54|           1|
    |icmp_ln641_36_fu_32298_p2     |      icmp|   0|  0|    25|          54|           1|
    |icmp_ln641_37_fu_32542_p2     |      icmp|   0|  0|    25|          54|           1|
    |icmp_ln641_38_fu_34959_p2     |      icmp|   0|  0|    25|          54|           1|
    |icmp_ln641_39_fu_35203_p2     |      icmp|   0|  0|    25|          54|           1|
    |icmp_ln641_3_fu_7197_p2       |      icmp|   0|  0|    25|          54|           1|
    |icmp_ln641_40_fu_37887_p2     |      icmp|   0|  0|    25|          54|           1|
    |icmp_ln641_41_fu_35550_p2     |      icmp|   0|  0|    25|          54|           1|
    |icmp_ln641_42_fu_35794_p2     |      icmp|   0|  0|    25|          54|           1|
    |icmp_ln641_43_fu_38413_p2     |      icmp|   0|  0|    25|          54|           1|
    |icmp_ln641_44_fu_41071_p2     |      icmp|   0|  0|    25|          54|           1|
    |icmp_ln641_45_fu_41315_p2     |      icmp|   0|  0|    25|          54|           1|
    |icmp_ln641_46_fu_38863_p2     |      icmp|   0|  0|    25|          54|           1|
    |icmp_ln641_47_fu_39107_p2     |      icmp|   0|  0|    25|          54|           1|
    |icmp_ln641_48_fu_41841_p2     |      icmp|   0|  0|    25|          54|           1|
    |icmp_ln641_49_fu_44095_p2     |      icmp|   0|  0|    25|          54|           1|
    |icmp_ln641_4_fu_7441_p2       |      icmp|   0|  0|    25|          54|           1|
    |icmp_ln641_50_fu_46581_p2     |      icmp|   0|  0|    25|          54|           1|
    |icmp_ln641_51_fu_44442_p2     |      icmp|   0|  0|    25|          54|           1|
    |icmp_ln641_52_fu_44686_p2     |      icmp|   0|  0|    25|          54|           1|
    |icmp_ln641_53_fu_47107_p2     |      icmp|   0|  0|    25|          54|           1|
    |icmp_ln641_54_fu_49583_p2     |      icmp|   0|  0|    25|          54|           1|
    |icmp_ln641_55_fu_49821_p2     |      icmp|   0|  0|    25|          54|           1|
    |icmp_ln641_56_fu_47557_p2     |      icmp|   0|  0|    25|          54|           1|
    |icmp_ln641_57_fu_47801_p2     |      icmp|   0|  0|    25|          54|           1|
    |icmp_ln641_58_fu_50345_p2     |      icmp|   0|  0|    25|          54|           1|
    |icmp_ln641_59_fu_52483_p2     |      icmp|   0|  0|    25|          54|           1|
    |icmp_ln641_5_fu_7685_p2       |      icmp|   0|  0|    25|          54|           1|
    |icmp_ln641_60_fu_54451_p2     |      icmp|   0|  0|    25|          54|           1|
    |icmp_ln641_61_fu_52830_p2     |      icmp|   0|  0|    25|          54|           1|
    |icmp_ln641_62_fu_53074_p2     |      icmp|   0|  0|    25|          54|           1|
    |icmp_ln641_63_fu_55023_p2     |      icmp|   0|  0|    25|          54|           1|
    |icmp_ln641_64_fu_56422_p2     |      icmp|   0|  0|    25|          54|           1|
    |icmp_ln641_65_fu_56666_p2     |      icmp|   0|  0|    25|          54|           1|
    |icmp_ln641_6_fu_7929_p2       |      icmp|   0|  0|    25|          54|           1|
    |icmp_ln641_7_fu_8173_p2       |      icmp|   0|  0|    25|          54|           1|
    |icmp_ln641_8_fu_10640_p2      |      icmp|   0|  0|    25|          54|           1|
    |icmp_ln641_9_fu_10884_p2      |      icmp|   0|  0|    25|          54|           1|
    |icmp_ln641_fu_2732_p2         |      icmp|   0|  0|    25|          54|           1|
    |icmp_ln642_10_fu_11139_p2     |      icmp|   0|  0|    12|          12|           6|
    |icmp_ln642_11_fu_11383_p2     |      icmp|   0|  0|    12|          12|           6|
    |icmp_ln642_12_fu_11627_p2     |      icmp|   0|  0|    12|          12|           6|
    |icmp_ln642_13_fu_13893_p2     |      icmp|   0|  0|    12|          12|           6|
    |icmp_ln642_14_fu_14137_p2     |      icmp|   0|  0|    12|          12|           6|
    |icmp_ln642_15_fu_14381_p2     |      icmp|   0|  0|    12|          12|           6|
    |icmp_ln642_16_fu_14625_p2     |      icmp|   0|  0|    12|          12|           6|
    |icmp_ln642_17_fu_14869_p2     |      icmp|   0|  0|    12|          12|           6|
    |icmp_ln642_18_fu_17063_p2     |      icmp|   0|  0|    12|          12|           6|
    |icmp_ln642_19_fu_17307_p2     |      icmp|   0|  0|    12|          12|           6|
    |icmp_ln642_1_fu_6746_p2       |      icmp|   0|  0|    12|          12|           6|
    |icmp_ln642_20_fu_19557_p2     |      icmp|   0|  0|    12|          12|           6|
    |icmp_ln642_21_fu_19801_p2     |      icmp|   0|  0|    12|          12|           6|
    |icmp_ln642_22_fu_20045_p2     |      icmp|   0|  0|    12|          12|           6|
    |icmp_ln642_23_fu_22486_p2     |      icmp|   0|  0|    12|          12|           6|
    |icmp_ln642_24_fu_22724_p2     |      icmp|   0|  0|    12|          12|           6|
    |icmp_ln642_25_fu_22966_p2     |      icmp|   0|  0|    12|          12|           6|
    |icmp_ln642_26_fu_23210_p2     |      icmp|   0|  0|    12|          12|           6|
    |icmp_ln642_27_fu_23454_p2     |      icmp|   0|  0|    12|          12|           6|
    |icmp_ln642_28_fu_25950_p2     |      icmp|   0|  0|    12|          12|           6|
    |icmp_ln642_29_fu_26194_p2     |      icmp|   0|  0|    12|          12|           6|
    |icmp_ln642_2_fu_6964_p2       |      icmp|   0|  0|    12|          12|           6|
    |icmp_ln642_30_fu_28977_p2     |      icmp|   0|  0|    12|          12|           6|
    |icmp_ln642_31_fu_26541_p2     |      icmp|   0|  0|    12|          12|           6|
    |icmp_ln642_32_fu_26785_p2     |      icmp|   0|  0|    12|          12|           6|
    |icmp_ln642_33_fu_29549_p2     |      icmp|   0|  0|    12|          12|           6|
    |icmp_ln642_34_fu_31821_p2     |      icmp|   0|  0|    12|          12|           6|
    |icmp_ln642_35_fu_32065_p2     |      icmp|   0|  0|    12|          12|           6|
    |icmp_ln642_36_fu_32309_p2     |      icmp|   0|  0|    12|          12|           6|
    |icmp_ln642_37_fu_32553_p2     |      icmp|   0|  0|    12|          12|           6|
    |icmp_ln642_38_fu_34970_p2     |      icmp|   0|  0|    12|          12|           6|
    |icmp_ln642_39_fu_35214_p2     |      icmp|   0|  0|    12|          12|           6|
    |icmp_ln642_3_fu_7208_p2       |      icmp|   0|  0|    12|          12|           6|
    |icmp_ln642_40_fu_37898_p2     |      icmp|   0|  0|    12|          12|           6|
    |icmp_ln642_41_fu_35561_p2     |      icmp|   0|  0|    12|          12|           6|
    |icmp_ln642_42_fu_35805_p2     |      icmp|   0|  0|    12|          12|           6|
    |icmp_ln642_43_fu_38424_p2     |      icmp|   0|  0|    12|          12|           6|
    |icmp_ln642_44_fu_41082_p2     |      icmp|   0|  0|    12|          12|           6|
    |icmp_ln642_45_fu_41326_p2     |      icmp|   0|  0|    12|          12|           6|
    |icmp_ln642_46_fu_38874_p2     |      icmp|   0|  0|    12|          12|           6|
    |icmp_ln642_47_fu_39118_p2     |      icmp|   0|  0|    12|          12|           6|
    |icmp_ln642_48_fu_41852_p2     |      icmp|   0|  0|    12|          12|           6|
    |icmp_ln642_49_fu_44106_p2     |      icmp|   0|  0|    12|          12|           6|
    |icmp_ln642_4_fu_7452_p2       |      icmp|   0|  0|    12|          12|           6|
    |icmp_ln642_50_fu_46592_p2     |      icmp|   0|  0|    12|          12|           6|
    |icmp_ln642_51_fu_44453_p2     |      icmp|   0|  0|    12|          12|           6|
    |icmp_ln642_52_fu_44697_p2     |      icmp|   0|  0|    12|          12|           6|
    |icmp_ln642_53_fu_47118_p2     |      icmp|   0|  0|    12|          12|           6|
    |icmp_ln642_54_fu_49594_p2     |      icmp|   0|  0|    12|          12|           6|
    |icmp_ln642_55_fu_49832_p2     |      icmp|   0|  0|    12|          12|           6|
    |icmp_ln642_56_fu_47568_p2     |      icmp|   0|  0|    12|          12|           6|
    |icmp_ln642_57_fu_47812_p2     |      icmp|   0|  0|    12|          12|           6|
    |icmp_ln642_58_fu_50356_p2     |      icmp|   0|  0|    12|          12|           6|
    |icmp_ln642_59_fu_52494_p2     |      icmp|   0|  0|    12|          12|           6|
    |icmp_ln642_5_fu_7696_p2       |      icmp|   0|  0|    12|          12|           6|
    |icmp_ln642_60_fu_54462_p2     |      icmp|   0|  0|    12|          12|           6|
    |icmp_ln642_61_fu_52841_p2     |      icmp|   0|  0|    12|          12|           6|
    |icmp_ln642_62_fu_53085_p2     |      icmp|   0|  0|    12|          12|           6|
    |icmp_ln642_63_fu_55034_p2     |      icmp|   0|  0|    12|          12|           6|
    |icmp_ln642_64_fu_56433_p2     |      icmp|   0|  0|    12|          12|           6|
    |icmp_ln642_65_fu_56677_p2     |      icmp|   0|  0|    12|          12|           6|
    |icmp_ln642_6_fu_7940_p2       |      icmp|   0|  0|    12|          12|           6|
    |icmp_ln642_7_fu_8184_p2       |      icmp|   0|  0|    12|          12|           6|
    |icmp_ln642_8_fu_10651_p2      |      icmp|   0|  0|    12|          12|           6|
    |icmp_ln642_9_fu_10895_p2      |      icmp|   0|  0|    12|          12|           6|
    |icmp_ln642_fu_2743_p2         |      icmp|   0|  0|    12|          12|           6|
    |icmp_ln870_10_fu_11328_p2     |      icmp|   0|  0|    25|          54|          54|
    |icmp_ln870_11_fu_11572_p2     |      icmp|   0|  0|    25|          54|          54|
    |icmp_ln870_12_fu_13838_p2     |      icmp|   0|  0|    25|          54|          54|
    |icmp_ln870_13_fu_14082_p2     |      icmp|   0|  0|    25|          54|          54|
    |icmp_ln870_14_fu_14326_p2     |      icmp|   0|  0|    25|          54|          54|
    |icmp_ln870_15_fu_14570_p2     |      icmp|   0|  0|    25|          54|          54|
    |icmp_ln870_16_fu_14814_p2     |      icmp|   0|  0|    25|          54|          54|
    |icmp_ln870_17_fu_17008_p2     |      icmp|   0|  0|    25|          54|          54|
    |icmp_ln870_18_fu_17252_p2     |      icmp|   0|  0|    25|          54|          54|
    |icmp_ln870_19_fu_19502_p2     |      icmp|   0|  0|    25|          54|          54|
    |icmp_ln870_1_fu_6909_p2       |      icmp|   0|  0|    25|          54|          54|
    |icmp_ln870_20_fu_19746_p2     |      icmp|   0|  0|    25|          54|          54|
    |icmp_ln870_21_fu_19990_p2     |      icmp|   0|  0|    25|          54|          54|
    |icmp_ln870_22_fu_22431_p2     |      icmp|   0|  0|    25|          54|          54|
    |icmp_ln870_23_fu_22670_p2     |      icmp|   0|  0|    25|          54|          54|
    |icmp_ln870_24_fu_22911_p2     |      icmp|   0|  0|    25|          54|          54|
    |icmp_ln870_25_fu_23155_p2     |      icmp|   0|  0|    25|          54|          54|
    |icmp_ln870_26_fu_23399_p2     |      icmp|   0|  0|    25|          54|          54|
    |icmp_ln870_27_fu_25895_p2     |      icmp|   0|  0|    25|          54|          54|
    |icmp_ln870_28_fu_26139_p2     |      icmp|   0|  0|    25|          54|          54|
    |icmp_ln870_29_fu_28922_p2     |      icmp|   0|  0|    25|          54|          54|
    |icmp_ln870_2_fu_7153_p2       |      icmp|   0|  0|    25|          54|          54|
    |icmp_ln870_30_fu_26486_p2     |      icmp|   0|  0|    25|          54|          54|
    |icmp_ln870_31_fu_26730_p2     |      icmp|   0|  0|    25|          54|          54|
    |icmp_ln870_32_fu_29494_p2     |      icmp|   0|  0|    25|          54|          54|
    |icmp_ln870_33_fu_31766_p2     |      icmp|   0|  0|    25|          54|          54|
    |icmp_ln870_34_fu_32010_p2     |      icmp|   0|  0|    25|          54|          54|
    |icmp_ln870_35_fu_32254_p2     |      icmp|   0|  0|    25|          54|          54|
    |icmp_ln870_36_fu_32498_p2     |      icmp|   0|  0|    25|          54|          54|
    |icmp_ln870_37_fu_34915_p2     |      icmp|   0|  0|    25|          54|          54|
    |icmp_ln870_38_fu_35159_p2     |      icmp|   0|  0|    25|          54|          54|
    |icmp_ln870_39_fu_37843_p2     |      icmp|   0|  0|    25|          54|          54|
    |icmp_ln870_3_fu_7397_p2       |      icmp|   0|  0|    25|          54|          54|
    |icmp_ln870_40_fu_35506_p2     |      icmp|   0|  0|    25|          54|          54|
    |icmp_ln870_41_fu_35750_p2     |      icmp|   0|  0|    25|          54|          54|
    |icmp_ln870_42_fu_38369_p2     |      icmp|   0|  0|    25|          54|          54|
    |icmp_ln870_43_fu_41027_p2     |      icmp|   0|  0|    25|          54|          54|
    |icmp_ln870_44_fu_41271_p2     |      icmp|   0|  0|    25|          54|          54|
    |icmp_ln870_45_fu_38819_p2     |      icmp|   0|  0|    25|          54|          54|
    |icmp_ln870_46_fu_39063_p2     |      icmp|   0|  0|    25|          54|          54|
    |icmp_ln870_47_fu_41797_p2     |      icmp|   0|  0|    25|          54|          54|
    |icmp_ln870_48_fu_44051_p2     |      icmp|   0|  0|    25|          54|          54|
    |icmp_ln870_49_fu_46537_p2     |      icmp|   0|  0|    25|          54|          54|
    |icmp_ln870_4_fu_7641_p2       |      icmp|   0|  0|    25|          54|          54|
    |icmp_ln870_50_fu_44398_p2     |      icmp|   0|  0|    25|          54|          54|
    |icmp_ln870_51_fu_44642_p2     |      icmp|   0|  0|    25|          54|          54|
    |icmp_ln870_52_fu_47063_p2     |      icmp|   0|  0|    25|          54|          54|
    |icmp_ln870_53_fu_49539_p2     |      icmp|   0|  0|    25|          54|          54|
    |icmp_ln870_54_fu_49778_p2     |      icmp|   0|  0|    25|          54|          54|
    |icmp_ln870_55_fu_47513_p2     |      icmp|   0|  0|    25|          54|          54|
    |icmp_ln870_56_fu_47757_p2     |      icmp|   0|  0|    25|          54|          54|
    |icmp_ln870_57_fu_50301_p2     |      icmp|   0|  0|    25|          54|          54|
    |icmp_ln870_58_fu_52439_p2     |      icmp|   0|  0|    25|          54|          54|
    |icmp_ln870_59_fu_54407_p2     |      icmp|   0|  0|    25|          54|          54|
    |icmp_ln870_5_fu_7885_p2       |      icmp|   0|  0|    25|          54|          54|
    |icmp_ln870_60_fu_52786_p2     |      icmp|   0|  0|    25|          54|          54|
    |icmp_ln870_61_fu_53030_p2     |      icmp|   0|  0|    25|          54|          54|
    |icmp_ln870_62_fu_54979_p2     |      icmp|   0|  0|    25|          54|          54|
    |icmp_ln870_63_fu_56378_p2     |      icmp|   0|  0|    25|          54|          54|
    |icmp_ln870_64_fu_56622_p2     |      icmp|   0|  0|    25|          54|          54|
    |icmp_ln870_6_fu_8129_p2       |      icmp|   0|  0|    25|          54|          54|
    |icmp_ln870_7_fu_10596_p2      |      icmp|   0|  0|    25|          54|          54|
    |icmp_ln870_8_fu_10840_p2      |      icmp|   0|  0|    25|          54|          54|
    |icmp_ln870_9_fu_11084_p2      |      icmp|   0|  0|    25|          54|          54|
    |icmp_ln870_fu_6691_p2         |      icmp|   0|  0|    25|          54|          54|
    |icmp_ln935_fu_60156_p2        |      icmp|   0|  0|    21|          40|           1|
    |icmp_ln946_fu_60006_p2        |      icmp|   0|  0|    17|          31|           1|
    |icmp_ln949_fu_60046_p2        |      icmp|   0|  0|    21|          40|           1|
    |icmp_ln954_fu_60065_p2        |      icmp|   0|  0|    18|          32|           1|
    |Range2_V_1_fu_2627_p2         |      lshr|   0|  0|   161|          54|          54|
    |lshr_ln1497_10_fu_11323_p2    |      lshr|   0|  0|   161|           2|          54|
    |lshr_ln1497_11_fu_11567_p2    |      lshr|   0|  0|   161|           2|          54|
    |lshr_ln1497_12_fu_13833_p2    |      lshr|   0|  0|   161|           2|          54|
    |lshr_ln1497_13_fu_14077_p2    |      lshr|   0|  0|   161|           2|          54|
    |lshr_ln1497_14_fu_14321_p2    |      lshr|   0|  0|   161|           2|          54|
    |lshr_ln1497_15_fu_14565_p2    |      lshr|   0|  0|   161|           2|          54|
    |lshr_ln1497_16_fu_14809_p2    |      lshr|   0|  0|   161|           2|          54|
    |lshr_ln1497_17_fu_17003_p2    |      lshr|   0|  0|   161|           2|          54|
    |lshr_ln1497_18_fu_17247_p2    |      lshr|   0|  0|   161|           2|          54|
    |lshr_ln1497_19_fu_19497_p2    |      lshr|   0|  0|   161|           2|          54|
    |lshr_ln1497_1_fu_6904_p2      |      lshr|   0|  0|   161|           2|          54|
    |lshr_ln1497_20_fu_19741_p2    |      lshr|   0|  0|   161|           2|          54|
    |lshr_ln1497_21_fu_19985_p2    |      lshr|   0|  0|   161|           2|          54|
    |lshr_ln1497_22_fu_22426_p2    |      lshr|   0|  0|   161|           2|          54|
    |lshr_ln1497_23_fu_22665_p2    |      lshr|   0|  0|   161|           2|          54|
    |lshr_ln1497_24_fu_22906_p2    |      lshr|   0|  0|   161|           2|          54|
    |lshr_ln1497_25_fu_23150_p2    |      lshr|   0|  0|   161|           2|          54|
    |lshr_ln1497_26_fu_23394_p2    |      lshr|   0|  0|   161|           2|          54|
    |lshr_ln1497_27_fu_25890_p2    |      lshr|   0|  0|   161|           2|          54|
    |lshr_ln1497_28_fu_26134_p2    |      lshr|   0|  0|   161|           2|          54|
    |lshr_ln1497_29_fu_28917_p2    |      lshr|   0|  0|   161|           2|          54|
    |lshr_ln1497_2_fu_7148_p2      |      lshr|   0|  0|   161|           2|          54|
    |lshr_ln1497_30_fu_26481_p2    |      lshr|   0|  0|   161|           2|          54|
    |lshr_ln1497_31_fu_26725_p2    |      lshr|   0|  0|   161|           2|          54|
    |lshr_ln1497_32_fu_29489_p2    |      lshr|   0|  0|   161|           2|          54|
    |lshr_ln1497_33_fu_31761_p2    |      lshr|   0|  0|   161|           2|          54|
    |lshr_ln1497_34_fu_32005_p2    |      lshr|   0|  0|   161|           2|          54|
    |lshr_ln1497_35_fu_32249_p2    |      lshr|   0|  0|   161|           2|          54|
    |lshr_ln1497_36_fu_32493_p2    |      lshr|   0|  0|   161|           2|          54|
    |lshr_ln1497_37_fu_34910_p2    |      lshr|   0|  0|   161|           2|          54|
    |lshr_ln1497_38_fu_35154_p2    |      lshr|   0|  0|   161|           2|          54|
    |lshr_ln1497_39_fu_37838_p2    |      lshr|   0|  0|   161|           2|          54|
    |lshr_ln1497_3_fu_7392_p2      |      lshr|   0|  0|   161|           2|          54|
    |lshr_ln1497_40_fu_35501_p2    |      lshr|   0|  0|   161|           2|          54|
    |lshr_ln1497_41_fu_35745_p2    |      lshr|   0|  0|   161|           2|          54|
    |lshr_ln1497_42_fu_38364_p2    |      lshr|   0|  0|   161|           2|          54|
    |lshr_ln1497_43_fu_41022_p2    |      lshr|   0|  0|   161|           2|          54|
    |lshr_ln1497_44_fu_41266_p2    |      lshr|   0|  0|   161|           2|          54|
    |lshr_ln1497_45_fu_38814_p2    |      lshr|   0|  0|   161|           2|          54|
    |lshr_ln1497_46_fu_39058_p2    |      lshr|   0|  0|   161|           2|          54|
    |lshr_ln1497_47_fu_41792_p2    |      lshr|   0|  0|   161|           2|          54|
    |lshr_ln1497_48_fu_44046_p2    |      lshr|   0|  0|   161|           2|          54|
    |lshr_ln1497_49_fu_46532_p2    |      lshr|   0|  0|   161|           2|          54|
    |lshr_ln1497_4_fu_7636_p2      |      lshr|   0|  0|   161|           2|          54|
    |lshr_ln1497_50_fu_44393_p2    |      lshr|   0|  0|   161|           2|          54|
    |lshr_ln1497_51_fu_44637_p2    |      lshr|   0|  0|   161|           2|          54|
    |lshr_ln1497_52_fu_47058_p2    |      lshr|   0|  0|   161|           2|          54|
    |lshr_ln1497_53_fu_49534_p2    |      lshr|   0|  0|   161|           2|          54|
    |lshr_ln1497_54_fu_49773_p2    |      lshr|   0|  0|   161|           2|          54|
    |lshr_ln1497_55_fu_47508_p2    |      lshr|   0|  0|   161|           2|          54|
    |lshr_ln1497_56_fu_47752_p2    |      lshr|   0|  0|   161|           2|          54|
    |lshr_ln1497_57_fu_50296_p2    |      lshr|   0|  0|   161|           2|          54|
    |lshr_ln1497_58_fu_52434_p2    |      lshr|   0|  0|   161|           2|          54|
    |lshr_ln1497_59_fu_54402_p2    |      lshr|   0|  0|   161|           2|          54|
    |lshr_ln1497_5_fu_7880_p2      |      lshr|   0|  0|   161|           2|          54|
    |lshr_ln1497_60_fu_52781_p2    |      lshr|   0|  0|   161|           2|          54|
    |lshr_ln1497_61_fu_53025_p2    |      lshr|   0|  0|   161|           2|          54|
    |lshr_ln1497_62_fu_54974_p2    |      lshr|   0|  0|   161|           2|          54|
    |lshr_ln1497_63_fu_56373_p2    |      lshr|   0|  0|   161|           2|          54|
    |lshr_ln1497_64_fu_56617_p2    |      lshr|   0|  0|   161|           2|          54|
    |lshr_ln1497_6_fu_8124_p2      |      lshr|   0|  0|   161|           2|          54|
    |lshr_ln1497_7_fu_10591_p2     |      lshr|   0|  0|   161|           2|          54|
    |lshr_ln1497_8_fu_10835_p2     |      lshr|   0|  0|   161|           2|          54|
    |lshr_ln1497_9_fu_11079_p2     |      lshr|   0|  0|   161|           2|          54|
    |lshr_ln1497_fu_6686_p2        |      lshr|   0|  0|   161|           2|          54|
    |lshr_ln635_10_fu_8628_p2      |      lshr|   0|  0|   161|          54|          54|
    |lshr_ln635_11_fu_8731_p2      |      lshr|   0|  0|   161|          54|          54|
    |lshr_ln635_12_fu_11762_p2     |      lshr|   0|  0|   161|          54|          54|
    |lshr_ln635_13_fu_11865_p2     |      lshr|   0|  0|   161|          54|          54|
    |lshr_ln635_14_fu_11968_p2     |      lshr|   0|  0|   161|          54|          54|
    |lshr_ln635_15_fu_12071_p2     |      lshr|   0|  0|   161|          54|          54|
    |lshr_ln635_16_fu_12174_p2     |      lshr|   0|  0|   161|          54|          54|
    |lshr_ln635_17_fu_15004_p2     |      lshr|   0|  0|   161|          54|          54|
    |lshr_ln635_18_fu_15107_p2     |      lshr|   0|  0|   161|          54|          54|
    |lshr_ln635_19_fu_17442_p2     |      lshr|   0|  0|   161|          54|          54|
    |lshr_ln635_1_fu_5350_p2       |      lshr|   0|  0|   161|          54|          54|
    |lshr_ln635_20_fu_17545_p2     |      lshr|   0|  0|   161|          54|          54|
    |lshr_ln635_21_fu_17648_p2     |      lshr|   0|  0|   161|          54|          54|
    |lshr_ln635_22_fu_20180_p2     |      lshr|   0|  0|   161|          54|          54|
    |lshr_ln635_23_fu_20283_p2     |      lshr|   0|  0|   161|          54|          54|
    |lshr_ln635_24_fu_20386_p2     |      lshr|   0|  0|   161|          54|          54|
    |lshr_ln635_25_fu_20489_p2     |      lshr|   0|  0|   161|          54|          54|
    |lshr_ln635_26_fu_20592_p2     |      lshr|   0|  0|   161|          54|          54|
    |lshr_ln635_27_fu_23589_p2     |      lshr|   0|  0|   161|          54|          54|
    |lshr_ln635_28_fu_23692_p2     |      lshr|   0|  0|   161|          54|          54|
    |lshr_ln635_29_fu_26329_p2     |      lshr|   0|  0|   161|          54|          54|
    |lshr_ln635_2_fu_5453_p2       |      lshr|   0|  0|   161|          54|          54|
    |lshr_ln635_30_fu_23890_p2     |      lshr|   0|  0|   161|          54|          54|
    |lshr_ln635_31_fu_23993_p2     |      lshr|   0|  0|   161|          54|          54|
    |lshr_ln635_32_fu_26920_p2     |      lshr|   0|  0|   161|          54|          54|
    |lshr_ln635_33_fu_29684_p2     |      lshr|   0|  0|   161|          54|          54|
    |lshr_ln635_34_fu_29787_p2     |      lshr|   0|  0|   161|          54|          54|
    |lshr_ln635_35_fu_29890_p2     |      lshr|   0|  0|   161|          54|          54|
    |lshr_ln635_36_fu_29993_p2     |      lshr|   0|  0|   161|          54|          54|
    |lshr_ln635_37_fu_32688_p2     |      lshr|   0|  0|   161|          54|          54|
    |lshr_ln635_38_fu_32791_p2     |      lshr|   0|  0|   161|          54|          54|
    |lshr_ln635_39_fu_35349_p2     |      lshr|   0|  0|   161|          54|          54|
    |lshr_ln635_3_fu_5556_p2       |      lshr|   0|  0|   161|          54|          54|
    |lshr_ln635_40_fu_32989_p2     |      lshr|   0|  0|   161|          54|          54|
    |lshr_ln635_41_fu_33092_p2     |      lshr|   0|  0|   161|          54|          54|
    |lshr_ln635_42_fu_35940_p2     |      lshr|   0|  0|   161|          54|          54|
    |lshr_ln635_43_fu_38559_p2     |      lshr|   0|  0|   161|          54|          54|
    |lshr_ln635_44_fu_38662_p2     |      lshr|   0|  0|   161|          54|          54|
    |lshr_ln635_45_fu_36233_p2     |      lshr|   0|  0|   161|          54|          54|
    |lshr_ln635_46_fu_36336_p2     |      lshr|   0|  0|   161|          54|          54|
    |lshr_ln635_47_fu_39253_p2     |      lshr|   0|  0|   161|          54|          54|
    |lshr_ln635_48_fu_41987_p2     |      lshr|   0|  0|   161|          54|          54|
    |lshr_ln635_49_fu_44241_p2     |      lshr|   0|  0|   161|          54|          54|
    |lshr_ln635_4_fu_5659_p2       |      lshr|   0|  0|   161|          54|          54|
    |lshr_ln635_50_fu_42185_p2     |      lshr|   0|  0|   161|          54|          54|
    |lshr_ln635_51_fu_42288_p2     |      lshr|   0|  0|   161|          54|          54|
    |lshr_ln635_52_fu_44832_p2     |      lshr|   0|  0|   161|          54|          54|
    |lshr_ln635_53_fu_47253_p2     |      lshr|   0|  0|   161|          54|          54|
    |lshr_ln635_54_fu_47356_p2     |      lshr|   0|  0|   161|          54|          54|
    |lshr_ln635_55_fu_45131_p2     |      lshr|   0|  0|   161|          54|          54|
    |lshr_ln635_56_fu_45234_p2     |      lshr|   0|  0|   161|          54|          54|
    |lshr_ln635_57_fu_47947_p2     |      lshr|   0|  0|   161|          54|          54|
    |lshr_ln635_58_fu_50491_p2     |      lshr|   0|  0|   161|          54|          54|
    |lshr_ln635_59_fu_52629_p2     |      lshr|   0|  0|   161|          54|          54|
    |lshr_ln635_5_fu_5762_p2       |      lshr|   0|  0|   161|          54|          54|
    |lshr_ln635_60_fu_50689_p2     |      lshr|   0|  0|   161|          54|          54|
    |lshr_ln635_61_fu_50792_p2     |      lshr|   0|  0|   161|          54|          54|
    |lshr_ln635_62_fu_53220_p2     |      lshr|   0|  0|   161|          54|          54|
    |lshr_ln635_63_fu_55169_p2     |      lshr|   0|  0|   161|          54|          54|
    |lshr_ln635_64_fu_55272_p2     |      lshr|   0|  0|   161|          54|          54|
    |lshr_ln635_6_fu_5865_p2       |      lshr|   0|  0|   161|          54|          54|
    |lshr_ln635_7_fu_8319_p2       |      lshr|   0|  0|   161|          54|          54|
    |lshr_ln635_8_fu_8422_p2       |      lshr|   0|  0|   161|          54|          54|
    |lshr_ln635_9_fu_8525_p2       |      lshr|   0|  0|   161|          54|          54|
    |lshr_ln635_fu_5200_p2         |      lshr|   0|  0|   161|          54|          54|
    |lshr_ln947_fu_60020_p2        |      lshr|   0|  0|   133|           2|          40|
    |lshr_ln954_fu_60113_p2        |      lshr|   0|  0|   133|          40|          40|
    |r_fu_2691_p2                  |      lshr|   0|  0|   161|           2|          54|
    |or_ln1497_fu_59837_p2         |        or|   0|  0|     2|           1|           1|
    |or_ln340_100_fu_21923_p2      |        or|   0|  0|     2|           1|           1|
    |or_ln340_101_fu_21929_p2      |        or|   0|  0|     2|           1|           1|
    |or_ln340_102_fu_36573_p2      |        or|   0|  0|     2|           1|           1|
    |or_ln340_103_fu_36578_p2      |        or|   0|  0|     2|           1|           1|
    |or_ln340_104_fu_24864_p2      |        or|   0|  0|     2|           1|           1|
    |or_ln340_105_fu_22110_p2      |        or|   0|  0|     2|           1|           1|
    |or_ln340_106_fu_22116_p2      |        or|   0|  0|     2|           1|           1|
    |or_ln340_107_fu_33790_p2      |        or|   0|  0|     2|           1|           1|
    |or_ln340_108_fu_36582_p2      |        or|   0|  0|     2|           1|           1|
    |or_ln340_109_fu_24916_p2      |        or|   0|  0|     2|           1|           1|
    |or_ln340_10_fu_9631_p2        |        or|   0|  0|     2|           1|           1|
    |or_ln340_110_fu_24926_p2      |        or|   0|  0|     2|           1|           1|
    |or_ln340_111_fu_24931_p2      |        or|   0|  0|     2|           1|           1|
    |or_ln340_112_fu_33895_p2      |        or|   0|  0|     2|           1|           1|
    |or_ln340_113_fu_36586_p2      |        or|   0|  0|     2|           1|           1|
    |or_ln340_114_fu_28066_p2      |        or|   0|  0|     2|           1|           1|
    |or_ln340_115_fu_28076_p2      |        or|   0|  0|     2|           1|           1|
    |or_ln340_116_fu_28081_p2      |        or|   0|  0|     2|           1|           1|
    |or_ln340_117_fu_36689_p2      |        or|   0|  0|     2|           1|           1|
    |or_ln340_118_fu_39707_p2      |        or|   0|  0|     2|           1|           1|
    |or_ln340_119_fu_28152_p2      |        or|   0|  0|     2|           1|           1|
    |or_ln340_11_fu_18396_p2       |        or|   0|  0|     2|           1|           1|
    |or_ln340_120_fu_28162_p2      |        or|   0|  0|     2|           1|           1|
    |or_ln340_121_fu_28167_p2      |        or|   0|  0|     2|           1|           1|
    |or_ln340_122_fu_39720_p2      |        or|   0|  0|     2|           1|           1|
    |or_ln340_123_fu_39725_p2      |        or|   0|  0|     2|           1|           1|
    |or_ln340_124_fu_28228_p2      |        or|   0|  0|     2|           1|           1|
    |or_ln340_125_fu_25433_p2      |        or|   0|  0|     2|           1|           1|
    |or_ln340_126_fu_25439_p2      |        or|   0|  0|     2|           1|           1|
    |or_ln340_127_fu_39759_p2      |        or|   0|  0|     2|           1|           1|
    |or_ln340_128_fu_39765_p2      |        or|   0|  0|     2|           1|           1|
    |or_ln340_129_fu_28280_p2      |        or|   0|  0|     2|           1|           1|
    |or_ln340_12_fu_18402_p2       |        or|   0|  0|     2|           1|           1|
    |or_ln340_130_fu_28290_p2      |        or|   0|  0|     2|           1|           1|
    |or_ln340_131_fu_28295_p2      |        or|   0|  0|     2|           1|           1|
    |or_ln340_132_fu_39780_p2      |        or|   0|  0|     2|           1|           1|
    |or_ln340_133_fu_39785_p2      |        or|   0|  0|     2|           1|           1|
    |or_ln340_134_fu_28366_p2      |        or|   0|  0|     2|           1|           1|
    |or_ln340_135_fu_28376_p2      |        or|   0|  0|     2|           1|           1|
    |or_ln340_136_fu_28381_p2      |        or|   0|  0|     2|           1|           1|
    |or_ln340_137_fu_39798_p2      |        or|   0|  0|     2|           1|           1|
    |or_ln340_138_fu_39803_p2      |        or|   0|  0|     2|           1|           1|
    |or_ln340_139_fu_31040_p2      |        or|   0|  0|     2|           1|           1|
    |or_ln340_13_fu_12559_p2       |        or|   0|  0|     2|           1|           1|
    |or_ln340_140_fu_31050_p2      |        or|   0|  0|     2|           1|           1|
    |or_ln340_141_fu_31055_p2      |        or|   0|  0|     2|           1|           1|
    |or_ln340_142_fu_42695_p2      |        or|   0|  0|     2|           1|           1|
    |or_ln340_143_fu_42700_p2      |        or|   0|  0|     2|           1|           1|
    |or_ln340_144_fu_31116_p2      |        or|   0|  0|     2|           1|           1|
    |or_ln340_145_fu_28742_p2      |        or|   0|  0|     2|           1|           1|
    |or_ln340_146_fu_28748_p2      |        or|   0|  0|     2|           1|           1|
    |or_ln340_147_fu_42734_p2      |        or|   0|  0|     2|           1|           1|
    |or_ln340_148_fu_42740_p2      |        or|   0|  0|     2|           1|           1|
    |or_ln340_149_fu_33993_p2      |        or|   0|  0|     2|           1|           1|
    |or_ln340_14_fu_12569_p2       |        or|   0|  0|     2|           1|           1|
    |or_ln340_150_fu_31317_p2      |        or|   0|  0|     2|           1|           1|
    |or_ln340_151_fu_31323_p2      |        or|   0|  0|     2|           1|           1|
    |or_ln340_152_fu_45451_p2      |        or|   0|  0|     2|           1|           1|
    |or_ln340_153_fu_45456_p2      |        or|   0|  0|     2|           1|           1|
    |or_ln340_154_fu_31355_p2      |        or|   0|  0|     2|           1|           1|
    |or_ln340_155_fu_31365_p2      |        or|   0|  0|     2|           1|           1|
    |or_ln340_156_fu_31370_p2      |        or|   0|  0|     2|           1|           1|
    |or_ln340_157_fu_42863_p2      |        or|   0|  0|     2|           1|           1|
    |or_ln340_158_fu_42869_p2      |        or|   0|  0|     2|           1|           1|
    |or_ln340_159_fu_31431_p2      |        or|   0|  0|     2|           1|           1|
    |or_ln340_15_fu_12574_p2       |        or|   0|  0|     2|           1|           1|
    |or_ln340_160_fu_29314_p2      |        or|   0|  0|     2|           1|           1|
    |or_ln340_161_fu_29320_p2      |        or|   0|  0|     2|           1|           1|
    |or_ln340_162_fu_42905_p2      |        or|   0|  0|     2|           1|           1|
    |or_ln340_163_fu_42911_p2      |        or|   0|  0|     2|           1|           1|
    |or_ln340_164_fu_34077_p2      |        or|   0|  0|     2|           1|           1|
    |or_ln340_165_fu_34087_p2      |        or|   0|  0|     2|           1|           1|
    |or_ln340_166_fu_34092_p2      |        or|   0|  0|     2|           1|           1|
    |or_ln340_167_fu_45490_p2      |        or|   0|  0|     2|           1|           1|
    |or_ln340_168_fu_45496_p2      |        or|   0|  0|     2|           1|           1|
    |or_ln340_169_fu_37109_p2      |        or|   0|  0|     2|           1|           1|
    |or_ln340_16_fu_21112_p2       |        or|   0|  0|     2|           1|           1|
    |or_ln340_170_fu_34312_p2      |        or|   0|  0|     2|           1|           1|
    |or_ln340_171_fu_34318_p2      |        or|   0|  0|     2|           1|           1|
    |or_ln340_172_fu_48318_p2      |        or|   0|  0|     2|           1|           1|
    |or_ln340_173_fu_48323_p2      |        or|   0|  0|     2|           1|           1|
    |or_ln340_174_fu_37161_p2      |        or|   0|  0|     2|           1|           1|
    |or_ln340_175_fu_37171_p2      |        or|   0|  0|     2|           1|           1|
    |or_ln340_176_fu_37176_p2      |        or|   0|  0|     2|           1|           1|
    |or_ln340_177_fu_48357_p2      |        or|   0|  0|     2|           1|           1|
    |or_ln340_178_fu_48363_p2      |        or|   0|  0|     2|           1|           1|
    |or_ln340_179_fu_37247_p2      |        or|   0|  0|     2|           1|           1|
    |or_ln340_17_fu_21118_p2       |        or|   0|  0|     2|           1|           1|
    |or_ln340_180_fu_37257_p2      |        or|   0|  0|     2|           1|           1|
    |or_ln340_181_fu_37262_p2      |        or|   0|  0|     2|           1|           1|
    |or_ln340_182_fu_45773_p2      |        or|   0|  0|     2|           1|           1|
    |or_ln340_183_fu_48369_p2      |        or|   0|  0|     2|           1|           1|
    |or_ln340_184_fu_37333_p2      |        or|   0|  0|     2|           1|           1|
    |or_ln340_185_fu_37343_p2      |        or|   0|  0|     2|           1|           1|
    |or_ln340_186_fu_37348_p2      |        or|   0|  0|     2|           1|           1|
    |or_ln340_187_fu_45878_p2      |        or|   0|  0|     2|           1|           1|
    |or_ln340_188_fu_48373_p2      |        or|   0|  0|     2|           1|           1|
    |or_ln340_189_fu_40259_p2      |        or|   0|  0|     2|           1|           1|
    |or_ln340_18_fu_12645_p2       |        or|   0|  0|     2|           1|           1|
    |or_ln340_190_fu_40269_p2      |        or|   0|  0|     2|           1|           1|
    |or_ln340_191_fu_40274_p2      |        or|   0|  0|     2|           1|           1|
    |or_ln340_192_fu_48476_p2      |        or|   0|  0|     2|           1|           1|
    |or_ln340_193_fu_50964_p2      |        or|   0|  0|     2|           1|           1|
    |or_ln340_194_fu_40345_p2      |        or|   0|  0|     2|           1|           1|
    |or_ln340_195_fu_40355_p2      |        or|   0|  0|     2|           1|           1|
    |or_ln340_196_fu_40360_p2      |        or|   0|  0|     2|           1|           1|
    |or_ln340_197_fu_50998_p2      |        or|   0|  0|     2|           1|           1|
    |or_ln340_198_fu_51004_p2      |        or|   0|  0|     2|           1|           1|
    |or_ln340_199_fu_43110_p2      |        or|   0|  0|     2|           1|           1|
    |or_ln340_19_fu_59801_p2       |        or|   0|  0|     2|           1|           1|
    |or_ln340_1_fu_2864_p2         |        or|   0|  0|     2|           1|           1|
    |or_ln340_200_fu_43120_p2      |        or|   0|  0|     2|           1|           1|
    |or_ln340_201_fu_43125_p2      |        or|   0|  0|     2|           1|           1|
    |or_ln340_202_fu_53424_p2      |        or|   0|  0|     2|           1|           1|
    |or_ln340_203_fu_53429_p2      |        or|   0|  0|     2|           1|           1|
    |or_ln340_204_fu_40572_p2      |        or|   0|  0|     2|           1|           1|
    |or_ln340_205_fu_40582_p2      |        or|   0|  0|     2|           1|           1|
    |or_ln340_206_fu_40587_p2      |        or|   0|  0|     2|           1|           1|
    |or_ln340_207_fu_51106_p2      |        or|   0|  0|     2|           1|           1|
    |or_ln340_208_fu_51111_p2      |        or|   0|  0|     2|           1|           1|
    |or_ln340_209_fu_40658_p2      |        or|   0|  0|     2|           1|           1|
    |or_ln340_20_fu_12655_p2       |        or|   0|  0|     2|           1|           1|
    |or_ln340_210_fu_40668_p2      |        or|   0|  0|     2|           1|           1|
    |or_ln340_211_fu_40673_p2      |        or|   0|  0|     2|           1|           1|
    |or_ln340_212_fu_51124_p2      |        or|   0|  0|     2|           1|           1|
    |or_ln340_213_fu_51129_p2      |        or|   0|  0|     2|           1|           1|
    |or_ln340_214_fu_43228_p2      |        or|   0|  0|     2|           1|           1|
    |or_ln340_215_fu_43238_p2      |        or|   0|  0|     2|           1|           1|
    |or_ln340_216_fu_43243_p2      |        or|   0|  0|     2|           1|           1|
    |or_ln340_217_fu_53442_p2      |        or|   0|  0|     2|           1|           1|
    |or_ln340_218_fu_53447_p2      |        or|   0|  0|     2|           1|           1|
    |or_ln340_219_fu_45964_p2      |        or|   0|  0|     2|           1|           1|
    |or_ln340_21_fu_12660_p2       |        or|   0|  0|     2|           1|           1|
    |or_ln340_220_fu_45974_p2      |        or|   0|  0|     2|           1|           1|
    |or_ln340_221_fu_45979_p2      |        or|   0|  0|     2|           1|           1|
    |or_ln340_222_fu_55286_p2      |        or|   0|  0|     2|           1|           1|
    |or_ln340_223_fu_55291_p2      |        or|   0|  0|     2|           1|           1|
    |or_ln340_224_fu_46050_p2      |        or|   0|  0|     2|           1|           1|
    |or_ln340_225_fu_46060_p2      |        or|   0|  0|     2|           1|           1|
    |or_ln340_226_fu_46065_p2      |        or|   0|  0|     2|           1|           1|
    |or_ln340_227_fu_55325_p2      |        or|   0|  0|     2|           1|           1|
    |or_ln340_228_fu_55331_p2      |        or|   0|  0|     2|           1|           1|
    |or_ln340_229_fu_43596_p2      |        or|   0|  0|     2|           1|           1|
    |or_ln340_22_fu_21157_p2       |        or|   0|  0|     2|           1|           1|
    |or_ln340_230_fu_43606_p2      |        or|   0|  0|     2|           1|           1|
    |or_ln340_231_fu_43611_p2      |        or|   0|  0|     2|           1|           1|
    |or_ln340_232_fu_53653_p2      |        or|   0|  0|     2|           1|           1|
    |or_ln340_233_fu_53659_p2      |        or|   0|  0|     2|           1|           1|
    |or_ln340_234_fu_43682_p2      |        or|   0|  0|     2|           1|           1|
    |or_ln340_235_fu_43692_p2      |        or|   0|  0|     2|           1|           1|
    |or_ln340_236_fu_43697_p2      |        or|   0|  0|     2|           1|           1|
    |or_ln340_237_fu_53695_p2      |        or|   0|  0|     2|           1|           1|
    |or_ln340_238_fu_53701_p2      |        or|   0|  0|     2|           1|           1|
    |or_ln340_239_fu_46168_p2      |        or|   0|  0|     2|           1|           1|
    |or_ln340_23_fu_21163_p2       |        or|   0|  0|     2|           1|           1|
    |or_ln340_240_fu_46178_p2      |        or|   0|  0|     2|           1|           1|
    |or_ln340_241_fu_46183_p2      |        or|   0|  0|     2|           1|           1|
    |or_ln340_242_fu_55367_p2      |        or|   0|  0|     2|           1|           1|
    |or_ln340_243_fu_55373_p2      |        or|   0|  0|     2|           1|           1|
    |or_ln340_244_fu_48857_p2      |        or|   0|  0|     2|           1|           1|
    |or_ln340_245_fu_48867_p2      |        or|   0|  0|     2|           1|           1|
    |or_ln340_246_fu_48872_p2      |        or|   0|  0|     2|           1|           1|
    |or_ln340_247_fu_56744_p2      |        or|   0|  0|     2|           1|           1|
    |or_ln340_248_fu_56750_p2      |        or|   0|  0|     2|           1|           1|
    |or_ln340_249_fu_51452_p2      |        or|   0|  0|     2|           1|           1|
    |or_ln340_24_fu_12721_p2       |        or|   0|  0|     2|           1|           1|
    |or_ln340_250_fu_51462_p2      |        or|   0|  0|     2|           1|           1|
    |or_ln340_251_fu_51467_p2      |        or|   0|  0|     2|           1|           1|
    |or_ln340_252_fu_57669_p2      |        or|   0|  0|     2|           1|           1|
    |or_ln340_253_fu_57674_p2      |        or|   0|  0|     2|           1|           1|
    |or_ln340_254_fu_49084_p2      |        or|   0|  0|     2|           1|           1|
    |or_ln340_255_fu_49094_p2      |        or|   0|  0|     2|           1|           1|
    |or_ln340_256_fu_49099_p2      |        or|   0|  0|     2|           1|           1|
    |or_ln340_257_fu_56852_p2      |        or|   0|  0|     2|           1|           1|
    |or_ln340_258_fu_56857_p2      |        or|   0|  0|     2|           1|           1|
    |or_ln340_259_fu_49170_p2      |        or|   0|  0|     2|           1|           1|
    |or_ln340_25_fu_10134_p2       |        or|   0|  0|     2|           1|           1|
    |or_ln340_260_fu_49180_p2      |        or|   0|  0|     2|           1|           1|
    |or_ln340_261_fu_49185_p2      |        or|   0|  0|     2|           1|           1|
    |or_ln340_262_fu_56870_p2      |        or|   0|  0|     2|           1|           1|
    |or_ln340_263_fu_56875_p2      |        or|   0|  0|     2|           1|           1|
    |or_ln340_264_fu_51570_p2      |        or|   0|  0|     2|           1|           1|
    |or_ln340_265_fu_51580_p2      |        or|   0|  0|     2|           1|           1|
    |or_ln340_266_fu_51585_p2      |        or|   0|  0|     2|           1|           1|
    |or_ln340_267_fu_57687_p2      |        or|   0|  0|     2|           1|           1|
    |or_ln340_268_fu_57692_p2      |        or|   0|  0|     2|           1|           1|
    |or_ln340_269_fu_53878_p2      |        or|   0|  0|     2|           1|           1|
    |or_ln340_26_fu_10140_p2       |        or|   0|  0|     2|           1|           1|
    |or_ln340_270_fu_53888_p2      |        or|   0|  0|     2|           1|           1|
    |or_ln340_271_fu_53893_p2      |        or|   0|  0|     2|           1|           1|
    |or_ln340_272_fu_58294_p2      |        or|   0|  0|     2|           1|           1|
    |or_ln340_273_fu_58299_p2      |        or|   0|  0|     2|           1|           1|
    |or_ln340_274_fu_53964_p2      |        or|   0|  0|     2|           1|           1|
    |or_ln340_275_fu_53974_p2      |        or|   0|  0|     2|           1|           1|
    |or_ln340_276_fu_53979_p2      |        or|   0|  0|     2|           1|           1|
    |or_ln340_277_fu_58333_p2      |        or|   0|  0|     2|           1|           1|
    |or_ln340_278_fu_58339_p2      |        or|   0|  0|     2|           1|           1|
    |or_ln340_279_fu_51938_p2      |        or|   0|  0|     2|           1|           1|
    |or_ln340_27_fu_21202_p2       |        or|   0|  0|     2|           1|           1|
    |or_ln340_280_fu_51948_p2      |        or|   0|  0|     2|           1|           1|
    |or_ln340_281_fu_51953_p2      |        or|   0|  0|     2|           1|           1|
    |or_ln340_282_fu_57898_p2      |        or|   0|  0|     2|           1|           1|
    |or_ln340_283_fu_57904_p2      |        or|   0|  0|     2|           1|           1|
    |or_ln340_284_fu_52024_p2      |        or|   0|  0|     2|           1|           1|
    |or_ln340_285_fu_52034_p2      |        or|   0|  0|     2|           1|           1|
    |or_ln340_286_fu_52039_p2      |        or|   0|  0|     2|           1|           1|
    |or_ln340_287_fu_57940_p2      |        or|   0|  0|     2|           1|           1|
    |or_ln340_288_fu_57946_p2      |        or|   0|  0|     2|           1|           1|
    |or_ln340_289_fu_54072_p2      |        or|   0|  0|     2|           1|           1|
    |or_ln340_28_fu_21208_p2       |        or|   0|  0|     2|           1|           1|
    |or_ln340_290_fu_52259_p2      |        or|   0|  0|     2|           1|           1|
    |or_ln340_291_fu_52265_p2      |        or|   0|  0|     2|           1|           1|
    |or_ln340_292_fu_58375_p2      |        or|   0|  0|     2|           1|           1|
    |or_ln340_293_fu_58381_p2      |        or|   0|  0|     2|           1|           1|
    |or_ln340_294_fu_55740_p2      |        or|   0|  0|     2|           1|           1|
    |or_ln340_295_fu_55750_p2      |        or|   0|  0|     2|           1|           1|
    |or_ln340_296_fu_55755_p2      |        or|   0|  0|     2|           1|           1|
    |or_ln340_297_fu_58716_p2      |        or|   0|  0|     2|           1|           1|
    |or_ln340_298_fu_58722_p2      |        or|   0|  0|     2|           1|           1|
    |or_ln340_299_fu_57184_p2      |        or|   0|  0|     2|           1|           1|
    |or_ln340_29_fu_12773_p2       |        or|   0|  0|     2|           1|           1|
    |or_ln340_2_fu_2859_p2         |        or|   0|  0|     2|           1|           1|
    |or_ln340_300_fu_57194_p2      |        or|   0|  0|     2|           1|           1|
    |or_ln340_301_fu_57199_p2      |        or|   0|  0|     2|           1|           1|
    |or_ln340_302_fu_59067_p2      |        or|   0|  0|     2|           1|           1|
    |or_ln340_303_fu_59072_p2      |        or|   0|  0|     2|           1|           1|
    |or_ln340_304_fu_55967_p2      |        or|   0|  0|     2|           1|           1|
    |or_ln340_305_fu_55977_p2      |        or|   0|  0|     2|           1|           1|
    |or_ln340_306_fu_55982_p2      |        or|   0|  0|     2|           1|           1|
    |or_ln340_307_fu_58840_p2      |        or|   0|  0|     2|           1|           1|
    |or_ln340_308_fu_58846_p2      |        or|   0|  0|     2|           1|           1|
    |or_ln340_309_fu_56043_p2      |        or|   0|  0|     2|           1|           1|
    |or_ln340_30_fu_12783_p2       |        or|   0|  0|     2|           1|           1|
    |or_ln340_310_fu_54799_p2      |        or|   0|  0|     2|           1|           1|
    |or_ln340_311_fu_54805_p2      |        or|   0|  0|     2|           1|           1|
    |or_ln340_312_fu_58898_p2      |        or|   0|  0|     2|           1|           1|
    |or_ln340_313_fu_58904_p2      |        or|   0|  0|     2|           1|           1|
    |or_ln340_314_fu_57302_p2      |        or|   0|  0|     2|           1|           1|
    |or_ln340_315_fu_57312_p2      |        or|   0|  0|     2|           1|           1|
    |or_ln340_316_fu_57317_p2      |        or|   0|  0|     2|           1|           1|
    |or_ln340_317_fu_59101_p2      |        or|   0|  0|     2|           1|           1|
    |or_ln340_318_fu_59107_p2      |        or|   0|  0|     2|           1|           1|
    |or_ln340_319_fu_58123_p2      |        or|   0|  0|     2|           1|           1|
    |or_ln340_31_fu_12788_p2       |        or|   0|  0|     2|           1|           1|
    |or_ln340_320_fu_58133_p2      |        or|   0|  0|     2|           1|           1|
    |or_ln340_321_fu_58138_p2      |        or|   0|  0|     2|           1|           1|
    |or_ln340_322_fu_59378_p2      |        or|   0|  0|     2|           1|           1|
    |or_ln340_323_fu_59384_p2      |        or|   0|  0|     2|           1|           1|
    |or_ln340_324_fu_58209_p2      |        or|   0|  0|     2|           1|           1|
    |or_ln340_325_fu_58219_p2      |        or|   0|  0|     2|           1|           1|
    |or_ln340_326_fu_58224_p2      |        or|   0|  0|     2|           1|           1|
    |or_ln340_327_fu_59441_p2      |        or|   0|  0|     2|           1|           1|
    |or_ln340_328_fu_59447_p2      |        or|   0|  0|     2|           1|           1|
    |or_ln340_329_fu_59807_p2      |        or|   0|  0|     2|           1|           1|
    |or_ln340_32_fu_21313_p2       |        or|   0|  0|     2|           1|           1|
    |or_ln340_33_fu_24267_p2       |        or|   0|  0|     2|           1|           1|
    |or_ln340_34_fu_12859_p2       |        or|   0|  0|     2|           1|           1|
    |or_ln340_35_fu_12869_p2       |        or|   0|  0|     2|           1|           1|
    |or_ln340_36_fu_12874_p2       |        or|   0|  0|     2|           1|           1|
    |or_ln340_37_fu_21418_p2       |        or|   0|  0|     2|           1|           1|
    |or_ln340_38_fu_24271_p2       |        or|   0|  0|     2|           1|           1|
    |or_ln340_39_fu_15775_p2       |        or|   0|  0|     2|           1|           1|
    |or_ln340_3_fu_9418_p2         |        or|   0|  0|     2|           1|           1|
    |or_ln340_40_fu_15785_p2       |        or|   0|  0|     2|           1|           1|
    |or_ln340_41_fu_15790_p2       |        or|   0|  0|     2|           1|           1|
    |or_ln340_42_fu_24374_p2       |        or|   0|  0|     2|           1|           1|
    |or_ln340_43_fu_27489_p2       |        or|   0|  0|     2|           1|           1|
    |or_ln340_44_fu_15861_p2       |        or|   0|  0|     2|           1|           1|
    |or_ln340_45_fu_15871_p2       |        or|   0|  0|     2|           1|           1|
    |or_ln340_46_fu_15876_p2       |        or|   0|  0|     2|           1|           1|
    |or_ln340_47_fu_24479_p2       |        or|   0|  0|     2|           1|           1|
    |or_ln340_48_fu_27493_p2       |        or|   0|  0|     2|           1|           1|
    |or_ln340_49_fu_15937_p2       |        or|   0|  0|     2|           1|           1|
    |or_ln340_4_fu_9430_p2         |        or|   0|  0|     2|           1|           1|
    |or_ln340_50_fu_13376_p2       |        or|   0|  0|     2|           1|           1|
    |or_ln340_51_fu_13382_p2       |        or|   0|  0|     2|           1|           1|
    |or_ln340_52_fu_27506_p2       |        or|   0|  0|     2|           1|           1|
    |or_ln340_53_fu_27511_p2       |        or|   0|  0|     2|           1|           1|
    |or_ln340_54_fu_15989_p2       |        or|   0|  0|     2|           1|           1|
    |or_ln340_55_fu_15999_p2       |        or|   0|  0|     2|           1|           1|
    |or_ln340_56_fu_16004_p2       |        or|   0|  0|     2|           1|           1|
    |or_ln340_57_fu_27524_p2       |        or|   0|  0|     2|           1|           1|
    |or_ln340_58_fu_27529_p2       |        or|   0|  0|     2|           1|           1|
    |or_ln340_59_fu_16075_p2       |        or|   0|  0|     2|           1|           1|
    |or_ln340_5_fu_9436_p2         |        or|   0|  0|     2|           1|           1|
    |or_ln340_60_fu_16085_p2       |        or|   0|  0|     2|           1|           1|
    |or_ln340_61_fu_16090_p2       |        or|   0|  0|     2|           1|           1|
    |or_ln340_62_fu_27542_p2       |        or|   0|  0|     2|           1|           1|
    |or_ln340_63_fu_27547_p2       |        or|   0|  0|     2|           1|           1|
    |or_ln340_64_fu_18648_p2       |        or|   0|  0|     2|           1|           1|
    |or_ln340_65_fu_18658_p2       |        or|   0|  0|     2|           1|           1|
    |or_ln340_66_fu_18663_p2       |        or|   0|  0|     2|           1|           1|
    |or_ln340_67_fu_30561_p2       |        or|   0|  0|     2|           1|           1|
    |or_ln340_68_fu_30566_p2       |        or|   0|  0|     2|           1|           1|
    |or_ln340_69_fu_18734_p2       |        or|   0|  0|     2|           1|           1|
    |or_ln340_6_fu_18351_p2        |        or|   0|  0|     2|           1|           1|
    |or_ln340_70_fu_18744_p2       |        or|   0|  0|     2|           1|           1|
    |or_ln340_71_fu_18749_p2       |        or|   0|  0|     2|           1|           1|
    |or_ln340_72_fu_30579_p2       |        or|   0|  0|     2|           1|           1|
    |or_ln340_73_fu_30584_p2       |        or|   0|  0|     2|           1|           1|
    |or_ln340_74_fu_18820_p2       |        or|   0|  0|     2|           1|           1|
    |or_ln340_75_fu_18830_p2       |        or|   0|  0|     2|           1|           1|
    |or_ln340_76_fu_18835_p2       |        or|   0|  0|     2|           1|           1|
    |or_ln340_77_fu_30618_p2       |        or|   0|  0|     2|           1|           1|
    |or_ln340_78_fu_30624_p2       |        or|   0|  0|     2|           1|           1|
    |or_ln340_79_fu_18906_p2       |        or|   0|  0|     2|           1|           1|
    |or_ln340_7_fu_18357_p2        |        or|   0|  0|     2|           1|           1|
    |or_ln340_80_fu_18916_p2       |        or|   0|  0|     2|           1|           1|
    |or_ln340_81_fu_18921_p2       |        or|   0|  0|     2|           1|           1|
    |or_ln340_82_fu_30660_p2       |        or|   0|  0|     2|           1|           1|
    |or_ln340_83_fu_30666_p2       |        or|   0|  0|     2|           1|           1|
    |or_ln340_84_fu_18992_p2       |        or|   0|  0|     2|           1|           1|
    |or_ln340_85_fu_19002_p2       |        or|   0|  0|     2|           1|           1|
    |or_ln340_86_fu_19007_p2       |        or|   0|  0|     2|           1|           1|
    |or_ln340_87_fu_30702_p2       |        or|   0|  0|     2|           1|           1|
    |or_ln340_88_fu_30708_p2       |        or|   0|  0|     2|           1|           1|
    |or_ln340_89_fu_21602_p2       |        or|   0|  0|     2|           1|           1|
    |or_ln340_8_fu_9613_p2         |        or|   0|  0|     2|           1|           1|
    |or_ln340_90_fu_21612_p2       |        or|   0|  0|     2|           1|           1|
    |or_ln340_91_fu_21617_p2       |        or|   0|  0|     2|           1|           1|
    |or_ln340_92_fu_33550_p2       |        or|   0|  0|     2|           1|           1|
    |or_ln340_93_fu_33556_p2       |        or|   0|  0|     2|           1|           1|
    |or_ln340_94_fu_21688_p2       |        or|   0|  0|     2|           1|           1|
    |or_ln340_95_fu_21698_p2       |        or|   0|  0|     2|           1|           1|
    |or_ln340_96_fu_21703_p2       |        or|   0|  0|     2|           1|           1|
    |or_ln340_97_fu_33592_p2       |        or|   0|  0|     2|           1|           1|
    |or_ln340_98_fu_33598_p2       |        or|   0|  0|     2|           1|           1|
    |or_ln340_99_fu_24822_p2       |        or|   0|  0|     2|           1|           1|
    |or_ln340_9_fu_9625_p2         |        or|   0|  0|     2|           1|           1|
    |or_ln340_fu_2849_p2           |        or|   0|  0|     2|           1|           1|
    |or_ln557_10_fu_13480_p2       |        or|   0|  0|     2|           1|           1|
    |or_ln557_11_fu_13621_p2       |        or|   0|  0|     2|           1|           1|
    |or_ln557_12_fu_16227_p2       |        or|   0|  0|     2|           1|           1|
    |or_ln557_13_fu_16368_p2       |        or|   0|  0|     2|           1|           1|
    |or_ln557_14_fu_16509_p2       |        or|   0|  0|     2|           1|           1|
    |or_ln557_15_fu_16650_p2       |        or|   0|  0|     2|           1|           1|
    |or_ln557_16_fu_16791_p2       |        or|   0|  0|     2|           1|           1|
    |or_ln557_17_fu_19144_p2       |        or|   0|  0|     2|           1|           1|
    |or_ln557_18_fu_19285_p2       |        or|   0|  0|     2|           1|           1|
    |or_ln557_19_fu_21840_p2       |        or|   0|  0|     2|           1|           1|
    |or_ln557_1_fu_9541_p2         |        or|   0|  0|     2|           1|           1|
    |or_ln557_20_fu_22027_p2       |        or|   0|  0|     2|           1|           1|
    |or_ln557_21_fu_22214_p2       |        or|   0|  0|     2|           1|           1|
    |or_ln557_22_fu_25068_p2       |        or|   0|  0|     2|           1|           1|
    |or_ln557_23_fu_25209_p2       |        or|   0|  0|     2|           1|           1|
    |or_ln557_24_fu_25350_p2       |        or|   0|  0|     2|           1|           1|
    |or_ln557_25_fu_25537_p2       |        or|   0|  0|     2|           1|           1|
    |or_ln557_26_fu_25678_p2       |        or|   0|  0|     2|           1|           1|
    |or_ln557_27_fu_28518_p2       |        or|   0|  0|     2|           1|           1|
    |or_ln557_28_fu_28659_p2       |        or|   0|  0|     2|           1|           1|
    |or_ln557_29_fu_31234_p2       |        or|   0|  0|     2|           1|           1|
    |or_ln557_2_fu_9769_p2         |        or|   0|  0|     2|           1|           1|
    |or_ln557_30_fu_29090_p2       |        or|   0|  0|     2|           1|           1|
    |or_ln557_31_fu_29231_p2       |        or|   0|  0|     2|           1|           1|
    |or_ln557_32_fu_31549_p2       |        or|   0|  0|     2|           1|           1|
    |or_ln557_33_fu_34229_p2       |        or|   0|  0|     2|           1|           1|
    |or_ln557_34_fu_34416_p2       |        or|   0|  0|     2|           1|           1|
    |or_ln557_35_fu_34557_p2       |        or|   0|  0|     2|           1|           1|
    |or_ln557_36_fu_34698_p2       |        or|   0|  0|     2|           1|           1|
    |or_ln557_37_fu_37485_p2       |        or|   0|  0|     2|           1|           1|
    |or_ln557_38_fu_37626_p2       |        or|   0|  0|     2|           1|           1|
    |or_ln557_39_fu_40497_p2       |        or|   0|  0|     2|           1|           1|
    |or_ln557_3_fu_9910_p2         |        or|   0|  0|     2|           1|           1|
    |or_ln557_40_fu_38011_p2       |        or|   0|  0|     2|           1|           1|
    |or_ln557_41_fu_38152_p2       |        or|   0|  0|     2|           1|           1|
    |or_ln557_42_fu_40810_p2       |        or|   0|  0|     2|           1|           1|
    |or_ln557_43_fu_43380_p2       |        or|   0|  0|     2|           1|           1|
    |or_ln557_44_fu_43521_p2       |        or|   0|  0|     2|           1|           1|
    |or_ln557_45_fu_41439_p2       |        or|   0|  0|     2|           1|           1|
    |or_ln557_46_fu_41580_p2       |        or|   0|  0|     2|           1|           1|
    |or_ln557_47_fu_43834_p2       |        or|   0|  0|     2|           1|           1|
    |or_ln557_48_fu_46320_p2       |        or|   0|  0|     2|           1|           1|
    |or_ln557_49_fu_49009_p2       |        or|   0|  0|     2|           1|           1|
    |or_ln557_4_fu_10051_p2        |        or|   0|  0|     2|           1|           1|
    |or_ln557_50_fu_46705_p2       |        or|   0|  0|     2|           1|           1|
    |or_ln557_51_fu_46846_p2       |        or|   0|  0|     2|           1|           1|
    |or_ln557_52_fu_49322_p2       |        or|   0|  0|     2|           1|           1|
    |or_ln557_53_fu_51722_p2       |        or|   0|  0|     2|           1|           1|
    |or_ln557_54_fu_51863_p2       |        or|   0|  0|     2|           1|           1|
    |or_ln557_55_fu_49943_p2       |        or|   0|  0|     2|           1|           1|
    |or_ln557_56_fu_50084_p2       |        or|   0|  0|     2|           1|           1|
    |or_ln557_57_fu_52176_p2       |        or|   0|  0|     2|           1|           1|
    |or_ln557_58_fu_54190_p2       |        or|   0|  0|     2|           1|           1|
    |or_ln557_59_fu_55892_p2       |        or|   0|  0|     2|           1|           1|
    |or_ln557_5_fu_10238_p2        |        or|   0|  0|     2|           1|           1|
    |or_ln557_60_fu_54575_p2       |        or|   0|  0|     2|           1|           1|
    |or_ln557_61_fu_54716_p2       |        or|   0|  0|     2|           1|           1|
    |or_ln557_62_fu_56161_p2       |        or|   0|  0|     2|           1|           1|
    |or_ln557_63_fu_57454_p2       |        or|   0|  0|     2|           1|           1|
    |or_ln557_64_fu_57595_p2       |        or|   0|  0|     2|           1|           1|
    |or_ln557_6_fu_10379_p2        |        or|   0|  0|     2|           1|           1|
    |or_ln557_7_fu_13011_p2        |        or|   0|  0|     2|           1|           1|
    |or_ln557_8_fu_13152_p2        |        or|   0|  0|     2|           1|           1|
    |or_ln557_9_fu_13293_p2        |        or|   0|  0|     2|           1|           1|
    |or_ln557_fu_9346_p2           |        or|   0|  0|     2|           1|           1|
    |or_ln603_10_fu_11280_p2       |        or|   0|  0|     2|           1|           1|
    |or_ln603_11_fu_11524_p2       |        or|   0|  0|     2|           1|           1|
    |or_ln603_12_fu_13790_p2       |        or|   0|  0|     2|           1|           1|
    |or_ln603_13_fu_14034_p2       |        or|   0|  0|     2|           1|           1|
    |or_ln603_14_fu_14278_p2       |        or|   0|  0|     2|           1|           1|
    |or_ln603_15_fu_14522_p2       |        or|   0|  0|     2|           1|           1|
    |or_ln603_16_fu_14766_p2       |        or|   0|  0|     2|           1|           1|
    |or_ln603_17_fu_16960_p2       |        or|   0|  0|     2|           1|           1|
    |or_ln603_18_fu_17204_p2       |        or|   0|  0|     2|           1|           1|
    |or_ln603_19_fu_19454_p2       |        or|   0|  0|     2|           1|           1|
    |or_ln603_1_fu_6848_p2         |        or|   0|  0|     2|           1|           1|
    |or_ln603_20_fu_19698_p2       |        or|   0|  0|     2|           1|           1|
    |or_ln603_21_fu_19942_p2       |        or|   0|  0|     2|           1|           1|
    |or_ln603_22_fu_22383_p2       |        or|   0|  0|     2|           1|           1|
    |or_ln603_23_fu_22627_p2       |        or|   0|  0|     2|           1|           1|
    |or_ln603_24_fu_22863_p2       |        or|   0|  0|     2|           1|           1|
    |or_ln603_25_fu_23107_p2       |        or|   0|  0|     2|           1|           1|
    |or_ln603_26_fu_23351_p2       |        or|   0|  0|     2|           1|           1|
    |or_ln603_27_fu_25847_p2       |        or|   0|  0|     2|           1|           1|
    |or_ln603_28_fu_26091_p2       |        or|   0|  0|     2|           1|           1|
    |or_ln603_29_fu_28874_p2       |        or|   0|  0|     2|           1|           1|
    |or_ln603_2_fu_7105_p2         |        or|   0|  0|     2|           1|           1|
    |or_ln603_30_fu_26438_p2       |        or|   0|  0|     2|           1|           1|
    |or_ln603_31_fu_26682_p2       |        or|   0|  0|     2|           1|           1|
    |or_ln603_32_fu_29446_p2       |        or|   0|  0|     2|           1|           1|
    |or_ln603_33_fu_31718_p2       |        or|   0|  0|     2|           1|           1|
    |or_ln603_34_fu_31962_p2       |        or|   0|  0|     2|           1|           1|
    |or_ln603_35_fu_32206_p2       |        or|   0|  0|     2|           1|           1|
    |or_ln603_36_fu_32450_p2       |        or|   0|  0|     2|           1|           1|
    |or_ln603_37_fu_34867_p2       |        or|   0|  0|     2|           1|           1|
    |or_ln603_38_fu_35111_p2       |        or|   0|  0|     2|           1|           1|
    |or_ln603_39_fu_37795_p2       |        or|   0|  0|     2|           1|           1|
    |or_ln603_3_fu_7349_p2         |        or|   0|  0|     2|           1|           1|
    |or_ln603_40_fu_35458_p2       |        or|   0|  0|     2|           1|           1|
    |or_ln603_41_fu_35702_p2       |        or|   0|  0|     2|           1|           1|
    |or_ln603_42_fu_38321_p2       |        or|   0|  0|     2|           1|           1|
    |or_ln603_43_fu_40979_p2       |        or|   0|  0|     2|           1|           1|
    |or_ln603_44_fu_41223_p2       |        or|   0|  0|     2|           1|           1|
    |or_ln603_45_fu_38771_p2       |        or|   0|  0|     2|           1|           1|
    |or_ln603_46_fu_39015_p2       |        or|   0|  0|     2|           1|           1|
    |or_ln603_47_fu_41749_p2       |        or|   0|  0|     2|           1|           1|
    |or_ln603_48_fu_44003_p2       |        or|   0|  0|     2|           1|           1|
    |or_ln603_49_fu_46489_p2       |        or|   0|  0|     2|           1|           1|
    |or_ln603_4_fu_7593_p2         |        or|   0|  0|     2|           1|           1|
    |or_ln603_50_fu_44350_p2       |        or|   0|  0|     2|           1|           1|
    |or_ln603_51_fu_44594_p2       |        or|   0|  0|     2|           1|           1|
    |or_ln603_52_fu_47015_p2       |        or|   0|  0|     2|           1|           1|
    |or_ln603_53_fu_49491_p2       |        or|   0|  0|     2|           1|           1|
    |or_ln603_54_fu_49735_p2       |        or|   0|  0|     2|           1|           1|
    |or_ln603_55_fu_47465_p2       |        or|   0|  0|     2|           1|           1|
    |or_ln603_56_fu_47709_p2       |        or|   0|  0|     2|           1|           1|
    |or_ln603_57_fu_50253_p2       |        or|   0|  0|     2|           1|           1|
    |or_ln603_58_fu_52391_p2       |        or|   0|  0|     2|           1|           1|
    |or_ln603_59_fu_54359_p2       |        or|   0|  0|     2|           1|           1|
    |or_ln603_5_fu_7837_p2         |        or|   0|  0|     2|           1|           1|
    |or_ln603_60_fu_52738_p2       |        or|   0|  0|     2|           1|           1|
    |or_ln603_61_fu_52982_p2       |        or|   0|  0|     2|           1|           1|
    |or_ln603_62_fu_54931_p2       |        or|   0|  0|     2|           1|           1|
    |or_ln603_63_fu_56330_p2       |        or|   0|  0|     2|           1|           1|
    |or_ln603_64_fu_56574_p2       |        or|   0|  0|     2|           1|           1|
    |or_ln603_6_fu_8081_p2         |        or|   0|  0|     2|           1|           1|
    |or_ln603_7_fu_10548_p2        |        or|   0|  0|     2|           1|           1|
    |or_ln603_8_fu_10792_p2        |        or|   0|  0|     2|           1|           1|
    |or_ln603_9_fu_11036_p2        |        or|   0|  0|     2|           1|           1|
    |or_ln603_fu_6630_p2           |        or|   0|  0|     2|           1|           1|
    |or_ln611_10_fu_15941_p2       |        or|   0|  0|     2|           1|           1|
    |or_ln611_11_fu_16025_p2       |        or|   0|  0|     2|           1|           1|
    |or_ln611_12_fu_16111_p2       |        or|   0|  0|     2|           1|           1|
    |or_ln611_13_fu_18684_p2       |        or|   0|  0|     2|           1|           1|
    |or_ln611_14_fu_18770_p2       |        or|   0|  0|     2|           1|           1|
    |or_ln611_15_fu_18856_p2       |        or|   0|  0|     2|           1|           1|
    |or_ln611_16_fu_18942_p2       |        or|   0|  0|     2|           1|           1|
    |or_ln611_17_fu_19028_p2       |        or|   0|  0|     2|           1|           1|
    |or_ln611_18_fu_21638_p2       |        or|   0|  0|     2|           1|           1|
    |or_ln611_19_fu_21724_p2       |        or|   0|  0|     2|           1|           1|
    |or_ln611_1_fu_9458_p2         |        or|   0|  0|     2|           1|           1|
    |or_ln611_20_fu_24826_p2       |        or|   0|  0|     2|           1|           1|
    |or_ln611_21_fu_24868_p2       |        or|   0|  0|     2|           1|           1|
    |or_ln611_22_fu_24952_p2       |        or|   0|  0|     2|           1|           1|
    |or_ln611_23_fu_28102_p2       |        or|   0|  0|     2|           1|           1|
    |or_ln611_24_fu_28188_p2       |        or|   0|  0|     2|           1|           1|
    |or_ln611_25_fu_28232_p2       |        or|   0|  0|     2|           1|           1|
    |or_ln611_26_fu_28316_p2       |        or|   0|  0|     2|           1|           1|
    |or_ln611_27_fu_28402_p2       |        or|   0|  0|     2|           1|           1|
    |or_ln611_28_fu_31076_p2       |        or|   0|  0|     2|           1|           1|
    |or_ln611_29_fu_31120_p2       |        or|   0|  0|     2|           1|           1|
    |or_ln611_2_fu_9653_p2         |        or|   0|  0|     2|           1|           1|
    |or_ln611_30_fu_33997_p2       |        or|   0|  0|     2|           1|           1|
    |or_ln611_31_fu_31391_p2       |        or|   0|  0|     2|           1|           1|
    |or_ln611_32_fu_31435_p2       |        or|   0|  0|     2|           1|           1|
    |or_ln611_33_fu_34113_p2       |        or|   0|  0|     2|           1|           1|
    |or_ln611_34_fu_37113_p2       |        or|   0|  0|     2|           1|           1|
    |or_ln611_35_fu_37197_p2       |        or|   0|  0|     2|           1|           1|
    |or_ln611_36_fu_37283_p2       |        or|   0|  0|     2|           1|           1|
    |or_ln611_37_fu_37369_p2       |        or|   0|  0|     2|           1|           1|
    |or_ln611_38_fu_40295_p2       |        or|   0|  0|     2|           1|           1|
    |or_ln611_39_fu_40381_p2       |        or|   0|  0|     2|           1|           1|
    |or_ln611_3_fu_12595_p2        |        or|   0|  0|     2|           1|           1|
    |or_ln611_40_fu_43146_p2       |        or|   0|  0|     2|           1|           1|
    |or_ln611_41_fu_40608_p2       |        or|   0|  0|     2|           1|           1|
    |or_ln611_42_fu_40694_p2       |        or|   0|  0|     2|           1|           1|
    |or_ln611_43_fu_43264_p2       |        or|   0|  0|     2|           1|           1|
    |or_ln611_44_fu_46000_p2       |        or|   0|  0|     2|           1|           1|
    |or_ln611_45_fu_46086_p2       |        or|   0|  0|     2|           1|           1|
    |or_ln611_46_fu_43632_p2       |        or|   0|  0|     2|           1|           1|
    |or_ln611_47_fu_43718_p2       |        or|   0|  0|     2|           1|           1|
    |or_ln611_48_fu_46204_p2       |        or|   0|  0|     2|           1|           1|
    |or_ln611_49_fu_48893_p2       |        or|   0|  0|     2|           1|           1|
    |or_ln611_4_fu_12681_p2        |        or|   0|  0|     2|           1|           1|
    |or_ln611_50_fu_51488_p2       |        or|   0|  0|     2|           1|           1|
    |or_ln611_51_fu_49120_p2       |        or|   0|  0|     2|           1|           1|
    |or_ln611_52_fu_49206_p2       |        or|   0|  0|     2|           1|           1|
    |or_ln611_53_fu_51606_p2       |        or|   0|  0|     2|           1|           1|
    |or_ln611_54_fu_53914_p2       |        or|   0|  0|     2|           1|           1|
    |or_ln611_55_fu_54000_p2       |        or|   0|  0|     2|           1|           1|
    |or_ln611_56_fu_51974_p2       |        or|   0|  0|     2|           1|           1|
    |or_ln611_57_fu_52060_p2       |        or|   0|  0|     2|           1|           1|
    |or_ln611_58_fu_54076_p2       |        or|   0|  0|     2|           1|           1|
    |or_ln611_59_fu_55776_p2       |        or|   0|  0|     2|           1|           1|
    |or_ln611_5_fu_12725_p2        |        or|   0|  0|     2|           1|           1|
    |or_ln611_60_fu_57220_p2       |        or|   0|  0|     2|           1|           1|
    |or_ln611_61_fu_56003_p2       |        or|   0|  0|     2|           1|           1|
    |or_ln611_62_fu_56047_p2       |        or|   0|  0|     2|           1|           1|
    |or_ln611_63_fu_57338_p2       |        or|   0|  0|     2|           1|           1|
    |or_ln611_64_fu_58159_p2       |        or|   0|  0|     2|           1|           1|
    |or_ln611_65_fu_58245_p2       |        or|   0|  0|     2|           1|           1|
    |or_ln611_6_fu_12809_p2        |        or|   0|  0|     2|           1|           1|
    |or_ln611_7_fu_12895_p2        |        or|   0|  0|     2|           1|           1|
    |or_ln611_8_fu_15811_p2        |        or|   0|  0|     2|           1|           1|
    |or_ln611_9_fu_15897_p2        |        or|   0|  0|     2|           1|           1|
    |or_ln611_fu_2902_p2           |        or|   0|  0|     2|           1|           1|
    |or_ln621_1_fu_2793_p2         |        or|   0|  0|     2|           1|           1|
    |or_ln621_fu_2768_p2           |        or|   0|  0|     2|           1|           1|
    |or_ln639_fu_2807_p2           |        or|   0|  0|     2|           1|           1|
    |or_ln653_10_fu_13448_p2       |        or|   0|  0|     2|           1|           1|
    |or_ln653_11_fu_13589_p2       |        or|   0|  0|     2|           1|           1|
    |or_ln653_12_fu_16195_p2       |        or|   0|  0|     2|           1|           1|
    |or_ln653_13_fu_16336_p2       |        or|   0|  0|     2|           1|           1|
    |or_ln653_14_fu_16477_p2       |        or|   0|  0|     2|           1|           1|
    |or_ln653_15_fu_16618_p2       |        or|   0|  0|     2|           1|           1|
    |or_ln653_16_fu_16759_p2       |        or|   0|  0|     2|           1|           1|
    |or_ln653_17_fu_19112_p2       |        or|   0|  0|     2|           1|           1|
    |or_ln653_18_fu_19253_p2       |        or|   0|  0|     2|           1|           1|
    |or_ln653_19_fu_21808_p2       |        or|   0|  0|     2|           1|           1|
    |or_ln653_1_fu_9510_p2         |        or|   0|  0|     2|           1|           1|
    |or_ln653_20_fu_21995_p2       |        or|   0|  0|     2|           1|           1|
    |or_ln653_21_fu_22182_p2       |        or|   0|  0|     2|           1|           1|
    |or_ln653_22_fu_25036_p2       |        or|   0|  0|     2|           1|           1|
    |or_ln653_23_fu_25177_p2       |        or|   0|  0|     2|           1|           1|
    |or_ln653_24_fu_25318_p2       |        or|   0|  0|     2|           1|           1|
    |or_ln653_25_fu_25505_p2       |        or|   0|  0|     2|           1|           1|
    |or_ln653_26_fu_25646_p2       |        or|   0|  0|     2|           1|           1|
    |or_ln653_27_fu_28486_p2       |        or|   0|  0|     2|           1|           1|
    |or_ln653_28_fu_28627_p2       |        or|   0|  0|     2|           1|           1|
    |or_ln653_29_fu_31202_p2       |        or|   0|  0|     2|           1|           1|
    |or_ln653_2_fu_9737_p2         |        or|   0|  0|     2|           1|           1|
    |or_ln653_30_fu_29058_p2       |        or|   0|  0|     2|           1|           1|
    |or_ln653_31_fu_29199_p2       |        or|   0|  0|     2|           1|           1|
    |or_ln653_32_fu_31517_p2       |        or|   0|  0|     2|           1|           1|
    |or_ln653_33_fu_34197_p2       |        or|   0|  0|     2|           1|           1|
    |or_ln653_34_fu_34384_p2       |        or|   0|  0|     2|           1|           1|
    |or_ln653_35_fu_34525_p2       |        or|   0|  0|     2|           1|           1|
    |or_ln653_36_fu_34666_p2       |        or|   0|  0|     2|           1|           1|
    |or_ln653_37_fu_37453_p2       |        or|   0|  0|     2|           1|           1|
    |or_ln653_38_fu_37594_p2       |        or|   0|  0|     2|           1|           1|
    |or_ln653_39_fu_40465_p2       |        or|   0|  0|     2|           1|           1|
    |or_ln653_3_fu_9878_p2         |        or|   0|  0|     2|           1|           1|
    |or_ln653_40_fu_37979_p2       |        or|   0|  0|     2|           1|           1|
    |or_ln653_41_fu_38120_p2       |        or|   0|  0|     2|           1|           1|
    |or_ln653_42_fu_40778_p2       |        or|   0|  0|     2|           1|           1|
    |or_ln653_43_fu_43348_p2       |        or|   0|  0|     2|           1|           1|
    |or_ln653_44_fu_43489_p2       |        or|   0|  0|     2|           1|           1|
    |or_ln653_45_fu_41407_p2       |        or|   0|  0|     2|           1|           1|
    |or_ln653_46_fu_41548_p2       |        or|   0|  0|     2|           1|           1|
    |or_ln653_47_fu_43802_p2       |        or|   0|  0|     2|           1|           1|
    |or_ln653_48_fu_46288_p2       |        or|   0|  0|     2|           1|           1|
    |or_ln653_49_fu_48977_p2       |        or|   0|  0|     2|           1|           1|
    |or_ln653_4_fu_10019_p2        |        or|   0|  0|     2|           1|           1|
    |or_ln653_50_fu_46673_p2       |        or|   0|  0|     2|           1|           1|
    |or_ln653_51_fu_46814_p2       |        or|   0|  0|     2|           1|           1|
    |or_ln653_52_fu_49290_p2       |        or|   0|  0|     2|           1|           1|
    |or_ln653_53_fu_51690_p2       |        or|   0|  0|     2|           1|           1|
    |or_ln653_54_fu_51831_p2       |        or|   0|  0|     2|           1|           1|
    |or_ln653_55_fu_49911_p2       |        or|   0|  0|     2|           1|           1|
    |or_ln653_56_fu_50052_p2       |        or|   0|  0|     2|           1|           1|
    |or_ln653_57_fu_52144_p2       |        or|   0|  0|     2|           1|           1|
    |or_ln653_58_fu_54158_p2       |        or|   0|  0|     2|           1|           1|
    |or_ln653_59_fu_55860_p2       |        or|   0|  0|     2|           1|           1|
    |or_ln653_5_fu_10206_p2        |        or|   0|  0|     2|           1|           1|
    |or_ln653_60_fu_54543_p2       |        or|   0|  0|     2|           1|           1|
    |or_ln653_61_fu_54684_p2       |        or|   0|  0|     2|           1|           1|
    |or_ln653_62_fu_56129_p2       |        or|   0|  0|     2|           1|           1|
    |or_ln653_63_fu_57422_p2       |        or|   0|  0|     2|           1|           1|
    |or_ln653_64_fu_57563_p2       |        or|   0|  0|     2|           1|           1|
    |or_ln653_6_fu_10347_p2        |        or|   0|  0|     2|           1|           1|
    |or_ln653_7_fu_12979_p2        |        or|   0|  0|     2|           1|           1|
    |or_ln653_8_fu_13120_p2        |        or|   0|  0|     2|           1|           1|
    |or_ln653_9_fu_13261_p2        |        or|   0|  0|     2|           1|           1|
    |or_ln653_fu_9315_p2           |        or|   0|  0|     2|           1|           1|
    |or_ln658_10_fu_13335_p2       |        or|   0|  0|     2|           1|           1|
    |or_ln658_11_fu_13522_p2       |        or|   0|  0|     2|           1|           1|
    |or_ln658_12_fu_13663_p2       |        or|   0|  0|     2|           1|           1|
    |or_ln658_13_fu_16269_p2       |        or|   0|  0|     2|           1|           1|
    |or_ln658_14_fu_16410_p2       |        or|   0|  0|     2|           1|           1|
    |or_ln658_15_fu_16551_p2       |        or|   0|  0|     2|           1|           1|
    |or_ln658_16_fu_16692_p2       |        or|   0|  0|     2|           1|           1|
    |or_ln658_17_fu_16833_p2       |        or|   0|  0|     2|           1|           1|
    |or_ln658_18_fu_19186_p2       |        or|   0|  0|     2|           1|           1|
    |or_ln658_19_fu_19327_p2       |        or|   0|  0|     2|           1|           1|
    |or_ln658_1_fu_9385_p2         |        or|   0|  0|     2|           1|           1|
    |or_ln658_20_fu_21882_p2       |        or|   0|  0|     2|           1|           1|
    |or_ln658_21_fu_22069_p2       |        or|   0|  0|     2|           1|           1|
    |or_ln658_22_fu_22256_p2       |        or|   0|  0|     2|           1|           1|
    |or_ln658_23_fu_25110_p2       |        or|   0|  0|     2|           1|           1|
    |or_ln658_24_fu_25251_p2       |        or|   0|  0|     2|           1|           1|
    |or_ln658_25_fu_25392_p2       |        or|   0|  0|     2|           1|           1|
    |or_ln658_26_fu_25579_p2       |        or|   0|  0|     2|           1|           1|
    |or_ln658_27_fu_25720_p2       |        or|   0|  0|     2|           1|           1|
    |or_ln658_28_fu_28560_p2       |        or|   0|  0|     2|           1|           1|
    |or_ln658_29_fu_28701_p2       |        or|   0|  0|     2|           1|           1|
    |or_ln658_2_fu_9580_p2         |        or|   0|  0|     2|           1|           1|
    |or_ln658_30_fu_31276_p2       |        or|   0|  0|     2|           1|           1|
    |or_ln658_31_fu_29132_p2       |        or|   0|  0|     2|           1|           1|
    |or_ln658_32_fu_29273_p2       |        or|   0|  0|     2|           1|           1|
    |or_ln658_33_fu_31591_p2       |        or|   0|  0|     2|           1|           1|
    |or_ln658_34_fu_34271_p2       |        or|   0|  0|     2|           1|           1|
    |or_ln658_35_fu_34458_p2       |        or|   0|  0|     2|           1|           1|
    |or_ln658_36_fu_34599_p2       |        or|   0|  0|     2|           1|           1|
    |or_ln658_37_fu_34740_p2       |        or|   0|  0|     2|           1|           1|
    |or_ln658_38_fu_37527_p2       |        or|   0|  0|     2|           1|           1|
    |or_ln658_39_fu_37668_p2       |        or|   0|  0|     2|           1|           1|
    |or_ln658_3_fu_9811_p2         |        or|   0|  0|     2|           1|           1|
    |or_ln658_40_fu_40539_p2       |        or|   0|  0|     2|           1|           1|
    |or_ln658_41_fu_38053_p2       |        or|   0|  0|     2|           1|           1|
    |or_ln658_42_fu_38194_p2       |        or|   0|  0|     2|           1|           1|
    |or_ln658_43_fu_40852_p2       |        or|   0|  0|     2|           1|           1|
    |or_ln658_44_fu_43422_p2       |        or|   0|  0|     2|           1|           1|
    |or_ln658_45_fu_43563_p2       |        or|   0|  0|     2|           1|           1|
    |or_ln658_46_fu_41481_p2       |        or|   0|  0|     2|           1|           1|
    |or_ln658_47_fu_41622_p2       |        or|   0|  0|     2|           1|           1|
    |or_ln658_48_fu_43876_p2       |        or|   0|  0|     2|           1|           1|
    |or_ln658_49_fu_46362_p2       |        or|   0|  0|     2|           1|           1|
    |or_ln658_4_fu_9952_p2         |        or|   0|  0|     2|           1|           1|
    |or_ln658_50_fu_49051_p2       |        or|   0|  0|     2|           1|           1|
    |or_ln658_51_fu_46747_p2       |        or|   0|  0|     2|           1|           1|
    |or_ln658_52_fu_46888_p2       |        or|   0|  0|     2|           1|           1|
    |or_ln658_53_fu_49364_p2       |        or|   0|  0|     2|           1|           1|
    |or_ln658_54_fu_51764_p2       |        or|   0|  0|     2|           1|           1|
    |or_ln658_55_fu_51905_p2       |        or|   0|  0|     2|           1|           1|
    |or_ln658_56_fu_49985_p2       |        or|   0|  0|     2|           1|           1|
    |or_ln658_57_fu_50126_p2       |        or|   0|  0|     2|           1|           1|
    |or_ln658_58_fu_52218_p2       |        or|   0|  0|     2|           1|           1|
    |or_ln658_59_fu_54232_p2       |        or|   0|  0|     2|           1|           1|
    |or_ln658_5_fu_10093_p2        |        or|   0|  0|     2|           1|           1|
    |or_ln658_60_fu_55934_p2       |        or|   0|  0|     2|           1|           1|
    |or_ln658_61_fu_54617_p2       |        or|   0|  0|     2|           1|           1|
    |or_ln658_62_fu_54758_p2       |        or|   0|  0|     2|           1|           1|
    |or_ln658_63_fu_56203_p2       |        or|   0|  0|     2|           1|           1|
    |or_ln658_64_fu_57496_p2       |        or|   0|  0|     2|           1|           1|
    |or_ln658_65_fu_57637_p2       |        or|   0|  0|     2|           1|           1|
    |or_ln658_6_fu_10280_p2        |        or|   0|  0|     2|           1|           1|
    |or_ln658_7_fu_10421_p2        |        or|   0|  0|     2|           1|           1|
    |or_ln658_8_fu_13053_p2        |        or|   0|  0|     2|           1|           1|
    |or_ln658_9_fu_13194_p2        |        or|   0|  0|     2|           1|           1|
    |or_ln658_fu_2823_p2           |        or|   0|  0|     2|           1|           1|
    |or_ln785_10_fu_27497_p2       |        or|   0|  0|     2|           1|           1|
    |or_ln785_11_fu_27515_p2       |        or|   0|  0|     2|           1|           1|
    |or_ln785_12_fu_27533_p2       |        or|   0|  0|     2|           1|           1|
    |or_ln785_13_fu_30552_p2       |        or|   0|  0|     2|           1|           1|
    |or_ln785_14_fu_30570_p2       |        or|   0|  0|     2|           1|           1|
    |or_ln785_15_fu_30588_p2       |        or|   0|  0|     2|           1|           1|
    |or_ln785_16_fu_30630_p2       |        or|   0|  0|     2|           1|           1|
    |or_ln785_17_fu_30672_p2       |        or|   0|  0|     2|           1|           1|
    |or_ln785_18_fu_33520_p2       |        or|   0|  0|     2|           1|           1|
    |or_ln785_19_fu_33562_p2       |        or|   0|  0|     2|           1|           1|
    |or_ln785_1_fu_18366_p2        |        or|   0|  0|     2|           1|           1|
    |or_ln785_20_fu_36564_p2       |        or|   0|  0|     2|           1|           1|
    |or_ln785_21_fu_33754_p2       |        or|   0|  0|     2|           1|           1|
    |or_ln785_22_fu_33859_p2       |        or|   0|  0|     2|           1|           1|
    |or_ln785_23_fu_36653_p2       |        or|   0|  0|     2|           1|           1|
    |or_ln785_24_fu_39711_p2       |        or|   0|  0|     2|           1|           1|
    |or_ln785_25_fu_39729_p2       |        or|   0|  0|     2|           1|           1|
    |or_ln785_26_fu_39771_p2       |        or|   0|  0|     2|           1|           1|
    |or_ln785_27_fu_39789_p2       |        or|   0|  0|     2|           1|           1|
    |or_ln785_28_fu_42686_p2       |        or|   0|  0|     2|           1|           1|
    |or_ln785_29_fu_42704_p2       |        or|   0|  0|     2|           1|           1|
    |or_ln785_2_fu_21082_p2        |        or|   0|  0|     2|           1|           1|
    |or_ln785_30_fu_45442_p2       |        or|   0|  0|     2|           1|           1|
    |or_ln785_31_fu_42833_p2       |        or|   0|  0|     2|           1|           1|
    |or_ln785_32_fu_42875_p2       |        or|   0|  0|     2|           1|           1|
    |or_ln785_33_fu_45460_p2       |        or|   0|  0|     2|           1|           1|
    |or_ln785_34_fu_48309_p2       |        or|   0|  0|     2|           1|           1|
    |or_ln785_35_fu_48327_p2       |        or|   0|  0|     2|           1|           1|
    |or_ln785_36_fu_45737_p2       |        or|   0|  0|     2|           1|           1|
    |or_ln785_37_fu_45842_p2       |        or|   0|  0|     2|           1|           1|
    |or_ln785_38_fu_48440_p2       |        or|   0|  0|     2|           1|           1|
    |or_ln785_39_fu_50968_p2       |        or|   0|  0|     2|           1|           1|
    |or_ln785_3_fu_21127_p2        |        or|   0|  0|     2|           1|           1|
    |or_ln785_40_fu_53415_p2       |        or|   0|  0|     2|           1|           1|
    |or_ln785_41_fu_51097_p2       |        or|   0|  0|     2|           1|           1|
    |or_ln785_42_fu_51115_p2       |        or|   0|  0|     2|           1|           1|
    |or_ln785_43_fu_53433_p2       |        or|   0|  0|     2|           1|           1|
    |or_ln785_44_fu_55277_p2       |        or|   0|  0|     2|           1|           1|
    |or_ln785_45_fu_55295_p2       |        or|   0|  0|     2|           1|           1|
    |or_ln785_46_fu_53623_p2       |        or|   0|  0|     2|           1|           1|
    |or_ln785_47_fu_53665_p2       |        or|   0|  0|     2|           1|           1|
    |or_ln785_48_fu_55337_p2       |        or|   0|  0|     2|           1|           1|
    |or_ln785_49_fu_56714_p2       |        or|   0|  0|     2|           1|           1|
    |or_ln785_4_fu_21172_p2        |        or|   0|  0|     2|           1|           1|
    |or_ln785_50_fu_57660_p2       |        or|   0|  0|     2|           1|           1|
    |or_ln785_51_fu_56843_p2       |        or|   0|  0|     2|           1|           1|
    |or_ln785_52_fu_56861_p2       |        or|   0|  0|     2|           1|           1|
    |or_ln785_53_fu_57678_p2       |        or|   0|  0|     2|           1|           1|
    |or_ln785_54_fu_58285_p2       |        or|   0|  0|     2|           1|           1|
    |or_ln785_55_fu_58303_p2       |        or|   0|  0|     2|           1|           1|
    |or_ln785_56_fu_57868_p2       |        or|   0|  0|     2|           1|           1|
    |or_ln785_57_fu_57910_p2       |        or|   0|  0|     2|           1|           1|
    |or_ln785_58_fu_58345_p2       |        or|   0|  0|     2|           1|           1|
    |or_ln785_59_fu_58686_p2       |        or|   0|  0|     2|           1|           1|
    |or_ln785_5_fu_59765_p2        |        or|   0|  0|     2|           1|           1|
    |or_ln785_60_fu_59058_p2       |        or|   0|  0|     2|           1|           1|
    |or_ln785_61_fu_58815_p2       |        or|   0|  0|     2|           1|           1|
    |or_ln785_62_fu_58873_p2       |        or|   0|  0|     2|           1|           1|
    |or_ln785_63_fu_59076_p2       |        or|   0|  0|     2|           1|           1|
    |or_ln785_64_fu_59353_p2       |        or|   0|  0|     2|           1|           1|
    |or_ln785_65_fu_59411_p2       |        or|   0|  0|     2|           1|           1|
    |or_ln785_6_fu_21277_p2        |        or|   0|  0|     2|           1|           1|
    |or_ln785_7_fu_21382_p2        |        or|   0|  0|     2|           1|           1|
    |or_ln785_8_fu_24338_p2        |        or|   0|  0|     2|           1|           1|
    |or_ln785_9_fu_24443_p2        |        or|   0|  0|     2|           1|           1|
    |or_ln785_fu_18321_p2          |        or|   0|  0|     2|           1|           1|
    |or_ln949_1_fu_60035_p2        |        or|   0|  0|    40|          40|          40|
    |Range2_all_ones_2_fu_2714_p3  |    select|   0|  0|     2|           1|           1|
    |a_V_fu_59654_p3               |    select|   0|  0|    40|           1|          40|
    |acc_V_fu_59909_p3             |    select|   0|  0|    40|           1|          40|
    |deleted_ones_fu_2799_p3       |    select|   0|  0|     2|           1|           1|
    |deleted_zeros_fu_2785_p3      |    select|   0|  0|     2|           1|           1|
    |idx_urem_fu_2208_p3           |    select|   0|  0|     7|           1|           7|
    |lhs_V_fu_59671_p3             |    select|   0|  0|    40|           1|          39|
    |m_fu_60118_p3                 |    select|   0|  0|    40|           1|          40|
    |man_V_fu_2426_p3              |    select|   0|  0|    54|           1|          54|
    |out_r                         |    select|   0|  0|    32|           1|           1|
    |p_Val2_1_fu_2661_p3           |    select|   0|  0|    16|           1|          16|
    |r_V_2_fu_59725_p3             |    select|   0|  0|   104|           1|         104|
    |rhs_1_fu_59841_p3             |    select|   0|  0|    40|           1|          40|
    |select_ln340_100_fu_33953_p3  |    select|   0|  0|    40|           1|          39|
    |select_ln340_101_fu_36974_p3  |    select|   0|  0|    40|           1|          40|
    |select_ln340_102_fu_31080_p3  |    select|   0|  0|    18|           1|          17|
    |select_ln340_103_fu_31094_p3  |    select|   0|  0|    18|           1|          18|
    |select_ln340_104_fu_37069_p3  |    select|   0|  0|    40|           1|          39|
    |select_ln340_105_fu_39813_p3  |    select|   0|  0|    40|           1|          40|
    |select_ln340_106_fu_31124_p3  |    select|   0|  0|    18|           1|          17|
    |select_ln340_107_fu_31137_p3  |    select|   0|  0|    18|           1|          18|
    |select_ln340_108_fu_39908_p3  |    select|   0|  0|    40|           1|          39|
    |select_ln340_109_fu_39921_p3  |    select|   0|  0|    40|           1|          40|
    |select_ln340_10_fu_12685_p3   |    select|   0|  0|    18|           1|          17|
    |select_ln340_110_fu_34001_p3  |    select|   0|  0|    18|           1|          17|
    |select_ln340_111_fu_34014_p3  |    select|   0|  0|    18|           1|          18|
    |select_ln340_112_fu_39993_p3  |    select|   0|  0|    40|           1|          39|
    |select_ln340_113_fu_40007_p3  |    select|   0|  0|    40|           1|          40|
    |select_ln340_114_fu_31395_p3  |    select|   0|  0|    18|           1|          17|
    |select_ln340_115_fu_31409_p3  |    select|   0|  0|    18|           1|          18|
    |select_ln340_116_fu_40015_p3  |    select|   0|  0|    40|           1|          39|
    |select_ln340_117_fu_40028_p3  |    select|   0|  0|    40|           1|          40|
    |select_ln340_118_fu_31439_p3  |    select|   0|  0|    18|           1|          17|
    |select_ln340_119_fu_31452_p3  |    select|   0|  0|    18|           1|          18|
    |select_ln340_11_fu_12699_p3   |    select|   0|  0|    18|           1|          18|
    |select_ln340_120_fu_40100_p3  |    select|   0|  0|    40|           1|          39|
    |select_ln340_121_fu_40113_p3  |    select|   0|  0|    40|           1|          40|
    |select_ln340_122_fu_34117_p3  |    select|   0|  0|    18|           1|          17|
    |select_ln340_123_fu_34131_p3  |    select|   0|  0|    18|           1|          18|
    |select_ln340_124_fu_58851_p3  |    select|   0|  0|    40|           1|          39|
    |select_ln340_125_fu_42917_p3  |    select|   0|  0|    40|           1|          39|
    |select_ln340_126_fu_58909_p3  |    select|   0|  0|    40|           1|          39|
    |select_ln340_127_fu_42930_p3  |    select|   0|  0|    40|           1|          40|
    |select_ln340_128_fu_59112_p3  |    select|   0|  0|    40|           1|          39|
    |select_ln340_129_fu_37117_p3  |    select|   0|  0|    18|           1|          17|
    |select_ln340_12_fu_12729_p3   |    select|   0|  0|    18|           1|          17|
    |select_ln340_130_fu_59389_p3  |    select|   0|  0|    40|           1|          39|
    |select_ln340_131_fu_37130_p3  |    select|   0|  0|    18|           1|          18|
    |select_ln340_132_fu_59453_p3  |    select|   0|  0|    40|           1|          39|
    |select_ln340_133_fu_59310_p3  |    select|   0|  0|    40|           1|          40|
    |select_ln340_134_fu_59497_p3  |    select|   0|  0|    40|           1|          40|
    |select_ln340_135_fu_59562_p3  |    select|   0|  0|    40|           1|          40|
    |select_ln340_136_fu_59625_p3  |    select|   0|  0|    40|           1|          40|
    |select_ln340_137_fu_43002_p3  |    select|   0|  0|    40|           1|          39|
    |select_ln340_138_fu_43016_p3  |    select|   0|  0|    40|           1|          40|
    |select_ln340_139_fu_37201_p3  |    select|   0|  0|    18|           1|          17|
    |select_ln340_13_fu_12742_p3   |    select|   0|  0|    18|           1|          18|
    |select_ln340_140_fu_37215_p3  |    select|   0|  0|    18|           1|          18|
    |select_ln340_141_fu_45589_p3  |    select|   0|  0|    40|           1|          39|
    |select_ln340_142_fu_45602_p3  |    select|   0|  0|    40|           1|          40|
    |select_ln340_143_fu_37287_p3  |    select|   0|  0|    18|           1|          17|
    |select_ln340_144_fu_37301_p3  |    select|   0|  0|    18|           1|          18|
    |select_ln340_145_fu_43024_p3  |    select|   0|  0|    40|           1|          39|
    |select_ln340_146_fu_43038_p3  |    select|   0|  0|    40|           1|          40|
    |select_ln340_147_fu_37373_p3  |    select|   0|  0|    18|           1|          17|
    |select_ln340_148_fu_37387_p3  |    select|   0|  0|    18|           1|          18|
    |select_ln340_149_fu_43046_p3  |    select|   0|  0|    40|           1|          39|
    |select_ln340_14_fu_12813_p3   |    select|   0|  0|    18|           1|          17|
    |select_ln340_150_fu_43060_p3  |    select|   0|  0|    40|           1|          40|
    |select_ln340_151_fu_40299_p3  |    select|   0|  0|    18|           1|          17|
    |select_ln340_152_fu_40313_p3  |    select|   0|  0|    18|           1|          18|
    |select_ln340_153_fu_45884_p3  |    select|   0|  0|    40|           1|          39|
    |select_ln340_154_fu_45898_p3  |    select|   0|  0|    40|           1|          40|
    |select_ln340_155_fu_40385_p3  |    select|   0|  0|    18|           1|          17|
    |select_ln340_156_fu_40399_p3  |    select|   0|  0|    18|           1|          18|
    |select_ln340_157_fu_48482_p3  |    select|   0|  0|    40|           1|          39|
    |select_ln340_158_fu_48495_p3  |    select|   0|  0|    40|           1|          40|
    |select_ln340_159_fu_43150_p3  |    select|   0|  0|    18|           1|          17|
    |select_ln340_15_fu_12827_p3   |    select|   0|  0|    18|           1|          18|
    |select_ln340_160_fu_43164_p3  |    select|   0|  0|    18|           1|          18|
    |select_ln340_161_fu_48567_p3  |    select|   0|  0|    40|           1|          39|
    |select_ln340_162_fu_48581_p3  |    select|   0|  0|    40|           1|          40|
    |select_ln340_163_fu_40612_p3  |    select|   0|  0|    18|           1|          17|
    |select_ln340_164_fu_40626_p3  |    select|   0|  0|    18|           1|          18|
    |select_ln340_165_fu_45922_p3  |    select|   0|  0|    40|           1|          39|
    |select_ln340_166_fu_48595_p3  |    select|   0|  0|    40|           1|          40|
    |select_ln340_167_fu_40698_p3  |    select|   0|  0|    18|           1|          17|
    |select_ln340_168_fu_40712_p3  |    select|   0|  0|    18|           1|          18|
    |select_ln340_169_fu_45930_p3  |    select|   0|  0|    40|           1|          39|
    |select_ln340_16_fu_18510_p3   |    select|   0|  0|    40|           1|          39|
    |select_ln340_170_fu_48696_p3  |    select|   0|  0|    40|           1|          40|
    |select_ln340_171_fu_43268_p3  |    select|   0|  0|    18|           1|          17|
    |select_ln340_172_fu_43282_p3  |    select|   0|  0|    18|           1|          18|
    |select_ln340_173_fu_48791_p3  |    select|   0|  0|    40|           1|          39|
    |select_ln340_174_fu_51139_p3  |    select|   0|  0|    40|           1|          40|
    |select_ln340_175_fu_46004_p3  |    select|   0|  0|    18|           1|          17|
    |select_ln340_176_fu_46018_p3  |    select|   0|  0|    18|           1|          18|
    |select_ln340_177_fu_51234_p3  |    select|   0|  0|    40|           1|          39|
    |select_ln340_178_fu_51248_p3  |    select|   0|  0|    40|           1|          40|
    |select_ln340_179_fu_46090_p3  |    select|   0|  0|    18|           1|          17|
    |select_ln340_17_fu_18526_p3   |    select|   0|  0|    40|           1|          40|
    |select_ln340_180_fu_46104_p3  |    select|   0|  0|    18|           1|          18|
    |select_ln340_181_fu_53538_p3  |    select|   0|  0|    40|           1|          39|
    |select_ln340_182_fu_53551_p3  |    select|   0|  0|    40|           1|          40|
    |select_ln340_183_fu_43636_p3  |    select|   0|  0|    18|           1|          17|
    |select_ln340_184_fu_43650_p3  |    select|   0|  0|    18|           1|          18|
    |select_ln340_185_fu_51256_p3  |    select|   0|  0|    40|           1|          39|
    |select_ln340_186_fu_51269_p3  |    select|   0|  0|    40|           1|          40|
    |select_ln340_187_fu_43722_p3  |    select|   0|  0|    18|           1|          17|
    |select_ln340_188_fu_43736_p3  |    select|   0|  0|    18|           1|          18|
    |select_ln340_189_fu_51341_p3  |    select|   0|  0|    40|           1|          39|
    |select_ln340_18_fu_12899_p3   |    select|   0|  0|    18|           1|          17|
    |select_ln340_190_fu_51354_p3  |    select|   0|  0|    40|           1|          40|
    |select_ln340_191_fu_46208_p3  |    select|   0|  0|    18|           1|          17|
    |select_ln340_192_fu_46222_p3  |    select|   0|  0|    18|           1|          18|
    |select_ln340_193_fu_53707_p3  |    select|   0|  0|    40|           1|          39|
    |select_ln340_194_fu_53720_p3  |    select|   0|  0|    40|           1|          40|
    |select_ln340_195_fu_48897_p3  |    select|   0|  0|    18|           1|          17|
    |select_ln340_196_fu_48911_p3  |    select|   0|  0|    18|           1|          18|
    |select_ln340_197_fu_55379_p3  |    select|   0|  0|    40|           1|          39|
    |select_ln340_198_fu_55392_p3  |    select|   0|  0|    40|           1|          40|
    |select_ln340_199_fu_51492_p3  |    select|   0|  0|    18|           1|          17|
    |select_ln340_19_fu_12913_p3   |    select|   0|  0|    18|           1|          18|
    |select_ln340_1_fu_2894_p3     |    select|   0|  0|    16|           1|          16|
    |select_ln340_200_fu_51506_p3  |    select|   0|  0|    18|           1|          18|
    |select_ln340_201_fu_55464_p3  |    select|   0|  0|    40|           1|          39|
    |select_ln340_202_fu_55478_p3  |    select|   0|  0|    40|           1|          40|
    |select_ln340_203_fu_49124_p3  |    select|   0|  0|    18|           1|          17|
    |select_ln340_204_fu_49138_p3  |    select|   0|  0|    18|           1|          18|
    |select_ln340_205_fu_53808_p3  |    select|   0|  0|    40|           1|          39|
    |select_ln340_206_fu_53822_p3  |    select|   0|  0|    40|           1|          40|
    |select_ln340_207_fu_49210_p3  |    select|   0|  0|    18|           1|          17|
    |select_ln340_208_fu_49224_p3  |    select|   0|  0|    18|           1|          18|
    |select_ln340_209_fu_53830_p3  |    select|   0|  0|    40|           1|          39|
    |select_ln340_20_fu_18534_p3   |    select|   0|  0|    40|           1|          39|
    |select_ln340_210_fu_53844_p3  |    select|   0|  0|    40|           1|          40|
    |select_ln340_211_fu_51610_p3  |    select|   0|  0|    18|           1|          17|
    |select_ln340_212_fu_51624_p3  |    select|   0|  0|    18|           1|          18|
    |select_ln340_213_fu_55660_p3  |    select|   0|  0|    40|           1|          39|
    |select_ln340_214_fu_55674_p3  |    select|   0|  0|    40|           1|          40|
    |select_ln340_215_fu_53918_p3  |    select|   0|  0|    18|           1|          17|
    |select_ln340_216_fu_53932_p3  |    select|   0|  0|    18|           1|          18|
    |select_ln340_217_fu_56966_p3  |    select|   0|  0|    40|           1|          39|
    |select_ln340_218_fu_56980_p3  |    select|   0|  0|    40|           1|          40|
    |select_ln340_219_fu_54004_p3  |    select|   0|  0|    18|           1|          17|
    |select_ln340_21_fu_18550_p3   |    select|   0|  0|    40|           1|          40|
    |select_ln340_220_fu_54018_p3  |    select|   0|  0|    18|           1|          18|
    |select_ln340_221_fu_57783_p3  |    select|   0|  0|    40|           1|          39|
    |select_ln340_222_fu_57796_p3  |    select|   0|  0|    40|           1|          40|
    |select_ln340_223_fu_51978_p3  |    select|   0|  0|    18|           1|          17|
    |select_ln340_224_fu_51992_p3  |    select|   0|  0|    18|           1|          18|
    |select_ln340_225_fu_56988_p3  |    select|   0|  0|    40|           1|          39|
    |select_ln340_226_fu_57001_p3  |    select|   0|  0|    40|           1|          40|
    |select_ln340_227_fu_52064_p3  |    select|   0|  0|    18|           1|          17|
    |select_ln340_228_fu_52078_p3  |    select|   0|  0|    18|           1|          18|
    |select_ln340_229_fu_57073_p3  |    select|   0|  0|    40|           1|          39|
    |select_ln340_22_fu_15815_p3   |    select|   0|  0|    18|           1|          17|
    |select_ln340_230_fu_57086_p3  |    select|   0|  0|    40|           1|          40|
    |select_ln340_231_fu_54080_p3  |    select|   0|  0|    18|           1|          17|
    |select_ln340_232_fu_54093_p3  |    select|   0|  0|    18|           1|          18|
    |select_ln340_233_fu_57952_p3  |    select|   0|  0|    40|           1|          39|
    |select_ln340_234_fu_57965_p3  |    select|   0|  0|    40|           1|          40|
    |select_ln340_235_fu_55780_p3  |    select|   0|  0|    18|           1|          17|
    |select_ln340_236_fu_55794_p3  |    select|   0|  0|    18|           1|          18|
    |select_ln340_237_fu_58387_p3  |    select|   0|  0|    40|           1|          39|
    |select_ln340_238_fu_58400_p3  |    select|   0|  0|    40|           1|          40|
    |select_ln340_239_fu_57224_p3  |    select|   0|  0|    18|           1|          17|
    |select_ln340_23_fu_15829_p3   |    select|   0|  0|    18|           1|          18|
    |select_ln340_240_fu_57238_p3  |    select|   0|  0|    18|           1|          18|
    |select_ln340_241_fu_58472_p3  |    select|   0|  0|    40|           1|          39|
    |select_ln340_242_fu_58486_p3  |    select|   0|  0|    40|           1|          40|
    |select_ln340_243_fu_56007_p3  |    select|   0|  0|    18|           1|          17|
    |select_ln340_244_fu_56021_p3  |    select|   0|  0|    18|           1|          18|
    |select_ln340_245_fu_58053_p3  |    select|   0|  0|    40|           1|          39|
    |select_ln340_246_fu_58067_p3  |    select|   0|  0|    40|           1|          40|
    |select_ln340_247_fu_58865_p3  |    select|   0|  0|    40|           1|          40|
    |select_ln340_248_fu_56051_p3  |    select|   0|  0|    18|           1|          17|
    |select_ln340_249_fu_56064_p3  |    select|   0|  0|    18|           1|          18|
    |select_ln340_24_fu_21424_p3   |    select|   0|  0|    40|           1|          39|
    |select_ln340_250_fu_58075_p3  |    select|   0|  0|    40|           1|          39|
    |select_ln340_251_fu_58089_p3  |    select|   0|  0|    40|           1|          40|
    |select_ln340_252_fu_58923_p3  |    select|   0|  0|    40|           1|          40|
    |select_ln340_253_fu_57342_p3  |    select|   0|  0|    18|           1|          17|
    |select_ln340_254_fu_57356_p3  |    select|   0|  0|    18|           1|          18|
    |select_ln340_255_fu_58632_p3  |    select|   0|  0|    40|           1|          39|
    |select_ln340_256_fu_58646_p3  |    select|   0|  0|    40|           1|          40|
    |select_ln340_257_fu_59126_p3  |    select|   0|  0|    40|           1|          40|
    |select_ln340_258_fu_58163_p3  |    select|   0|  0|    18|           1|          17|
    |select_ln340_259_fu_58177_p3  |    select|   0|  0|    18|           1|          18|
    |select_ln340_25_fu_21440_p3   |    select|   0|  0|    40|           1|          40|
    |select_ln340_260_fu_59000_p3  |    select|   0|  0|    40|           1|          39|
    |select_ln340_261_fu_59014_p3  |    select|   0|  0|    40|           1|          40|
    |select_ln340_262_fu_59403_p3  |    select|   0|  0|    40|           1|          40|
    |select_ln340_263_fu_58249_p3  |    select|   0|  0|    18|           1|          17|
    |select_ln340_264_fu_58263_p3  |    select|   0|  0|    18|           1|          18|
    |select_ln340_265_fu_59203_p3  |    select|   0|  0|    40|           1|          39|
    |select_ln340_266_fu_59216_p3  |    select|   0|  0|    40|           1|          40|
    |select_ln340_267_fu_59467_p3  |    select|   0|  0|    40|           1|          40|
    |select_ln340_26_fu_15901_p3   |    select|   0|  0|    18|           1|          17|
    |select_ln340_27_fu_15915_p3   |    select|   0|  0|    18|           1|          18|
    |select_ln340_28_fu_21448_p3   |    select|   0|  0|    40|           1|          39|
    |select_ln340_29_fu_21464_p3   |    select|   0|  0|    40|           1|          40|
    |select_ln340_2_fu_9462_p3     |    select|   0|  0|    18|           1|          17|
    |select_ln340_30_fu_15945_p3   |    select|   0|  0|    18|           1|          17|
    |select_ln340_31_fu_15958_p3   |    select|   0|  0|    18|           1|          18|
    |select_ln340_32_fu_21472_p3   |    select|   0|  0|    40|           1|          39|
    |select_ln340_33_fu_21488_p3   |    select|   0|  0|    40|           1|          40|
    |select_ln340_34_fu_16029_p3   |    select|   0|  0|    18|           1|          17|
    |select_ln340_35_fu_16043_p3   |    select|   0|  0|    18|           1|          18|
    |select_ln340_36_fu_21496_p3   |    select|   0|  0|    40|           1|          39|
    |select_ln340_37_fu_24578_p3   |    select|   0|  0|    40|           1|          40|
    |select_ln340_38_fu_16115_p3   |    select|   0|  0|    18|           1|          17|
    |select_ln340_39_fu_16129_p3   |    select|   0|  0|    18|           1|          18|
    |select_ln340_3_fu_9476_p3     |    select|   0|  0|    18|           1|          18|
    |select_ln340_40_fu_21504_p3   |    select|   0|  0|    40|           1|          39|
    |select_ln340_41_fu_24679_p3   |    select|   0|  0|    40|           1|          40|
    |select_ln340_42_fu_18688_p3   |    select|   0|  0|    18|           1|          17|
    |select_ln340_43_fu_18702_p3   |    select|   0|  0|    18|           1|          18|
    |select_ln340_44_fu_24774_p3   |    select|   0|  0|    40|           1|          39|
    |select_ln340_45_fu_27557_p3   |    select|   0|  0|    40|           1|          40|
    |select_ln340_46_fu_18774_p3   |    select|   0|  0|    18|           1|          17|
    |select_ln340_47_fu_18788_p3   |    select|   0|  0|    18|           1|          18|
    |select_ln340_48_fu_24782_p3   |    select|   0|  0|    40|           1|          39|
    |select_ln340_49_fu_27658_p3   |    select|   0|  0|    40|           1|          40|
    |select_ln340_4_fu_9657_p3     |    select|   0|  0|    18|           1|          17|
    |select_ln340_50_fu_18860_p3   |    select|   0|  0|    18|           1|          17|
    |select_ln340_51_fu_18874_p3   |    select|   0|  0|    18|           1|          18|
    |select_ln340_52_fu_27753_p3   |    select|   0|  0|    40|           1|          39|
    |select_ln340_53_fu_27766_p3   |    select|   0|  0|    40|           1|          40|
    |select_ln340_54_fu_18946_p3   |    select|   0|  0|    18|           1|          17|
    |select_ln340_55_fu_18960_p3   |    select|   0|  0|    18|           1|          18|
    |select_ln340_56_fu_27838_p3   |    select|   0|  0|    40|           1|          39|
    |select_ln340_57_fu_27851_p3   |    select|   0|  0|    40|           1|          40|
    |select_ln340_58_fu_19032_p3   |    select|   0|  0|    18|           1|          17|
    |select_ln340_59_fu_19046_p3   |    select|   0|  0|    18|           1|          18|
    |select_ln340_5_fu_9671_p3     |    select|   0|  0|    18|           1|          18|
    |select_ln340_60_fu_27923_p3   |    select|   0|  0|    40|           1|          39|
    |select_ln340_61_fu_27936_p3   |    select|   0|  0|    40|           1|          40|
    |select_ln340_62_fu_21642_p3   |    select|   0|  0|    18|           1|          17|
    |select_ln340_63_fu_21656_p3   |    select|   0|  0|    18|           1|          18|
    |select_ln340_64_fu_30714_p3   |    select|   0|  0|    40|           1|          39|
    |select_ln340_65_fu_30727_p3   |    select|   0|  0|    40|           1|          40|
    |select_ln340_66_fu_21728_p3   |    select|   0|  0|    18|           1|          17|
    |select_ln340_67_fu_21742_p3   |    select|   0|  0|    18|           1|          18|
    |select_ln340_68_fu_30799_p3   |    select|   0|  0|    40|           1|          39|
    |select_ln340_69_fu_30812_p3   |    select|   0|  0|    40|           1|          40|
    |select_ln340_6_fu_12599_p3    |    select|   0|  0|    18|           1|          17|
    |select_ln340_70_fu_24830_p3   |    select|   0|  0|    18|           1|          17|
    |select_ln340_71_fu_24843_p3   |    select|   0|  0|    18|           1|          18|
    |select_ln340_72_fu_30884_p3   |    select|   0|  0|    40|           1|          39|
    |select_ln340_73_fu_30898_p3   |    select|   0|  0|    40|           1|          40|
    |select_ln340_74_fu_24872_p3   |    select|   0|  0|    18|           1|          17|
    |select_ln340_75_fu_24885_p3   |    select|   0|  0|    18|           1|          18|
    |select_ln340_76_fu_30906_p3   |    select|   0|  0|    40|           1|          39|
    |select_ln340_77_fu_30920_p3   |    select|   0|  0|    40|           1|          40|
    |select_ln340_78_fu_24956_p3   |    select|   0|  0|    18|           1|          17|
    |select_ln340_79_fu_24970_p3   |    select|   0|  0|    18|           1|          18|
    |select_ln340_7_fu_12613_p3    |    select|   0|  0|    18|           1|          18|
    |select_ln340_80_fu_30928_p3   |    select|   0|  0|    40|           1|          39|
    |select_ln340_81_fu_30942_p3   |    select|   0|  0|    40|           1|          40|
    |select_ln340_82_fu_28106_p3   |    select|   0|  0|    18|           1|          17|
    |select_ln340_83_fu_28120_p3   |    select|   0|  0|    18|           1|          18|
    |select_ln340_84_fu_33901_p3   |    select|   0|  0|    40|           1|          39|
    |select_ln340_85_fu_33915_p3   |    select|   0|  0|    40|           1|          40|
    |select_ln340_86_fu_28192_p3   |    select|   0|  0|    18|           1|          17|
    |select_ln340_87_fu_28206_p3   |    select|   0|  0|    18|           1|          18|
    |select_ln340_88_fu_33923_p3   |    select|   0|  0|    40|           1|          39|
    |select_ln340_89_fu_33937_p3   |    select|   0|  0|    40|           1|          40|
    |select_ln340_8_fu_59813_p3    |    select|   0|  0|    40|           1|          39|
    |select_ln340_90_fu_28236_p3   |    select|   0|  0|    18|           1|          17|
    |select_ln340_91_fu_28249_p3   |    select|   0|  0|    18|           1|          18|
    |select_ln340_92_fu_36782_p3   |    select|   0|  0|    40|           1|          39|
    |select_ln340_93_fu_36795_p3   |    select|   0|  0|    40|           1|          40|
    |select_ln340_94_fu_28320_p3   |    select|   0|  0|    18|           1|          17|
    |select_ln340_95_fu_28334_p3   |    select|   0|  0|    18|           1|          18|
    |select_ln340_96_fu_33945_p3   |    select|   0|  0|    40|           1|          39|
    |select_ln340_97_fu_36873_p3   |    select|   0|  0|    40|           1|          40|
    |select_ln340_98_fu_28406_p3   |    select|   0|  0|    18|           1|          17|
    |select_ln340_99_fu_28420_p3   |    select|   0|  0|    18|           1|          18|
    |select_ln340_9_fu_59829_p3    |    select|   0|  0|    40|           1|          40|
    |select_ln340_fu_2870_p3       |    select|   0|  0|    16|           1|          15|
    |select_ln384_1_fu_59489_p3    |    select|   0|  0|    41|           1|          39|
    |select_ln384_2_fu_59554_p3    |    select|   0|  0|    41|           1|          39|
    |select_ln384_3_fu_59617_p3    |    select|   0|  0|    41|           1|          39|
    |select_ln384_4_fu_59901_p3    |    select|   0|  0|    41|           1|          39|
    |select_ln384_fu_59302_p3      |    select|   0|  0|    41|           1|          39|
    |select_ln388_100_fu_53837_p3  |    select|   0|  0|    41|           1|          41|
    |select_ln388_101_fu_51617_p3  |    select|   0|  0|    19|           1|          19|
    |select_ln388_102_fu_55667_p3  |    select|   0|  0|    41|           1|          41|
    |select_ln388_103_fu_53925_p3  |    select|   0|  0|    19|           1|          19|
    |select_ln388_104_fu_56973_p3  |    select|   0|  0|    41|           1|          41|
    |select_ln388_105_fu_54011_p3  |    select|   0|  0|    19|           1|          19|
    |select_ln388_106_fu_57790_p3  |    select|   0|  0|    41|           1|          41|
    |select_ln388_107_fu_51985_p3  |    select|   0|  0|    19|           1|          19|
    |select_ln388_108_fu_56995_p3  |    select|   0|  0|    41|           1|          41|
    |select_ln388_109_fu_52071_p3  |    select|   0|  0|    19|           1|          19|
    |select_ln388_10_fu_18542_p3   |    select|   0|  0|    41|           1|          41|
    |select_ln388_110_fu_57080_p3  |    select|   0|  0|    41|           1|          41|
    |select_ln388_111_fu_54087_p3  |    select|   0|  0|    19|           1|          19|
    |select_ln388_112_fu_57959_p3  |    select|   0|  0|    41|           1|          41|
    |select_ln388_113_fu_55787_p3  |    select|   0|  0|    19|           1|          19|
    |select_ln388_114_fu_58394_p3  |    select|   0|  0|    41|           1|          41|
    |select_ln388_115_fu_57231_p3  |    select|   0|  0|    19|           1|          19|
    |select_ln388_116_fu_58479_p3  |    select|   0|  0|    41|           1|          41|
    |select_ln388_117_fu_56014_p3  |    select|   0|  0|    19|           1|          19|
    |select_ln388_118_fu_58060_p3  |    select|   0|  0|    41|           1|          41|
    |select_ln388_119_fu_58858_p3  |    select|   0|  0|    41|           1|          41|
    |select_ln388_11_fu_15822_p3   |    select|   0|  0|    19|           1|          19|
    |select_ln388_120_fu_56058_p3  |    select|   0|  0|    19|           1|          19|
    |select_ln388_121_fu_58082_p3  |    select|   0|  0|    41|           1|          41|
    |select_ln388_122_fu_58916_p3  |    select|   0|  0|    41|           1|          41|
    |select_ln388_123_fu_57349_p3  |    select|   0|  0|    19|           1|          19|
    |select_ln388_124_fu_58639_p3  |    select|   0|  0|    41|           1|          41|
    |select_ln388_125_fu_59119_p3  |    select|   0|  0|    41|           1|          41|
    |select_ln388_126_fu_58170_p3  |    select|   0|  0|    19|           1|          19|
    |select_ln388_127_fu_59007_p3  |    select|   0|  0|    41|           1|          41|
    |select_ln388_128_fu_59396_p3  |    select|   0|  0|    41|           1|          41|
    |select_ln388_129_fu_58256_p3  |    select|   0|  0|    19|           1|          19|
    |select_ln388_12_fu_21432_p3   |    select|   0|  0|    41|           1|          41|
    |select_ln388_130_fu_59210_p3  |    select|   0|  0|    41|           1|          41|
    |select_ln388_131_fu_59460_p3  |    select|   0|  0|    41|           1|          41|
    |select_ln388_13_fu_15908_p3   |    select|   0|  0|    19|           1|          19|
    |select_ln388_14_fu_21456_p3   |    select|   0|  0|    41|           1|          41|
    |select_ln388_15_fu_15952_p3   |    select|   0|  0|    19|           1|          19|
    |select_ln388_16_fu_21480_p3   |    select|   0|  0|    41|           1|          41|
    |select_ln388_17_fu_16036_p3   |    select|   0|  0|    19|           1|          19|
    |select_ln388_18_fu_24572_p3   |    select|   0|  0|    41|           1|          41|
    |select_ln388_19_fu_16122_p3   |    select|   0|  0|    19|           1|          19|
    |select_ln388_1_fu_9469_p3     |    select|   0|  0|    19|           1|          19|
    |select_ln388_20_fu_24673_p3   |    select|   0|  0|    41|           1|          41|
    |select_ln388_21_fu_18695_p3   |    select|   0|  0|    19|           1|          19|
    |select_ln388_22_fu_27551_p3   |    select|   0|  0|    41|           1|          41|
    |select_ln388_23_fu_18781_p3   |    select|   0|  0|    19|           1|          19|
    |select_ln388_24_fu_27652_p3   |    select|   0|  0|    41|           1|          41|
    |select_ln388_25_fu_18867_p3   |    select|   0|  0|    19|           1|          19|
    |select_ln388_26_fu_27760_p3   |    select|   0|  0|    41|           1|          41|
    |select_ln388_27_fu_18953_p3   |    select|   0|  0|    19|           1|          19|
    |select_ln388_28_fu_27845_p3   |    select|   0|  0|    41|           1|          41|
    |select_ln388_29_fu_19039_p3   |    select|   0|  0|    19|           1|          19|
    |select_ln388_2_fu_9664_p3     |    select|   0|  0|    19|           1|          19|
    |select_ln388_30_fu_27930_p3   |    select|   0|  0|    41|           1|          41|
    |select_ln388_31_fu_21649_p3   |    select|   0|  0|    19|           1|          19|
    |select_ln388_32_fu_30721_p3   |    select|   0|  0|    41|           1|          41|
    |select_ln388_33_fu_21735_p3   |    select|   0|  0|    19|           1|          19|
    |select_ln388_34_fu_30806_p3   |    select|   0|  0|    41|           1|          41|
    |select_ln388_35_fu_24837_p3   |    select|   0|  0|    19|           1|          19|
    |select_ln388_36_fu_30891_p3   |    select|   0|  0|    41|           1|          41|
    |select_ln388_37_fu_24879_p3   |    select|   0|  0|    19|           1|          19|
    |select_ln388_38_fu_30913_p3   |    select|   0|  0|    41|           1|          41|
    |select_ln388_39_fu_24963_p3   |    select|   0|  0|    19|           1|          19|
    |select_ln388_3_fu_12606_p3    |    select|   0|  0|    19|           1|          19|
    |select_ln388_40_fu_30935_p3   |    select|   0|  0|    41|           1|          41|
    |select_ln388_41_fu_28113_p3   |    select|   0|  0|    19|           1|          19|
    |select_ln388_42_fu_33908_p3   |    select|   0|  0|    41|           1|          41|
    |select_ln388_43_fu_28199_p3   |    select|   0|  0|    19|           1|          19|
    |select_ln388_44_fu_33930_p3   |    select|   0|  0|    41|           1|          41|
    |select_ln388_45_fu_28243_p3   |    select|   0|  0|    19|           1|          19|
    |select_ln388_46_fu_36789_p3   |    select|   0|  0|    41|           1|          41|
    |select_ln388_47_fu_28327_p3   |    select|   0|  0|    19|           1|          19|
    |select_ln388_48_fu_36867_p3   |    select|   0|  0|    41|           1|          41|
    |select_ln388_49_fu_28413_p3   |    select|   0|  0|    19|           1|          19|
    |select_ln388_4_fu_12692_p3    |    select|   0|  0|    19|           1|          19|
    |select_ln388_50_fu_36968_p3   |    select|   0|  0|    41|           1|          41|
    |select_ln388_51_fu_31087_p3   |    select|   0|  0|    19|           1|          19|
    |select_ln388_52_fu_39807_p3   |    select|   0|  0|    41|           1|          41|
    |select_ln388_53_fu_31131_p3   |    select|   0|  0|    19|           1|          19|
    |select_ln388_54_fu_39915_p3   |    select|   0|  0|    41|           1|          41|
    |select_ln388_55_fu_34008_p3   |    select|   0|  0|    19|           1|          19|
    |select_ln388_56_fu_40000_p3   |    select|   0|  0|    41|           1|          41|
    |select_ln388_57_fu_31402_p3   |    select|   0|  0|    19|           1|          19|
    |select_ln388_58_fu_40022_p3   |    select|   0|  0|    41|           1|          41|
    |select_ln388_59_fu_31446_p3   |    select|   0|  0|    19|           1|          19|
    |select_ln388_5_fu_12736_p3    |    select|   0|  0|    19|           1|          19|
    |select_ln388_60_fu_40107_p3   |    select|   0|  0|    41|           1|          41|
    |select_ln388_61_fu_34124_p3   |    select|   0|  0|    19|           1|          19|
    |select_ln388_62_fu_42924_p3   |    select|   0|  0|    41|           1|          41|
    |select_ln388_63_fu_37124_p3   |    select|   0|  0|    19|           1|          19|
    |select_ln388_64_fu_43009_p3   |    select|   0|  0|    41|           1|          41|
    |select_ln388_65_fu_37208_p3   |    select|   0|  0|    19|           1|          19|
    |select_ln388_66_fu_45596_p3   |    select|   0|  0|    41|           1|          41|
    |select_ln388_67_fu_37294_p3   |    select|   0|  0|    19|           1|          19|
    |select_ln388_68_fu_43031_p3   |    select|   0|  0|    41|           1|          41|
    |select_ln388_69_fu_37380_p3   |    select|   0|  0|    19|           1|          19|
    |select_ln388_6_fu_12820_p3    |    select|   0|  0|    19|           1|          19|
    |select_ln388_70_fu_43053_p3   |    select|   0|  0|    41|           1|          41|
    |select_ln388_71_fu_40306_p3   |    select|   0|  0|    19|           1|          19|
    |select_ln388_72_fu_45891_p3   |    select|   0|  0|    41|           1|          41|
    |select_ln388_73_fu_40392_p3   |    select|   0|  0|    19|           1|          19|
    |select_ln388_74_fu_48489_p3   |    select|   0|  0|    41|           1|          41|
    |select_ln388_75_fu_43157_p3   |    select|   0|  0|    19|           1|          19|
    |select_ln388_76_fu_48574_p3   |    select|   0|  0|    41|           1|          41|
    |select_ln388_77_fu_40619_p3   |    select|   0|  0|    19|           1|          19|
    |select_ln388_78_fu_48589_p3   |    select|   0|  0|    41|           1|          41|
    |select_ln388_79_fu_40705_p3   |    select|   0|  0|    19|           1|          19|
    |select_ln388_7_fu_18518_p3    |    select|   0|  0|    41|           1|          41|
    |select_ln388_80_fu_48690_p3   |    select|   0|  0|    41|           1|          41|
    |select_ln388_81_fu_43275_p3   |    select|   0|  0|    19|           1|          19|
    |select_ln388_82_fu_51133_p3   |    select|   0|  0|    41|           1|          41|
    |select_ln388_83_fu_46011_p3   |    select|   0|  0|    19|           1|          19|
    |select_ln388_84_fu_51241_p3   |    select|   0|  0|    41|           1|          41|
    |select_ln388_85_fu_46097_p3   |    select|   0|  0|    19|           1|          19|
    |select_ln388_86_fu_53545_p3   |    select|   0|  0|    41|           1|          41|
    |select_ln388_87_fu_43643_p3   |    select|   0|  0|    19|           1|          19|
    |select_ln388_88_fu_51263_p3   |    select|   0|  0|    41|           1|          41|
    |select_ln388_89_fu_43729_p3   |    select|   0|  0|    19|           1|          19|
    |select_ln388_8_fu_59821_p3    |    select|   0|  0|    41|           1|          41|
    |select_ln388_90_fu_51348_p3   |    select|   0|  0|    41|           1|          41|
    |select_ln388_91_fu_46215_p3   |    select|   0|  0|    19|           1|          19|
    |select_ln388_92_fu_53714_p3   |    select|   0|  0|    41|           1|          41|
    |select_ln388_93_fu_48904_p3   |    select|   0|  0|    19|           1|          19|
    |select_ln388_94_fu_55386_p3   |    select|   0|  0|    41|           1|          41|
    |select_ln388_95_fu_51499_p3   |    select|   0|  0|    19|           1|          19|
    |select_ln388_96_fu_55471_p3   |    select|   0|  0|    41|           1|          41|
    |select_ln388_97_fu_49131_p3   |    select|   0|  0|    19|           1|          19|
    |select_ln388_98_fu_53815_p3   |    select|   0|  0|    41|           1|          41|
    |select_ln388_99_fu_49217_p3   |    select|   0|  0|    19|           1|          19|
    |select_ln388_9_fu_12906_p3    |    select|   0|  0|    19|           1|          19|
    |select_ln388_fu_2877_p3       |    select|   0|  0|    17|           1|          17|
    |select_ln403_100_fu_44313_p3  |    select|   0|  0|    18|           1|          18|
    |select_ln403_101_fu_44332_p3  |    select|   0|  0|    18|           1|          18|
    |select_ln403_102_fu_44557_p3  |    select|   0|  0|    18|           1|          18|
    |select_ln403_103_fu_44576_p3  |    select|   0|  0|    18|           1|          18|
    |select_ln403_104_fu_46978_p3  |    select|   0|  0|    18|           1|          18|
    |select_ln403_105_fu_46997_p3  |    select|   0|  0|    18|           1|          18|
    |select_ln403_106_fu_49454_p3  |    select|   0|  0|    18|           1|          18|
    |select_ln403_107_fu_49473_p3  |    select|   0|  0|    18|           1|          18|
    |select_ln403_108_fu_49698_p3  |    select|   0|  0|    18|           1|          18|
    |select_ln403_109_fu_49717_p3  |    select|   0|  0|    18|           1|          18|
    |select_ln403_10_fu_7800_p3    |    select|   0|  0|    18|           1|          18|
    |select_ln403_110_fu_47428_p3  |    select|   0|  0|    18|           1|          18|
    |select_ln403_111_fu_47447_p3  |    select|   0|  0|    18|           1|          18|
    |select_ln403_112_fu_47672_p3  |    select|   0|  0|    18|           1|          18|
    |select_ln403_113_fu_47691_p3  |    select|   0|  0|    18|           1|          18|
    |select_ln403_114_fu_50216_p3  |    select|   0|  0|    18|           1|          18|
    |select_ln403_115_fu_50235_p3  |    select|   0|  0|    18|           1|          18|
    |select_ln403_116_fu_52354_p3  |    select|   0|  0|    18|           1|          18|
    |select_ln403_117_fu_52373_p3  |    select|   0|  0|    18|           1|          18|
    |select_ln403_118_fu_54322_p3  |    select|   0|  0|    18|           1|          18|
    |select_ln403_119_fu_54341_p3  |    select|   0|  0|    18|           1|          18|
    |select_ln403_11_fu_7819_p3    |    select|   0|  0|    18|           1|          18|
    |select_ln403_120_fu_52701_p3  |    select|   0|  0|    18|           1|          18|
    |select_ln403_121_fu_52720_p3  |    select|   0|  0|    18|           1|          18|
    |select_ln403_122_fu_52945_p3  |    select|   0|  0|    18|           1|          18|
    |select_ln403_123_fu_52964_p3  |    select|   0|  0|    18|           1|          18|
    |select_ln403_124_fu_54894_p3  |    select|   0|  0|    18|           1|          18|
    |select_ln403_125_fu_54913_p3  |    select|   0|  0|    18|           1|          18|
    |select_ln403_126_fu_56293_p3  |    select|   0|  0|    18|           1|          18|
    |select_ln403_127_fu_56312_p3  |    select|   0|  0|    18|           1|          18|
    |select_ln403_128_fu_56537_p3  |    select|   0|  0|    18|           1|          18|
    |select_ln403_129_fu_56556_p3  |    select|   0|  0|    18|           1|          18|
    |select_ln403_12_fu_8044_p3    |    select|   0|  0|    18|           1|          18|
    |select_ln403_13_fu_8063_p3    |    select|   0|  0|    18|           1|          18|
    |select_ln403_14_fu_10511_p3   |    select|   0|  0|    18|           1|          18|
    |select_ln403_15_fu_10530_p3   |    select|   0|  0|    18|           1|          18|
    |select_ln403_16_fu_10755_p3   |    select|   0|  0|    18|           1|          18|
    |select_ln403_17_fu_10774_p3   |    select|   0|  0|    18|           1|          18|
    |select_ln403_18_fu_10999_p3   |    select|   0|  0|    18|           1|          18|
    |select_ln403_19_fu_11018_p3   |    select|   0|  0|    18|           1|          18|
    |select_ln403_1_fu_6607_p3     |    select|   0|  0|    18|           1|          18|
    |select_ln403_20_fu_11243_p3   |    select|   0|  0|    18|           1|          18|
    |select_ln403_21_fu_11262_p3   |    select|   0|  0|    18|           1|          18|
    |select_ln403_22_fu_11487_p3   |    select|   0|  0|    18|           1|          18|
    |select_ln403_23_fu_11506_p3   |    select|   0|  0|    18|           1|          18|
    |select_ln403_24_fu_13753_p3   |    select|   0|  0|    18|           1|          18|
    |select_ln403_25_fu_13772_p3   |    select|   0|  0|    18|           1|          18|
    |select_ln403_26_fu_13997_p3   |    select|   0|  0|    18|           1|          18|
    |select_ln403_27_fu_14016_p3   |    select|   0|  0|    18|           1|          18|
    |select_ln403_28_fu_14241_p3   |    select|   0|  0|    18|           1|          18|
    |select_ln403_29_fu_14260_p3   |    select|   0|  0|    18|           1|          18|
    |select_ln403_2_fu_6808_p3     |    select|   0|  0|    18|           1|          18|
    |select_ln403_30_fu_14485_p3   |    select|   0|  0|    18|           1|          18|
    |select_ln403_31_fu_14504_p3   |    select|   0|  0|    18|           1|          18|
    |select_ln403_32_fu_14729_p3   |    select|   0|  0|    18|           1|          18|
    |select_ln403_33_fu_14748_p3   |    select|   0|  0|    18|           1|          18|
    |select_ln403_34_fu_16923_p3   |    select|   0|  0|    18|           1|          18|
    |select_ln403_35_fu_16942_p3   |    select|   0|  0|    18|           1|          18|
    |select_ln403_36_fu_17167_p3   |    select|   0|  0|    18|           1|          18|
    |select_ln403_37_fu_17186_p3   |    select|   0|  0|    18|           1|          18|
    |select_ln403_38_fu_19417_p3   |    select|   0|  0|    18|           1|          18|
    |select_ln403_39_fu_19436_p3   |    select|   0|  0|    18|           1|          18|
    |select_ln403_3_fu_6825_p3     |    select|   0|  0|    18|           1|          18|
    |select_ln403_40_fu_19661_p3   |    select|   0|  0|    18|           1|          18|
    |select_ln403_41_fu_19680_p3   |    select|   0|  0|    18|           1|          18|
    |select_ln403_42_fu_19905_p3   |    select|   0|  0|    18|           1|          18|
    |select_ln403_43_fu_19924_p3   |    select|   0|  0|    18|           1|          18|
    |select_ln403_44_fu_22346_p3   |    select|   0|  0|    18|           1|          18|
    |select_ln403_45_fu_22365_p3   |    select|   0|  0|    18|           1|          18|
    |select_ln403_46_fu_22590_p3   |    select|   0|  0|    18|           1|          18|
    |select_ln403_47_fu_22609_p3   |    select|   0|  0|    18|           1|          18|
    |select_ln403_48_fu_22826_p3   |    select|   0|  0|    18|           1|          18|
    |select_ln403_49_fu_22845_p3   |    select|   0|  0|    18|           1|          18|
    |select_ln403_4_fu_7068_p3     |    select|   0|  0|    18|           1|          18|
    |select_ln403_50_fu_23070_p3   |    select|   0|  0|    18|           1|          18|
    |select_ln403_51_fu_23089_p3   |    select|   0|  0|    18|           1|          18|
    |select_ln403_52_fu_23314_p3   |    select|   0|  0|    18|           1|          18|
    |select_ln403_53_fu_23333_p3   |    select|   0|  0|    18|           1|          18|
    |select_ln403_54_fu_25810_p3   |    select|   0|  0|    18|           1|          18|
    |select_ln403_55_fu_25829_p3   |    select|   0|  0|    18|           1|          18|
    |select_ln403_56_fu_26054_p3   |    select|   0|  0|    18|           1|          18|
    |select_ln403_57_fu_26073_p3   |    select|   0|  0|    18|           1|          18|
    |select_ln403_58_fu_28837_p3   |    select|   0|  0|    18|           1|          18|
    |select_ln403_59_fu_28856_p3   |    select|   0|  0|    18|           1|          18|
    |select_ln403_5_fu_7087_p3     |    select|   0|  0|    18|           1|          18|
    |select_ln403_60_fu_26401_p3   |    select|   0|  0|    18|           1|          18|
    |select_ln403_61_fu_26420_p3   |    select|   0|  0|    18|           1|          18|
    |select_ln403_62_fu_26645_p3   |    select|   0|  0|    18|           1|          18|
    |select_ln403_63_fu_26664_p3   |    select|   0|  0|    18|           1|          18|
    |select_ln403_64_fu_29409_p3   |    select|   0|  0|    18|           1|          18|
    |select_ln403_65_fu_29428_p3   |    select|   0|  0|    18|           1|          18|
    |select_ln403_66_fu_31681_p3   |    select|   0|  0|    18|           1|          18|
    |select_ln403_67_fu_31700_p3   |    select|   0|  0|    18|           1|          18|
    |select_ln403_68_fu_31925_p3   |    select|   0|  0|    18|           1|          18|
    |select_ln403_69_fu_31944_p3   |    select|   0|  0|    18|           1|          18|
    |select_ln403_6_fu_7312_p3     |    select|   0|  0|    18|           1|          18|
    |select_ln403_70_fu_32169_p3   |    select|   0|  0|    18|           1|          18|
    |select_ln403_71_fu_32188_p3   |    select|   0|  0|    18|           1|          18|
    |select_ln403_72_fu_32413_p3   |    select|   0|  0|    18|           1|          18|
    |select_ln403_73_fu_32432_p3   |    select|   0|  0|    18|           1|          18|
    |select_ln403_74_fu_34830_p3   |    select|   0|  0|    18|           1|          18|
    |select_ln403_75_fu_34849_p3   |    select|   0|  0|    18|           1|          18|
    |select_ln403_76_fu_35074_p3   |    select|   0|  0|    18|           1|          18|
    |select_ln403_77_fu_35093_p3   |    select|   0|  0|    18|           1|          18|
    |select_ln403_78_fu_37758_p3   |    select|   0|  0|    18|           1|          18|
    |select_ln403_79_fu_37777_p3   |    select|   0|  0|    18|           1|          18|
    |select_ln403_7_fu_7331_p3     |    select|   0|  0|    18|           1|          18|
    |select_ln403_80_fu_35421_p3   |    select|   0|  0|    18|           1|          18|
    |select_ln403_81_fu_35440_p3   |    select|   0|  0|    18|           1|          18|
    |select_ln403_82_fu_35665_p3   |    select|   0|  0|    18|           1|          18|
    |select_ln403_83_fu_35684_p3   |    select|   0|  0|    18|           1|          18|
    |select_ln403_84_fu_38284_p3   |    select|   0|  0|    18|           1|          18|
    |select_ln403_85_fu_38303_p3   |    select|   0|  0|    18|           1|          18|
    |select_ln403_86_fu_40942_p3   |    select|   0|  0|    18|           1|          18|
    |select_ln403_87_fu_40961_p3   |    select|   0|  0|    18|           1|          18|
    |select_ln403_88_fu_41186_p3   |    select|   0|  0|    18|           1|          18|
    |select_ln403_89_fu_41205_p3   |    select|   0|  0|    18|           1|          18|
    |select_ln403_8_fu_7556_p3     |    select|   0|  0|    18|           1|          18|
    |select_ln403_90_fu_38734_p3   |    select|   0|  0|    18|           1|          18|
    |select_ln403_91_fu_38753_p3   |    select|   0|  0|    18|           1|          18|
    |select_ln403_92_fu_38978_p3   |    select|   0|  0|    18|           1|          18|
    |select_ln403_93_fu_38997_p3   |    select|   0|  0|    18|           1|          18|
    |select_ln403_94_fu_41712_p3   |    select|   0|  0|    18|           1|          18|
    |select_ln403_95_fu_41731_p3   |    select|   0|  0|    18|           1|          18|
    |select_ln403_96_fu_43966_p3   |    select|   0|  0|    18|           1|          18|
    |select_ln403_97_fu_43985_p3   |    select|   0|  0|    18|           1|          18|
    |select_ln403_98_fu_46452_p3   |    select|   0|  0|    18|           1|          18|
    |select_ln403_99_fu_46471_p3   |    select|   0|  0|    18|           1|          18|
    |select_ln403_9_fu_7575_p3     |    select|   0|  0|    18|           1|          18|
    |select_ln403_fu_6590_p3       |    select|   0|  0|    18|           1|          18|
    |select_ln557_10_fu_13502_p3   |    select|   0|  0|     2|           1|           1|
    |select_ln557_11_fu_13643_p3   |    select|   0|  0|     2|           1|           1|
    |select_ln557_12_fu_16249_p3   |    select|   0|  0|     2|           1|           1|
    |select_ln557_13_fu_16390_p3   |    select|   0|  0|     2|           1|           1|
    |select_ln557_14_fu_16531_p3   |    select|   0|  0|     2|           1|           1|
    |select_ln557_15_fu_16672_p3   |    select|   0|  0|     2|           1|           1|
    |select_ln557_16_fu_16813_p3   |    select|   0|  0|     2|           1|           1|
    |select_ln557_17_fu_19166_p3   |    select|   0|  0|     2|           1|           1|
    |select_ln557_18_fu_19307_p3   |    select|   0|  0|     2|           1|           1|
    |select_ln557_19_fu_21862_p3   |    select|   0|  0|     2|           1|           1|
    |select_ln557_1_fu_9561_p3     |    select|   0|  0|     2|           1|           1|
    |select_ln557_20_fu_22049_p3   |    select|   0|  0|     2|           1|           1|
    |select_ln557_21_fu_22236_p3   |    select|   0|  0|     2|           1|           1|
    |select_ln557_22_fu_25090_p3   |    select|   0|  0|     2|           1|           1|
    |select_ln557_23_fu_25231_p3   |    select|   0|  0|     2|           1|           1|
    |select_ln557_24_fu_25372_p3   |    select|   0|  0|     2|           1|           1|
    |select_ln557_25_fu_25559_p3   |    select|   0|  0|     2|           1|           1|
    |select_ln557_26_fu_25700_p3   |    select|   0|  0|     2|           1|           1|
    |select_ln557_27_fu_28540_p3   |    select|   0|  0|     2|           1|           1|
    |select_ln557_28_fu_28681_p3   |    select|   0|  0|     2|           1|           1|
    |select_ln557_29_fu_31256_p3   |    select|   0|  0|     2|           1|           1|
    |select_ln557_2_fu_9791_p3     |    select|   0|  0|     2|           1|           1|
    |select_ln557_30_fu_29112_p3   |    select|   0|  0|     2|           1|           1|
    |select_ln557_31_fu_29253_p3   |    select|   0|  0|     2|           1|           1|
    |select_ln557_32_fu_31571_p3   |    select|   0|  0|     2|           1|           1|
    |select_ln557_33_fu_34251_p3   |    select|   0|  0|     2|           1|           1|
    |select_ln557_34_fu_34438_p3   |    select|   0|  0|     2|           1|           1|
    |select_ln557_35_fu_34579_p3   |    select|   0|  0|     2|           1|           1|
    |select_ln557_36_fu_34720_p3   |    select|   0|  0|     2|           1|           1|
    |select_ln557_37_fu_37507_p3   |    select|   0|  0|     2|           1|           1|
    |select_ln557_38_fu_37648_p3   |    select|   0|  0|     2|           1|           1|
    |select_ln557_39_fu_40519_p3   |    select|   0|  0|     2|           1|           1|
    |select_ln557_3_fu_9932_p3     |    select|   0|  0|     2|           1|           1|
    |select_ln557_40_fu_38033_p3   |    select|   0|  0|     2|           1|           1|
    |select_ln557_41_fu_38174_p3   |    select|   0|  0|     2|           1|           1|
    |select_ln557_42_fu_40832_p3   |    select|   0|  0|     2|           1|           1|
    |select_ln557_43_fu_43402_p3   |    select|   0|  0|     2|           1|           1|
    |select_ln557_44_fu_43543_p3   |    select|   0|  0|     2|           1|           1|
    |select_ln557_45_fu_41461_p3   |    select|   0|  0|     2|           1|           1|
    |select_ln557_46_fu_41602_p3   |    select|   0|  0|     2|           1|           1|
    |select_ln557_47_fu_43856_p3   |    select|   0|  0|     2|           1|           1|
    |select_ln557_48_fu_46342_p3   |    select|   0|  0|     2|           1|           1|
    |select_ln557_49_fu_49031_p3   |    select|   0|  0|     2|           1|           1|
    |select_ln557_4_fu_10073_p3    |    select|   0|  0|     2|           1|           1|
    |select_ln557_50_fu_46727_p3   |    select|   0|  0|     2|           1|           1|
    |select_ln557_51_fu_46868_p3   |    select|   0|  0|     2|           1|           1|
    |select_ln557_52_fu_49344_p3   |    select|   0|  0|     2|           1|           1|
    |select_ln557_53_fu_51744_p3   |    select|   0|  0|     2|           1|           1|
    |select_ln557_54_fu_51885_p3   |    select|   0|  0|     2|           1|           1|
    |select_ln557_55_fu_49965_p3   |    select|   0|  0|     2|           1|           1|
    |select_ln557_56_fu_50106_p3   |    select|   0|  0|     2|           1|           1|
    |select_ln557_57_fu_52198_p3   |    select|   0|  0|     2|           1|           1|
    |select_ln557_58_fu_54212_p3   |    select|   0|  0|     2|           1|           1|
    |select_ln557_59_fu_55914_p3   |    select|   0|  0|     2|           1|           1|
    |select_ln557_5_fu_10260_p3    |    select|   0|  0|     2|           1|           1|
    |select_ln557_60_fu_54597_p3   |    select|   0|  0|     2|           1|           1|
    |select_ln557_61_fu_54738_p3   |    select|   0|  0|     2|           1|           1|
    |select_ln557_62_fu_56183_p3   |    select|   0|  0|     2|           1|           1|
    |select_ln557_63_fu_57476_p3   |    select|   0|  0|     2|           1|           1|
    |select_ln557_64_fu_57617_p3   |    select|   0|  0|     2|           1|           1|
    |select_ln557_6_fu_10401_p3    |    select|   0|  0|     2|           1|           1|
    |select_ln557_7_fu_13033_p3    |    select|   0|  0|     2|           1|           1|
    |select_ln557_8_fu_13174_p3    |    select|   0|  0|     2|           1|           1|
    |select_ln557_9_fu_13315_p3    |    select|   0|  0|     2|           1|           1|
    |select_ln557_fu_9366_p3       |    select|   0|  0|     2|           1|           1|
    |select_ln570_10_fu_6175_p3    |    select|   0|  0|    54|           1|          54|
    |select_ln570_11_fu_6270_p3    |    select|   0|  0|    54|           1|          54|
    |select_ln570_12_fu_8756_p3    |    select|   0|  0|    54|           1|          54|
    |select_ln570_13_fu_8851_p3    |    select|   0|  0|    54|           1|          54|
    |select_ln570_14_fu_8946_p3    |    select|   0|  0|    54|           1|          54|
    |select_ln570_15_fu_9041_p3    |    select|   0|  0|    54|           1|          54|
    |select_ln570_16_fu_9136_p3    |    select|   0|  0|    54|           1|          54|
    |select_ln570_17_fu_12199_p3   |    select|   0|  0|    54|           1|          54|
    |select_ln570_18_fu_12294_p3   |    select|   0|  0|    54|           1|          54|
    |select_ln570_19_fu_15132_p3   |    select|   0|  0|    54|           1|          54|
    |select_ln570_1_fu_4269_p3     |    select|   0|  0|    54|           1|          54|
    |select_ln570_20_fu_15227_p3   |    select|   0|  0|    54|           1|          54|
    |select_ln570_21_fu_15322_p3   |    select|   0|  0|    54|           1|          54|
    |select_ln570_22_fu_17673_p3   |    select|   0|  0|    54|           1|          54|
    |select_ln570_23_fu_17768_p3   |    select|   0|  0|    54|           1|          54|
    |select_ln570_24_fu_17869_p3   |    select|   0|  0|    54|           1|          54|
    |select_ln570_25_fu_17964_p3   |    select|   0|  0|    54|           1|          54|
    |select_ln570_26_fu_18059_p3   |    select|   0|  0|    54|           1|          54|
    |select_ln570_27_fu_20617_p3   |    select|   0|  0|    54|           1|          54|
    |select_ln570_28_fu_20712_p3   |    select|   0|  0|    54|           1|          54|
    |select_ln570_29_fu_23717_p3   |    select|   0|  0|    54|           1|          54|
    |select_ln570_2_fu_4370_p3     |    select|   0|  0|    54|           1|          54|
    |select_ln570_30_fu_20843_p3   |    select|   0|  0|    54|           1|          54|
    |select_ln570_31_fu_20938_p3   |    select|   0|  0|    54|           1|          54|
    |select_ln570_32_fu_24018_p3   |    select|   0|  0|    54|           1|          54|
    |select_ln570_33_fu_26945_p3   |    select|   0|  0|    54|           1|          54|
    |select_ln570_34_fu_27040_p3   |    select|   0|  0|    54|           1|          54|
    |select_ln570_35_fu_27135_p3   |    select|   0|  0|    54|           1|          54|
    |select_ln570_36_fu_27230_p3   |    select|   0|  0|    54|           1|          54|
    |select_ln570_37_fu_30018_p3   |    select|   0|  0|    54|           1|          54|
    |select_ln570_38_fu_30113_p3   |    select|   0|  0|    54|           1|          54|
    |select_ln570_39_fu_32816_p3   |    select|   0|  0|    54|           1|          54|
    |select_ln570_3_fu_4465_p3     |    select|   0|  0|    54|           1|          54|
    |select_ln570_40_fu_30244_p3   |    select|   0|  0|    54|           1|          54|
    |select_ln570_41_fu_30339_p3   |    select|   0|  0|    54|           1|          54|
    |select_ln570_42_fu_33117_p3   |    select|   0|  0|    54|           1|          54|
    |select_ln570_43_fu_35965_p3   |    select|   0|  0|    54|           1|          54|
    |select_ln570_44_fu_36060_p3   |    select|   0|  0|    54|           1|          54|
    |select_ln570_45_fu_33284_p3   |    select|   0|  0|    54|           1|          54|
    |select_ln570_46_fu_33379_p3   |    select|   0|  0|    54|           1|          54|
    |select_ln570_47_fu_36361_p3   |    select|   0|  0|    54|           1|          54|
    |select_ln570_48_fu_39278_p3   |    select|   0|  0|    54|           1|          54|
    |select_ln570_49_fu_42012_p3   |    select|   0|  0|    54|           1|          54|
    |select_ln570_4_fu_4560_p3     |    select|   0|  0|    54|           1|          54|
    |select_ln570_50_fu_39409_p3   |    select|   0|  0|    54|           1|          54|
    |select_ln570_51_fu_39504_p3   |    select|   0|  0|    54|           1|          54|
    |select_ln570_52_fu_42313_p3   |    select|   0|  0|    54|           1|          54|
    |select_ln570_53_fu_44857_p3   |    select|   0|  0|    54|           1|          54|
    |select_ln570_54_fu_44952_p3   |    select|   0|  0|    54|           1|          54|
    |select_ln570_55_fu_42480_p3   |    select|   0|  0|    54|           1|          54|
    |select_ln570_56_fu_42575_p3   |    select|   0|  0|    54|           1|          54|
    |select_ln570_57_fu_45259_p3   |    select|   0|  0|    54|           1|          54|
    |select_ln570_58_fu_47972_p3   |    select|   0|  0|    54|           1|          54|
    |select_ln570_59_fu_50516_p3   |    select|   0|  0|    54|           1|          54|
    |select_ln570_5_fu_4655_p3     |    select|   0|  0|    54|           1|          54|
    |select_ln570_60_fu_48103_p3   |    select|   0|  0|    54|           1|          54|
    |select_ln570_61_fu_48198_p3   |    select|   0|  0|    54|           1|          54|
    |select_ln570_62_fu_50817_p3   |    select|   0|  0|    54|           1|          54|
    |select_ln570_63_fu_53245_p3   |    select|   0|  0|    54|           1|          54|
    |select_ln570_64_fu_53340_p3   |    select|   0|  0|    54|           1|          54|
    |select_ln570_6_fu_4750_p3     |    select|   0|  0|    54|           1|          54|
    |select_ln570_7_fu_5890_p3     |    select|   0|  0|    54|           1|          54|
    |select_ln570_8_fu_5985_p3     |    select|   0|  0|    54|           1|          54|
    |select_ln570_9_fu_6080_p3     |    select|   0|  0|    54|           1|          54|
    |select_ln570_fu_4168_p3       |    select|   0|  0|    54|           1|          54|
    |select_ln571_10_fu_15972_p3   |    select|   0|  0|    18|           1|           1|
    |select_ln571_11_fu_16058_p3   |    select|   0|  0|    18|           1|           1|
    |select_ln571_12_fu_16144_p3   |    select|   0|  0|    18|           1|           1|
    |select_ln571_13_fu_18717_p3   |    select|   0|  0|    18|           1|           1|
    |select_ln571_14_fu_18803_p3   |    select|   0|  0|    18|           1|           1|
    |select_ln571_15_fu_18889_p3   |    select|   0|  0|    18|           1|           1|
    |select_ln571_16_fu_18975_p3   |    select|   0|  0|    18|           1|           1|
    |select_ln571_17_fu_19061_p3   |    select|   0|  0|    18|           1|           1|
    |select_ln571_18_fu_21671_p3   |    select|   0|  0|    18|           1|           1|
    |select_ln571_19_fu_21757_p3   |    select|   0|  0|    18|           1|           1|
    |select_ln571_1_fu_9491_p3     |    select|   0|  0|    18|           1|           1|
    |select_ln571_20_fu_24857_p3   |    select|   0|  0|    18|           1|           1|
    |select_ln571_21_fu_24899_p3   |    select|   0|  0|    18|           1|           1|
    |select_ln571_22_fu_24985_p3   |    select|   0|  0|    18|           1|           1|
    |select_ln571_23_fu_28135_p3   |    select|   0|  0|    18|           1|           1|
    |select_ln571_24_fu_28221_p3   |    select|   0|  0|    18|           1|           1|
    |select_ln571_25_fu_28263_p3   |    select|   0|  0|    18|           1|           1|
    |select_ln571_26_fu_28349_p3   |    select|   0|  0|    18|           1|           1|
    |select_ln571_27_fu_28435_p3   |    select|   0|  0|    18|           1|           1|
    |select_ln571_28_fu_31109_p3   |    select|   0|  0|    18|           1|           1|
    |select_ln571_29_fu_31151_p3   |    select|   0|  0|    18|           1|           1|
    |select_ln571_2_fu_9686_p3     |    select|   0|  0|    18|           1|           1|
    |select_ln571_30_fu_34028_p3   |    select|   0|  0|    18|           1|           1|
    |select_ln571_31_fu_31424_p3   |    select|   0|  0|    18|           1|           1|
    |select_ln571_32_fu_31466_p3   |    select|   0|  0|    18|           1|           1|
    |select_ln571_33_fu_34146_p3   |    select|   0|  0|    18|           1|           1|
    |select_ln571_34_fu_37144_p3   |    select|   0|  0|    18|           1|           1|
    |select_ln571_35_fu_37230_p3   |    select|   0|  0|    18|           1|           1|
    |select_ln571_36_fu_37316_p3   |    select|   0|  0|    18|           1|           1|
    |select_ln571_37_fu_37402_p3   |    select|   0|  0|    18|           1|           1|
    |select_ln571_38_fu_40328_p3   |    select|   0|  0|    18|           1|           1|
    |select_ln571_39_fu_40414_p3   |    select|   0|  0|    18|           1|           1|
    |select_ln571_3_fu_12628_p3    |    select|   0|  0|    18|           1|           1|
    |select_ln571_40_fu_43179_p3   |    select|   0|  0|    18|           1|           1|
    |select_ln571_41_fu_40641_p3   |    select|   0|  0|    18|           1|           1|
    |select_ln571_42_fu_40727_p3   |    select|   0|  0|    18|           1|           1|
    |select_ln571_43_fu_43297_p3   |    select|   0|  0|    18|           1|           1|
    |select_ln571_44_fu_46033_p3   |    select|   0|  0|    18|           1|           1|
    |select_ln571_45_fu_46119_p3   |    select|   0|  0|    18|           1|           1|
    |select_ln571_46_fu_43665_p3   |    select|   0|  0|    18|           1|           1|
    |select_ln571_47_fu_43751_p3   |    select|   0|  0|    18|           1|           1|
    |select_ln571_48_fu_46237_p3   |    select|   0|  0|    18|           1|           1|
    |select_ln571_49_fu_48926_p3   |    select|   0|  0|    18|           1|           1|
    |select_ln571_4_fu_12714_p3    |    select|   0|  0|    18|           1|           1|
    |select_ln571_50_fu_51521_p3   |    select|   0|  0|    18|           1|           1|
    |select_ln571_51_fu_49153_p3   |    select|   0|  0|    18|           1|           1|
    |select_ln571_52_fu_49239_p3   |    select|   0|  0|    18|           1|           1|
    |select_ln571_53_fu_51639_p3   |    select|   0|  0|    18|           1|           1|
    |select_ln571_54_fu_53947_p3   |    select|   0|  0|    18|           1|           1|
    |select_ln571_55_fu_54033_p3   |    select|   0|  0|    18|           1|           1|
    |select_ln571_56_fu_52007_p3   |    select|   0|  0|    18|           1|           1|
    |select_ln571_57_fu_52093_p3   |    select|   0|  0|    18|           1|           1|
    |select_ln571_58_fu_54107_p3   |    select|   0|  0|    18|           1|           1|
    |select_ln571_59_fu_55809_p3   |    select|   0|  0|    18|           1|           1|
    |select_ln571_5_fu_12756_p3    |    select|   0|  0|    18|           1|           1|
    |select_ln571_60_fu_57253_p3   |    select|   0|  0|    18|           1|           1|
    |select_ln571_61_fu_56036_p3   |    select|   0|  0|    18|           1|           1|
    |select_ln571_62_fu_56078_p3   |    select|   0|  0|    18|           1|           1|
    |select_ln571_63_fu_57371_p3   |    select|   0|  0|    18|           1|           1|
    |select_ln571_64_fu_58192_p3   |    select|   0|  0|    18|           1|           1|
    |select_ln571_65_fu_58278_p3   |    select|   0|  0|    18|           1|           1|
    |select_ln571_6_fu_12842_p3    |    select|   0|  0|    18|           1|           1|
    |select_ln571_7_fu_12928_p3    |    select|   0|  0|    18|           1|           1|
    |select_ln571_8_fu_15844_p3    |    select|   0|  0|    18|           1|           1|
    |select_ln571_9_fu_15930_p3    |    select|   0|  0|    18|           1|           1|
    |select_ln571_fu_2913_p3       |    select|   0|  0|    16|           1|           1|
    |select_ln581_10_fu_6206_p3    |    select|   0|  0|    12|           1|          12|
    |select_ln581_11_fu_6301_p3    |    select|   0|  0|    12|           1|          12|
    |select_ln581_12_fu_8787_p3    |    select|   0|  0|    12|           1|          12|
    |select_ln581_13_fu_8882_p3    |    select|   0|  0|    12|           1|          12|
    |select_ln581_14_fu_8977_p3    |    select|   0|  0|    12|           1|          12|
    |select_ln581_15_fu_9072_p3    |    select|   0|  0|    12|           1|          12|
    |select_ln581_16_fu_9167_p3    |    select|   0|  0|    12|           1|          12|
    |select_ln581_17_fu_12230_p3   |    select|   0|  0|    12|           1|          12|
    |select_ln581_18_fu_12325_p3   |    select|   0|  0|    12|           1|          12|
    |select_ln581_19_fu_15163_p3   |    select|   0|  0|    12|           1|          12|
    |select_ln581_1_fu_4300_p3     |    select|   0|  0|    12|           1|          12|
    |select_ln581_20_fu_15258_p3   |    select|   0|  0|    12|           1|          12|
    |select_ln581_21_fu_15353_p3   |    select|   0|  0|    12|           1|          12|
    |select_ln581_22_fu_17704_p3   |    select|   0|  0|    12|           1|          12|
    |select_ln581_23_fu_17799_p3   |    select|   0|  0|    12|           1|          12|
    |select_ln581_24_fu_17900_p3   |    select|   0|  0|    12|           1|          12|
    |select_ln581_25_fu_17995_p3   |    select|   0|  0|    12|           1|          12|
    |select_ln581_26_fu_18090_p3   |    select|   0|  0|    12|           1|          12|
    |select_ln581_27_fu_20648_p3   |    select|   0|  0|    12|           1|          12|
    |select_ln581_28_fu_20743_p3   |    select|   0|  0|    12|           1|          12|
    |select_ln581_29_fu_23748_p3   |    select|   0|  0|    12|           1|          12|
    |select_ln581_2_fu_4401_p3     |    select|   0|  0|    12|           1|          12|
    |select_ln581_30_fu_20874_p3   |    select|   0|  0|    12|           1|          12|
    |select_ln581_31_fu_20969_p3   |    select|   0|  0|    12|           1|          12|
    |select_ln581_32_fu_24049_p3   |    select|   0|  0|    12|           1|          12|
    |select_ln581_33_fu_26976_p3   |    select|   0|  0|    12|           1|          12|
    |select_ln581_34_fu_27071_p3   |    select|   0|  0|    12|           1|          12|
    |select_ln581_35_fu_27166_p3   |    select|   0|  0|    12|           1|          12|
    |select_ln581_36_fu_27261_p3   |    select|   0|  0|    12|           1|          12|
    |select_ln581_37_fu_30049_p3   |    select|   0|  0|    12|           1|          12|
    |select_ln581_38_fu_30144_p3   |    select|   0|  0|    12|           1|          12|
    |select_ln581_39_fu_32847_p3   |    select|   0|  0|    12|           1|          12|
    |select_ln581_3_fu_4496_p3     |    select|   0|  0|    12|           1|          12|
    |select_ln581_40_fu_30275_p3   |    select|   0|  0|    12|           1|          12|
    |select_ln581_41_fu_30370_p3   |    select|   0|  0|    12|           1|          12|
    |select_ln581_42_fu_33148_p3   |    select|   0|  0|    12|           1|          12|
    |select_ln581_43_fu_35996_p3   |    select|   0|  0|    12|           1|          12|
    |select_ln581_44_fu_36091_p3   |    select|   0|  0|    12|           1|          12|
    |select_ln581_45_fu_33315_p3   |    select|   0|  0|    12|           1|          12|
    |select_ln581_46_fu_33410_p3   |    select|   0|  0|    12|           1|          12|
    |select_ln581_47_fu_36392_p3   |    select|   0|  0|    12|           1|          12|
    |select_ln581_48_fu_39309_p3   |    select|   0|  0|    12|           1|          12|
    |select_ln581_49_fu_42043_p3   |    select|   0|  0|    12|           1|          12|
    |select_ln581_4_fu_4591_p3     |    select|   0|  0|    12|           1|          12|
    |select_ln581_50_fu_39440_p3   |    select|   0|  0|    12|           1|          12|
    |select_ln581_51_fu_39535_p3   |    select|   0|  0|    12|           1|          12|
    |select_ln581_52_fu_42344_p3   |    select|   0|  0|    12|           1|          12|
    |select_ln581_53_fu_44888_p3   |    select|   0|  0|    12|           1|          12|
    |select_ln581_54_fu_44983_p3   |    select|   0|  0|    12|           1|          12|
    |select_ln581_55_fu_42511_p3   |    select|   0|  0|    12|           1|          12|
    |select_ln581_56_fu_42606_p3   |    select|   0|  0|    12|           1|          12|
    |select_ln581_57_fu_45290_p3   |    select|   0|  0|    12|           1|          12|
    |select_ln581_58_fu_48003_p3   |    select|   0|  0|    12|           1|          12|
    |select_ln581_59_fu_50547_p3   |    select|   0|  0|    12|           1|          12|
    |select_ln581_5_fu_4686_p3     |    select|   0|  0|    12|           1|          12|
    |select_ln581_60_fu_48134_p3   |    select|   0|  0|    12|           1|          12|
    |select_ln581_61_fu_48229_p3   |    select|   0|  0|    12|           1|          12|
    |select_ln581_62_fu_50848_p3   |    select|   0|  0|    12|           1|          12|
    |select_ln581_63_fu_53276_p3   |    select|   0|  0|    12|           1|          12|
    |select_ln581_64_fu_53371_p3   |    select|   0|  0|    12|           1|          12|
    |select_ln581_6_fu_4781_p3     |    select|   0|  0|    12|           1|          12|
    |select_ln581_7_fu_5921_p3     |    select|   0|  0|    12|           1|          12|
    |select_ln581_8_fu_6016_p3     |    select|   0|  0|    12|           1|          12|
    |select_ln581_9_fu_6111_p3     |    select|   0|  0|    12|           1|          12|
    |select_ln581_fu_4199_p3       |    select|   0|  0|    12|           1|          12|
    |select_ln582_10_fu_10976_p3   |    select|   0|  0|    18|           1|          18|
    |select_ln582_11_fu_11220_p3   |    select|   0|  0|    18|           1|          18|
    |select_ln582_12_fu_11464_p3   |    select|   0|  0|    18|           1|          18|
    |select_ln582_13_fu_13730_p3   |    select|   0|  0|    18|           1|          18|
    |select_ln582_14_fu_13974_p3   |    select|   0|  0|    18|           1|          18|
    |select_ln582_15_fu_14218_p3   |    select|   0|  0|    18|           1|          18|
    |select_ln582_16_fu_14462_p3   |    select|   0|  0|    18|           1|          18|
    |select_ln582_17_fu_14706_p3   |    select|   0|  0|    18|           1|          18|
    |select_ln582_18_fu_16900_p3   |    select|   0|  0|    18|           1|          18|
    |select_ln582_19_fu_17144_p3   |    select|   0|  0|    18|           1|          18|
    |select_ln582_1_fu_6580_p3     |    select|   0|  0|    18|           1|          18|
    |select_ln582_20_fu_19394_p3   |    select|   0|  0|    18|           1|          18|
    |select_ln582_21_fu_19638_p3   |    select|   0|  0|    18|           1|          18|
    |select_ln582_22_fu_19882_p3   |    select|   0|  0|    18|           1|          18|
    |select_ln582_23_fu_22323_p3   |    select|   0|  0|    18|           1|          18|
    |select_ln582_24_fu_22567_p3   |    select|   0|  0|    18|           1|          18|
    |select_ln582_25_fu_22803_p3   |    select|   0|  0|    18|           1|          18|
    |select_ln582_26_fu_23047_p3   |    select|   0|  0|    18|           1|          18|
    |select_ln582_27_fu_23291_p3   |    select|   0|  0|    18|           1|          18|
    |select_ln582_28_fu_25787_p3   |    select|   0|  0|    18|           1|          18|
    |select_ln582_29_fu_26031_p3   |    select|   0|  0|    18|           1|          18|
    |select_ln582_2_fu_6798_p3     |    select|   0|  0|    18|           1|          18|
    |select_ln582_30_fu_28814_p3   |    select|   0|  0|    18|           1|          18|
    |select_ln582_31_fu_26378_p3   |    select|   0|  0|    18|           1|          18|
    |select_ln582_32_fu_26622_p3   |    select|   0|  0|    18|           1|          18|
    |select_ln582_33_fu_29386_p3   |    select|   0|  0|    18|           1|          18|
    |select_ln582_34_fu_31658_p3   |    select|   0|  0|    18|           1|          18|
    |select_ln582_35_fu_31902_p3   |    select|   0|  0|    18|           1|          18|
    |select_ln582_36_fu_32146_p3   |    select|   0|  0|    18|           1|          18|
    |select_ln582_37_fu_32390_p3   |    select|   0|  0|    18|           1|          18|
    |select_ln582_38_fu_34807_p3   |    select|   0|  0|    18|           1|          18|
    |select_ln582_39_fu_35051_p3   |    select|   0|  0|    18|           1|          18|
    |select_ln582_3_fu_7045_p3     |    select|   0|  0|    18|           1|          18|
    |select_ln582_40_fu_37735_p3   |    select|   0|  0|    18|           1|          18|
    |select_ln582_41_fu_35398_p3   |    select|   0|  0|    18|           1|          18|
    |select_ln582_42_fu_35642_p3   |    select|   0|  0|    18|           1|          18|
    |select_ln582_43_fu_38261_p3   |    select|   0|  0|    18|           1|          18|
    |select_ln582_44_fu_40919_p3   |    select|   0|  0|    18|           1|          18|
    |select_ln582_45_fu_41163_p3   |    select|   0|  0|    18|           1|          18|
    |select_ln582_46_fu_38711_p3   |    select|   0|  0|    18|           1|          18|
    |select_ln582_47_fu_38955_p3   |    select|   0|  0|    18|           1|          18|
    |select_ln582_48_fu_41689_p3   |    select|   0|  0|    18|           1|          18|
    |select_ln582_49_fu_43943_p3   |    select|   0|  0|    18|           1|          18|
    |select_ln582_4_fu_7289_p3     |    select|   0|  0|    18|           1|          18|
    |select_ln582_50_fu_46429_p3   |    select|   0|  0|    18|           1|          18|
    |select_ln582_51_fu_44290_p3   |    select|   0|  0|    18|           1|          18|
    |select_ln582_52_fu_44534_p3   |    select|   0|  0|    18|           1|          18|
    |select_ln582_53_fu_46955_p3   |    select|   0|  0|    18|           1|          18|
    |select_ln582_54_fu_49431_p3   |    select|   0|  0|    18|           1|          18|
    |select_ln582_55_fu_49675_p3   |    select|   0|  0|    18|           1|          18|
    |select_ln582_56_fu_47405_p3   |    select|   0|  0|    18|           1|          18|
    |select_ln582_57_fu_47649_p3   |    select|   0|  0|    18|           1|          18|
    |select_ln582_58_fu_50193_p3   |    select|   0|  0|    18|           1|          18|
    |select_ln582_59_fu_52331_p3   |    select|   0|  0|    18|           1|          18|
    |select_ln582_5_fu_7533_p3     |    select|   0|  0|    18|           1|          18|
    |select_ln582_60_fu_54299_p3   |    select|   0|  0|    18|           1|          18|
    |select_ln582_61_fu_52678_p3   |    select|   0|  0|    18|           1|          18|
    |select_ln582_62_fu_52922_p3   |    select|   0|  0|    18|           1|          18|
    |select_ln582_63_fu_54871_p3   |    select|   0|  0|    18|           1|          18|
    |select_ln582_64_fu_56270_p3   |    select|   0|  0|    18|           1|          18|
    |select_ln582_65_fu_56514_p3   |    select|   0|  0|    18|           1|          18|
    |select_ln582_6_fu_7777_p3     |    select|   0|  0|    18|           1|          18|
    |select_ln582_7_fu_8021_p3     |    select|   0|  0|    18|           1|          18|
    |select_ln582_8_fu_10488_p3    |    select|   0|  0|    18|           1|          18|
    |select_ln582_9_fu_10732_p3    |    select|   0|  0|    18|           1|          18|
    |select_ln582_fu_2590_p3       |    select|   0|  0|    16|           1|          16|
    |select_ln585_10_fu_8374_p3    |    select|   0|  0|    18|           1|          18|
    |select_ln585_11_fu_8477_p3    |    select|   0|  0|    18|           1|          18|
    |select_ln585_12_fu_8580_p3    |    select|   0|  0|    18|           1|          18|
    |select_ln585_13_fu_8683_p3    |    select|   0|  0|    18|           1|          18|
    |select_ln585_14_fu_11714_p3   |    select|   0|  0|    18|           1|          18|
    |select_ln585_15_fu_11817_p3   |    select|   0|  0|    18|           1|          18|
    |select_ln585_16_fu_11920_p3   |    select|   0|  0|    18|           1|          18|
    |select_ln585_17_fu_12023_p3   |    select|   0|  0|    18|           1|          18|
    |select_ln585_18_fu_12126_p3   |    select|   0|  0|    18|           1|          18|
    |select_ln585_19_fu_14956_p3   |    select|   0|  0|    18|           1|          18|
    |select_ln585_20_fu_15059_p3   |    select|   0|  0|    18|           1|          18|
    |select_ln585_21_fu_17394_p3   |    select|   0|  0|    18|           1|          18|
    |select_ln585_22_fu_17497_p3   |    select|   0|  0|    18|           1|          18|
    |select_ln585_23_fu_17600_p3   |    select|   0|  0|    18|           1|          18|
    |select_ln585_24_fu_20132_p3   |    select|   0|  0|    18|           1|          18|
    |select_ln585_25_fu_20235_p3   |    select|   0|  0|    18|           1|          18|
    |select_ln585_26_fu_20338_p3   |    select|   0|  0|    18|           1|          18|
    |select_ln585_27_fu_20441_p3   |    select|   0|  0|    18|           1|          18|
    |select_ln585_28_fu_20544_p3   |    select|   0|  0|    18|           1|          18|
    |select_ln585_29_fu_23541_p3   |    select|   0|  0|    18|           1|          18|
    |select_ln585_2_fu_5105_p3     |    select|   0|  0|    18|           1|          18|
    |select_ln585_30_fu_23644_p3   |    select|   0|  0|    18|           1|          18|
    |select_ln585_31_fu_26281_p3   |    select|   0|  0|    18|           1|          18|
    |select_ln585_32_fu_23842_p3   |    select|   0|  0|    18|           1|          18|
    |select_ln585_33_fu_23945_p3   |    select|   0|  0|    18|           1|          18|
    |select_ln585_34_fu_26872_p3   |    select|   0|  0|    18|           1|          18|
    |select_ln585_35_fu_29636_p3   |    select|   0|  0|    18|           1|          18|
    |select_ln585_36_fu_29739_p3   |    select|   0|  0|    18|           1|          18|
    |select_ln585_37_fu_29842_p3   |    select|   0|  0|    18|           1|          18|
    |select_ln585_38_fu_29945_p3   |    select|   0|  0|    18|           1|          18|
    |select_ln585_39_fu_32640_p3   |    select|   0|  0|    18|           1|          18|
    |select_ln585_3_fu_5255_p3     |    select|   0|  0|    18|           1|          18|
    |select_ln585_40_fu_32743_p3   |    select|   0|  0|    18|           1|          18|
    |select_ln585_41_fu_35301_p3   |    select|   0|  0|    18|           1|          18|
    |select_ln585_42_fu_32941_p3   |    select|   0|  0|    18|           1|          18|
    |select_ln585_43_fu_33044_p3   |    select|   0|  0|    18|           1|          18|
    |select_ln585_44_fu_35892_p3   |    select|   0|  0|    18|           1|          18|
    |select_ln585_45_fu_38511_p3   |    select|   0|  0|    18|           1|          18|
    |select_ln585_46_fu_38614_p3   |    select|   0|  0|    18|           1|          18|
    |select_ln585_47_fu_36185_p3   |    select|   0|  0|    18|           1|          18|
    |select_ln585_48_fu_36288_p3   |    select|   0|  0|    18|           1|          18|
    |select_ln585_49_fu_39205_p3   |    select|   0|  0|    18|           1|          18|
    |select_ln585_4_fu_5405_p3     |    select|   0|  0|    18|           1|          18|
    |select_ln585_50_fu_41939_p3   |    select|   0|  0|    18|           1|          18|
    |select_ln585_51_fu_44193_p3   |    select|   0|  0|    18|           1|          18|
    |select_ln585_52_fu_42137_p3   |    select|   0|  0|    18|           1|          18|
    |select_ln585_53_fu_42240_p3   |    select|   0|  0|    18|           1|          18|
    |select_ln585_54_fu_44784_p3   |    select|   0|  0|    18|           1|          18|
    |select_ln585_55_fu_47205_p3   |    select|   0|  0|    18|           1|          18|
    |select_ln585_56_fu_47308_p3   |    select|   0|  0|    18|           1|          18|
    |select_ln585_57_fu_45083_p3   |    select|   0|  0|    18|           1|          18|
    |select_ln585_58_fu_45186_p3   |    select|   0|  0|    18|           1|          18|
    |select_ln585_59_fu_47899_p3   |    select|   0|  0|    18|           1|          18|
    |select_ln585_5_fu_5508_p3     |    select|   0|  0|    18|           1|          18|
    |select_ln585_60_fu_50443_p3   |    select|   0|  0|    18|           1|          18|
    |select_ln585_61_fu_52581_p3   |    select|   0|  0|    18|           1|          18|
    |select_ln585_62_fu_50641_p3   |    select|   0|  0|    18|           1|          18|
    |select_ln585_63_fu_50744_p3   |    select|   0|  0|    18|           1|          18|
    |select_ln585_64_fu_53172_p3   |    select|   0|  0|    18|           1|          18|
    |select_ln585_65_fu_55121_p3   |    select|   0|  0|    18|           1|          18|
    |select_ln585_66_fu_55224_p3   |    select|   0|  0|    18|           1|          18|
    |select_ln585_6_fu_5611_p3     |    select|   0|  0|    18|           1|          18|
    |select_ln585_7_fu_5714_p3     |    select|   0|  0|    18|           1|          18|
    |select_ln585_8_fu_5817_p3     |    select|   0|  0|    18|           1|          18|
    |select_ln585_9_fu_8271_p3     |    select|   0|  0|    18|           1|          18|
    |select_ln585_fu_2601_p3       |    select|   0|  0|    16|           1|          16|
    |select_ln588_10_fu_8469_p3    |    select|   0|  0|     2|           1|           2|
    |select_ln588_11_fu_8572_p3    |    select|   0|  0|     2|           1|           2|
    |select_ln588_12_fu_8675_p3    |    select|   0|  0|     2|           1|           2|
    |select_ln588_13_fu_11706_p3   |    select|   0|  0|     2|           1|           2|
    |select_ln588_14_fu_11809_p3   |    select|   0|  0|     2|           1|           2|
    |select_ln588_15_fu_11912_p3   |    select|   0|  0|     2|           1|           2|
    |select_ln588_16_fu_12015_p3   |    select|   0|  0|     2|           1|           2|
    |select_ln588_17_fu_12118_p3   |    select|   0|  0|     2|           1|           2|
    |select_ln588_18_fu_14948_p3   |    select|   0|  0|     2|           1|           2|
    |select_ln588_19_fu_15051_p3   |    select|   0|  0|     2|           1|           2|
    |select_ln588_1_fu_5097_p3     |    select|   0|  0|     2|           1|           2|
    |select_ln588_20_fu_17386_p3   |    select|   0|  0|     2|           1|           2|
    |select_ln588_21_fu_17489_p3   |    select|   0|  0|     2|           1|           2|
    |select_ln588_22_fu_17592_p3   |    select|   0|  0|     2|           1|           2|
    |select_ln588_23_fu_20124_p3   |    select|   0|  0|     2|           1|           2|
    |select_ln588_24_fu_20227_p3   |    select|   0|  0|     2|           1|           2|
    |select_ln588_25_fu_20330_p3   |    select|   0|  0|     2|           1|           2|
    |select_ln588_26_fu_20433_p3   |    select|   0|  0|     2|           1|           2|
    |select_ln588_27_fu_20536_p3   |    select|   0|  0|     2|           1|           2|
    |select_ln588_28_fu_23533_p3   |    select|   0|  0|     2|           1|           2|
    |select_ln588_29_fu_23636_p3   |    select|   0|  0|     2|           1|           2|
    |select_ln588_2_fu_5247_p3     |    select|   0|  0|     2|           1|           2|
    |select_ln588_30_fu_26273_p3   |    select|   0|  0|     2|           1|           2|
    |select_ln588_31_fu_23834_p3   |    select|   0|  0|     2|           1|           2|
    |select_ln588_32_fu_23937_p3   |    select|   0|  0|     2|           1|           2|
    |select_ln588_33_fu_26864_p3   |    select|   0|  0|     2|           1|           2|
    |select_ln588_34_fu_29628_p3   |    select|   0|  0|     2|           1|           2|
    |select_ln588_35_fu_29731_p3   |    select|   0|  0|     2|           1|           2|
    |select_ln588_36_fu_29834_p3   |    select|   0|  0|     2|           1|           2|
    |select_ln588_37_fu_29937_p3   |    select|   0|  0|     2|           1|           2|
    |select_ln588_38_fu_32632_p3   |    select|   0|  0|     2|           1|           2|
    |select_ln588_39_fu_32735_p3   |    select|   0|  0|     2|           1|           2|
    |select_ln588_3_fu_5397_p3     |    select|   0|  0|     2|           1|           2|
    |select_ln588_40_fu_35293_p3   |    select|   0|  0|     2|           1|           2|
    |select_ln588_41_fu_32933_p3   |    select|   0|  0|     2|           1|           2|
    |select_ln588_42_fu_33036_p3   |    select|   0|  0|     2|           1|           2|
    |select_ln588_43_fu_35884_p3   |    select|   0|  0|     2|           1|           2|
    |select_ln588_44_fu_38503_p3   |    select|   0|  0|     2|           1|           2|
    |select_ln588_45_fu_38606_p3   |    select|   0|  0|     2|           1|           2|
    |select_ln588_46_fu_36177_p3   |    select|   0|  0|     2|           1|           2|
    |select_ln588_47_fu_36280_p3   |    select|   0|  0|     2|           1|           2|
    |select_ln588_48_fu_39197_p3   |    select|   0|  0|     2|           1|           2|
    |select_ln588_49_fu_41931_p3   |    select|   0|  0|     2|           1|           2|
    |select_ln588_4_fu_5500_p3     |    select|   0|  0|     2|           1|           2|
    |select_ln588_50_fu_44185_p3   |    select|   0|  0|     2|           1|           2|
    |select_ln588_51_fu_42129_p3   |    select|   0|  0|     2|           1|           2|
    |select_ln588_52_fu_42232_p3   |    select|   0|  0|     2|           1|           2|
    |select_ln588_53_fu_44776_p3   |    select|   0|  0|     2|           1|           2|
    |select_ln588_54_fu_47197_p3   |    select|   0|  0|     2|           1|           2|
    |select_ln588_55_fu_47300_p3   |    select|   0|  0|     2|           1|           2|
    |select_ln588_56_fu_45075_p3   |    select|   0|  0|     2|           1|           2|
    |select_ln588_57_fu_45178_p3   |    select|   0|  0|     2|           1|           2|
    |select_ln588_58_fu_47891_p3   |    select|   0|  0|     2|           1|           2|
    |select_ln588_59_fu_50435_p3   |    select|   0|  0|     2|           1|           2|
    |select_ln588_5_fu_5603_p3     |    select|   0|  0|     2|           1|           2|
    |select_ln588_60_fu_52573_p3   |    select|   0|  0|     2|           1|           2|
    |select_ln588_61_fu_50633_p3   |    select|   0|  0|     2|           1|           2|
    |select_ln588_62_fu_50736_p3   |    select|   0|  0|     2|           1|           2|
    |select_ln588_63_fu_53164_p3   |    select|   0|  0|     2|           1|           2|
    |select_ln588_64_fu_55113_p3   |    select|   0|  0|     2|           1|           2|
    |select_ln588_65_fu_55216_p3   |    select|   0|  0|     2|           1|           2|
    |select_ln588_6_fu_5706_p3     |    select|   0|  0|     2|           1|           2|
    |select_ln588_7_fu_5809_p3     |    select|   0|  0|     2|           1|           2|
    |select_ln588_8_fu_8263_p3     |    select|   0|  0|     2|           1|           2|
    |select_ln588_9_fu_8366_p3     |    select|   0|  0|     2|           1|           2|
    |select_ln588_fu_2256_p3       |    select|   0|  0|     2|           1|           2|
    |select_ln591_10_fu_11197_p3   |    select|   0|  0|     2|           1|           1|
    |select_ln591_11_fu_11441_p3   |    select|   0|  0|     2|           1|           1|
    |select_ln591_12_fu_13707_p3   |    select|   0|  0|     2|           1|           1|
    |select_ln591_13_fu_13951_p3   |    select|   0|  0|     2|           1|           1|
    |select_ln591_14_fu_14195_p3   |    select|   0|  0|     2|           1|           1|
    |select_ln591_15_fu_14439_p3   |    select|   0|  0|     2|           1|           1|
    |select_ln591_16_fu_14683_p3   |    select|   0|  0|     2|           1|           1|
    |select_ln591_17_fu_16877_p3   |    select|   0|  0|     2|           1|           1|
    |select_ln591_18_fu_17121_p3   |    select|   0|  0|     2|           1|           1|
    |select_ln591_19_fu_19371_p3   |    select|   0|  0|     2|           1|           1|
    |select_ln591_1_fu_5278_p3     |    select|   0|  0|     2|           1|           1|
    |select_ln591_20_fu_19615_p3   |    select|   0|  0|     2|           1|           1|
    |select_ln591_21_fu_19859_p3   |    select|   0|  0|     2|           1|           1|
    |select_ln591_22_fu_22300_p3   |    select|   0|  0|     2|           1|           1|
    |select_ln591_23_fu_22544_p3   |    select|   0|  0|     2|           1|           1|
    |select_ln591_24_fu_22780_p3   |    select|   0|  0|     2|           1|           1|
    |select_ln591_25_fu_23024_p3   |    select|   0|  0|     2|           1|           1|
    |select_ln591_26_fu_23268_p3   |    select|   0|  0|     2|           1|           1|
    |select_ln591_27_fu_25764_p3   |    select|   0|  0|     2|           1|           1|
    |select_ln591_28_fu_26008_p3   |    select|   0|  0|     2|           1|           1|
    |select_ln591_29_fu_28791_p3   |    select|   0|  0|     2|           1|           1|
    |select_ln591_2_fu_7022_p3     |    select|   0|  0|     2|           1|           1|
    |select_ln591_30_fu_26355_p3   |    select|   0|  0|     2|           1|           1|
    |select_ln591_31_fu_26599_p3   |    select|   0|  0|     2|           1|           1|
    |select_ln591_32_fu_29363_p3   |    select|   0|  0|     2|           1|           1|
    |select_ln591_33_fu_31635_p3   |    select|   0|  0|     2|           1|           1|
    |select_ln591_34_fu_31879_p3   |    select|   0|  0|     2|           1|           1|
    |select_ln591_35_fu_32123_p3   |    select|   0|  0|     2|           1|           1|
    |select_ln591_36_fu_32367_p3   |    select|   0|  0|     2|           1|           1|
    |select_ln591_37_fu_34784_p3   |    select|   0|  0|     2|           1|           1|
    |select_ln591_38_fu_35028_p3   |    select|   0|  0|     2|           1|           1|
    |select_ln591_39_fu_37712_p3   |    select|   0|  0|     2|           1|           1|
    |select_ln591_3_fu_7266_p3     |    select|   0|  0|     2|           1|           1|
    |select_ln591_40_fu_35375_p3   |    select|   0|  0|     2|           1|           1|
    |select_ln591_41_fu_35619_p3   |    select|   0|  0|     2|           1|           1|
    |select_ln591_42_fu_38238_p3   |    select|   0|  0|     2|           1|           1|
    |select_ln591_43_fu_40896_p3   |    select|   0|  0|     2|           1|           1|
    |select_ln591_44_fu_41140_p3   |    select|   0|  0|     2|           1|           1|
    |select_ln591_45_fu_38688_p3   |    select|   0|  0|     2|           1|           1|
    |select_ln591_46_fu_38932_p3   |    select|   0|  0|     2|           1|           1|
    |select_ln591_47_fu_41666_p3   |    select|   0|  0|     2|           1|           1|
    |select_ln591_48_fu_43920_p3   |    select|   0|  0|     2|           1|           1|
    |select_ln591_49_fu_46406_p3   |    select|   0|  0|     2|           1|           1|
    |select_ln591_4_fu_7510_p3     |    select|   0|  0|     2|           1|           1|
    |select_ln591_50_fu_44267_p3   |    select|   0|  0|     2|           1|           1|
    |select_ln591_51_fu_44511_p3   |    select|   0|  0|     2|           1|           1|
    |select_ln591_52_fu_46932_p3   |    select|   0|  0|     2|           1|           1|
    |select_ln591_53_fu_49408_p3   |    select|   0|  0|     2|           1|           1|
    |select_ln591_54_fu_49652_p3   |    select|   0|  0|     2|           1|           1|
    |select_ln591_55_fu_47382_p3   |    select|   0|  0|     2|           1|           1|
    |select_ln591_56_fu_47626_p3   |    select|   0|  0|     2|           1|           1|
    |select_ln591_57_fu_50170_p3   |    select|   0|  0|     2|           1|           1|
    |select_ln591_58_fu_52308_p3   |    select|   0|  0|     2|           1|           1|
    |select_ln591_59_fu_54276_p3   |    select|   0|  0|     2|           1|           1|
    |select_ln591_5_fu_7754_p3     |    select|   0|  0|     2|           1|           1|
    |select_ln591_60_fu_52655_p3   |    select|   0|  0|     2|           1|           1|
    |select_ln591_61_fu_52899_p3   |    select|   0|  0|     2|           1|           1|
    |select_ln591_62_fu_54848_p3   |    select|   0|  0|     2|           1|           1|
    |select_ln591_63_fu_56247_p3   |    select|   0|  0|     2|           1|           1|
    |select_ln591_64_fu_56491_p3   |    select|   0|  0|     2|           1|           1|
    |select_ln591_6_fu_7998_p3     |    select|   0|  0|     2|           1|           1|
    |select_ln591_7_fu_10465_p3    |    select|   0|  0|     2|           1|           1|
    |select_ln591_8_fu_10709_p3    |    select|   0|  0|     2|           1|           1|
    |select_ln591_9_fu_10953_p3    |    select|   0|  0|     2|           1|           1|
    |select_ln591_fu_5128_p3       |    select|   0|  0|     2|           1|           1|
    |select_ln603_100_fu_48987_p3  |    select|   0|  0|     2|           1|           1|
    |select_ln603_101_fu_46641_p3  |    select|   0|  0|    18|           1|          18|
    |select_ln603_102_fu_46683_p3  |    select|   0|  0|     2|           1|           1|
    |select_ln603_103_fu_46782_p3  |    select|   0|  0|    18|           1|          18|
    |select_ln603_104_fu_46824_p3  |    select|   0|  0|     2|           1|           1|
    |select_ln603_105_fu_49258_p3  |    select|   0|  0|    18|           1|          18|
    |select_ln603_106_fu_49300_p3  |    select|   0|  0|     2|           1|           1|
    |select_ln603_107_fu_51658_p3  |    select|   0|  0|    18|           1|          18|
    |select_ln603_108_fu_51700_p3  |    select|   0|  0|     2|           1|           1|
    |select_ln603_109_fu_51799_p3  |    select|   0|  0|    18|           1|          18|
    |select_ln603_10_fu_10029_p3   |    select|   0|  0|     2|           1|           1|
    |select_ln603_110_fu_51841_p3  |    select|   0|  0|     2|           1|           1|
    |select_ln603_111_fu_49879_p3  |    select|   0|  0|    18|           1|          18|
    |select_ln603_112_fu_49921_p3  |    select|   0|  0|     2|           1|           1|
    |select_ln603_113_fu_50020_p3  |    select|   0|  0|    18|           1|          18|
    |select_ln603_114_fu_50062_p3  |    select|   0|  0|     2|           1|           1|
    |select_ln603_115_fu_52112_p3  |    select|   0|  0|    18|           1|          18|
    |select_ln603_116_fu_52154_p3  |    select|   0|  0|     2|           1|           1|
    |select_ln603_117_fu_54126_p3  |    select|   0|  0|    18|           1|          18|
    |select_ln603_118_fu_54168_p3  |    select|   0|  0|     2|           1|           1|
    |select_ln603_119_fu_55828_p3  |    select|   0|  0|    18|           1|          18|
    |select_ln603_11_fu_10174_p3   |    select|   0|  0|    18|           1|          18|
    |select_ln603_120_fu_55870_p3  |    select|   0|  0|     2|           1|           1|
    |select_ln603_121_fu_54511_p3  |    select|   0|  0|    18|           1|          18|
    |select_ln603_122_fu_54553_p3  |    select|   0|  0|     2|           1|           1|
    |select_ln603_123_fu_54652_p3  |    select|   0|  0|    18|           1|          18|
    |select_ln603_124_fu_54694_p3  |    select|   0|  0|     2|           1|           1|
    |select_ln603_125_fu_56097_p3  |    select|   0|  0|    18|           1|          18|
    |select_ln603_126_fu_56139_p3  |    select|   0|  0|     2|           1|           1|
    |select_ln603_127_fu_57390_p3  |    select|   0|  0|    18|           1|          18|
    |select_ln603_128_fu_57432_p3  |    select|   0|  0|     2|           1|           1|
    |select_ln603_129_fu_57531_p3  |    select|   0|  0|    18|           1|          18|
    |select_ln603_12_fu_10216_p3   |    select|   0|  0|     2|           1|           1|
    |select_ln603_130_fu_57573_p3  |    select|   0|  0|     2|           1|           1|
    |select_ln603_13_fu_10315_p3   |    select|   0|  0|    18|           1|          18|
    |select_ln603_14_fu_10357_p3   |    select|   0|  0|     2|           1|           1|
    |select_ln603_15_fu_12947_p3   |    select|   0|  0|    18|           1|          18|
    |select_ln603_16_fu_12989_p3   |    select|   0|  0|     2|           1|           1|
    |select_ln603_17_fu_13088_p3   |    select|   0|  0|    18|           1|          18|
    |select_ln603_18_fu_13130_p3   |    select|   0|  0|     2|           1|           1|
    |select_ln603_19_fu_13229_p3   |    select|   0|  0|    18|           1|          18|
    |select_ln603_1_fu_6618_p3     |    select|   0|  0|    18|           1|          18|
    |select_ln603_20_fu_13271_p3   |    select|   0|  0|     2|           1|           1|
    |select_ln603_21_fu_13416_p3   |    select|   0|  0|    18|           1|          18|
    |select_ln603_22_fu_13458_p3   |    select|   0|  0|     2|           1|           1|
    |select_ln603_23_fu_13557_p3   |    select|   0|  0|    18|           1|          18|
    |select_ln603_24_fu_13599_p3   |    select|   0|  0|     2|           1|           1|
    |select_ln603_25_fu_16163_p3   |    select|   0|  0|    18|           1|          18|
    |select_ln603_26_fu_16205_p3   |    select|   0|  0|     2|           1|           1|
    |select_ln603_27_fu_16304_p3   |    select|   0|  0|    18|           1|          18|
    |select_ln603_28_fu_16346_p3   |    select|   0|  0|     2|           1|           1|
    |select_ln603_29_fu_16445_p3   |    select|   0|  0|    18|           1|          18|
    |select_ln603_2_fu_9325_p3     |    select|   0|  0|     2|           1|           1|
    |select_ln603_30_fu_16487_p3   |    select|   0|  0|     2|           1|           1|
    |select_ln603_31_fu_16586_p3   |    select|   0|  0|    18|           1|          18|
    |select_ln603_32_fu_16628_p3   |    select|   0|  0|     2|           1|           1|
    |select_ln603_33_fu_16727_p3   |    select|   0|  0|    18|           1|          18|
    |select_ln603_34_fu_16769_p3   |    select|   0|  0|     2|           1|           1|
    |select_ln603_35_fu_19080_p3   |    select|   0|  0|    18|           1|          18|
    |select_ln603_36_fu_19122_p3   |    select|   0|  0|     2|           1|           1|
    |select_ln603_37_fu_19221_p3   |    select|   0|  0|    18|           1|          18|
    |select_ln603_38_fu_19263_p3   |    select|   0|  0|     2|           1|           1|
    |select_ln603_39_fu_21776_p3   |    select|   0|  0|    18|           1|          18|
    |select_ln603_3_fu_6836_p3     |    select|   0|  0|    18|           1|          18|
    |select_ln603_40_fu_21818_p3   |    select|   0|  0|     2|           1|           1|
    |select_ln603_41_fu_21963_p3   |    select|   0|  0|    18|           1|          18|
    |select_ln603_42_fu_22005_p3   |    select|   0|  0|     2|           1|           1|
    |select_ln603_43_fu_22150_p3   |    select|   0|  0|    18|           1|          18|
    |select_ln603_44_fu_22192_p3   |    select|   0|  0|     2|           1|           1|
    |select_ln603_45_fu_25004_p3   |    select|   0|  0|    18|           1|          18|
    |select_ln603_46_fu_25046_p3   |    select|   0|  0|     2|           1|           1|
    |select_ln603_47_fu_25145_p3   |    select|   0|  0|    18|           1|          18|
    |select_ln603_48_fu_25187_p3   |    select|   0|  0|     2|           1|           1|
    |select_ln603_49_fu_25286_p3   |    select|   0|  0|    18|           1|          18|
    |select_ln603_4_fu_9520_p3     |    select|   0|  0|     2|           1|           1|
    |select_ln603_50_fu_25328_p3   |    select|   0|  0|     2|           1|           1|
    |select_ln603_51_fu_25473_p3   |    select|   0|  0|    18|           1|          18|
    |select_ln603_52_fu_25515_p3   |    select|   0|  0|     2|           1|           1|
    |select_ln603_53_fu_25614_p3   |    select|   0|  0|    18|           1|          18|
    |select_ln603_54_fu_25656_p3   |    select|   0|  0|     2|           1|           1|
    |select_ln603_55_fu_28454_p3   |    select|   0|  0|    18|           1|          18|
    |select_ln603_56_fu_28496_p3   |    select|   0|  0|     2|           1|           1|
    |select_ln603_57_fu_28595_p3   |    select|   0|  0|    18|           1|          18|
    |select_ln603_58_fu_28637_p3   |    select|   0|  0|     2|           1|           1|
    |select_ln603_59_fu_31170_p3   |    select|   0|  0|    18|           1|          18|
    |select_ln603_5_fu_9705_p3     |    select|   0|  0|    18|           1|          18|
    |select_ln603_60_fu_31212_p3   |    select|   0|  0|     2|           1|           1|
    |select_ln603_61_fu_29026_p3   |    select|   0|  0|    18|           1|          18|
    |select_ln603_62_fu_29068_p3   |    select|   0|  0|     2|           1|           1|
    |select_ln603_63_fu_29167_p3   |    select|   0|  0|    18|           1|          18|
    |select_ln603_64_fu_29209_p3   |    select|   0|  0|     2|           1|           1|
    |select_ln603_65_fu_31485_p3   |    select|   0|  0|    18|           1|          18|
    |select_ln603_66_fu_31527_p3   |    select|   0|  0|     2|           1|           1|
    |select_ln603_67_fu_34165_p3   |    select|   0|  0|    18|           1|          18|
    |select_ln603_68_fu_34207_p3   |    select|   0|  0|     2|           1|           1|
    |select_ln603_69_fu_34352_p3   |    select|   0|  0|    18|           1|          18|
    |select_ln603_6_fu_9747_p3     |    select|   0|  0|     2|           1|           1|
    |select_ln603_70_fu_34394_p3   |    select|   0|  0|     2|           1|           1|
    |select_ln603_71_fu_34493_p3   |    select|   0|  0|    18|           1|          18|
    |select_ln603_72_fu_34535_p3   |    select|   0|  0|     2|           1|           1|
    |select_ln603_73_fu_34634_p3   |    select|   0|  0|    18|           1|          18|
    |select_ln603_74_fu_34676_p3   |    select|   0|  0|     2|           1|           1|
    |select_ln603_75_fu_37421_p3   |    select|   0|  0|    18|           1|          18|
    |select_ln603_76_fu_37463_p3   |    select|   0|  0|     2|           1|           1|
    |select_ln603_77_fu_37562_p3   |    select|   0|  0|    18|           1|          18|
    |select_ln603_78_fu_37604_p3   |    select|   0|  0|     2|           1|           1|
    |select_ln603_79_fu_40433_p3   |    select|   0|  0|    18|           1|          18|
    |select_ln603_7_fu_9846_p3     |    select|   0|  0|    18|           1|          18|
    |select_ln603_80_fu_40475_p3   |    select|   0|  0|     2|           1|           1|
    |select_ln603_81_fu_37947_p3   |    select|   0|  0|    18|           1|          18|
    |select_ln603_82_fu_37989_p3   |    select|   0|  0|     2|           1|           1|
    |select_ln603_83_fu_38088_p3   |    select|   0|  0|    18|           1|          18|
    |select_ln603_84_fu_38130_p3   |    select|   0|  0|     2|           1|           1|
    |select_ln603_85_fu_40746_p3   |    select|   0|  0|    18|           1|          18|
    |select_ln603_86_fu_40788_p3   |    select|   0|  0|     2|           1|           1|
    |select_ln603_87_fu_43316_p3   |    select|   0|  0|    18|           1|          18|
    |select_ln603_88_fu_43358_p3   |    select|   0|  0|     2|           1|           1|
    |select_ln603_89_fu_43457_p3   |    select|   0|  0|    18|           1|          18|
    |select_ln603_8_fu_9888_p3     |    select|   0|  0|     2|           1|           1|
    |select_ln603_90_fu_43499_p3   |    select|   0|  0|     2|           1|           1|
    |select_ln603_91_fu_41375_p3   |    select|   0|  0|    18|           1|          18|
    |select_ln603_92_fu_41417_p3   |    select|   0|  0|     2|           1|           1|
    |select_ln603_93_fu_41516_p3   |    select|   0|  0|    18|           1|          18|
    |select_ln603_94_fu_41558_p3   |    select|   0|  0|     2|           1|           1|
    |select_ln603_95_fu_43770_p3   |    select|   0|  0|    18|           1|          18|
    |select_ln603_96_fu_43812_p3   |    select|   0|  0|     2|           1|           1|
    |select_ln603_97_fu_46256_p3   |    select|   0|  0|    18|           1|          18|
    |select_ln603_98_fu_46298_p3   |    select|   0|  0|     2|           1|           1|
    |select_ln603_99_fu_48945_p3   |    select|   0|  0|    18|           1|          18|
    |select_ln603_9_fu_9987_p3     |    select|   0|  0|    18|           1|          18|
    |select_ln603_fu_2644_p3       |    select|   0|  0|    16|           1|          16|
    |select_ln611_10_fu_15965_p3   |    select|   0|  0|    18|           1|          18|
    |select_ln611_11_fu_16051_p3   |    select|   0|  0|    18|           1|          18|
    |select_ln611_12_fu_16137_p3   |    select|   0|  0|    18|           1|          18|
    |select_ln611_13_fu_18710_p3   |    select|   0|  0|    18|           1|          18|
    |select_ln611_14_fu_18796_p3   |    select|   0|  0|    18|           1|          18|
    |select_ln611_15_fu_18882_p3   |    select|   0|  0|    18|           1|          18|
    |select_ln611_16_fu_18968_p3   |    select|   0|  0|    18|           1|          18|
    |select_ln611_17_fu_19054_p3   |    select|   0|  0|    18|           1|          18|
    |select_ln611_18_fu_21664_p3   |    select|   0|  0|    18|           1|          18|
    |select_ln611_19_fu_21750_p3   |    select|   0|  0|    18|           1|          18|
    |select_ln611_1_fu_9484_p3     |    select|   0|  0|    18|           1|          18|
    |select_ln611_20_fu_24850_p3   |    select|   0|  0|    18|           1|          18|
    |select_ln611_21_fu_24892_p3   |    select|   0|  0|    18|           1|          18|
    |select_ln611_22_fu_24978_p3   |    select|   0|  0|    18|           1|          18|
    |select_ln611_23_fu_28128_p3   |    select|   0|  0|    18|           1|          18|
    |select_ln611_24_fu_28214_p3   |    select|   0|  0|    18|           1|          18|
    |select_ln611_25_fu_28256_p3   |    select|   0|  0|    18|           1|          18|
    |select_ln611_26_fu_28342_p3   |    select|   0|  0|    18|           1|          18|
    |select_ln611_27_fu_28428_p3   |    select|   0|  0|    18|           1|          18|
    |select_ln611_28_fu_31102_p3   |    select|   0|  0|    18|           1|          18|
    |select_ln611_29_fu_31144_p3   |    select|   0|  0|    18|           1|          18|
    |select_ln611_2_fu_9679_p3     |    select|   0|  0|    18|           1|          18|
    |select_ln611_30_fu_34021_p3   |    select|   0|  0|    18|           1|          18|
    |select_ln611_31_fu_31417_p3   |    select|   0|  0|    18|           1|          18|
    |select_ln611_32_fu_31459_p3   |    select|   0|  0|    18|           1|          18|
    |select_ln611_33_fu_34139_p3   |    select|   0|  0|    18|           1|          18|
    |select_ln611_34_fu_37137_p3   |    select|   0|  0|    18|           1|          18|
    |select_ln611_35_fu_37223_p3   |    select|   0|  0|    18|           1|          18|
    |select_ln611_36_fu_37309_p3   |    select|   0|  0|    18|           1|          18|
    |select_ln611_37_fu_37395_p3   |    select|   0|  0|    18|           1|          18|
    |select_ln611_38_fu_40321_p3   |    select|   0|  0|    18|           1|          18|
    |select_ln611_39_fu_40407_p3   |    select|   0|  0|    18|           1|          18|
    |select_ln611_3_fu_12621_p3    |    select|   0|  0|    18|           1|          18|
    |select_ln611_40_fu_43172_p3   |    select|   0|  0|    18|           1|          18|
    |select_ln611_41_fu_40634_p3   |    select|   0|  0|    18|           1|          18|
    |select_ln611_42_fu_40720_p3   |    select|   0|  0|    18|           1|          18|
    |select_ln611_43_fu_43290_p3   |    select|   0|  0|    18|           1|          18|
    |select_ln611_44_fu_46026_p3   |    select|   0|  0|    18|           1|          18|
    |select_ln611_45_fu_46112_p3   |    select|   0|  0|    18|           1|          18|
    |select_ln611_46_fu_43658_p3   |    select|   0|  0|    18|           1|          18|
    |select_ln611_47_fu_43744_p3   |    select|   0|  0|    18|           1|          18|
    |select_ln611_48_fu_46230_p3   |    select|   0|  0|    18|           1|          18|
    |select_ln611_49_fu_48919_p3   |    select|   0|  0|    18|           1|          18|
    |select_ln611_4_fu_12707_p3    |    select|   0|  0|    18|           1|          18|
    |select_ln611_50_fu_51514_p3   |    select|   0|  0|    18|           1|          18|
    |select_ln611_51_fu_49146_p3   |    select|   0|  0|    18|           1|          18|
    |select_ln611_52_fu_49232_p3   |    select|   0|  0|    18|           1|          18|
    |select_ln611_53_fu_51632_p3   |    select|   0|  0|    18|           1|          18|
    |select_ln611_54_fu_53940_p3   |    select|   0|  0|    18|           1|          18|
    |select_ln611_55_fu_54026_p3   |    select|   0|  0|    18|           1|          18|
    |select_ln611_56_fu_52000_p3   |    select|   0|  0|    18|           1|          18|
    |select_ln611_57_fu_52086_p3   |    select|   0|  0|    18|           1|          18|
    |select_ln611_58_fu_54100_p3   |    select|   0|  0|    18|           1|          18|
    |select_ln611_59_fu_55802_p3   |    select|   0|  0|    18|           1|          18|
    |select_ln611_5_fu_12749_p3    |    select|   0|  0|    18|           1|          18|
    |select_ln611_60_fu_57246_p3   |    select|   0|  0|    18|           1|          18|
    |select_ln611_61_fu_56029_p3   |    select|   0|  0|    18|           1|          18|
    |select_ln611_62_fu_56071_p3   |    select|   0|  0|    18|           1|          18|
    |select_ln611_63_fu_57364_p3   |    select|   0|  0|    18|           1|          18|
    |select_ln611_64_fu_58185_p3   |    select|   0|  0|    18|           1|          18|
    |select_ln611_65_fu_58271_p3   |    select|   0|  0|    18|           1|          18|
    |select_ln611_6_fu_12835_p3    |    select|   0|  0|    18|           1|          18|
    |select_ln611_7_fu_12921_p3    |    select|   0|  0|    18|           1|          18|
    |select_ln611_8_fu_15837_p3    |    select|   0|  0|    18|           1|          18|
    |select_ln611_9_fu_15923_p3    |    select|   0|  0|    18|           1|          18|
    |select_ln611_fu_2906_p3       |    select|   0|  0|    16|           1|          16|
    |select_ln612_10_fu_8596_p3    |    select|   0|  0|     2|           1|           2|
    |select_ln612_11_fu_8699_p3    |    select|   0|  0|     2|           1|           2|
    |select_ln612_12_fu_11730_p3   |    select|   0|  0|     2|           1|           2|
    |select_ln612_13_fu_11833_p3   |    select|   0|  0|     2|           1|           2|
    |select_ln612_14_fu_11936_p3   |    select|   0|  0|     2|           1|           2|
    |select_ln612_15_fu_12039_p3   |    select|   0|  0|     2|           1|           2|
    |select_ln612_16_fu_12142_p3   |    select|   0|  0|     2|           1|           2|
    |select_ln612_17_fu_14972_p3   |    select|   0|  0|     2|           1|           2|
    |select_ln612_18_fu_15075_p3   |    select|   0|  0|     2|           1|           2|
    |select_ln612_19_fu_17410_p3   |    select|   0|  0|     2|           1|           2|
    |select_ln612_1_fu_5318_p3     |    select|   0|  0|     2|           1|           2|
    |select_ln612_20_fu_17513_p3   |    select|   0|  0|     2|           1|           2|
    |select_ln612_21_fu_17616_p3   |    select|   0|  0|     2|           1|           2|
    |select_ln612_22_fu_20148_p3   |    select|   0|  0|     2|           1|           2|
    |select_ln612_23_fu_20251_p3   |    select|   0|  0|     2|           1|           2|
    |select_ln612_24_fu_20354_p3   |    select|   0|  0|     2|           1|           2|
    |select_ln612_25_fu_20457_p3   |    select|   0|  0|     2|           1|           2|
    |select_ln612_26_fu_20560_p3   |    select|   0|  0|     2|           1|           2|
    |select_ln612_27_fu_23557_p3   |    select|   0|  0|     2|           1|           2|
    |select_ln612_28_fu_23660_p3   |    select|   0|  0|     2|           1|           2|
    |select_ln612_29_fu_26297_p3   |    select|   0|  0|     2|           1|           2|
    |select_ln612_2_fu_5421_p3     |    select|   0|  0|     2|           1|           2|
    |select_ln612_30_fu_23858_p3   |    select|   0|  0|     2|           1|           2|
    |select_ln612_31_fu_23961_p3   |    select|   0|  0|     2|           1|           2|
    |select_ln612_32_fu_26888_p3   |    select|   0|  0|     2|           1|           2|
    |select_ln612_33_fu_29652_p3   |    select|   0|  0|     2|           1|           2|
    |select_ln612_34_fu_29755_p3   |    select|   0|  0|     2|           1|           2|
    |select_ln612_35_fu_29858_p3   |    select|   0|  0|     2|           1|           2|
    |select_ln612_36_fu_29961_p3   |    select|   0|  0|     2|           1|           2|
    |select_ln612_37_fu_32656_p3   |    select|   0|  0|     2|           1|           2|
    |select_ln612_38_fu_32759_p3   |    select|   0|  0|     2|           1|           2|
    |select_ln612_39_fu_35317_p3   |    select|   0|  0|     2|           1|           2|
    |select_ln612_3_fu_5524_p3     |    select|   0|  0|     2|           1|           2|
    |select_ln612_40_fu_32957_p3   |    select|   0|  0|     2|           1|           2|
    |select_ln612_41_fu_33060_p3   |    select|   0|  0|     2|           1|           2|
    |select_ln612_42_fu_35908_p3   |    select|   0|  0|     2|           1|           2|
    |select_ln612_43_fu_38527_p3   |    select|   0|  0|     2|           1|           2|
    |select_ln612_44_fu_38630_p3   |    select|   0|  0|     2|           1|           2|
    |select_ln612_45_fu_36201_p3   |    select|   0|  0|     2|           1|           2|
    |select_ln612_46_fu_36304_p3   |    select|   0|  0|     2|           1|           2|
    |select_ln612_47_fu_39221_p3   |    select|   0|  0|     2|           1|           2|
    |select_ln612_48_fu_41955_p3   |    select|   0|  0|     2|           1|           2|
    |select_ln612_49_fu_44209_p3   |    select|   0|  0|     2|           1|           2|
    |select_ln612_4_fu_5627_p3     |    select|   0|  0|     2|           1|           2|
    |select_ln612_50_fu_42153_p3   |    select|   0|  0|     2|           1|           2|
    |select_ln612_51_fu_42256_p3   |    select|   0|  0|     2|           1|           2|
    |select_ln612_52_fu_44800_p3   |    select|   0|  0|     2|           1|           2|
    |select_ln612_53_fu_47221_p3   |    select|   0|  0|     2|           1|           2|
    |select_ln612_54_fu_47324_p3   |    select|   0|  0|     2|           1|           2|
    |select_ln612_55_fu_45099_p3   |    select|   0|  0|     2|           1|           2|
    |select_ln612_56_fu_45202_p3   |    select|   0|  0|     2|           1|           2|
    |select_ln612_57_fu_47915_p3   |    select|   0|  0|     2|           1|           2|
    |select_ln612_58_fu_50459_p3   |    select|   0|  0|     2|           1|           2|
    |select_ln612_59_fu_52597_p3   |    select|   0|  0|     2|           1|           2|
    |select_ln612_5_fu_5730_p3     |    select|   0|  0|     2|           1|           2|
    |select_ln612_60_fu_50657_p3   |    select|   0|  0|     2|           1|           2|
    |select_ln612_61_fu_50760_p3   |    select|   0|  0|     2|           1|           2|
    |select_ln612_62_fu_53188_p3   |    select|   0|  0|     2|           1|           2|
    |select_ln612_63_fu_55137_p3   |    select|   0|  0|     2|           1|           2|
    |select_ln612_64_fu_55240_p3   |    select|   0|  0|     2|           1|           2|
    |select_ln612_6_fu_5833_p3     |    select|   0|  0|     2|           1|           2|
    |select_ln612_7_fu_8287_p3     |    select|   0|  0|     2|           1|           2|
    |select_ln612_8_fu_8390_p3     |    select|   0|  0|     2|           1|           2|
    |select_ln612_9_fu_8493_p3     |    select|   0|  0|     2|           1|           2|
    |select_ln612_fu_5168_p3       |    select|   0|  0|     2|           1|           2|
    |select_ln631_10_fu_11346_p3   |    select|   0|  0|     2|           1|           1|
    |select_ln631_11_fu_11590_p3   |    select|   0|  0|     2|           1|           1|
    |select_ln631_12_fu_13856_p3   |    select|   0|  0|     2|           1|           1|
    |select_ln631_13_fu_14100_p3   |    select|   0|  0|     2|           1|           1|
    |select_ln631_14_fu_14344_p3   |    select|   0|  0|     2|           1|           1|
    |select_ln631_15_fu_14588_p3   |    select|   0|  0|     2|           1|           1|
    |select_ln631_16_fu_14832_p3   |    select|   0|  0|     2|           1|           1|
    |select_ln631_17_fu_17026_p3   |    select|   0|  0|     2|           1|           1|
    |select_ln631_18_fu_17270_p3   |    select|   0|  0|     2|           1|           1|
    |select_ln631_19_fu_19520_p3   |    select|   0|  0|     2|           1|           1|
    |select_ln631_1_fu_6927_p3     |    select|   0|  0|     2|           1|           1|
    |select_ln631_20_fu_19764_p3   |    select|   0|  0|     2|           1|           1|
    |select_ln631_21_fu_20008_p3   |    select|   0|  0|     2|           1|           1|
    |select_ln631_22_fu_22449_p3   |    select|   0|  0|     2|           1|           1|
    |select_ln631_23_fu_22688_p3   |    select|   0|  0|     2|           1|           1|
    |select_ln631_24_fu_22929_p3   |    select|   0|  0|     2|           1|           1|
    |select_ln631_25_fu_23173_p3   |    select|   0|  0|     2|           1|           1|
    |select_ln631_26_fu_23417_p3   |    select|   0|  0|     2|           1|           1|
    |select_ln631_27_fu_25913_p3   |    select|   0|  0|     2|           1|           1|
    |select_ln631_28_fu_26157_p3   |    select|   0|  0|     2|           1|           1|
    |select_ln631_29_fu_28940_p3   |    select|   0|  0|     2|           1|           1|
    |select_ln631_2_fu_7171_p3     |    select|   0|  0|     2|           1|           1|
    |select_ln631_30_fu_26504_p3   |    select|   0|  0|     2|           1|           1|
    |select_ln631_31_fu_26748_p3   |    select|   0|  0|     2|           1|           1|
    |select_ln631_32_fu_29512_p3   |    select|   0|  0|     2|           1|           1|
    |select_ln631_33_fu_31784_p3   |    select|   0|  0|     2|           1|           1|
    |select_ln631_34_fu_32028_p3   |    select|   0|  0|     2|           1|           1|
    |select_ln631_35_fu_32272_p3   |    select|   0|  0|     2|           1|           1|
    |select_ln631_36_fu_32516_p3   |    select|   0|  0|     2|           1|           1|
    |select_ln631_37_fu_34933_p3   |    select|   0|  0|     2|           1|           1|
    |select_ln631_38_fu_35177_p3   |    select|   0|  0|     2|           1|           1|
    |select_ln631_39_fu_37861_p3   |    select|   0|  0|     2|           1|           1|
    |select_ln631_3_fu_7415_p3     |    select|   0|  0|     2|           1|           1|
    |select_ln631_40_fu_35524_p3   |    select|   0|  0|     2|           1|           1|
    |select_ln631_41_fu_35768_p3   |    select|   0|  0|     2|           1|           1|
    |select_ln631_42_fu_38387_p3   |    select|   0|  0|     2|           1|           1|
    |select_ln631_43_fu_41045_p3   |    select|   0|  0|     2|           1|           1|
    |select_ln631_44_fu_41289_p3   |    select|   0|  0|     2|           1|           1|
    |select_ln631_45_fu_38837_p3   |    select|   0|  0|     2|           1|           1|
    |select_ln631_46_fu_39081_p3   |    select|   0|  0|     2|           1|           1|
    |select_ln631_47_fu_41815_p3   |    select|   0|  0|     2|           1|           1|
    |select_ln631_48_fu_44069_p3   |    select|   0|  0|     2|           1|           1|
    |select_ln631_49_fu_46555_p3   |    select|   0|  0|     2|           1|           1|
    |select_ln631_4_fu_7659_p3     |    select|   0|  0|     2|           1|           1|
    |select_ln631_50_fu_44416_p3   |    select|   0|  0|     2|           1|           1|
    |select_ln631_51_fu_44660_p3   |    select|   0|  0|     2|           1|           1|
    |select_ln631_52_fu_47081_p3   |    select|   0|  0|     2|           1|           1|
    |select_ln631_53_fu_49557_p3   |    select|   0|  0|     2|           1|           1|
    |select_ln631_54_fu_49796_p3   |    select|   0|  0|     2|           1|           1|
    |select_ln631_55_fu_47531_p3   |    select|   0|  0|     2|           1|           1|
    |select_ln631_56_fu_47775_p3   |    select|   0|  0|     2|           1|           1|
    |select_ln631_57_fu_50319_p3   |    select|   0|  0|     2|           1|           1|
    |select_ln631_58_fu_52457_p3   |    select|   0|  0|     2|           1|           1|
    |select_ln631_59_fu_54425_p3   |    select|   0|  0|     2|           1|           1|
    |select_ln631_5_fu_7903_p3     |    select|   0|  0|     2|           1|           1|
    |select_ln631_60_fu_52804_p3   |    select|   0|  0|     2|           1|           1|
    |select_ln631_61_fu_53048_p3   |    select|   0|  0|     2|           1|           1|
    |select_ln631_62_fu_54997_p3   |    select|   0|  0|     2|           1|           1|
    |select_ln631_63_fu_56396_p3   |    select|   0|  0|     2|           1|           1|
    |select_ln631_64_fu_56640_p3   |    select|   0|  0|     2|           1|           1|
    |select_ln631_6_fu_8147_p3     |    select|   0|  0|     2|           1|           1|
    |select_ln631_7_fu_10614_p3    |    select|   0|  0|     2|           1|           1|
    |select_ln631_8_fu_10858_p3    |    select|   0|  0|     2|           1|           1|
    |select_ln631_9_fu_11102_p3    |    select|   0|  0|     2|           1|           1|
    |select_ln631_fu_6709_p3       |    select|   0|  0|     2|           1|           1|
    |select_ln639_100_fu_46621_p3  |    select|   0|  0|     2|           1|           1|
    |select_ln639_101_fu_44474_p3  |    select|   0|  0|     2|           1|           1|
    |select_ln639_102_fu_44482_p3  |    select|   0|  0|     2|           1|           1|
    |select_ln639_103_fu_44718_p3  |    select|   0|  0|     2|           1|           1|
    |select_ln639_104_fu_44726_p3  |    select|   0|  0|     2|           1|           1|
    |select_ln639_105_fu_47139_p3  |    select|   0|  0|     2|           1|           1|
    |select_ln639_106_fu_47147_p3  |    select|   0|  0|     2|           1|           1|
    |select_ln639_107_fu_49615_p3  |    select|   0|  0|     2|           1|           1|
    |select_ln639_108_fu_49623_p3  |    select|   0|  0|     2|           1|           1|
    |select_ln639_109_fu_49851_p3  |    select|   0|  0|     2|           1|           1|
    |select_ln639_10_fu_7725_p3    |    select|   0|  0|     2|           1|           1|
    |select_ln639_110_fu_49859_p3  |    select|   0|  0|     2|           1|           1|
    |select_ln639_111_fu_47589_p3  |    select|   0|  0|     2|           1|           1|
    |select_ln639_112_fu_47597_p3  |    select|   0|  0|     2|           1|           1|
    |select_ln639_113_fu_47833_p3  |    select|   0|  0|     2|           1|           1|
    |select_ln639_114_fu_47841_p3  |    select|   0|  0|     2|           1|           1|
    |select_ln639_115_fu_50377_p3  |    select|   0|  0|     2|           1|           1|
    |select_ln639_116_fu_50385_p3  |    select|   0|  0|     2|           1|           1|
    |select_ln639_117_fu_52515_p3  |    select|   0|  0|     2|           1|           1|
    |select_ln639_118_fu_52523_p3  |    select|   0|  0|     2|           1|           1|
    |select_ln639_119_fu_54483_p3  |    select|   0|  0|     2|           1|           1|
    |select_ln639_11_fu_7961_p3    |    select|   0|  0|     2|           1|           1|
    |select_ln639_120_fu_54491_p3  |    select|   0|  0|     2|           1|           1|
    |select_ln639_121_fu_52862_p3  |    select|   0|  0|     2|           1|           1|
    |select_ln639_122_fu_52870_p3  |    select|   0|  0|     2|           1|           1|
    |select_ln639_123_fu_53106_p3  |    select|   0|  0|     2|           1|           1|
    |select_ln639_124_fu_53114_p3  |    select|   0|  0|     2|           1|           1|
    |select_ln639_125_fu_55055_p3  |    select|   0|  0|     2|           1|           1|
    |select_ln639_126_fu_55063_p3  |    select|   0|  0|     2|           1|           1|
    |select_ln639_127_fu_56454_p3  |    select|   0|  0|     2|           1|           1|
    |select_ln639_128_fu_56462_p3  |    select|   0|  0|     2|           1|           1|
    |select_ln639_129_fu_56698_p3  |    select|   0|  0|     2|           1|           1|
    |select_ln639_12_fu_7969_p3    |    select|   0|  0|     2|           1|           1|
    |select_ln639_130_fu_56706_p3  |    select|   0|  0|     2|           1|           1|
    |select_ln639_13_fu_8205_p3    |    select|   0|  0|     2|           1|           1|
    |select_ln639_14_fu_8213_p3    |    select|   0|  0|     2|           1|           1|
    |select_ln639_15_fu_10672_p3   |    select|   0|  0|     2|           1|           1|
    |select_ln639_16_fu_10680_p3   |    select|   0|  0|     2|           1|           1|
    |select_ln639_17_fu_10916_p3   |    select|   0|  0|     2|           1|           1|
    |select_ln639_18_fu_10924_p3   |    select|   0|  0|     2|           1|           1|
    |select_ln639_19_fu_11160_p3   |    select|   0|  0|     2|           1|           1|
    |select_ln639_20_fu_11168_p3   |    select|   0|  0|     2|           1|           1|
    |select_ln639_21_fu_11404_p3   |    select|   0|  0|     2|           1|           1|
    |select_ln639_22_fu_11412_p3   |    select|   0|  0|     2|           1|           1|
    |select_ln639_23_fu_11648_p3   |    select|   0|  0|     2|           1|           1|
    |select_ln639_24_fu_11656_p3   |    select|   0|  0|     2|           1|           1|
    |select_ln639_25_fu_13914_p3   |    select|   0|  0|     2|           1|           1|
    |select_ln639_26_fu_13922_p3   |    select|   0|  0|     2|           1|           1|
    |select_ln639_27_fu_14158_p3   |    select|   0|  0|     2|           1|           1|
    |select_ln639_28_fu_14166_p3   |    select|   0|  0|     2|           1|           1|
    |select_ln639_29_fu_14402_p3   |    select|   0|  0|     2|           1|           1|
    |select_ln639_2_fu_6775_p3     |    select|   0|  0|     2|           1|           1|
    |select_ln639_30_fu_14410_p3   |    select|   0|  0|     2|           1|           1|
    |select_ln639_31_fu_14646_p3   |    select|   0|  0|     2|           1|           1|
    |select_ln639_32_fu_14654_p3   |    select|   0|  0|     2|           1|           1|
    |select_ln639_33_fu_14890_p3   |    select|   0|  0|     2|           1|           1|
    |select_ln639_34_fu_14898_p3   |    select|   0|  0|     2|           1|           1|
    |select_ln639_35_fu_17084_p3   |    select|   0|  0|     2|           1|           1|
    |select_ln639_36_fu_17092_p3   |    select|   0|  0|     2|           1|           1|
    |select_ln639_37_fu_17328_p3   |    select|   0|  0|     2|           1|           1|
    |select_ln639_38_fu_17336_p3   |    select|   0|  0|     2|           1|           1|
    |select_ln639_39_fu_19578_p3   |    select|   0|  0|     2|           1|           1|
    |select_ln639_3_fu_6985_p3     |    select|   0|  0|     2|           1|           1|
    |select_ln639_40_fu_19586_p3   |    select|   0|  0|     2|           1|           1|
    |select_ln639_41_fu_19822_p3   |    select|   0|  0|     2|           1|           1|
    |select_ln639_42_fu_19830_p3   |    select|   0|  0|     2|           1|           1|
    |select_ln639_43_fu_20066_p3   |    select|   0|  0|     2|           1|           1|
    |select_ln639_44_fu_20074_p3   |    select|   0|  0|     2|           1|           1|
    |select_ln639_45_fu_22507_p3   |    select|   0|  0|     2|           1|           1|
    |select_ln639_46_fu_22515_p3   |    select|   0|  0|     2|           1|           1|
    |select_ln639_47_fu_22743_p3   |    select|   0|  0|     2|           1|           1|
    |select_ln639_48_fu_22751_p3   |    select|   0|  0|     2|           1|           1|
    |select_ln639_49_fu_22987_p3   |    select|   0|  0|     2|           1|           1|
    |select_ln639_4_fu_6993_p3     |    select|   0|  0|     2|           1|           1|
    |select_ln639_50_fu_22995_p3   |    select|   0|  0|     2|           1|           1|
    |select_ln639_51_fu_23231_p3   |    select|   0|  0|     2|           1|           1|
    |select_ln639_52_fu_23239_p3   |    select|   0|  0|     2|           1|           1|
    |select_ln639_53_fu_23475_p3   |    select|   0|  0|     2|           1|           1|
    |select_ln639_54_fu_23483_p3   |    select|   0|  0|     2|           1|           1|
    |select_ln639_55_fu_25971_p3   |    select|   0|  0|     2|           1|           1|
    |select_ln639_56_fu_25979_p3   |    select|   0|  0|     2|           1|           1|
    |select_ln639_57_fu_26215_p3   |    select|   0|  0|     2|           1|           1|
    |select_ln639_58_fu_26223_p3   |    select|   0|  0|     2|           1|           1|
    |select_ln639_59_fu_28998_p3   |    select|   0|  0|     2|           1|           1|
    |select_ln639_5_fu_7229_p3     |    select|   0|  0|     2|           1|           1|
    |select_ln639_60_fu_29006_p3   |    select|   0|  0|     2|           1|           1|
    |select_ln639_61_fu_26562_p3   |    select|   0|  0|     2|           1|           1|
    |select_ln639_62_fu_26570_p3   |    select|   0|  0|     2|           1|           1|
    |select_ln639_63_fu_26806_p3   |    select|   0|  0|     2|           1|           1|
    |select_ln639_64_fu_26814_p3   |    select|   0|  0|     2|           1|           1|
    |select_ln639_65_fu_29570_p3   |    select|   0|  0|     2|           1|           1|
    |select_ln639_66_fu_29578_p3   |    select|   0|  0|     2|           1|           1|
    |select_ln639_67_fu_31842_p3   |    select|   0|  0|     2|           1|           1|
    |select_ln639_68_fu_31850_p3   |    select|   0|  0|     2|           1|           1|
    |select_ln639_69_fu_32086_p3   |    select|   0|  0|     2|           1|           1|
    |select_ln639_6_fu_7237_p3     |    select|   0|  0|     2|           1|           1|
    |select_ln639_70_fu_32094_p3   |    select|   0|  0|     2|           1|           1|
    |select_ln639_71_fu_32330_p3   |    select|   0|  0|     2|           1|           1|
    |select_ln639_72_fu_32338_p3   |    select|   0|  0|     2|           1|           1|
    |select_ln639_73_fu_32574_p3   |    select|   0|  0|     2|           1|           1|
    |select_ln639_74_fu_32582_p3   |    select|   0|  0|     2|           1|           1|
    |select_ln639_75_fu_34991_p3   |    select|   0|  0|     2|           1|           1|
    |select_ln639_76_fu_34999_p3   |    select|   0|  0|     2|           1|           1|
    |select_ln639_77_fu_35235_p3   |    select|   0|  0|     2|           1|           1|
    |select_ln639_78_fu_35243_p3   |    select|   0|  0|     2|           1|           1|
    |select_ln639_79_fu_37919_p3   |    select|   0|  0|     2|           1|           1|
    |select_ln639_7_fu_7473_p3     |    select|   0|  0|     2|           1|           1|
    |select_ln639_80_fu_37927_p3   |    select|   0|  0|     2|           1|           1|
    |select_ln639_81_fu_35582_p3   |    select|   0|  0|     2|           1|           1|
    |select_ln639_82_fu_35590_p3   |    select|   0|  0|     2|           1|           1|
    |select_ln639_83_fu_35826_p3   |    select|   0|  0|     2|           1|           1|
    |select_ln639_84_fu_35834_p3   |    select|   0|  0|     2|           1|           1|
    |select_ln639_85_fu_38445_p3   |    select|   0|  0|     2|           1|           1|
    |select_ln639_86_fu_38453_p3   |    select|   0|  0|     2|           1|           1|
    |select_ln639_87_fu_41103_p3   |    select|   0|  0|     2|           1|           1|
    |select_ln639_88_fu_41111_p3   |    select|   0|  0|     2|           1|           1|
    |select_ln639_89_fu_41347_p3   |    select|   0|  0|     2|           1|           1|
    |select_ln639_8_fu_7481_p3     |    select|   0|  0|     2|           1|           1|
    |select_ln639_90_fu_41355_p3   |    select|   0|  0|     2|           1|           1|
    |select_ln639_91_fu_38895_p3   |    select|   0|  0|     2|           1|           1|
    |select_ln639_92_fu_38903_p3   |    select|   0|  0|     2|           1|           1|
    |select_ln639_93_fu_39139_p3   |    select|   0|  0|     2|           1|           1|
    |select_ln639_94_fu_39147_p3   |    select|   0|  0|     2|           1|           1|
    |select_ln639_95_fu_41873_p3   |    select|   0|  0|     2|           1|           1|
    |select_ln639_96_fu_41881_p3   |    select|   0|  0|     2|           1|           1|
    |select_ln639_97_fu_44127_p3   |    select|   0|  0|     2|           1|           1|
    |select_ln639_98_fu_44135_p3   |    select|   0|  0|     2|           1|           1|
    |select_ln639_99_fu_46613_p3   |    select|   0|  0|     2|           1|           1|
    |select_ln639_9_fu_7717_p3     |    select|   0|  0|     2|           1|           1|
    |select_ln639_fu_6767_p3       |    select|   0|  0|     2|           1|           1|
    |select_ln642_100_fu_46597_p3  |    select|   0|  0|     2|           1|           1|
    |select_ln642_101_fu_46605_p3  |    select|   0|  0|     2|           1|           1|
    |select_ln642_102_fu_44458_p3  |    select|   0|  0|     2|           1|           1|
    |select_ln642_103_fu_44466_p3  |    select|   0|  0|     2|           1|           1|
    |select_ln642_104_fu_44702_p3  |    select|   0|  0|     2|           1|           1|
    |select_ln642_105_fu_44710_p3  |    select|   0|  0|     2|           1|           1|
    |select_ln642_106_fu_47123_p3  |    select|   0|  0|     2|           1|           1|
    |select_ln642_107_fu_47131_p3  |    select|   0|  0|     2|           1|           1|
    |select_ln642_108_fu_49599_p3  |    select|   0|  0|     2|           1|           1|
    |select_ln642_109_fu_49607_p3  |    select|   0|  0|     2|           1|           1|
    |select_ln642_10_fu_7701_p3    |    select|   0|  0|     2|           1|           1|
    |select_ln642_110_fu_49837_p3  |    select|   0|  0|     2|           1|           1|
    |select_ln642_111_fu_49844_p3  |    select|   0|  0|     2|           1|           1|
    |select_ln642_112_fu_47573_p3  |    select|   0|  0|     2|           1|           1|
    |select_ln642_113_fu_47581_p3  |    select|   0|  0|     2|           1|           1|
    |select_ln642_114_fu_47817_p3  |    select|   0|  0|     2|           1|           1|
    |select_ln642_115_fu_47825_p3  |    select|   0|  0|     2|           1|           1|
    |select_ln642_116_fu_50361_p3  |    select|   0|  0|     2|           1|           1|
    |select_ln642_117_fu_50369_p3  |    select|   0|  0|     2|           1|           1|
    |select_ln642_118_fu_52499_p3  |    select|   0|  0|     2|           1|           1|
    |select_ln642_119_fu_52507_p3  |    select|   0|  0|     2|           1|           1|
    |select_ln642_11_fu_7709_p3    |    select|   0|  0|     2|           1|           1|
    |select_ln642_120_fu_54467_p3  |    select|   0|  0|     2|           1|           1|
    |select_ln642_121_fu_54475_p3  |    select|   0|  0|     2|           1|           1|
    |select_ln642_122_fu_52846_p3  |    select|   0|  0|     2|           1|           1|
    |select_ln642_123_fu_52854_p3  |    select|   0|  0|     2|           1|           1|
    |select_ln642_124_fu_53090_p3  |    select|   0|  0|     2|           1|           1|
    |select_ln642_125_fu_53098_p3  |    select|   0|  0|     2|           1|           1|
    |select_ln642_126_fu_55039_p3  |    select|   0|  0|     2|           1|           1|
    |select_ln642_127_fu_55047_p3  |    select|   0|  0|     2|           1|           1|
    |select_ln642_128_fu_56438_p3  |    select|   0|  0|     2|           1|           1|
    |select_ln642_129_fu_56446_p3  |    select|   0|  0|     2|           1|           1|
    |select_ln642_12_fu_7945_p3    |    select|   0|  0|     2|           1|           1|
    |select_ln642_130_fu_56682_p3  |    select|   0|  0|     2|           1|           1|
    |select_ln642_131_fu_56690_p3  |    select|   0|  0|     2|           1|           1|
    |select_ln642_13_fu_7953_p3    |    select|   0|  0|     2|           1|           1|
    |select_ln642_14_fu_8189_p3    |    select|   0|  0|     2|           1|           1|
    |select_ln642_15_fu_8197_p3    |    select|   0|  0|     2|           1|           1|
    |select_ln642_16_fu_10656_p3   |    select|   0|  0|     2|           1|           1|
    |select_ln642_17_fu_10664_p3   |    select|   0|  0|     2|           1|           1|
    |select_ln642_18_fu_10900_p3   |    select|   0|  0|     2|           1|           1|
    |select_ln642_19_fu_10908_p3   |    select|   0|  0|     2|           1|           1|
    |select_ln642_1_fu_2756_p3     |    select|   0|  0|     2|           1|           1|
    |select_ln642_20_fu_11144_p3   |    select|   0|  0|     2|           1|           1|
    |select_ln642_21_fu_11152_p3   |    select|   0|  0|     2|           1|           1|
    |select_ln642_22_fu_11388_p3   |    select|   0|  0|     2|           1|           1|
    |select_ln642_23_fu_11396_p3   |    select|   0|  0|     2|           1|           1|
    |select_ln642_24_fu_11632_p3   |    select|   0|  0|     2|           1|           1|
    |select_ln642_25_fu_11640_p3   |    select|   0|  0|     2|           1|           1|
    |select_ln642_26_fu_13898_p3   |    select|   0|  0|     2|           1|           1|
    |select_ln642_27_fu_13906_p3   |    select|   0|  0|     2|           1|           1|
    |select_ln642_28_fu_14142_p3   |    select|   0|  0|     2|           1|           1|
    |select_ln642_29_fu_14150_p3   |    select|   0|  0|     2|           1|           1|
    |select_ln642_2_fu_6751_p3     |    select|   0|  0|     2|           1|           1|
    |select_ln642_30_fu_14386_p3   |    select|   0|  0|     2|           1|           1|
    |select_ln642_31_fu_14394_p3   |    select|   0|  0|     2|           1|           1|
    |select_ln642_32_fu_14630_p3   |    select|   0|  0|     2|           1|           1|
    |select_ln642_33_fu_14638_p3   |    select|   0|  0|     2|           1|           1|
    |select_ln642_34_fu_14874_p3   |    select|   0|  0|     2|           1|           1|
    |select_ln642_35_fu_14882_p3   |    select|   0|  0|     2|           1|           1|
    |select_ln642_36_fu_17068_p3   |    select|   0|  0|     2|           1|           1|
    |select_ln642_37_fu_17076_p3   |    select|   0|  0|     2|           1|           1|
    |select_ln642_38_fu_17312_p3   |    select|   0|  0|     2|           1|           1|
    |select_ln642_39_fu_17320_p3   |    select|   0|  0|     2|           1|           1|
    |select_ln642_3_fu_6759_p3     |    select|   0|  0|     2|           1|           1|
    |select_ln642_40_fu_19562_p3   |    select|   0|  0|     2|           1|           1|
    |select_ln642_41_fu_19570_p3   |    select|   0|  0|     2|           1|           1|
    |select_ln642_42_fu_19806_p3   |    select|   0|  0|     2|           1|           1|
    |select_ln642_43_fu_19814_p3   |    select|   0|  0|     2|           1|           1|
    |select_ln642_44_fu_20050_p3   |    select|   0|  0|     2|           1|           1|
    |select_ln642_45_fu_20058_p3   |    select|   0|  0|     2|           1|           1|
    |select_ln642_46_fu_22491_p3   |    select|   0|  0|     2|           1|           1|
    |select_ln642_47_fu_22499_p3   |    select|   0|  0|     2|           1|           1|
    |select_ln642_48_fu_22729_p3   |    select|   0|  0|     2|           1|           1|
    |select_ln642_49_fu_22736_p3   |    select|   0|  0|     2|           1|           1|
    |select_ln642_4_fu_6969_p3     |    select|   0|  0|     2|           1|           1|
    |select_ln642_50_fu_22971_p3   |    select|   0|  0|     2|           1|           1|
    |select_ln642_51_fu_22979_p3   |    select|   0|  0|     2|           1|           1|
    |select_ln642_52_fu_23215_p3   |    select|   0|  0|     2|           1|           1|
    |select_ln642_53_fu_23223_p3   |    select|   0|  0|     2|           1|           1|
    |select_ln642_54_fu_23459_p3   |    select|   0|  0|     2|           1|           1|
    |select_ln642_55_fu_23467_p3   |    select|   0|  0|     2|           1|           1|
    |select_ln642_56_fu_25955_p3   |    select|   0|  0|     2|           1|           1|
    |select_ln642_57_fu_25963_p3   |    select|   0|  0|     2|           1|           1|
    |select_ln642_58_fu_26199_p3   |    select|   0|  0|     2|           1|           1|
    |select_ln642_59_fu_26207_p3   |    select|   0|  0|     2|           1|           1|
    |select_ln642_5_fu_6977_p3     |    select|   0|  0|     2|           1|           1|
    |select_ln642_60_fu_28982_p3   |    select|   0|  0|     2|           1|           1|
    |select_ln642_61_fu_28990_p3   |    select|   0|  0|     2|           1|           1|
    |select_ln642_62_fu_26546_p3   |    select|   0|  0|     2|           1|           1|
    |select_ln642_63_fu_26554_p3   |    select|   0|  0|     2|           1|           1|
    |select_ln642_64_fu_26790_p3   |    select|   0|  0|     2|           1|           1|
    |select_ln642_65_fu_26798_p3   |    select|   0|  0|     2|           1|           1|
    |select_ln642_66_fu_29554_p3   |    select|   0|  0|     2|           1|           1|
    |select_ln642_67_fu_29562_p3   |    select|   0|  0|     2|           1|           1|
    |select_ln642_68_fu_31826_p3   |    select|   0|  0|     2|           1|           1|
    |select_ln642_69_fu_31834_p3   |    select|   0|  0|     2|           1|           1|
    |select_ln642_6_fu_7213_p3     |    select|   0|  0|     2|           1|           1|
    |select_ln642_70_fu_32070_p3   |    select|   0|  0|     2|           1|           1|
    |select_ln642_71_fu_32078_p3   |    select|   0|  0|     2|           1|           1|
    |select_ln642_72_fu_32314_p3   |    select|   0|  0|     2|           1|           1|
    |select_ln642_73_fu_32322_p3   |    select|   0|  0|     2|           1|           1|
    |select_ln642_74_fu_32558_p3   |    select|   0|  0|     2|           1|           1|
    |select_ln642_75_fu_32566_p3   |    select|   0|  0|     2|           1|           1|
    |select_ln642_76_fu_34975_p3   |    select|   0|  0|     2|           1|           1|
    |select_ln642_77_fu_34983_p3   |    select|   0|  0|     2|           1|           1|
    |select_ln642_78_fu_35219_p3   |    select|   0|  0|     2|           1|           1|
    |select_ln642_79_fu_35227_p3   |    select|   0|  0|     2|           1|           1|
    |select_ln642_7_fu_7221_p3     |    select|   0|  0|     2|           1|           1|
    |select_ln642_80_fu_37903_p3   |    select|   0|  0|     2|           1|           1|
    |select_ln642_81_fu_37911_p3   |    select|   0|  0|     2|           1|           1|
    |select_ln642_82_fu_35566_p3   |    select|   0|  0|     2|           1|           1|
    |select_ln642_83_fu_35574_p3   |    select|   0|  0|     2|           1|           1|
    |select_ln642_84_fu_35810_p3   |    select|   0|  0|     2|           1|           1|
    |select_ln642_85_fu_35818_p3   |    select|   0|  0|     2|           1|           1|
    |select_ln642_86_fu_38429_p3   |    select|   0|  0|     2|           1|           1|
    |select_ln642_87_fu_38437_p3   |    select|   0|  0|     2|           1|           1|
    |select_ln642_88_fu_41087_p3   |    select|   0|  0|     2|           1|           1|
    |select_ln642_89_fu_41095_p3   |    select|   0|  0|     2|           1|           1|
    |select_ln642_8_fu_7457_p3     |    select|   0|  0|     2|           1|           1|
    |select_ln642_90_fu_41331_p3   |    select|   0|  0|     2|           1|           1|
    |select_ln642_91_fu_41339_p3   |    select|   0|  0|     2|           1|           1|
    |select_ln642_92_fu_38879_p3   |    select|   0|  0|     2|           1|           1|
    |select_ln642_93_fu_38887_p3   |    select|   0|  0|     2|           1|           1|
    |select_ln642_94_fu_39123_p3   |    select|   0|  0|     2|           1|           1|
    |select_ln642_95_fu_39131_p3   |    select|   0|  0|     2|           1|           1|
    |select_ln642_96_fu_41857_p3   |    select|   0|  0|     2|           1|           1|
    |select_ln642_97_fu_41865_p3   |    select|   0|  0|     2|           1|           1|
    |select_ln642_98_fu_44111_p3   |    select|   0|  0|     2|           1|           1|
    |select_ln642_99_fu_44119_p3   |    select|   0|  0|     2|           1|           1|
    |select_ln642_9_fu_7465_p3     |    select|   0|  0|     2|           1|           1|
    |select_ln642_fu_2748_p3       |    select|   0|  0|     2|           1|           1|
    |select_ln651_10_fu_13436_p3   |    select|   0|  0|     2|           1|           1|
    |select_ln651_11_fu_13577_p3   |    select|   0|  0|     2|           1|           1|
    |select_ln651_12_fu_16183_p3   |    select|   0|  0|     2|           1|           1|
    |select_ln651_13_fu_16324_p3   |    select|   0|  0|     2|           1|           1|
    |select_ln651_14_fu_16465_p3   |    select|   0|  0|     2|           1|           1|
    |select_ln651_15_fu_16606_p3   |    select|   0|  0|     2|           1|           1|
    |select_ln651_16_fu_16747_p3   |    select|   0|  0|     2|           1|           1|
    |select_ln651_17_fu_19100_p3   |    select|   0|  0|     2|           1|           1|
    |select_ln651_18_fu_19241_p3   |    select|   0|  0|     2|           1|           1|
    |select_ln651_19_fu_21796_p3   |    select|   0|  0|     2|           1|           1|
    |select_ln651_1_fu_9498_p3     |    select|   0|  0|     2|           1|           1|
    |select_ln651_20_fu_21983_p3   |    select|   0|  0|     2|           1|           1|
    |select_ln651_21_fu_22170_p3   |    select|   0|  0|     2|           1|           1|
    |select_ln651_22_fu_25024_p3   |    select|   0|  0|     2|           1|           1|
    |select_ln651_23_fu_25165_p3   |    select|   0|  0|     2|           1|           1|
    |select_ln651_24_fu_25306_p3   |    select|   0|  0|     2|           1|           1|
    |select_ln651_25_fu_25493_p3   |    select|   0|  0|     2|           1|           1|
    |select_ln651_26_fu_25634_p3   |    select|   0|  0|     2|           1|           1|
    |select_ln651_27_fu_28474_p3   |    select|   0|  0|     2|           1|           1|
    |select_ln651_28_fu_28615_p3   |    select|   0|  0|     2|           1|           1|
    |select_ln651_29_fu_31190_p3   |    select|   0|  0|     2|           1|           1|
    |select_ln651_2_fu_9725_p3     |    select|   0|  0|     2|           1|           1|
    |select_ln651_30_fu_29046_p3   |    select|   0|  0|     2|           1|           1|
    |select_ln651_31_fu_29187_p3   |    select|   0|  0|     2|           1|           1|
    |select_ln651_32_fu_31505_p3   |    select|   0|  0|     2|           1|           1|
    |select_ln651_33_fu_34185_p3   |    select|   0|  0|     2|           1|           1|
    |select_ln651_34_fu_34372_p3   |    select|   0|  0|     2|           1|           1|
    |select_ln651_35_fu_34513_p3   |    select|   0|  0|     2|           1|           1|
    |select_ln651_36_fu_34654_p3   |    select|   0|  0|     2|           1|           1|
    |select_ln651_37_fu_37441_p3   |    select|   0|  0|     2|           1|           1|
    |select_ln651_38_fu_37582_p3   |    select|   0|  0|     2|           1|           1|
    |select_ln651_39_fu_40453_p3   |    select|   0|  0|     2|           1|           1|
    |select_ln651_3_fu_9866_p3     |    select|   0|  0|     2|           1|           1|
    |select_ln651_40_fu_37967_p3   |    select|   0|  0|     2|           1|           1|
    |select_ln651_41_fu_38108_p3   |    select|   0|  0|     2|           1|           1|
    |select_ln651_42_fu_40766_p3   |    select|   0|  0|     2|           1|           1|
    |select_ln651_43_fu_43336_p3   |    select|   0|  0|     2|           1|           1|
    |select_ln651_44_fu_43477_p3   |    select|   0|  0|     2|           1|           1|
    |select_ln651_45_fu_41395_p3   |    select|   0|  0|     2|           1|           1|
    |select_ln651_46_fu_41536_p3   |    select|   0|  0|     2|           1|           1|
    |select_ln651_47_fu_43790_p3   |    select|   0|  0|     2|           1|           1|
    |select_ln651_48_fu_46276_p3   |    select|   0|  0|     2|           1|           1|
    |select_ln651_49_fu_48965_p3   |    select|   0|  0|     2|           1|           1|
    |select_ln651_4_fu_10007_p3    |    select|   0|  0|     2|           1|           1|
    |select_ln651_50_fu_46661_p3   |    select|   0|  0|     2|           1|           1|
    |select_ln651_51_fu_46802_p3   |    select|   0|  0|     2|           1|           1|
    |select_ln651_52_fu_49278_p3   |    select|   0|  0|     2|           1|           1|
    |select_ln651_53_fu_51678_p3   |    select|   0|  0|     2|           1|           1|
    |select_ln651_54_fu_51819_p3   |    select|   0|  0|     2|           1|           1|
    |select_ln651_55_fu_49899_p3   |    select|   0|  0|     2|           1|           1|
    |select_ln651_56_fu_50040_p3   |    select|   0|  0|     2|           1|           1|
    |select_ln651_57_fu_52132_p3   |    select|   0|  0|     2|           1|           1|
    |select_ln651_58_fu_54146_p3   |    select|   0|  0|     2|           1|           1|
    |select_ln651_59_fu_55848_p3   |    select|   0|  0|     2|           1|           1|
    |select_ln651_5_fu_10194_p3    |    select|   0|  0|     2|           1|           1|
    |select_ln651_60_fu_54531_p3   |    select|   0|  0|     2|           1|           1|
    |select_ln651_61_fu_54672_p3   |    select|   0|  0|     2|           1|           1|
    |select_ln651_62_fu_56117_p3   |    select|   0|  0|     2|           1|           1|
    |select_ln651_63_fu_57410_p3   |    select|   0|  0|     2|           1|           1|
    |select_ln651_64_fu_57551_p3   |    select|   0|  0|     2|           1|           1|
    |select_ln651_6_fu_10335_p3    |    select|   0|  0|     2|           1|           1|
    |select_ln651_7_fu_12967_p3    |    select|   0|  0|     2|           1|           1|
    |select_ln651_8_fu_13108_p3    |    select|   0|  0|     2|           1|           1|
    |select_ln651_9_fu_13249_p3    |    select|   0|  0|     2|           1|           1|
    |select_ln651_fu_9303_p3       |    select|   0|  0|     2|           1|           1|
    |select_ln943_fu_60165_p3      |    select|   0|  0|     7|           1|           7|
    |select_ln946_fu_60075_p3      |    select|   0|  0|     2|           1|           1|
    |select_ln954_fu_60082_p3      |    select|   0|  0|     2|           1|           1|
    |sh_amt_fu_2467_p3             |    select|   0|  0|    12|           1|          12|
    |tmp_V_2_fu_59931_p3           |    select|   0|  0|    40|           1|          40|
    |shl_ln604_10_fu_13220_p2      |       shl|   0|  0|    43|          18|          18|
    |shl_ln604_11_fu_13407_p2      |       shl|   0|  0|    43|          18|          18|
    |shl_ln604_12_fu_13548_p2      |       shl|   0|  0|    43|          18|          18|
    |shl_ln604_13_fu_16154_p2      |       shl|   0|  0|    43|          18|          18|
    |shl_ln604_14_fu_16295_p2      |       shl|   0|  0|    43|          18|          18|
    |shl_ln604_15_fu_16436_p2      |       shl|   0|  0|    43|          18|          18|
    |shl_ln604_16_fu_16577_p2      |       shl|   0|  0|    43|          18|          18|
    |shl_ln604_17_fu_16718_p2      |       shl|   0|  0|    43|          18|          18|
    |shl_ln604_18_fu_19071_p2      |       shl|   0|  0|    43|          18|          18|
    |shl_ln604_19_fu_19212_p2      |       shl|   0|  0|    43|          18|          18|
    |shl_ln604_1_fu_6568_p2        |       shl|   0|  0|    43|          18|          18|
    |shl_ln604_20_fu_21767_p2      |       shl|   0|  0|    43|          18|          18|
    |shl_ln604_21_fu_21954_p2      |       shl|   0|  0|    43|          18|          18|
    |shl_ln604_22_fu_22141_p2      |       shl|   0|  0|    43|          18|          18|
    |shl_ln604_23_fu_24995_p2      |       shl|   0|  0|    43|          18|          18|
    |shl_ln604_24_fu_25136_p2      |       shl|   0|  0|    43|          18|          18|
    |shl_ln604_25_fu_25277_p2      |       shl|   0|  0|    43|          18|          18|
    |shl_ln604_26_fu_25464_p2      |       shl|   0|  0|    43|          18|          18|
    |shl_ln604_27_fu_25605_p2      |       shl|   0|  0|    43|          18|          18|
    |shl_ln604_28_fu_28445_p2      |       shl|   0|  0|    43|          18|          18|
    |shl_ln604_29_fu_28586_p2      |       shl|   0|  0|    43|          18|          18|
    |shl_ln604_2_fu_6786_p2        |       shl|   0|  0|    43|          18|          18|
    |shl_ln604_30_fu_31161_p2      |       shl|   0|  0|    43|          18|          18|
    |shl_ln604_31_fu_29017_p2      |       shl|   0|  0|    43|          18|          18|
    |shl_ln604_32_fu_29158_p2      |       shl|   0|  0|    43|          18|          18|
    |shl_ln604_33_fu_31476_p2      |       shl|   0|  0|    43|          18|          18|
    |shl_ln604_34_fu_34156_p2      |       shl|   0|  0|    43|          18|          18|
    |shl_ln604_35_fu_34343_p2      |       shl|   0|  0|    43|          18|          18|
    |shl_ln604_36_fu_34484_p2      |       shl|   0|  0|    43|          18|          18|
    |shl_ln604_37_fu_34625_p2      |       shl|   0|  0|    43|          18|          18|
    |shl_ln604_38_fu_37412_p2      |       shl|   0|  0|    43|          18|          18|
    |shl_ln604_39_fu_37553_p2      |       shl|   0|  0|    43|          18|          18|
    |shl_ln604_3_fu_9696_p2        |       shl|   0|  0|    43|          18|          18|
    |shl_ln604_40_fu_40424_p2      |       shl|   0|  0|    43|          18|          18|
    |shl_ln604_41_fu_37938_p2      |       shl|   0|  0|    43|          18|          18|
    |shl_ln604_42_fu_38079_p2      |       shl|   0|  0|    43|          18|          18|
    |shl_ln604_43_fu_40737_p2      |       shl|   0|  0|    43|          18|          18|
    |shl_ln604_44_fu_43307_p2      |       shl|   0|  0|    43|          18|          18|
    |shl_ln604_45_fu_43448_p2      |       shl|   0|  0|    43|          18|          18|
    |shl_ln604_46_fu_41366_p2      |       shl|   0|  0|    43|          18|          18|
    |shl_ln604_47_fu_41507_p2      |       shl|   0|  0|    43|          18|          18|
    |shl_ln604_48_fu_43761_p2      |       shl|   0|  0|    43|          18|          18|
    |shl_ln604_49_fu_46247_p2      |       shl|   0|  0|    43|          18|          18|
    |shl_ln604_4_fu_9837_p2        |       shl|   0|  0|    43|          18|          18|
    |shl_ln604_50_fu_48936_p2      |       shl|   0|  0|    43|          18|          18|
    |shl_ln604_51_fu_46632_p2      |       shl|   0|  0|    43|          18|          18|
    |shl_ln604_52_fu_46773_p2      |       shl|   0|  0|    43|          18|          18|
    |shl_ln604_53_fu_49249_p2      |       shl|   0|  0|    43|          18|          18|
    |shl_ln604_54_fu_51649_p2      |       shl|   0|  0|    43|          18|          18|
    |shl_ln604_55_fu_51790_p2      |       shl|   0|  0|    43|          18|          18|
    |shl_ln604_56_fu_49870_p2      |       shl|   0|  0|    43|          18|          18|
    |shl_ln604_57_fu_50011_p2      |       shl|   0|  0|    43|          18|          18|
    |shl_ln604_58_fu_52103_p2      |       shl|   0|  0|    43|          18|          18|
    |shl_ln604_59_fu_54117_p2      |       shl|   0|  0|    43|          18|          18|
    |shl_ln604_5_fu_9978_p2        |       shl|   0|  0|    43|          18|          18|
    |shl_ln604_60_fu_55819_p2      |       shl|   0|  0|    43|          18|          18|
    |shl_ln604_61_fu_54502_p2      |       shl|   0|  0|    43|          18|          18|
    |shl_ln604_62_fu_54643_p2      |       shl|   0|  0|    43|          18|          18|
    |shl_ln604_63_fu_56088_p2      |       shl|   0|  0|    43|          18|          18|
    |shl_ln604_64_fu_57381_p2      |       shl|   0|  0|    43|          18|          18|
    |shl_ln604_65_fu_57522_p2      |       shl|   0|  0|    43|          18|          18|
    |shl_ln604_6_fu_10165_p2       |       shl|   0|  0|    43|          18|          18|
    |shl_ln604_7_fu_10306_p2       |       shl|   0|  0|    43|          18|          18|
    |shl_ln604_8_fu_12938_p2       |       shl|   0|  0|    43|          18|          18|
    |shl_ln604_9_fu_13079_p2       |       shl|   0|  0|    43|          18|          18|
    |shl_ln604_fu_2635_p2          |       shl|   0|  0|    35|          16|          16|
    |shl_ln949_fu_60029_p2         |       shl|   0|  0|   133|           1|          40|
    |shl_ln955_fu_60099_p2         |       shl|   0|  0|   133|          40|          40|
    |Range1_all_zeros_fu_2727_p2   |       xor|   0|  0|     2|           2|           1|
    |Range2_all_ones_1_fu_2708_p2  |       xor|   0|  0|     2|           1|           2|
    |ap_enable_pp1                 |       xor|   0|  0|     2|           1|           2|
    |ap_enable_pp2                 |       xor|   0|  0|     2|           1|           2|
    |xor_ln340_10_fu_59895_p2      |       xor|   0|  0|     2|           1|           1|
    |xor_ln340_11_fu_13370_p2      |       xor|   0|  0|     2|           1|           2|
    |xor_ln340_12_fu_15994_p2      |       xor|   0|  0|     2|           1|           2|
    |xor_ln340_13_fu_16080_p2      |       xor|   0|  0|     2|           1|           2|
    |xor_ln340_14_fu_18653_p2      |       xor|   0|  0|     2|           1|           2|
    |xor_ln340_15_fu_18739_p2      |       xor|   0|  0|     2|           1|           2|
    |xor_ln340_16_fu_18825_p2      |       xor|   0|  0|     2|           1|           2|
    |xor_ln340_17_fu_18911_p2      |       xor|   0|  0|     2|           1|           2|
    |xor_ln340_18_fu_18997_p2      |       xor|   0|  0|     2|           1|           2|
    |xor_ln340_19_fu_21607_p2      |       xor|   0|  0|     2|           1|           2|
    |xor_ln340_1_fu_9424_p2        |       xor|   0|  0|     2|           1|           2|
    |xor_ln340_20_fu_21693_p2      |       xor|   0|  0|     2|           1|           2|
    |xor_ln340_21_fu_21917_p2      |       xor|   0|  0|     2|           1|           2|
    |xor_ln340_22_fu_22104_p2      |       xor|   0|  0|     2|           1|           2|
    |xor_ln340_23_fu_24921_p2      |       xor|   0|  0|     2|           1|           2|
    |xor_ln340_24_fu_28071_p2      |       xor|   0|  0|     2|           1|           2|
    |xor_ln340_25_fu_28157_p2      |       xor|   0|  0|     2|           1|           2|
    |xor_ln340_26_fu_25427_p2      |       xor|   0|  0|     2|           1|           2|
    |xor_ln340_27_fu_28285_p2      |       xor|   0|  0|     2|           1|           2|
    |xor_ln340_28_fu_28371_p2      |       xor|   0|  0|     2|           1|           2|
    |xor_ln340_29_fu_31045_p2      |       xor|   0|  0|     2|           1|           2|
    |xor_ln340_2_fu_9619_p2        |       xor|   0|  0|     2|           1|           2|
    |xor_ln340_30_fu_28736_p2      |       xor|   0|  0|     2|           1|           2|
    |xor_ln340_31_fu_31311_p2      |       xor|   0|  0|     2|           1|           2|
    |xor_ln340_32_fu_31360_p2      |       xor|   0|  0|     2|           1|           2|
    |xor_ln340_33_fu_29308_p2      |       xor|   0|  0|     2|           1|           2|
    |xor_ln340_34_fu_34082_p2      |       xor|   0|  0|     2|           1|           2|
    |xor_ln340_35_fu_34306_p2      |       xor|   0|  0|     2|           1|           2|
    |xor_ln340_36_fu_37166_p2      |       xor|   0|  0|     2|           1|           2|
    |xor_ln340_37_fu_37252_p2      |       xor|   0|  0|     2|           1|           2|
    |xor_ln340_38_fu_37338_p2      |       xor|   0|  0|     2|           1|           2|
    |xor_ln340_39_fu_40264_p2      |       xor|   0|  0|     2|           1|           2|
    |xor_ln340_3_fu_12564_p2       |       xor|   0|  0|     2|           1|           2|
    |xor_ln340_40_fu_40350_p2      |       xor|   0|  0|     2|           1|           2|
    |xor_ln340_41_fu_43115_p2      |       xor|   0|  0|     2|           1|           2|
    |xor_ln340_42_fu_40577_p2      |       xor|   0|  0|     2|           1|           2|
    |xor_ln340_43_fu_40663_p2      |       xor|   0|  0|     2|           1|           2|
    |xor_ln340_44_fu_43233_p2      |       xor|   0|  0|     2|           1|           2|
    |xor_ln340_45_fu_45969_p2      |       xor|   0|  0|     2|           1|           2|
    |xor_ln340_46_fu_46055_p2      |       xor|   0|  0|     2|           1|           2|
    |xor_ln340_47_fu_43601_p2      |       xor|   0|  0|     2|           1|           2|
    |xor_ln340_48_fu_43687_p2      |       xor|   0|  0|     2|           1|           2|
    |xor_ln340_49_fu_46173_p2      |       xor|   0|  0|     2|           1|           2|
    |xor_ln340_4_fu_12650_p2       |       xor|   0|  0|     2|           1|           2|
    |xor_ln340_50_fu_48862_p2      |       xor|   0|  0|     2|           1|           2|
    |xor_ln340_51_fu_51457_p2      |       xor|   0|  0|     2|           1|           2|
    |xor_ln340_52_fu_49089_p2      |       xor|   0|  0|     2|           1|           2|
    |xor_ln340_53_fu_49175_p2      |       xor|   0|  0|     2|           1|           2|
    |xor_ln340_54_fu_51575_p2      |       xor|   0|  0|     2|           1|           2|
    |xor_ln340_55_fu_53883_p2      |       xor|   0|  0|     2|           1|           2|
    |xor_ln340_56_fu_53969_p2      |       xor|   0|  0|     2|           1|           2|
    |xor_ln340_57_fu_51943_p2      |       xor|   0|  0|     2|           1|           2|
    |xor_ln340_58_fu_52029_p2      |       xor|   0|  0|     2|           1|           2|
    |xor_ln340_59_fu_52253_p2      |       xor|   0|  0|     2|           1|           2|
    |xor_ln340_5_fu_10128_p2       |       xor|   0|  0|     2|           1|           2|
    |xor_ln340_60_fu_55745_p2      |       xor|   0|  0|     2|           1|           2|
    |xor_ln340_61_fu_57189_p2      |       xor|   0|  0|     2|           1|           2|
    |xor_ln340_62_fu_55972_p2      |       xor|   0|  0|     2|           1|           2|
    |xor_ln340_63_fu_54793_p2      |       xor|   0|  0|     2|           1|           2|
    |xor_ln340_64_fu_57307_p2      |       xor|   0|  0|     2|           1|           2|
    |xor_ln340_65_fu_58128_p2      |       xor|   0|  0|     2|           1|           2|
    |xor_ln340_66_fu_58214_p2      |       xor|   0|  0|     2|           1|           2|
    |xor_ln340_67_fu_59298_p2      |       xor|   0|  0|     2|           1|           1|
    |xor_ln340_68_fu_59485_p2      |       xor|   0|  0|     2|           1|           1|
    |xor_ln340_69_fu_59550_p2      |       xor|   0|  0|     2|           1|           1|
    |xor_ln340_6_fu_12778_p2       |       xor|   0|  0|     2|           1|           2|
    |xor_ln340_70_fu_59613_p2      |       xor|   0|  0|     2|           1|           1|
    |xor_ln340_7_fu_12864_p2       |       xor|   0|  0|     2|           1|           2|
    |xor_ln340_8_fu_15780_p2       |       xor|   0|  0|     2|           1|           2|
    |xor_ln340_9_fu_15866_p2       |       xor|   0|  0|     2|           1|           2|
    |xor_ln340_fu_2854_p2          |       xor|   0|  0|     2|           1|           2|
    |xor_ln403_10_fu_11251_p2      |       xor|   0|  0|     2|           1|           2|
    |xor_ln403_11_fu_11495_p2      |       xor|   0|  0|     2|           1|           2|
    |xor_ln403_12_fu_13761_p2      |       xor|   0|  0|     2|           1|           2|
    |xor_ln403_13_fu_14005_p2      |       xor|   0|  0|     2|           1|           2|
    |xor_ln403_14_fu_14249_p2      |       xor|   0|  0|     2|           1|           2|
    |xor_ln403_15_fu_14493_p2      |       xor|   0|  0|     2|           1|           2|
    |xor_ln403_16_fu_14737_p2      |       xor|   0|  0|     2|           1|           2|
    |xor_ln403_17_fu_16931_p2      |       xor|   0|  0|     2|           1|           2|
    |xor_ln403_18_fu_17175_p2      |       xor|   0|  0|     2|           1|           2|
    |xor_ln403_19_fu_19425_p2      |       xor|   0|  0|     2|           1|           2|
    |xor_ln403_1_fu_6815_p2        |       xor|   0|  0|     2|           1|           2|
    |xor_ln403_20_fu_19669_p2      |       xor|   0|  0|     2|           1|           2|
    |xor_ln403_21_fu_19913_p2      |       xor|   0|  0|     2|           1|           2|
    |xor_ln403_22_fu_22354_p2      |       xor|   0|  0|     2|           1|           2|
    |xor_ln403_23_fu_22598_p2      |       xor|   0|  0|     2|           1|           2|
    |xor_ln403_24_fu_22834_p2      |       xor|   0|  0|     2|           1|           2|
    |xor_ln403_25_fu_23078_p2      |       xor|   0|  0|     2|           1|           2|
    |xor_ln403_26_fu_23322_p2      |       xor|   0|  0|     2|           1|           2|
    |xor_ln403_27_fu_25818_p2      |       xor|   0|  0|     2|           1|           2|
    |xor_ln403_28_fu_26062_p2      |       xor|   0|  0|     2|           1|           2|
    |xor_ln403_29_fu_28845_p2      |       xor|   0|  0|     2|           1|           2|
    |xor_ln403_2_fu_7076_p2        |       xor|   0|  0|     2|           1|           2|
    |xor_ln403_30_fu_26409_p2      |       xor|   0|  0|     2|           1|           2|
    |xor_ln403_31_fu_26653_p2      |       xor|   0|  0|     2|           1|           2|
    |xor_ln403_32_fu_29417_p2      |       xor|   0|  0|     2|           1|           2|
    |xor_ln403_33_fu_31689_p2      |       xor|   0|  0|     2|           1|           2|
    |xor_ln403_34_fu_31933_p2      |       xor|   0|  0|     2|           1|           2|
    |xor_ln403_35_fu_32177_p2      |       xor|   0|  0|     2|           1|           2|
    |xor_ln403_36_fu_32421_p2      |       xor|   0|  0|     2|           1|           2|
    |xor_ln403_37_fu_34838_p2      |       xor|   0|  0|     2|           1|           2|
    |xor_ln403_38_fu_35082_p2      |       xor|   0|  0|     2|           1|           2|
    |xor_ln403_39_fu_37766_p2      |       xor|   0|  0|     2|           1|           2|
    |xor_ln403_3_fu_7320_p2        |       xor|   0|  0|     2|           1|           2|
    |xor_ln403_40_fu_35429_p2      |       xor|   0|  0|     2|           1|           2|
    |xor_ln403_41_fu_35673_p2      |       xor|   0|  0|     2|           1|           2|
    |xor_ln403_42_fu_38292_p2      |       xor|   0|  0|     2|           1|           2|
    |xor_ln403_43_fu_40950_p2      |       xor|   0|  0|     2|           1|           2|
    |xor_ln403_44_fu_41194_p2      |       xor|   0|  0|     2|           1|           2|
    |xor_ln403_45_fu_38742_p2      |       xor|   0|  0|     2|           1|           2|
    |xor_ln403_46_fu_38986_p2      |       xor|   0|  0|     2|           1|           2|
    |xor_ln403_47_fu_41720_p2      |       xor|   0|  0|     2|           1|           2|
    |xor_ln403_48_fu_43974_p2      |       xor|   0|  0|     2|           1|           2|
    |xor_ln403_49_fu_46460_p2      |       xor|   0|  0|     2|           1|           2|
    |xor_ln403_4_fu_7564_p2        |       xor|   0|  0|     2|           1|           2|
    |xor_ln403_50_fu_44321_p2      |       xor|   0|  0|     2|           1|           2|
    |xor_ln403_51_fu_44565_p2      |       xor|   0|  0|     2|           1|           2|
    |xor_ln403_52_fu_46986_p2      |       xor|   0|  0|     2|           1|           2|
    |xor_ln403_53_fu_49462_p2      |       xor|   0|  0|     2|           1|           2|
    |xor_ln403_54_fu_49706_p2      |       xor|   0|  0|     2|           1|           2|
    |xor_ln403_55_fu_47436_p2      |       xor|   0|  0|     2|           1|           2|
    |xor_ln403_56_fu_47680_p2      |       xor|   0|  0|     2|           1|           2|
    |xor_ln403_57_fu_50224_p2      |       xor|   0|  0|     2|           1|           2|
    |xor_ln403_58_fu_52362_p2      |       xor|   0|  0|     2|           1|           2|
    |xor_ln403_59_fu_54330_p2      |       xor|   0|  0|     2|           1|           2|
    |xor_ln403_5_fu_7808_p2        |       xor|   0|  0|     2|           1|           2|
    |xor_ln403_60_fu_52709_p2      |       xor|   0|  0|     2|           1|           2|
    |xor_ln403_61_fu_52953_p2      |       xor|   0|  0|     2|           1|           2|
    |xor_ln403_62_fu_54902_p2      |       xor|   0|  0|     2|           1|           2|
    |xor_ln403_63_fu_56301_p2      |       xor|   0|  0|     2|           1|           2|
    |xor_ln403_64_fu_56545_p2      |       xor|   0|  0|     2|           1|           2|
    |xor_ln403_6_fu_8052_p2        |       xor|   0|  0|     2|           1|           2|
    |xor_ln403_7_fu_10519_p2       |       xor|   0|  0|     2|           1|           2|
    |xor_ln403_8_fu_10763_p2       |       xor|   0|  0|     2|           1|           2|
    |xor_ln403_9_fu_11007_p2       |       xor|   0|  0|     2|           1|           2|
    |xor_ln403_fu_6597_p2          |       xor|   0|  0|     2|           1|           2|
    |xor_ln571_10_fu_13388_p2      |       xor|   0|  0|     2|           1|           2|
    |xor_ln571_11_fu_16009_p2      |       xor|   0|  0|     2|           1|           2|
    |xor_ln571_12_fu_16095_p2      |       xor|   0|  0|     2|           1|           2|
    |xor_ln571_13_fu_18668_p2      |       xor|   0|  0|     2|           1|           2|
    |xor_ln571_14_fu_18754_p2      |       xor|   0|  0|     2|           1|           2|
    |xor_ln571_15_fu_18840_p2      |       xor|   0|  0|     2|           1|           2|
    |xor_ln571_16_fu_18926_p2      |       xor|   0|  0|     2|           1|           2|
    |xor_ln571_17_fu_19012_p2      |       xor|   0|  0|     2|           1|           2|
    |xor_ln571_18_fu_21622_p2      |       xor|   0|  0|     2|           1|           2|
    |xor_ln571_19_fu_21708_p2      |       xor|   0|  0|     2|           1|           2|
    |xor_ln571_1_fu_9442_p2        |       xor|   0|  0|     2|           1|           2|
    |xor_ln571_20_fu_21935_p2      |       xor|   0|  0|     2|           1|           2|
    |xor_ln571_21_fu_22122_p2      |       xor|   0|  0|     2|           1|           2|
    |xor_ln571_22_fu_24936_p2      |       xor|   0|  0|     2|           1|           2|
    |xor_ln571_23_fu_28086_p2      |       xor|   0|  0|     2|           1|           2|
    |xor_ln571_24_fu_28172_p2      |       xor|   0|  0|     2|           1|           2|
    |xor_ln571_25_fu_25445_p2      |       xor|   0|  0|     2|           1|           2|
    |xor_ln571_26_fu_28300_p2      |       xor|   0|  0|     2|           1|           2|
    |xor_ln571_27_fu_28386_p2      |       xor|   0|  0|     2|           1|           2|
    |xor_ln571_28_fu_31060_p2      |       xor|   0|  0|     2|           1|           2|
    |xor_ln571_29_fu_28754_p2      |       xor|   0|  0|     2|           1|           2|
    |xor_ln571_2_fu_9637_p2        |       xor|   0|  0|     2|           1|           2|
    |xor_ln571_30_fu_31329_p2      |       xor|   0|  0|     2|           1|           2|
    |xor_ln571_31_fu_31375_p2      |       xor|   0|  0|     2|           1|           2|
    |xor_ln571_32_fu_29326_p2      |       xor|   0|  0|     2|           1|           2|
    |xor_ln571_33_fu_34097_p2      |       xor|   0|  0|     2|           1|           2|
    |xor_ln571_34_fu_34324_p2      |       xor|   0|  0|     2|           1|           2|
    |xor_ln571_35_fu_37181_p2      |       xor|   0|  0|     2|           1|           2|
    |xor_ln571_36_fu_37267_p2      |       xor|   0|  0|     2|           1|           2|
    |xor_ln571_37_fu_37353_p2      |       xor|   0|  0|     2|           1|           2|
    |xor_ln571_38_fu_40279_p2      |       xor|   0|  0|     2|           1|           2|
    |xor_ln571_39_fu_40365_p2      |       xor|   0|  0|     2|           1|           2|
    |xor_ln571_3_fu_12579_p2       |       xor|   0|  0|     2|           1|           2|
    |xor_ln571_40_fu_43130_p2      |       xor|   0|  0|     2|           1|           2|
    |xor_ln571_41_fu_40592_p2      |       xor|   0|  0|     2|           1|           2|
    |xor_ln571_42_fu_40678_p2      |       xor|   0|  0|     2|           1|           2|
    |xor_ln571_43_fu_43248_p2      |       xor|   0|  0|     2|           1|           2|
    |xor_ln571_44_fu_45984_p2      |       xor|   0|  0|     2|           1|           2|
    |xor_ln571_45_fu_46070_p2      |       xor|   0|  0|     2|           1|           2|
    |xor_ln571_46_fu_43616_p2      |       xor|   0|  0|     2|           1|           2|
    |xor_ln571_47_fu_43702_p2      |       xor|   0|  0|     2|           1|           2|
    |xor_ln571_48_fu_46188_p2      |       xor|   0|  0|     2|           1|           2|
    |xor_ln571_49_fu_48877_p2      |       xor|   0|  0|     2|           1|           2|
    |xor_ln571_4_fu_12665_p2       |       xor|   0|  0|     2|           1|           2|
    |xor_ln571_50_fu_51472_p2      |       xor|   0|  0|     2|           1|           2|
    |xor_ln571_51_fu_49104_p2      |       xor|   0|  0|     2|           1|           2|
    |xor_ln571_52_fu_49190_p2      |       xor|   0|  0|     2|           1|           2|
    |xor_ln571_53_fu_51590_p2      |       xor|   0|  0|     2|           1|           2|
    |xor_ln571_54_fu_53898_p2      |       xor|   0|  0|     2|           1|           2|
    |xor_ln571_55_fu_53984_p2      |       xor|   0|  0|     2|           1|           2|
    |xor_ln571_56_fu_51958_p2      |       xor|   0|  0|     2|           1|           2|
    |xor_ln571_57_fu_52044_p2      |       xor|   0|  0|     2|           1|           2|
    |xor_ln571_58_fu_52271_p2      |       xor|   0|  0|     2|           1|           2|
    |xor_ln571_59_fu_55760_p2      |       xor|   0|  0|     2|           1|           2|
    |xor_ln571_5_fu_10146_p2       |       xor|   0|  0|     2|           1|           2|
    |xor_ln571_60_fu_57204_p2      |       xor|   0|  0|     2|           1|           2|
    |xor_ln571_61_fu_55987_p2      |       xor|   0|  0|     2|           1|           2|
    |xor_ln571_62_fu_54811_p2      |       xor|   0|  0|     2|           1|           2|
    |xor_ln571_63_fu_57322_p2      |       xor|   0|  0|     2|           1|           2|
    |xor_ln571_64_fu_58143_p2      |       xor|   0|  0|     2|           1|           2|
    |xor_ln571_65_fu_58229_p2      |       xor|   0|  0|     2|           1|           2|
    |xor_ln571_6_fu_12793_p2       |       xor|   0|  0|     2|           1|           2|
    |xor_ln571_7_fu_12879_p2       |       xor|   0|  0|     2|           1|           2|
    |xor_ln571_8_fu_15795_p2       |       xor|   0|  0|     2|           1|           2|
    |xor_ln571_9_fu_15881_p2       |       xor|   0|  0|     2|           1|           2|
    |xor_ln571_fu_2263_p2          |       xor|   0|  0|     2|           1|           2|
    |xor_ln582_10_fu_10983_p2      |       xor|   0|  0|     2|           1|           2|
    |xor_ln582_11_fu_11227_p2      |       xor|   0|  0|     2|           1|           2|
    |xor_ln582_12_fu_11471_p2      |       xor|   0|  0|     2|           1|           2|
    |xor_ln582_13_fu_13737_p2      |       xor|   0|  0|     2|           1|           2|
    |xor_ln582_14_fu_13981_p2      |       xor|   0|  0|     2|           1|           2|
    |xor_ln582_15_fu_14225_p2      |       xor|   0|  0|     2|           1|           2|
    |xor_ln582_16_fu_14469_p2      |       xor|   0|  0|     2|           1|           2|
    |xor_ln582_17_fu_14713_p2      |       xor|   0|  0|     2|           1|           2|
    |xor_ln582_18_fu_16907_p2      |       xor|   0|  0|     2|           1|           2|
    |xor_ln582_19_fu_17151_p2      |       xor|   0|  0|     2|           1|           2|
    |xor_ln582_1_fu_5152_p2        |       xor|   0|  0|     2|           1|           2|
    |xor_ln582_20_fu_19401_p2      |       xor|   0|  0|     2|           1|           2|
    |xor_ln582_21_fu_19645_p2      |       xor|   0|  0|     2|           1|           2|
    |xor_ln582_22_fu_19889_p2      |       xor|   0|  0|     2|           1|           2|
    |xor_ln582_23_fu_22330_p2      |       xor|   0|  0|     2|           1|           2|
    |xor_ln582_24_fu_22574_p2      |       xor|   0|  0|     2|           1|           2|
    |xor_ln582_25_fu_22810_p2      |       xor|   0|  0|     2|           1|           2|
    |xor_ln582_26_fu_23054_p2      |       xor|   0|  0|     2|           1|           2|
    |xor_ln582_27_fu_23298_p2      |       xor|   0|  0|     2|           1|           2|
    |xor_ln582_28_fu_25794_p2      |       xor|   0|  0|     2|           1|           2|
    |xor_ln582_29_fu_26038_p2      |       xor|   0|  0|     2|           1|           2|
    |xor_ln582_2_fu_5302_p2        |       xor|   0|  0|     2|           1|           2|
    |xor_ln582_30_fu_28821_p2      |       xor|   0|  0|     2|           1|           2|
    |xor_ln582_31_fu_26385_p2      |       xor|   0|  0|     2|           1|           2|
    |xor_ln582_32_fu_26629_p2      |       xor|   0|  0|     2|           1|           2|
    |xor_ln582_33_fu_29393_p2      |       xor|   0|  0|     2|           1|           2|
    |xor_ln582_34_fu_31665_p2      |       xor|   0|  0|     2|           1|           2|
    |xor_ln582_35_fu_31909_p2      |       xor|   0|  0|     2|           1|           2|
    |xor_ln582_36_fu_32153_p2      |       xor|   0|  0|     2|           1|           2|
    |xor_ln582_37_fu_32397_p2      |       xor|   0|  0|     2|           1|           2|
    |xor_ln582_38_fu_34814_p2      |       xor|   0|  0|     2|           1|           2|
    |xor_ln582_39_fu_35058_p2      |       xor|   0|  0|     2|           1|           2|
    |xor_ln582_3_fu_7052_p2        |       xor|   0|  0|     2|           1|           2|
    |xor_ln582_40_fu_37742_p2      |       xor|   0|  0|     2|           1|           2|
    |xor_ln582_41_fu_35405_p2      |       xor|   0|  0|     2|           1|           2|
    |xor_ln582_42_fu_35649_p2      |       xor|   0|  0|     2|           1|           2|
    |xor_ln582_43_fu_38268_p2      |       xor|   0|  0|     2|           1|           2|
    |xor_ln582_44_fu_40926_p2      |       xor|   0|  0|     2|           1|           2|
    |xor_ln582_45_fu_41170_p2      |       xor|   0|  0|     2|           1|           2|
    |xor_ln582_46_fu_38718_p2      |       xor|   0|  0|     2|           1|           2|
    |xor_ln582_47_fu_38962_p2      |       xor|   0|  0|     2|           1|           2|
    |xor_ln582_48_fu_41696_p2      |       xor|   0|  0|     2|           1|           2|
    |xor_ln582_49_fu_43950_p2      |       xor|   0|  0|     2|           1|           2|
    |xor_ln582_4_fu_7296_p2        |       xor|   0|  0|     2|           1|           2|
    |xor_ln582_50_fu_46436_p2      |       xor|   0|  0|     2|           1|           2|
    |xor_ln582_51_fu_44297_p2      |       xor|   0|  0|     2|           1|           2|
    |xor_ln582_52_fu_44541_p2      |       xor|   0|  0|     2|           1|           2|
    |xor_ln582_53_fu_46962_p2      |       xor|   0|  0|     2|           1|           2|
    |xor_ln582_54_fu_49438_p2      |       xor|   0|  0|     2|           1|           2|
    |xor_ln582_55_fu_49682_p2      |       xor|   0|  0|     2|           1|           2|
    |xor_ln582_56_fu_47412_p2      |       xor|   0|  0|     2|           1|           2|
    |xor_ln582_57_fu_47656_p2      |       xor|   0|  0|     2|           1|           2|
    |xor_ln582_58_fu_50200_p2      |       xor|   0|  0|     2|           1|           2|
    |xor_ln582_59_fu_52338_p2      |       xor|   0|  0|     2|           1|           2|
    |xor_ln582_5_fu_7540_p2        |       xor|   0|  0|     2|           1|           2|
    |xor_ln582_60_fu_54306_p2      |       xor|   0|  0|     2|           1|           2|
    |xor_ln582_61_fu_52685_p2      |       xor|   0|  0|     2|           1|           2|
    |xor_ln582_62_fu_52929_p2      |       xor|   0|  0|     2|           1|           2|
    |xor_ln582_63_fu_54878_p2      |       xor|   0|  0|     2|           1|           2|
    |xor_ln582_64_fu_56277_p2      |       xor|   0|  0|     2|           1|           2|
    |xor_ln582_65_fu_56521_p2      |       xor|   0|  0|     2|           1|           2|
    |xor_ln582_6_fu_7784_p2        |       xor|   0|  0|     2|           1|           2|
    |xor_ln582_7_fu_8028_p2        |       xor|   0|  0|     2|           1|           2|
    |xor_ln582_8_fu_10495_p2       |       xor|   0|  0|     2|           1|           2|
    |xor_ln582_9_fu_10739_p2       |       xor|   0|  0|     2|           1|           2|
    |xor_ln582_fu_2501_p2          |       xor|   0|  0|     2|           1|           2|
    |xor_ln585_fu_2651_p2          |       xor|   0|  0|     2|           1|           2|
    |xor_ln603_10_fu_11286_p2      |       xor|   0|  0|     2|           1|           2|
    |xor_ln603_11_fu_11530_p2      |       xor|   0|  0|     2|           1|           2|
    |xor_ln603_12_fu_13796_p2      |       xor|   0|  0|     2|           1|           2|
    |xor_ln603_13_fu_14040_p2      |       xor|   0|  0|     2|           1|           2|
    |xor_ln603_14_fu_14284_p2      |       xor|   0|  0|     2|           1|           2|
    |xor_ln603_15_fu_14528_p2      |       xor|   0|  0|     2|           1|           2|
    |xor_ln603_16_fu_14772_p2      |       xor|   0|  0|     2|           1|           2|
    |xor_ln603_17_fu_16966_p2      |       xor|   0|  0|     2|           1|           2|
    |xor_ln603_18_fu_17210_p2      |       xor|   0|  0|     2|           1|           2|
    |xor_ln603_19_fu_19460_p2      |       xor|   0|  0|     2|           1|           2|
    |xor_ln603_1_fu_6854_p2        |       xor|   0|  0|     2|           1|           2|
    |xor_ln603_20_fu_19704_p2      |       xor|   0|  0|     2|           1|           2|
    |xor_ln603_21_fu_19948_p2      |       xor|   0|  0|     2|           1|           2|
    |xor_ln603_22_fu_22389_p2      |       xor|   0|  0|     2|           1|           2|
    |xor_ln603_23_fu_22633_p2      |       xor|   0|  0|     2|           1|           2|
    |xor_ln603_24_fu_22869_p2      |       xor|   0|  0|     2|           1|           2|
    |xor_ln603_25_fu_23113_p2      |       xor|   0|  0|     2|           1|           2|
    |xor_ln603_26_fu_23357_p2      |       xor|   0|  0|     2|           1|           2|
    |xor_ln603_27_fu_25853_p2      |       xor|   0|  0|     2|           1|           2|
    |xor_ln603_28_fu_26097_p2      |       xor|   0|  0|     2|           1|           2|
    |xor_ln603_29_fu_28880_p2      |       xor|   0|  0|     2|           1|           2|
    |xor_ln603_2_fu_7111_p2        |       xor|   0|  0|     2|           1|           2|
    |xor_ln603_30_fu_26444_p2      |       xor|   0|  0|     2|           1|           2|
    |xor_ln603_31_fu_26688_p2      |       xor|   0|  0|     2|           1|           2|
    |xor_ln603_32_fu_29452_p2      |       xor|   0|  0|     2|           1|           2|
    |xor_ln603_33_fu_31724_p2      |       xor|   0|  0|     2|           1|           2|
    |xor_ln603_34_fu_31968_p2      |       xor|   0|  0|     2|           1|           2|
    |xor_ln603_35_fu_32212_p2      |       xor|   0|  0|     2|           1|           2|
    |xor_ln603_36_fu_32456_p2      |       xor|   0|  0|     2|           1|           2|
    |xor_ln603_37_fu_34873_p2      |       xor|   0|  0|     2|           1|           2|
    |xor_ln603_38_fu_35117_p2      |       xor|   0|  0|     2|           1|           2|
    |xor_ln603_39_fu_37801_p2      |       xor|   0|  0|     2|           1|           2|
    |xor_ln603_3_fu_7355_p2        |       xor|   0|  0|     2|           1|           2|
    |xor_ln603_40_fu_35464_p2      |       xor|   0|  0|     2|           1|           2|
    |xor_ln603_41_fu_35708_p2      |       xor|   0|  0|     2|           1|           2|
    |xor_ln603_42_fu_38327_p2      |       xor|   0|  0|     2|           1|           2|
    |xor_ln603_43_fu_40985_p2      |       xor|   0|  0|     2|           1|           2|
    |xor_ln603_44_fu_41229_p2      |       xor|   0|  0|     2|           1|           2|
    |xor_ln603_45_fu_38777_p2      |       xor|   0|  0|     2|           1|           2|
    |xor_ln603_46_fu_39021_p2      |       xor|   0|  0|     2|           1|           2|
    |xor_ln603_47_fu_41755_p2      |       xor|   0|  0|     2|           1|           2|
    |xor_ln603_48_fu_44009_p2      |       xor|   0|  0|     2|           1|           2|
    |xor_ln603_49_fu_46495_p2      |       xor|   0|  0|     2|           1|           2|
    |xor_ln603_4_fu_7599_p2        |       xor|   0|  0|     2|           1|           2|
    |xor_ln603_50_fu_44356_p2      |       xor|   0|  0|     2|           1|           2|
    |xor_ln603_51_fu_44600_p2      |       xor|   0|  0|     2|           1|           2|
    |xor_ln603_52_fu_47021_p2      |       xor|   0|  0|     2|           1|           2|
    |xor_ln603_53_fu_49497_p2      |       xor|   0|  0|     2|           1|           2|
    |xor_ln603_54_fu_49741_p2      |       xor|   0|  0|     2|           1|           2|
    |xor_ln603_55_fu_47471_p2      |       xor|   0|  0|     2|           1|           2|
    |xor_ln603_56_fu_47715_p2      |       xor|   0|  0|     2|           1|           2|
    |xor_ln603_57_fu_50259_p2      |       xor|   0|  0|     2|           1|           2|
    |xor_ln603_58_fu_52397_p2      |       xor|   0|  0|     2|           1|           2|
    |xor_ln603_59_fu_54365_p2      |       xor|   0|  0|     2|           1|           2|
    |xor_ln603_5_fu_7843_p2        |       xor|   0|  0|     2|           1|           2|
    |xor_ln603_60_fu_52744_p2      |       xor|   0|  0|     2|           1|           2|
    |xor_ln603_61_fu_52988_p2      |       xor|   0|  0|     2|           1|           2|
    |xor_ln603_62_fu_54937_p2      |       xor|   0|  0|     2|           1|           2|
    |xor_ln603_63_fu_56336_p2      |       xor|   0|  0|     2|           1|           2|
    |xor_ln603_64_fu_56580_p2      |       xor|   0|  0|     2|           1|           2|
    |xor_ln603_6_fu_8087_p2        |       xor|   0|  0|     2|           1|           2|
    |xor_ln603_7_fu_10554_p2       |       xor|   0|  0|     2|           1|           2|
    |xor_ln603_8_fu_10798_p2       |       xor|   0|  0|     2|           1|           2|
    |xor_ln603_9_fu_11042_p2       |       xor|   0|  0|     2|           1|           2|
    |xor_ln603_fu_6636_p2          |       xor|   0|  0|     2|           1|           2|
    |xor_ln621_100_fu_31736_p2     |       xor|   0|  0|     2|           1|           2|
    |xor_ln621_101_fu_31980_p2     |       xor|   0|  0|     2|           1|           2|
    |xor_ln621_102_fu_32224_p2     |       xor|   0|  0|     2|           1|           2|
    |xor_ln621_103_fu_32468_p2     |       xor|   0|  0|     2|           1|           2|
    |xor_ln621_104_fu_34885_p2     |       xor|   0|  0|     2|           1|           2|
    |xor_ln621_105_fu_35129_p2     |       xor|   0|  0|     2|           1|           2|
    |xor_ln621_106_fu_37813_p2     |       xor|   0|  0|     2|           1|           2|
    |xor_ln621_107_fu_35476_p2     |       xor|   0|  0|     2|           1|           2|
    |xor_ln621_108_fu_35720_p2     |       xor|   0|  0|     2|           1|           2|
    |xor_ln621_109_fu_38339_p2     |       xor|   0|  0|     2|           1|           2|
    |xor_ln621_10_fu_13287_p2      |       xor|   0|  0|     2|           1|           2|
    |xor_ln621_110_fu_40997_p2     |       xor|   0|  0|     2|           1|           2|
    |xor_ln621_111_fu_41241_p2     |       xor|   0|  0|     2|           1|           2|
    |xor_ln621_112_fu_38789_p2     |       xor|   0|  0|     2|           1|           2|
    |xor_ln621_113_fu_39033_p2     |       xor|   0|  0|     2|           1|           2|
    |xor_ln621_114_fu_41767_p2     |       xor|   0|  0|     2|           1|           2|
    |xor_ln621_115_fu_44021_p2     |       xor|   0|  0|     2|           1|           2|
    |xor_ln621_116_fu_46507_p2     |       xor|   0|  0|     2|           1|           2|
    |xor_ln621_117_fu_44368_p2     |       xor|   0|  0|     2|           1|           2|
    |xor_ln621_118_fu_44612_p2     |       xor|   0|  0|     2|           1|           2|
    |xor_ln621_119_fu_47033_p2     |       xor|   0|  0|     2|           1|           2|
    |xor_ln621_11_fu_13474_p2      |       xor|   0|  0|     2|           1|           2|
    |xor_ln621_120_fu_49509_p2     |       xor|   0|  0|     2|           1|           2|
    |xor_ln621_121_fu_45019_p2     |       xor|   0|  0|     2|           1|           2|
    |xor_ln621_122_fu_47483_p2     |       xor|   0|  0|     2|           1|           2|
    |xor_ln621_123_fu_47727_p2     |       xor|   0|  0|     2|           1|           2|
    |xor_ln621_124_fu_50271_p2     |       xor|   0|  0|     2|           1|           2|
    |xor_ln621_125_fu_52409_p2     |       xor|   0|  0|     2|           1|           2|
    |xor_ln621_126_fu_54377_p2     |       xor|   0|  0|     2|           1|           2|
    |xor_ln621_127_fu_52756_p2     |       xor|   0|  0|     2|           1|           2|
    |xor_ln621_128_fu_53000_p2     |       xor|   0|  0|     2|           1|           2|
    |xor_ln621_129_fu_54949_p2     |       xor|   0|  0|     2|           1|           2|
    |xor_ln621_12_fu_13615_p2      |       xor|   0|  0|     2|           1|           2|
    |xor_ln621_130_fu_56348_p2     |       xor|   0|  0|     2|           1|           2|
    |xor_ln621_131_fu_56592_p2     |       xor|   0|  0|     2|           1|           2|
    |xor_ln621_13_fu_16221_p2      |       xor|   0|  0|     2|           1|           2|
    |xor_ln621_14_fu_16362_p2      |       xor|   0|  0|     2|           1|           2|
    |xor_ln621_15_fu_16503_p2      |       xor|   0|  0|     2|           1|           2|
    |xor_ln621_16_fu_16644_p2      |       xor|   0|  0|     2|           1|           2|
    |xor_ln621_17_fu_16785_p2      |       xor|   0|  0|     2|           1|           2|
    |xor_ln621_18_fu_19138_p2      |       xor|   0|  0|     2|           1|           2|
    |xor_ln621_19_fu_19279_p2      |       xor|   0|  0|     2|           1|           2|
    |xor_ln621_1_fu_9341_p2        |       xor|   0|  0|     2|           1|           2|
    |xor_ln621_20_fu_21834_p2      |       xor|   0|  0|     2|           1|           2|
    |xor_ln621_21_fu_22021_p2      |       xor|   0|  0|     2|           1|           2|
    |xor_ln621_22_fu_22208_p2      |       xor|   0|  0|     2|           1|           2|
    |xor_ln621_23_fu_25062_p2      |       xor|   0|  0|     2|           1|           2|
    |xor_ln621_24_fu_25203_p2      |       xor|   0|  0|     2|           1|           2|
    |xor_ln621_25_fu_25344_p2      |       xor|   0|  0|     2|           1|           2|
    |xor_ln621_26_fu_25531_p2      |       xor|   0|  0|     2|           1|           2|
    |xor_ln621_27_fu_25672_p2      |       xor|   0|  0|     2|           1|           2|
    |xor_ln621_28_fu_28512_p2      |       xor|   0|  0|     2|           1|           2|
    |xor_ln621_29_fu_28653_p2      |       xor|   0|  0|     2|           1|           2|
    |xor_ln621_2_fu_9536_p2        |       xor|   0|  0|     2|           1|           2|
    |xor_ln621_30_fu_31228_p2      |       xor|   0|  0|     2|           1|           2|
    |xor_ln621_31_fu_29084_p2      |       xor|   0|  0|     2|           1|           2|
    |xor_ln621_32_fu_29225_p2      |       xor|   0|  0|     2|           1|           2|
    |xor_ln621_33_fu_31543_p2      |       xor|   0|  0|     2|           1|           2|
    |xor_ln621_34_fu_34223_p2      |       xor|   0|  0|     2|           1|           2|
    |xor_ln621_35_fu_34410_p2      |       xor|   0|  0|     2|           1|           2|
    |xor_ln621_36_fu_34551_p2      |       xor|   0|  0|     2|           1|           2|
    |xor_ln621_37_fu_34692_p2      |       xor|   0|  0|     2|           1|           2|
    |xor_ln621_38_fu_37479_p2      |       xor|   0|  0|     2|           1|           2|
    |xor_ln621_39_fu_37620_p2      |       xor|   0|  0|     2|           1|           2|
    |xor_ln621_3_fu_9763_p2        |       xor|   0|  0|     2|           1|           2|
    |xor_ln621_40_fu_40491_p2      |       xor|   0|  0|     2|           1|           2|
    |xor_ln621_41_fu_38005_p2      |       xor|   0|  0|     2|           1|           2|
    |xor_ln621_42_fu_38146_p2      |       xor|   0|  0|     2|           1|           2|
    |xor_ln621_43_fu_40804_p2      |       xor|   0|  0|     2|           1|           2|
    |xor_ln621_44_fu_43374_p2      |       xor|   0|  0|     2|           1|           2|
    |xor_ln621_45_fu_43515_p2      |       xor|   0|  0|     2|           1|           2|
    |xor_ln621_46_fu_41433_p2      |       xor|   0|  0|     2|           1|           2|
    |xor_ln621_47_fu_41574_p2      |       xor|   0|  0|     2|           1|           2|
    |xor_ln621_48_fu_43828_p2      |       xor|   0|  0|     2|           1|           2|
    |xor_ln621_49_fu_46314_p2      |       xor|   0|  0|     2|           1|           2|
    |xor_ln621_4_fu_9904_p2        |       xor|   0|  0|     2|           1|           2|
    |xor_ln621_50_fu_49003_p2      |       xor|   0|  0|     2|           1|           2|
    |xor_ln621_51_fu_46699_p2      |       xor|   0|  0|     2|           1|           2|
    |xor_ln621_52_fu_46840_p2      |       xor|   0|  0|     2|           1|           2|
    |xor_ln621_53_fu_49316_p2      |       xor|   0|  0|     2|           1|           2|
    |xor_ln621_54_fu_51716_p2      |       xor|   0|  0|     2|           1|           2|
    |xor_ln621_55_fu_51857_p2      |       xor|   0|  0|     2|           1|           2|
    |xor_ln621_56_fu_49937_p2      |       xor|   0|  0|     2|           1|           2|
    |xor_ln621_57_fu_50078_p2      |       xor|   0|  0|     2|           1|           2|
    |xor_ln621_58_fu_52170_p2      |       xor|   0|  0|     2|           1|           2|
    |xor_ln621_59_fu_54184_p2      |       xor|   0|  0|     2|           1|           2|
    |xor_ln621_5_fu_10045_p2       |       xor|   0|  0|     2|           1|           2|
    |xor_ln621_60_fu_55886_p2      |       xor|   0|  0|     2|           1|           2|
    |xor_ln621_61_fu_54569_p2      |       xor|   0|  0|     2|           1|           2|
    |xor_ln621_62_fu_54710_p2      |       xor|   0|  0|     2|           1|           2|
    |xor_ln621_63_fu_56155_p2      |       xor|   0|  0|     2|           1|           2|
    |xor_ln621_64_fu_57448_p2      |       xor|   0|  0|     2|           1|           2|
    |xor_ln621_65_fu_57589_p2      |       xor|   0|  0|     2|           1|           2|
    |xor_ln621_66_fu_2676_p2       |       xor|   0|  0|     2|           1|           2|
    |xor_ln621_67_fu_6661_p2       |       xor|   0|  0|     2|           1|           2|
    |xor_ln621_68_fu_6879_p2       |       xor|   0|  0|     2|           1|           2|
    |xor_ln621_69_fu_7123_p2       |       xor|   0|  0|     2|           1|           2|
    |xor_ln621_6_fu_10232_p2       |       xor|   0|  0|     2|           1|           2|
    |xor_ln621_70_fu_7367_p2       |       xor|   0|  0|     2|           1|           2|
    |xor_ln621_71_fu_7611_p2       |       xor|   0|  0|     2|           1|           2|
    |xor_ln621_72_fu_7855_p2       |       xor|   0|  0|     2|           1|           2|
    |xor_ln621_73_fu_8099_p2       |       xor|   0|  0|     2|           1|           2|
    |xor_ln621_74_fu_10566_p2      |       xor|   0|  0|     2|           1|           2|
    |xor_ln621_75_fu_10810_p2      |       xor|   0|  0|     2|           1|           2|
    |xor_ln621_76_fu_11054_p2      |       xor|   0|  0|     2|           1|           2|
    |xor_ln621_77_fu_11298_p2      |       xor|   0|  0|     2|           1|           2|
    |xor_ln621_78_fu_11542_p2      |       xor|   0|  0|     2|           1|           2|
    |xor_ln621_79_fu_13808_p2      |       xor|   0|  0|     2|           1|           2|
    |xor_ln621_7_fu_10373_p2       |       xor|   0|  0|     2|           1|           2|
    |xor_ln621_80_fu_14052_p2      |       xor|   0|  0|     2|           1|           2|
    |xor_ln621_81_fu_14296_p2      |       xor|   0|  0|     2|           1|           2|
    |xor_ln621_82_fu_14540_p2      |       xor|   0|  0|     2|           1|           2|
    |xor_ln621_83_fu_14784_p2      |       xor|   0|  0|     2|           1|           2|
    |xor_ln621_84_fu_16978_p2      |       xor|   0|  0|     2|           1|           2|
    |xor_ln621_85_fu_17222_p2      |       xor|   0|  0|     2|           1|           2|
    |xor_ln621_86_fu_19472_p2      |       xor|   0|  0|     2|           1|           2|
    |xor_ln621_87_fu_19716_p2      |       xor|   0|  0|     2|           1|           2|
    |xor_ln621_88_fu_19960_p2      |       xor|   0|  0|     2|           1|           2|
    |xor_ln621_89_fu_22401_p2      |       xor|   0|  0|     2|           1|           2|
    |xor_ln621_8_fu_13005_p2       |       xor|   0|  0|     2|           1|           2|
    |xor_ln621_90_fu_17835_p2      |       xor|   0|  0|     2|           1|           2|
    |xor_ln621_91_fu_22881_p2      |       xor|   0|  0|     2|           1|           2|
    |xor_ln621_92_fu_23125_p2      |       xor|   0|  0|     2|           1|           2|
    |xor_ln621_93_fu_23369_p2      |       xor|   0|  0|     2|           1|           2|
    |xor_ln621_94_fu_25865_p2      |       xor|   0|  0|     2|           1|           2|
    |xor_ln621_95_fu_26109_p2      |       xor|   0|  0|     2|           1|           2|
    |xor_ln621_96_fu_28892_p2      |       xor|   0|  0|     2|           1|           2|
    |xor_ln621_97_fu_26456_p2      |       xor|   0|  0|     2|           1|           2|
    |xor_ln621_98_fu_26700_p2      |       xor|   0|  0|     2|           1|           2|
    |xor_ln621_99_fu_29464_p2      |       xor|   0|  0|     2|           1|           2|
    |xor_ln621_9_fu_13146_p2       |       xor|   0|  0|     2|           1|           2|
    |xor_ln621_fu_2763_p2          |       xor|   0|  0|     2|           1|           2|
    |xor_ln637_10_fu_11340_p2      |       xor|   0|  0|     2|           1|           2|
    |xor_ln637_11_fu_11584_p2      |       xor|   0|  0|     2|           1|           2|
    |xor_ln637_12_fu_13850_p2      |       xor|   0|  0|     2|           1|           2|
    |xor_ln637_13_fu_14094_p2      |       xor|   0|  0|     2|           1|           2|
    |xor_ln637_14_fu_14338_p2      |       xor|   0|  0|     2|           1|           2|
    |xor_ln637_15_fu_14582_p2      |       xor|   0|  0|     2|           1|           2|
    |xor_ln637_16_fu_14826_p2      |       xor|   0|  0|     2|           1|           2|
    |xor_ln637_17_fu_17020_p2      |       xor|   0|  0|     2|           1|           2|
    |xor_ln637_18_fu_17264_p2      |       xor|   0|  0|     2|           1|           2|
    |xor_ln637_19_fu_19514_p2      |       xor|   0|  0|     2|           1|           2|
    |xor_ln637_1_fu_6921_p2        |       xor|   0|  0|     2|           1|           2|
    |xor_ln637_20_fu_19758_p2      |       xor|   0|  0|     2|           1|           2|
    |xor_ln637_21_fu_20002_p2      |       xor|   0|  0|     2|           1|           2|
    |xor_ln637_22_fu_22443_p2      |       xor|   0|  0|     2|           1|           2|
    |xor_ln637_23_fu_22682_p2      |       xor|   0|  0|     2|           1|           2|
    |xor_ln637_24_fu_22923_p2      |       xor|   0|  0|     2|           1|           2|
    |xor_ln637_25_fu_23167_p2      |       xor|   0|  0|     2|           1|           2|
    |xor_ln637_26_fu_23411_p2      |       xor|   0|  0|     2|           1|           2|
    |xor_ln637_27_fu_25907_p2      |       xor|   0|  0|     2|           1|           2|
    |xor_ln637_28_fu_26151_p2      |       xor|   0|  0|     2|           1|           2|
    |xor_ln637_29_fu_28934_p2      |       xor|   0|  0|     2|           1|           2|
    |xor_ln637_2_fu_7165_p2        |       xor|   0|  0|     2|           1|           2|
    |xor_ln637_30_fu_26498_p2      |       xor|   0|  0|     2|           1|           2|
    |xor_ln637_31_fu_26742_p2      |       xor|   0|  0|     2|           1|           2|
    |xor_ln637_32_fu_29506_p2      |       xor|   0|  0|     2|           1|           2|
    |xor_ln637_33_fu_31778_p2      |       xor|   0|  0|     2|           1|           2|
    |xor_ln637_34_fu_32022_p2      |       xor|   0|  0|     2|           1|           2|
    |xor_ln637_35_fu_32266_p2      |       xor|   0|  0|     2|           1|           2|
    |xor_ln637_36_fu_32510_p2      |       xor|   0|  0|     2|           1|           2|
    |xor_ln637_37_fu_34927_p2      |       xor|   0|  0|     2|           1|           2|
    |xor_ln637_38_fu_35171_p2      |       xor|   0|  0|     2|           1|           2|
    |xor_ln637_39_fu_37855_p2      |       xor|   0|  0|     2|           1|           2|
    |xor_ln637_3_fu_7409_p2        |       xor|   0|  0|     2|           1|           2|
    |xor_ln637_40_fu_35518_p2      |       xor|   0|  0|     2|           1|           2|
    |xor_ln637_41_fu_35762_p2      |       xor|   0|  0|     2|           1|           2|
    |xor_ln637_42_fu_38381_p2      |       xor|   0|  0|     2|           1|           2|
    |xor_ln637_43_fu_41039_p2      |       xor|   0|  0|     2|           1|           2|
    |xor_ln637_44_fu_41283_p2      |       xor|   0|  0|     2|           1|           2|
    |xor_ln637_45_fu_38831_p2      |       xor|   0|  0|     2|           1|           2|
    |xor_ln637_46_fu_39075_p2      |       xor|   0|  0|     2|           1|           2|
    |xor_ln637_47_fu_41809_p2      |       xor|   0|  0|     2|           1|           2|
    |xor_ln637_48_fu_44063_p2      |       xor|   0|  0|     2|           1|           2|
    |xor_ln637_49_fu_46549_p2      |       xor|   0|  0|     2|           1|           2|
    |xor_ln637_4_fu_7653_p2        |       xor|   0|  0|     2|           1|           2|
    |xor_ln637_50_fu_44410_p2      |       xor|   0|  0|     2|           1|           2|
    |xor_ln637_51_fu_44654_p2      |       xor|   0|  0|     2|           1|           2|
    |xor_ln637_52_fu_47075_p2      |       xor|   0|  0|     2|           1|           2|
    |xor_ln637_53_fu_49551_p2      |       xor|   0|  0|     2|           1|           2|
    |xor_ln637_54_fu_49790_p2      |       xor|   0|  0|     2|           1|           2|
    |xor_ln637_55_fu_47525_p2      |       xor|   0|  0|     2|           1|           2|
    |xor_ln637_56_fu_47769_p2      |       xor|   0|  0|     2|           1|           2|
    |xor_ln637_57_fu_50313_p2      |       xor|   0|  0|     2|           1|           2|
    |xor_ln637_58_fu_52451_p2      |       xor|   0|  0|     2|           1|           2|
    |xor_ln637_59_fu_54419_p2      |       xor|   0|  0|     2|           1|           2|
    |xor_ln637_5_fu_7897_p2        |       xor|   0|  0|     2|           1|           2|
    |xor_ln637_60_fu_52798_p2      |       xor|   0|  0|     2|           1|           2|
    |xor_ln637_61_fu_53042_p2      |       xor|   0|  0|     2|           1|           2|
    |xor_ln637_62_fu_54991_p2      |       xor|   0|  0|     2|           1|           2|
    |xor_ln637_63_fu_56390_p2      |       xor|   0|  0|     2|           1|           2|
    |xor_ln637_64_fu_56634_p2      |       xor|   0|  0|     2|           1|           2|
    |xor_ln637_6_fu_8141_p2        |       xor|   0|  0|     2|           1|           2|
    |xor_ln637_7_fu_10608_p2       |       xor|   0|  0|     2|           1|           2|
    |xor_ln637_8_fu_10852_p2       |       xor|   0|  0|     2|           1|           2|
    |xor_ln637_9_fu_11096_p2       |       xor|   0|  0|     2|           1|           2|
    |xor_ln637_fu_6703_p2          |       xor|   0|  0|     2|           1|           2|
    |xor_ln641_10_fu_11366_p2      |       xor|   0|  0|     2|           2|           1|
    |xor_ln641_11_fu_11610_p2      |       xor|   0|  0|     2|           2|           1|
    |xor_ln641_12_fu_13876_p2      |       xor|   0|  0|     2|           2|           1|
    |xor_ln641_13_fu_14120_p2      |       xor|   0|  0|     2|           2|           1|
    |xor_ln641_14_fu_14364_p2      |       xor|   0|  0|     2|           2|           1|
    |xor_ln641_15_fu_14608_p2      |       xor|   0|  0|     2|           2|           1|
    |xor_ln641_16_fu_14852_p2      |       xor|   0|  0|     2|           2|           1|
    |xor_ln641_17_fu_17046_p2      |       xor|   0|  0|     2|           2|           1|
    |xor_ln641_18_fu_17290_p2      |       xor|   0|  0|     2|           2|           1|
    |xor_ln641_19_fu_19540_p2      |       xor|   0|  0|     2|           2|           1|
    |xor_ln641_1_fu_6947_p2        |       xor|   0|  0|     2|           2|           1|
    |xor_ln641_20_fu_19784_p2      |       xor|   0|  0|     2|           2|           1|
    |xor_ln641_21_fu_20028_p2      |       xor|   0|  0|     2|           2|           1|
    |xor_ln641_22_fu_22469_p2      |       xor|   0|  0|     2|           2|           1|
    |xor_ln641_23_fu_22707_p2      |       xor|   0|  0|     2|           2|           1|
    |xor_ln641_24_fu_22949_p2      |       xor|   0|  0|     2|           2|           1|
    |xor_ln641_25_fu_23193_p2      |       xor|   0|  0|     2|           2|           1|
    |xor_ln641_26_fu_23437_p2      |       xor|   0|  0|     2|           2|           1|
    |xor_ln641_27_fu_25933_p2      |       xor|   0|  0|     2|           2|           1|
    |xor_ln641_28_fu_26177_p2      |       xor|   0|  0|     2|           2|           1|
    |xor_ln641_29_fu_28960_p2      |       xor|   0|  0|     2|           2|           1|
    |xor_ln641_2_fu_7191_p2        |       xor|   0|  0|     2|           2|           1|
    |xor_ln641_30_fu_26524_p2      |       xor|   0|  0|     2|           2|           1|
    |xor_ln641_31_fu_26768_p2      |       xor|   0|  0|     2|           2|           1|
    |xor_ln641_32_fu_29532_p2      |       xor|   0|  0|     2|           2|           1|
    |xor_ln641_33_fu_31804_p2      |       xor|   0|  0|     2|           2|           1|
    |xor_ln641_34_fu_32048_p2      |       xor|   0|  0|     2|           2|           1|
    |xor_ln641_35_fu_32292_p2      |       xor|   0|  0|     2|           2|           1|
    |xor_ln641_36_fu_32536_p2      |       xor|   0|  0|     2|           2|           1|
    |xor_ln641_37_fu_34953_p2      |       xor|   0|  0|     2|           2|           1|
    |xor_ln641_38_fu_35197_p2      |       xor|   0|  0|     2|           2|           1|
    |xor_ln641_39_fu_37881_p2      |       xor|   0|  0|     2|           2|           1|
    |xor_ln641_3_fu_7435_p2        |       xor|   0|  0|     2|           2|           1|
    |xor_ln641_40_fu_35544_p2      |       xor|   0|  0|     2|           2|           1|
    |xor_ln641_41_fu_35788_p2      |       xor|   0|  0|     2|           2|           1|
    |xor_ln641_42_fu_38407_p2      |       xor|   0|  0|     2|           2|           1|
    |xor_ln641_43_fu_41065_p2      |       xor|   0|  0|     2|           2|           1|
    |xor_ln641_44_fu_41309_p2      |       xor|   0|  0|     2|           2|           1|
    |xor_ln641_45_fu_38857_p2      |       xor|   0|  0|     2|           2|           1|
    |xor_ln641_46_fu_39101_p2      |       xor|   0|  0|     2|           2|           1|
    |xor_ln641_47_fu_41835_p2      |       xor|   0|  0|     2|           2|           1|
    |xor_ln641_48_fu_44089_p2      |       xor|   0|  0|     2|           2|           1|
    |xor_ln641_49_fu_46575_p2      |       xor|   0|  0|     2|           2|           1|
    |xor_ln641_4_fu_7679_p2        |       xor|   0|  0|     2|           2|           1|
    |xor_ln641_50_fu_44436_p2      |       xor|   0|  0|     2|           2|           1|
    |xor_ln641_51_fu_44680_p2      |       xor|   0|  0|     2|           2|           1|
    |xor_ln641_52_fu_47101_p2      |       xor|   0|  0|     2|           2|           1|
    |xor_ln641_53_fu_49577_p2      |       xor|   0|  0|     2|           2|           1|
    |xor_ln641_54_fu_49815_p2      |       xor|   0|  0|     2|           2|           1|
    |xor_ln641_55_fu_47551_p2      |       xor|   0|  0|     2|           2|           1|
    |xor_ln641_56_fu_47795_p2      |       xor|   0|  0|     2|           2|           1|
    |xor_ln641_57_fu_50339_p2      |       xor|   0|  0|     2|           2|           1|
    |xor_ln641_58_fu_52477_p2      |       xor|   0|  0|     2|           2|           1|
    |xor_ln641_59_fu_54445_p2      |       xor|   0|  0|     2|           2|           1|
    |xor_ln641_5_fu_7923_p2        |       xor|   0|  0|     2|           2|           1|
    |xor_ln641_60_fu_52824_p2      |       xor|   0|  0|     2|           2|           1|
    |xor_ln641_61_fu_53068_p2      |       xor|   0|  0|     2|           2|           1|
    |xor_ln641_62_fu_55017_p2      |       xor|   0|  0|     2|           2|           1|
    |xor_ln641_63_fu_56416_p2      |       xor|   0|  0|     2|           2|           1|
    |xor_ln641_64_fu_56660_p2      |       xor|   0|  0|     2|           2|           1|
    |xor_ln641_6_fu_8167_p2        |       xor|   0|  0|     2|           2|           1|
    |xor_ln641_7_fu_10634_p2       |       xor|   0|  0|     2|           2|           1|
    |xor_ln641_8_fu_10878_p2       |       xor|   0|  0|     2|           2|           1|
    |xor_ln641_9_fu_11122_p2       |       xor|   0|  0|     2|           2|           1|
    |xor_ln641_fu_6729_p2          |       xor|   0|  0|     2|           2|           1|
    |xor_ln654_10_fu_13468_p2      |       xor|   0|  0|     2|           2|           1|
    |xor_ln654_11_fu_13609_p2      |       xor|   0|  0|     2|           2|           1|
    |xor_ln654_12_fu_16215_p2      |       xor|   0|  0|     2|           2|           1|
    |xor_ln654_13_fu_16356_p2      |       xor|   0|  0|     2|           2|           1|
    |xor_ln654_14_fu_16497_p2      |       xor|   0|  0|     2|           2|           1|
    |xor_ln654_15_fu_16638_p2      |       xor|   0|  0|     2|           2|           1|
    |xor_ln654_16_fu_16779_p2      |       xor|   0|  0|     2|           2|           1|
    |xor_ln654_17_fu_19132_p2      |       xor|   0|  0|     2|           2|           1|
    |xor_ln654_18_fu_19273_p2      |       xor|   0|  0|     2|           2|           1|
    |xor_ln654_19_fu_21828_p2      |       xor|   0|  0|     2|           2|           1|
    |xor_ln654_1_fu_9530_p2        |       xor|   0|  0|     2|           2|           1|
    |xor_ln654_20_fu_22015_p2      |       xor|   0|  0|     2|           2|           1|
    |xor_ln654_21_fu_22202_p2      |       xor|   0|  0|     2|           2|           1|
    |xor_ln654_22_fu_25056_p2      |       xor|   0|  0|     2|           2|           1|
    |xor_ln654_23_fu_25197_p2      |       xor|   0|  0|     2|           2|           1|
    |xor_ln654_24_fu_25338_p2      |       xor|   0|  0|     2|           2|           1|
    |xor_ln654_25_fu_25525_p2      |       xor|   0|  0|     2|           2|           1|
    |xor_ln654_26_fu_25666_p2      |       xor|   0|  0|     2|           2|           1|
    |xor_ln654_27_fu_28506_p2      |       xor|   0|  0|     2|           2|           1|
    |xor_ln654_28_fu_28647_p2      |       xor|   0|  0|     2|           2|           1|
    |xor_ln654_29_fu_31222_p2      |       xor|   0|  0|     2|           2|           1|
    |xor_ln654_2_fu_9757_p2        |       xor|   0|  0|     2|           2|           1|
    |xor_ln654_30_fu_29078_p2      |       xor|   0|  0|     2|           2|           1|
    |xor_ln654_31_fu_29219_p2      |       xor|   0|  0|     2|           2|           1|
    |xor_ln654_32_fu_31537_p2      |       xor|   0|  0|     2|           2|           1|
    |xor_ln654_33_fu_34217_p2      |       xor|   0|  0|     2|           2|           1|
    |xor_ln654_34_fu_34404_p2      |       xor|   0|  0|     2|           2|           1|
    |xor_ln654_35_fu_34545_p2      |       xor|   0|  0|     2|           2|           1|
    |xor_ln654_36_fu_34686_p2      |       xor|   0|  0|     2|           2|           1|
    |xor_ln654_37_fu_37473_p2      |       xor|   0|  0|     2|           2|           1|
    |xor_ln654_38_fu_37614_p2      |       xor|   0|  0|     2|           2|           1|
    |xor_ln654_39_fu_40485_p2      |       xor|   0|  0|     2|           2|           1|
    |xor_ln654_3_fu_9898_p2        |       xor|   0|  0|     2|           2|           1|
    |xor_ln654_40_fu_37999_p2      |       xor|   0|  0|     2|           2|           1|
    |xor_ln654_41_fu_38140_p2      |       xor|   0|  0|     2|           2|           1|
    |xor_ln654_42_fu_40798_p2      |       xor|   0|  0|     2|           2|           1|
    |xor_ln654_43_fu_43368_p2      |       xor|   0|  0|     2|           2|           1|
    |xor_ln654_44_fu_43509_p2      |       xor|   0|  0|     2|           2|           1|
    |xor_ln654_45_fu_41427_p2      |       xor|   0|  0|     2|           2|           1|
    |xor_ln654_46_fu_41568_p2      |       xor|   0|  0|     2|           2|           1|
    |xor_ln654_47_fu_43822_p2      |       xor|   0|  0|     2|           2|           1|
    |xor_ln654_48_fu_46308_p2      |       xor|   0|  0|     2|           2|           1|
    |xor_ln654_49_fu_48997_p2      |       xor|   0|  0|     2|           2|           1|
    |xor_ln654_4_fu_10039_p2       |       xor|   0|  0|     2|           2|           1|
    |xor_ln654_50_fu_46693_p2      |       xor|   0|  0|     2|           2|           1|
    |xor_ln654_51_fu_46834_p2      |       xor|   0|  0|     2|           2|           1|
    |xor_ln654_52_fu_49310_p2      |       xor|   0|  0|     2|           2|           1|
    |xor_ln654_53_fu_51710_p2      |       xor|   0|  0|     2|           2|           1|
    |xor_ln654_54_fu_51851_p2      |       xor|   0|  0|     2|           2|           1|
    |xor_ln654_55_fu_49931_p2      |       xor|   0|  0|     2|           2|           1|
    |xor_ln654_56_fu_50072_p2      |       xor|   0|  0|     2|           2|           1|
    |xor_ln654_57_fu_52164_p2      |       xor|   0|  0|     2|           2|           1|
    |xor_ln654_58_fu_54178_p2      |       xor|   0|  0|     2|           2|           1|
    |xor_ln654_59_fu_55880_p2      |       xor|   0|  0|     2|           2|           1|
    |xor_ln654_5_fu_10226_p2       |       xor|   0|  0|     2|           2|           1|
    |xor_ln654_60_fu_54563_p2      |       xor|   0|  0|     2|           2|           1|
    |xor_ln654_61_fu_54704_p2      |       xor|   0|  0|     2|           2|           1|
    |xor_ln654_62_fu_56149_p2      |       xor|   0|  0|     2|           2|           1|
    |xor_ln654_63_fu_57442_p2      |       xor|   0|  0|     2|           2|           1|
    |xor_ln654_64_fu_57583_p2      |       xor|   0|  0|     2|           2|           1|
    |xor_ln654_6_fu_10367_p2       |       xor|   0|  0|     2|           2|           1|
    |xor_ln654_7_fu_12999_p2       |       xor|   0|  0|     2|           2|           1|
    |xor_ln654_8_fu_13140_p2       |       xor|   0|  0|     2|           2|           1|
    |xor_ln654_9_fu_13281_p2       |       xor|   0|  0|     2|           2|           1|
    |xor_ln654_fu_9335_p2          |       xor|   0|  0|     2|           2|           1|
    |xor_ln658_100_fu_49039_p2     |       xor|   0|  0|     2|           1|           2|
    |xor_ln658_101_fu_49057_p2     |       xor|   0|  0|     2|           1|           2|
    |xor_ln658_102_fu_46735_p2     |       xor|   0|  0|     2|           1|           2|
    |xor_ln658_103_fu_46753_p2     |       xor|   0|  0|     2|           1|           2|
    |xor_ln658_104_fu_46876_p2     |       xor|   0|  0|     2|           1|           2|
    |xor_ln658_105_fu_46894_p2     |       xor|   0|  0|     2|           1|           2|
    |xor_ln658_106_fu_49352_p2     |       xor|   0|  0|     2|           1|           2|
    |xor_ln658_107_fu_49370_p2     |       xor|   0|  0|     2|           1|           2|
    |xor_ln658_108_fu_51752_p2     |       xor|   0|  0|     2|           1|           2|
    |xor_ln658_109_fu_51770_p2     |       xor|   0|  0|     2|           1|           2|
    |xor_ln658_10_fu_10081_p2      |       xor|   0|  0|     2|           1|           2|
    |xor_ln658_110_fu_51893_p2     |       xor|   0|  0|     2|           1|           2|
    |xor_ln658_111_fu_51911_p2     |       xor|   0|  0|     2|           1|           2|
    |xor_ln658_112_fu_49973_p2     |       xor|   0|  0|     2|           1|           2|
    |xor_ln658_113_fu_49991_p2     |       xor|   0|  0|     2|           1|           2|
    |xor_ln658_114_fu_50114_p2     |       xor|   0|  0|     2|           1|           2|
    |xor_ln658_115_fu_50132_p2     |       xor|   0|  0|     2|           1|           2|
    |xor_ln658_116_fu_52206_p2     |       xor|   0|  0|     2|           1|           2|
    |xor_ln658_117_fu_52224_p2     |       xor|   0|  0|     2|           1|           2|
    |xor_ln658_118_fu_54220_p2     |       xor|   0|  0|     2|           1|           2|
    |xor_ln658_119_fu_54238_p2     |       xor|   0|  0|     2|           1|           2|
    |xor_ln658_11_fu_10099_p2      |       xor|   0|  0|     2|           1|           2|
    |xor_ln658_120_fu_55922_p2     |       xor|   0|  0|     2|           1|           2|
    |xor_ln658_121_fu_55940_p2     |       xor|   0|  0|     2|           1|           2|
    |xor_ln658_122_fu_54605_p2     |       xor|   0|  0|     2|           1|           2|
    |xor_ln658_123_fu_54623_p2     |       xor|   0|  0|     2|           1|           2|
    |xor_ln658_124_fu_54746_p2     |       xor|   0|  0|     2|           1|           2|
    |xor_ln658_125_fu_54764_p2     |       xor|   0|  0|     2|           1|           2|
    |xor_ln658_126_fu_56191_p2     |       xor|   0|  0|     2|           1|           2|
    |xor_ln658_127_fu_56209_p2     |       xor|   0|  0|     2|           1|           2|
    |xor_ln658_128_fu_57484_p2     |       xor|   0|  0|     2|           1|           2|
    |xor_ln658_129_fu_57502_p2     |       xor|   0|  0|     2|           1|           2|
    |xor_ln658_12_fu_10268_p2      |       xor|   0|  0|     2|           1|           2|
    |xor_ln658_130_fu_57625_p2     |       xor|   0|  0|     2|           1|           2|
    |xor_ln658_131_fu_57643_p2     |       xor|   0|  0|     2|           1|           2|
    |xor_ln658_13_fu_10286_p2      |       xor|   0|  0|     2|           1|           2|
    |xor_ln658_14_fu_10409_p2      |       xor|   0|  0|     2|           1|           2|
    |xor_ln658_15_fu_10427_p2      |       xor|   0|  0|     2|           1|           2|
    |xor_ln658_16_fu_13041_p2      |       xor|   0|  0|     2|           1|           2|
    |xor_ln658_17_fu_13059_p2      |       xor|   0|  0|     2|           1|           2|
    |xor_ln658_18_fu_13182_p2      |       xor|   0|  0|     2|           1|           2|
    |xor_ln658_19_fu_13200_p2      |       xor|   0|  0|     2|           1|           2|
    |xor_ln658_1_fu_2251_p2        |       xor|   0|  0|     2|           1|           2|
    |xor_ln658_20_fu_13323_p2      |       xor|   0|  0|     2|           1|           2|
    |xor_ln658_21_fu_13341_p2      |       xor|   0|  0|     2|           1|           2|
    |xor_ln658_22_fu_13510_p2      |       xor|   0|  0|     2|           1|           2|
    |xor_ln658_23_fu_13528_p2      |       xor|   0|  0|     2|           1|           2|
    |xor_ln658_24_fu_13651_p2      |       xor|   0|  0|     2|           1|           2|
    |xor_ln658_25_fu_13669_p2      |       xor|   0|  0|     2|           1|           2|
    |xor_ln658_26_fu_16257_p2      |       xor|   0|  0|     2|           1|           2|
    |xor_ln658_27_fu_16275_p2      |       xor|   0|  0|     2|           1|           2|
    |xor_ln658_28_fu_16398_p2      |       xor|   0|  0|     2|           1|           2|
    |xor_ln658_29_fu_16416_p2      |       xor|   0|  0|     2|           1|           2|
    |xor_ln658_2_fu_9374_p2        |       xor|   0|  0|     2|           1|           2|
    |xor_ln658_30_fu_16539_p2      |       xor|   0|  0|     2|           1|           2|
    |xor_ln658_31_fu_16557_p2      |       xor|   0|  0|     2|           1|           2|
    |xor_ln658_32_fu_16680_p2      |       xor|   0|  0|     2|           1|           2|
    |xor_ln658_33_fu_16698_p2      |       xor|   0|  0|     2|           1|           2|
    |xor_ln658_34_fu_16821_p2      |       xor|   0|  0|     2|           1|           2|
    |xor_ln658_35_fu_16839_p2      |       xor|   0|  0|     2|           1|           2|
    |xor_ln658_36_fu_19174_p2      |       xor|   0|  0|     2|           1|           2|
    |xor_ln658_37_fu_19192_p2      |       xor|   0|  0|     2|           1|           2|
    |xor_ln658_38_fu_19315_p2      |       xor|   0|  0|     2|           1|           2|
    |xor_ln658_39_fu_19333_p2      |       xor|   0|  0|     2|           1|           2|
    |xor_ln658_3_fu_9390_p2        |       xor|   0|  0|     2|           1|           2|
    |xor_ln658_40_fu_21870_p2      |       xor|   0|  0|     2|           1|           2|
    |xor_ln658_41_fu_21888_p2      |       xor|   0|  0|     2|           1|           2|
    |xor_ln658_42_fu_22057_p2      |       xor|   0|  0|     2|           1|           2|
    |xor_ln658_43_fu_22075_p2      |       xor|   0|  0|     2|           1|           2|
    |xor_ln658_44_fu_22244_p2      |       xor|   0|  0|     2|           1|           2|
    |xor_ln658_45_fu_22262_p2      |       xor|   0|  0|     2|           1|           2|
    |xor_ln658_46_fu_25098_p2      |       xor|   0|  0|     2|           1|           2|
    |xor_ln658_47_fu_25116_p2      |       xor|   0|  0|     2|           1|           2|
    |xor_ln658_48_fu_25239_p2      |       xor|   0|  0|     2|           1|           2|
    |xor_ln658_49_fu_25257_p2      |       xor|   0|  0|     2|           1|           2|
    |xor_ln658_4_fu_9569_p2        |       xor|   0|  0|     2|           1|           2|
    |xor_ln658_50_fu_25380_p2      |       xor|   0|  0|     2|           1|           2|
    |xor_ln658_51_fu_25398_p2      |       xor|   0|  0|     2|           1|           2|
    |xor_ln658_52_fu_25567_p2      |       xor|   0|  0|     2|           1|           2|
    |xor_ln658_53_fu_25585_p2      |       xor|   0|  0|     2|           1|           2|
    |xor_ln658_54_fu_25708_p2      |       xor|   0|  0|     2|           1|           2|
    |xor_ln658_55_fu_25726_p2      |       xor|   0|  0|     2|           1|           2|
    |xor_ln658_56_fu_28548_p2      |       xor|   0|  0|     2|           1|           2|
    |xor_ln658_57_fu_28566_p2      |       xor|   0|  0|     2|           1|           2|
    |xor_ln658_58_fu_28689_p2      |       xor|   0|  0|     2|           1|           2|
    |xor_ln658_59_fu_28707_p2      |       xor|   0|  0|     2|           1|           2|
    |xor_ln658_5_fu_9585_p2        |       xor|   0|  0|     2|           1|           2|
    |xor_ln658_60_fu_31264_p2      |       xor|   0|  0|     2|           1|           2|
    |xor_ln658_61_fu_31282_p2      |       xor|   0|  0|     2|           1|           2|
    |xor_ln658_62_fu_29120_p2      |       xor|   0|  0|     2|           1|           2|
    |xor_ln658_63_fu_29138_p2      |       xor|   0|  0|     2|           1|           2|
    |xor_ln658_64_fu_29261_p2      |       xor|   0|  0|     2|           1|           2|
    |xor_ln658_65_fu_29279_p2      |       xor|   0|  0|     2|           1|           2|
    |xor_ln658_66_fu_31579_p2      |       xor|   0|  0|     2|           1|           2|
    |xor_ln658_67_fu_31597_p2      |       xor|   0|  0|     2|           1|           2|
    |xor_ln658_68_fu_34259_p2      |       xor|   0|  0|     2|           1|           2|
    |xor_ln658_69_fu_34277_p2      |       xor|   0|  0|     2|           1|           2|
    |xor_ln658_6_fu_9799_p2        |       xor|   0|  0|     2|           1|           2|
    |xor_ln658_70_fu_34446_p2      |       xor|   0|  0|     2|           1|           2|
    |xor_ln658_71_fu_34464_p2      |       xor|   0|  0|     2|           1|           2|
    |xor_ln658_72_fu_34587_p2      |       xor|   0|  0|     2|           1|           2|
    |xor_ln658_73_fu_34605_p2      |       xor|   0|  0|     2|           1|           2|
    |xor_ln658_74_fu_34728_p2      |       xor|   0|  0|     2|           1|           2|
    |xor_ln658_75_fu_34746_p2      |       xor|   0|  0|     2|           1|           2|
    |xor_ln658_76_fu_37515_p2      |       xor|   0|  0|     2|           1|           2|
    |xor_ln658_77_fu_37533_p2      |       xor|   0|  0|     2|           1|           2|
    |xor_ln658_78_fu_37656_p2      |       xor|   0|  0|     2|           1|           2|
    |xor_ln658_79_fu_37674_p2      |       xor|   0|  0|     2|           1|           2|
    |xor_ln658_7_fu_9817_p2        |       xor|   0|  0|     2|           1|           2|
    |xor_ln658_80_fu_40527_p2      |       xor|   0|  0|     2|           1|           2|
    |xor_ln658_81_fu_40545_p2      |       xor|   0|  0|     2|           1|           2|
    |xor_ln658_82_fu_38041_p2      |       xor|   0|  0|     2|           1|           2|
    |xor_ln658_83_fu_38059_p2      |       xor|   0|  0|     2|           1|           2|
    |xor_ln658_84_fu_38182_p2      |       xor|   0|  0|     2|           1|           2|
    |xor_ln658_85_fu_38200_p2      |       xor|   0|  0|     2|           1|           2|
    |xor_ln658_86_fu_40840_p2      |       xor|   0|  0|     2|           1|           2|
    |xor_ln658_87_fu_40858_p2      |       xor|   0|  0|     2|           1|           2|
    |xor_ln658_88_fu_43410_p2      |       xor|   0|  0|     2|           1|           2|
    |xor_ln658_89_fu_43428_p2      |       xor|   0|  0|     2|           1|           2|
    |xor_ln658_8_fu_9940_p2        |       xor|   0|  0|     2|           1|           2|
    |xor_ln658_90_fu_43551_p2      |       xor|   0|  0|     2|           1|           2|
    |xor_ln658_91_fu_43569_p2      |       xor|   0|  0|     2|           1|           2|
    |xor_ln658_92_fu_41469_p2      |       xor|   0|  0|     2|           1|           2|
    |xor_ln658_93_fu_41487_p2      |       xor|   0|  0|     2|           1|           2|
    |xor_ln658_94_fu_41610_p2      |       xor|   0|  0|     2|           1|           2|
    |xor_ln658_95_fu_41628_p2      |       xor|   0|  0|     2|           1|           2|
    |xor_ln658_96_fu_43864_p2      |       xor|   0|  0|     2|           1|           2|
    |xor_ln658_97_fu_43882_p2      |       xor|   0|  0|     2|           1|           2|
    |xor_ln658_98_fu_46350_p2      |       xor|   0|  0|     2|           1|           2|
    |xor_ln658_99_fu_46368_p2      |       xor|   0|  0|     2|           1|           2|
    |xor_ln658_9_fu_9958_p2        |       xor|   0|  0|     2|           1|           2|
    |xor_ln658_fu_2817_p2          |       xor|   0|  0|     2|           1|           2|
    |xor_ln659_10_fu_13358_p2      |       xor|   0|  0|     2|           2|           1|
    |xor_ln659_11_fu_15979_p2      |       xor|   0|  0|     2|           2|           1|
    |xor_ln659_12_fu_16065_p2      |       xor|   0|  0|     2|           2|           1|
    |xor_ln659_13_fu_18638_p2      |       xor|   0|  0|     2|           2|           1|
    |xor_ln659_14_fu_18724_p2      |       xor|   0|  0|     2|           2|           1|
    |xor_ln659_15_fu_18810_p2      |       xor|   0|  0|     2|           2|           1|
    |xor_ln659_16_fu_18896_p2      |       xor|   0|  0|     2|           2|           1|
    |xor_ln659_17_fu_18982_p2      |       xor|   0|  0|     2|           2|           1|
    |xor_ln659_18_fu_21592_p2      |       xor|   0|  0|     2|           2|           1|
    |xor_ln659_19_fu_21678_p2      |       xor|   0|  0|     2|           2|           1|
    |xor_ln659_1_fu_9406_p2        |       xor|   0|  0|     2|           2|           1|
    |xor_ln659_20_fu_21905_p2      |       xor|   0|  0|     2|           2|           1|
    |xor_ln659_21_fu_22092_p2      |       xor|   0|  0|     2|           2|           1|
    |xor_ln659_22_fu_24906_p2      |       xor|   0|  0|     2|           2|           1|
    |xor_ln659_23_fu_28056_p2      |       xor|   0|  0|     2|           2|           1|
    |xor_ln659_24_fu_28142_p2      |       xor|   0|  0|     2|           2|           1|
    |xor_ln659_25_fu_25415_p2      |       xor|   0|  0|     2|           2|           1|
    |xor_ln659_26_fu_28270_p2      |       xor|   0|  0|     2|           2|           1|
    |xor_ln659_27_fu_28356_p2      |       xor|   0|  0|     2|           2|           1|
    |xor_ln659_28_fu_31030_p2      |       xor|   0|  0|     2|           2|           1|
    |xor_ln659_29_fu_28724_p2      |       xor|   0|  0|     2|           2|           1|
    |xor_ln659_2_fu_9601_p2        |       xor|   0|  0|     2|           2|           1|
    |xor_ln659_30_fu_31299_p2      |       xor|   0|  0|     2|           2|           1|
    |xor_ln659_31_fu_31345_p2      |       xor|   0|  0|     2|           2|           1|
    |xor_ln659_32_fu_29296_p2      |       xor|   0|  0|     2|           2|           1|
    |xor_ln659_33_fu_34067_p2      |       xor|   0|  0|     2|           2|           1|
    |xor_ln659_34_fu_34294_p2      |       xor|   0|  0|     2|           2|           1|
    |xor_ln659_35_fu_37151_p2      |       xor|   0|  0|     2|           2|           1|
    |xor_ln659_36_fu_37237_p2      |       xor|   0|  0|     2|           2|           1|
    |xor_ln659_37_fu_37323_p2      |       xor|   0|  0|     2|           2|           1|
    |xor_ln659_38_fu_40249_p2      |       xor|   0|  0|     2|           2|           1|
    |xor_ln659_39_fu_40335_p2      |       xor|   0|  0|     2|           2|           1|
    |xor_ln659_3_fu_12549_p2       |       xor|   0|  0|     2|           2|           1|
    |xor_ln659_40_fu_43100_p2      |       xor|   0|  0|     2|           2|           1|
    |xor_ln659_41_fu_40562_p2      |       xor|   0|  0|     2|           2|           1|
    |xor_ln659_42_fu_40648_p2      |       xor|   0|  0|     2|           2|           1|
    |xor_ln659_43_fu_43218_p2      |       xor|   0|  0|     2|           2|           1|
    |xor_ln659_44_fu_45954_p2      |       xor|   0|  0|     2|           2|           1|
    |xor_ln659_45_fu_46040_p2      |       xor|   0|  0|     2|           2|           1|
    |xor_ln659_46_fu_43586_p2      |       xor|   0|  0|     2|           2|           1|
    |xor_ln659_47_fu_43672_p2      |       xor|   0|  0|     2|           2|           1|
    |xor_ln659_48_fu_46158_p2      |       xor|   0|  0|     2|           2|           1|
    |xor_ln659_49_fu_48847_p2      |       xor|   0|  0|     2|           2|           1|
    |xor_ln659_4_fu_12635_p2       |       xor|   0|  0|     2|           2|           1|
    |xor_ln659_50_fu_51442_p2      |       xor|   0|  0|     2|           2|           1|
    |xor_ln659_51_fu_49074_p2      |       xor|   0|  0|     2|           2|           1|
    |xor_ln659_52_fu_49160_p2      |       xor|   0|  0|     2|           2|           1|
    |xor_ln659_53_fu_51560_p2      |       xor|   0|  0|     2|           2|           1|
    |xor_ln659_54_fu_53868_p2      |       xor|   0|  0|     2|           2|           1|
    |xor_ln659_55_fu_53954_p2      |       xor|   0|  0|     2|           2|           1|
    |xor_ln659_56_fu_51928_p2      |       xor|   0|  0|     2|           2|           1|
    |xor_ln659_57_fu_52014_p2      |       xor|   0|  0|     2|           2|           1|
    |xor_ln659_58_fu_52241_p2      |       xor|   0|  0|     2|           2|           1|
    |xor_ln659_59_fu_55730_p2      |       xor|   0|  0|     2|           2|           1|
    |xor_ln659_5_fu_10116_p2       |       xor|   0|  0|     2|           2|           1|
    |xor_ln659_60_fu_57174_p2      |       xor|   0|  0|     2|           2|           1|
    |xor_ln659_61_fu_55957_p2      |       xor|   0|  0|     2|           2|           1|
    |xor_ln659_62_fu_54781_p2      |       xor|   0|  0|     2|           2|           1|
    |xor_ln659_63_fu_57292_p2      |       xor|   0|  0|     2|           2|           1|
    |xor_ln659_64_fu_58113_p2      |       xor|   0|  0|     2|           2|           1|
    |xor_ln659_65_fu_58199_p2      |       xor|   0|  0|     2|           2|           1|
    |xor_ln659_6_fu_12763_p2       |       xor|   0|  0|     2|           2|           1|
    |xor_ln659_7_fu_12849_p2       |       xor|   0|  0|     2|           2|           1|
    |xor_ln659_8_fu_15765_p2       |       xor|   0|  0|     2|           2|           1|
    |xor_ln659_9_fu_15851_p2       |       xor|   0|  0|     2|           2|           1|
    |xor_ln659_fu_2838_p2          |       xor|   0|  0|     2|           2|           1|
    |xor_ln785_10_fu_24449_p2      |       xor|   0|  0|     2|           1|           2|
    |xor_ln785_11_fu_24548_p2      |       xor|   0|  0|     2|           1|           2|
    |xor_ln785_12_fu_24649_p2      |       xor|   0|  0|     2|           1|           2|
    |xor_ln785_13_fu_24750_p2      |       xor|   0|  0|     2|           1|           2|
    |xor_ln785_14_fu_27628_p2      |       xor|   0|  0|     2|           1|           2|
    |xor_ln785_15_fu_27729_p2      |       xor|   0|  0|     2|           1|           2|
    |xor_ln785_16_fu_30592_p2      |       xor|   0|  0|     2|           1|           2|
    |xor_ln785_17_fu_30634_p2      |       xor|   0|  0|     2|           1|           2|
    |xor_ln785_18_fu_30676_p2      |       xor|   0|  0|     2|           1|           2|
    |xor_ln785_19_fu_33524_p2      |       xor|   0|  0|     2|           1|           2|
    |xor_ln785_1_fu_18370_p2       |       xor|   0|  0|     2|           1|           2|
    |xor_ln785_20_fu_33566_p2      |       xor|   0|  0|     2|           1|           2|
    |xor_ln785_21_fu_33667_p2      |       xor|   0|  0|     2|           1|           2|
    |xor_ln785_22_fu_33760_p2      |       xor|   0|  0|     2|           1|           2|
    |xor_ln785_23_fu_33865_p2      |       xor|   0|  0|     2|           1|           2|
    |xor_ln785_24_fu_36659_p2      |       xor|   0|  0|     2|           1|           2|
    |xor_ln785_25_fu_36758_p2      |       xor|   0|  0|     2|           1|           2|
    |xor_ln785_26_fu_39733_p2      |       xor|   0|  0|     2|           1|           2|
    |xor_ln785_27_fu_36944_p2      |       xor|   0|  0|     2|           1|           2|
    |xor_ln785_28_fu_37045_p2      |       xor|   0|  0|     2|           1|           2|
    |xor_ln785_29_fu_39884_p2      |       xor|   0|  0|     2|           1|           2|
    |xor_ln785_2_fu_21086_p2       |       xor|   0|  0|     2|           1|           2|
    |xor_ln785_30_fu_42708_p2      |       xor|   0|  0|     2|           1|           2|
    |xor_ln785_31_fu_42809_p2      |       xor|   0|  0|     2|           1|           2|
    |xor_ln785_32_fu_42837_p2      |       xor|   0|  0|     2|           1|           2|
    |xor_ln785_33_fu_42879_p2      |       xor|   0|  0|     2|           1|           2|
    |xor_ln785_34_fu_45464_p2      |       xor|   0|  0|     2|           1|           2|
    |xor_ln785_35_fu_45565_p2      |       xor|   0|  0|     2|           1|           2|
    |xor_ln785_36_fu_48331_p2      |       xor|   0|  0|     2|           1|           2|
    |xor_ln785_37_fu_45743_p2      |       xor|   0|  0|     2|           1|           2|
    |xor_ln785_38_fu_45848_p2      |       xor|   0|  0|     2|           1|           2|
    |xor_ln785_39_fu_48446_p2      |       xor|   0|  0|     2|           1|           2|
    |xor_ln785_3_fu_21131_p2       |       xor|   0|  0|     2|           1|           2|
    |xor_ln785_40_fu_50972_p2      |       xor|   0|  0|     2|           1|           2|
    |xor_ln785_41_fu_51073_p2      |       xor|   0|  0|     2|           1|           2|
    |xor_ln785_42_fu_48666_p2      |       xor|   0|  0|     2|           1|           2|
    |xor_ln785_43_fu_48767_p2      |       xor|   0|  0|     2|           1|           2|
    |xor_ln785_44_fu_51210_p2      |       xor|   0|  0|     2|           1|           2|
    |xor_ln785_45_fu_53514_p2      |       xor|   0|  0|     2|           1|           2|
    |xor_ln785_46_fu_55299_p2      |       xor|   0|  0|     2|           1|           2|
    |xor_ln785_47_fu_53627_p2      |       xor|   0|  0|     2|           1|           2|
    |xor_ln785_48_fu_53669_p2      |       xor|   0|  0|     2|           1|           2|
    |xor_ln785_49_fu_55341_p2      |       xor|   0|  0|     2|           1|           2|
    |xor_ln785_4_fu_21176_p2       |       xor|   0|  0|     2|           1|           2|
    |xor_ln785_50_fu_56718_p2      |       xor|   0|  0|     2|           1|           2|
    |xor_ln785_51_fu_56819_p2      |       xor|   0|  0|     2|           1|           2|
    |xor_ln785_52_fu_55549_p2      |       xor|   0|  0|     2|           1|           2|
    |xor_ln785_53_fu_55636_p2      |       xor|   0|  0|     2|           1|           2|
    |xor_ln785_54_fu_56942_p2      |       xor|   0|  0|     2|           1|           2|
    |xor_ln785_55_fu_57759_p2      |       xor|   0|  0|     2|           1|           2|
    |xor_ln785_56_fu_58307_p2      |       xor|   0|  0|     2|           1|           2|
    |xor_ln785_57_fu_57872_p2      |       xor|   0|  0|     2|           1|           2|
    |xor_ln785_58_fu_57914_p2      |       xor|   0|  0|     2|           1|           2|
    |xor_ln785_59_fu_58349_p2      |       xor|   0|  0|     2|           1|           2|
    |xor_ln785_5_fu_21283_p2       |       xor|   0|  0|     2|           1|           2|
    |xor_ln785_60_fu_58690_p2      |       xor|   0|  0|     2|           1|           2|
    |xor_ln785_61_fu_58791_p2      |       xor|   0|  0|     2|           1|           2|
    |xor_ln785_62_fu_58819_p2      |       xor|   0|  0|     2|           1|           2|
    |xor_ln785_63_fu_58877_p2      |       xor|   0|  0|     2|           1|           2|
    |xor_ln785_64_fu_59080_p2      |       xor|   0|  0|     2|           1|           2|
    |xor_ln785_65_fu_59357_p2      |       xor|   0|  0|     2|           1|           2|
    |xor_ln785_66_fu_59415_p2      |       xor|   0|  0|     2|           1|           2|
    |xor_ln785_67_fu_59288_p2      |       xor|   0|  0|     2|           1|           2|
    |xor_ln785_68_fu_59475_p2      |       xor|   0|  0|     2|           1|           2|
    |xor_ln785_69_fu_59540_p2      |       xor|   0|  0|     2|           1|           2|
    |xor_ln785_6_fu_21388_p2       |       xor|   0|  0|     2|           1|           2|
    |xor_ln785_70_fu_59603_p2      |       xor|   0|  0|     2|           1|           2|
    |xor_ln785_7_fu_59771_p2       |       xor|   0|  0|     2|           1|           2|
    |xor_ln785_8_fu_59883_p2       |       xor|   0|  0|     2|           1|           2|
    |xor_ln785_9_fu_24344_p2       |       xor|   0|  0|     2|           1|           2|
    |xor_ln785_fu_18325_p2         |       xor|   0|  0|     2|           1|           2|
    |xor_ln786_10_fu_24661_p2      |       xor|   0|  0|     2|           2|           1|
    |xor_ln786_11_fu_24762_p2      |       xor|   0|  0|     2|           2|           1|
    |xor_ln786_12_fu_27640_p2      |       xor|   0|  0|     2|           2|           1|
    |xor_ln786_13_fu_27741_p2      |       xor|   0|  0|     2|           2|           1|
    |xor_ln786_14_fu_30607_p2      |       xor|   0|  0|     2|           2|           1|
    |xor_ln786_15_fu_30649_p2      |       xor|   0|  0|     2|           2|           1|
    |xor_ln786_16_fu_30691_p2      |       xor|   0|  0|     2|           2|           1|
    |xor_ln786_17_fu_33539_p2      |       xor|   0|  0|     2|           2|           1|
    |xor_ln786_18_fu_33581_p2      |       xor|   0|  0|     2|           2|           1|
    |xor_ln786_19_fu_33679_p2      |       xor|   0|  0|     2|           2|           1|
    |xor_ln786_1_fu_18385_p2       |       xor|   0|  0|     2|           2|           1|
    |xor_ln786_20_fu_33778_p2      |       xor|   0|  0|     2|           2|           1|
    |xor_ln786_21_fu_33883_p2      |       xor|   0|  0|     2|           2|           1|
    |xor_ln786_22_fu_36677_p2      |       xor|   0|  0|     2|           2|           1|
    |xor_ln786_23_fu_36770_p2      |       xor|   0|  0|     2|           2|           1|
    |xor_ln786_24_fu_39748_p2      |       xor|   0|  0|     2|           2|           1|
    |xor_ln786_25_fu_36956_p2      |       xor|   0|  0|     2|           2|           1|
    |xor_ln786_26_fu_37057_p2      |       xor|   0|  0|     2|           2|           1|
    |xor_ln786_27_fu_39896_p2      |       xor|   0|  0|     2|           2|           1|
    |xor_ln786_28_fu_42723_p2      |       xor|   0|  0|     2|           2|           1|
    |xor_ln786_29_fu_42821_p2      |       xor|   0|  0|     2|           2|           1|
    |xor_ln786_2_fu_21101_p2       |       xor|   0|  0|     2|           2|           1|
    |xor_ln786_30_fu_42852_p2      |       xor|   0|  0|     2|           2|           1|
    |xor_ln786_31_fu_42894_p2      |       xor|   0|  0|     2|           2|           1|
    |xor_ln786_32_fu_45479_p2      |       xor|   0|  0|     2|           2|           1|
    |xor_ln786_33_fu_45577_p2      |       xor|   0|  0|     2|           2|           1|
    |xor_ln786_34_fu_48346_p2      |       xor|   0|  0|     2|           2|           1|
    |xor_ln786_35_fu_45761_p2      |       xor|   0|  0|     2|           2|           1|
    |xor_ln786_36_fu_45866_p2      |       xor|   0|  0|     2|           2|           1|
    |xor_ln786_37_fu_48464_p2      |       xor|   0|  0|     2|           2|           1|
    |xor_ln786_38_fu_50987_p2      |       xor|   0|  0|     2|           2|           1|
    |xor_ln786_39_fu_51085_p2      |       xor|   0|  0|     2|           2|           1|
    |xor_ln786_3_fu_21146_p2       |       xor|   0|  0|     2|           2|           1|
    |xor_ln786_40_fu_48678_p2      |       xor|   0|  0|     2|           2|           1|
    |xor_ln786_41_fu_48779_p2      |       xor|   0|  0|     2|           2|           1|
    |xor_ln786_42_fu_51222_p2      |       xor|   0|  0|     2|           2|           1|
    |xor_ln786_43_fu_53526_p2      |       xor|   0|  0|     2|           2|           1|
    |xor_ln786_44_fu_55314_p2      |       xor|   0|  0|     2|           2|           1|
    |xor_ln786_45_fu_53642_p2      |       xor|   0|  0|     2|           2|           1|
    |xor_ln786_46_fu_53684_p2      |       xor|   0|  0|     2|           2|           1|
    |xor_ln786_47_fu_55356_p2      |       xor|   0|  0|     2|           2|           1|
    |xor_ln786_48_fu_56733_p2      |       xor|   0|  0|     2|           2|           1|
    |xor_ln786_49_fu_56831_p2      |       xor|   0|  0|     2|           2|           1|
    |xor_ln786_4_fu_21191_p2       |       xor|   0|  0|     2|           2|           1|
    |xor_ln786_50_fu_55561_p2      |       xor|   0|  0|     2|           2|           1|
    |xor_ln786_51_fu_55648_p2      |       xor|   0|  0|     2|           2|           1|
    |xor_ln786_52_fu_56954_p2      |       xor|   0|  0|     2|           2|           1|
    |xor_ln786_53_fu_57771_p2      |       xor|   0|  0|     2|           2|           1|
    |xor_ln786_54_fu_58322_p2      |       xor|   0|  0|     2|           2|           1|
    |xor_ln786_55_fu_57887_p2      |       xor|   0|  0|     2|           2|           1|
    |xor_ln786_56_fu_57929_p2      |       xor|   0|  0|     2|           2|           1|
    |xor_ln786_57_fu_58364_p2      |       xor|   0|  0|     2|           2|           1|
    |xor_ln786_58_fu_58705_p2      |       xor|   0|  0|     2|           2|           1|
    |xor_ln786_59_fu_58803_p2      |       xor|   0|  0|     2|           2|           1|
    |xor_ln786_5_fu_21301_p2       |       xor|   0|  0|     2|           2|           1|
    |xor_ln786_60_fu_58830_p2      |       xor|   0|  0|     2|           2|           1|
    |xor_ln786_61_fu_58888_p2      |       xor|   0|  0|     2|           2|           1|
    |xor_ln786_62_fu_59091_p2      |       xor|   0|  0|     2|           2|           1|
    |xor_ln786_63_fu_59368_p2      |       xor|   0|  0|     2|           2|           1|
    |xor_ln786_64_fu_59430_p2      |       xor|   0|  0|     2|           2|           1|
    |xor_ln786_65_fu_59789_p2      |       xor|   0|  0|     2|           2|           1|
    |xor_ln786_6_fu_21406_p2       |       xor|   0|  0|     2|           2|           1|
    |xor_ln786_7_fu_24362_p2       |       xor|   0|  0|     2|           2|           1|
    |xor_ln786_8_fu_24467_p2       |       xor|   0|  0|     2|           2|           1|
    |xor_ln786_9_fu_24560_p2       |       xor|   0|  0|     2|           2|           1|
    |xor_ln786_fu_18340_p2         |       xor|   0|  0|     2|           2|           1|
    |xor_ln949_fu_60059_p2         |       xor|   0|  0|     2|           1|           2|
    +------------------------------+----------+----+---+------+------------+------------+
    |Total                         |          |   0|  0|106176|       51993|       67263|
    +------------------------------+----------+----+---+------+------------+------------+

    * Multiplexer: 
    +-------------------------------+-----+-----------+-----+-----------+
    |              Name             | LUT | Input Size| Bits| Total Bits|
    +-------------------------------+-----+-----------+-----+-----------+
    |acc_V_3_reg_1948               |    9|          2|   40|         80|
    |ap_NS_fsm                      |  113|         23|    1|         23|
    |ap_enable_reg_pp1_iter5        |    9|          2|    1|          2|
    |ap_enable_reg_pp2_iter38       |    9|          2|    1|          2|
    |ap_enable_reg_pp2_iter42       |    9|          2|    1|          2|
    |ap_phi_mux_k_1_phi_fu_1929_p4  |    9|          2|    7|         14|
    |b_reg_1937                     |    9|          2|    3|          6|
    |grp_fu_1960_p0                 |   14|          3|   32|         96|
    |hist_V_0_address0              |   53|         10|    4|         40|
    |hist_V_0_address1              |   42|          8|    4|         32|
    |hist_V_0_d0                    |   14|          3|   16|         48|
    |hist_V_1_address0              |   59|         11|    4|         44|
    |hist_V_1_address1              |   37|          7|    4|         28|
    |hist_V_1_d0                    |   14|          3|   16|         48|
    |hist_V_2_address0              |   59|         11|    4|         44|
    |hist_V_2_address1              |   37|          7|    4|         28|
    |hist_V_2_d0                    |   14|          3|   16|         48|
    |hist_V_3_address0              |   59|         11|    4|         44|
    |hist_V_3_address1              |   37|          7|    4|         28|
    |hist_V_3_d0                    |   14|          3|   16|         48|
    |hist_V_4_address0              |   59|         11|    4|         44|
    |hist_V_4_address1              |   37|          7|    4|         28|
    |hist_V_4_d0                    |   14|          3|   16|         48|
    |k_1_reg_1925                   |    9|          2|    7|         14|
    |k_reg_1881                     |    9|          2|    7|         14|
    |n_reg_1914                     |    9|          2|   32|         64|
    |phi_mul_reg_1892               |    9|          2|   14|         28|
    |phi_urem_reg_1903              |    9|          2|    7|         14|
    +-------------------------------+-----+-----------+-----+-----------+
    |Total                          |  775|        153|  273|        959|
    +-------------------------------+-----+-----------+-----+-----------+

    * Register: 
    +------------------------------------------+-----+-----+-----+-----------+
    |                   Name                   |  FF | LUT | Bits| Const Bits|
    +------------------------------------------+-----+-----+-----+-----------+
    |F2_reg_60674                              |   12|    0|   12|          0|
    |FIR_COEFFS_load_10_reg_61618              |   32|    0|   32|          0|
    |FIR_COEFFS_load_11_reg_61624              |   32|    0|   32|          0|
    |FIR_COEFFS_load_12_reg_61822              |   32|    0|   32|          0|
    |FIR_COEFFS_load_13_reg_61828              |   32|    0|   32|          0|
    |FIR_COEFFS_load_14_reg_61834              |   32|    0|   32|          0|
    |FIR_COEFFS_load_15_reg_61840              |   32|    0|   32|          0|
    |FIR_COEFFS_load_16_reg_61846              |   32|    0|   32|          0|
    |FIR_COEFFS_load_17_reg_62432              |   32|    0|   32|          0|
    |FIR_COEFFS_load_18_reg_62438              |   32|    0|   32|          0|
    |FIR_COEFFS_load_19_reg_63271              |   32|    0|   32|          0|
    |FIR_COEFFS_load_1_reg_61539               |   32|    0|   32|          0|
    |FIR_COEFFS_load_20_reg_63277              |   32|    0|   32|          0|
    |FIR_COEFFS_load_21_reg_63283              |   32|    0|   32|          0|
    |FIR_COEFFS_load_22_reg_64196              |   32|    0|   32|          0|
    |FIR_COEFFS_load_23_reg_64202              |   32|    0|   32|          0|
    |FIR_COEFFS_load_24_reg_64208              |   32|    0|   32|          0|
    |FIR_COEFFS_load_25_reg_64214              |   32|    0|   32|          0|
    |FIR_COEFFS_load_26_reg_64220              |   32|    0|   32|          0|
    |FIR_COEFFS_load_27_reg_64999              |   32|    0|   32|          0|
    |FIR_COEFFS_load_28_reg_65005              |   32|    0|   32|          0|
    |FIR_COEFFS_load_29_reg_65803              |   32|    0|   32|          0|
    |FIR_COEFFS_load_2_reg_61545               |   32|    0|   32|          0|
    |FIR_COEFFS_load_30_reg_65011              |   32|    0|   32|          0|
    |FIR_COEFFS_load_31_reg_65017              |   32|    0|   32|          0|
    |FIR_COEFFS_load_32_reg_65809              |   32|    0|   32|          0|
    |FIR_COEFFS_load_33_reg_66686              |   32|    0|   32|          0|
    |FIR_COEFFS_load_34_reg_66692              |   32|    0|   32|          0|
    |FIR_COEFFS_load_35_reg_66698              |   32|    0|   32|          0|
    |FIR_COEFFS_load_36_reg_66704              |   32|    0|   32|          0|
    |FIR_COEFFS_load_37_reg_67569              |   32|    0|   32|          0|
    |FIR_COEFFS_load_38_reg_67575              |   32|    0|   32|          0|
    |FIR_COEFFS_load_39_reg_68418              |   32|    0|   32|          0|
    |FIR_COEFFS_load_3_reg_61551               |   32|    0|   32|          0|
    |FIR_COEFFS_load_40_reg_67581              |   32|    0|   32|          0|
    |FIR_COEFFS_load_41_reg_67587              |   32|    0|   32|          0|
    |FIR_COEFFS_load_42_reg_68424              |   32|    0|   32|          0|
    |FIR_COEFFS_load_43_reg_69382              |   32|    0|   32|          0|
    |FIR_COEFFS_load_44_reg_69388              |   32|    0|   32|          0|
    |FIR_COEFFS_load_45_reg_68430              |   32|    0|   32|          0|
    |FIR_COEFFS_load_46_reg_68436              |   32|    0|   32|          0|
    |FIR_COEFFS_load_47_reg_69394              |   32|    0|   32|          0|
    |FIR_COEFFS_load_48_reg_70320              |   32|    0|   32|          0|
    |FIR_COEFFS_load_49_reg_71193              |   32|    0|   32|          0|
    |FIR_COEFFS_load_4_reg_61557               |   32|    0|   32|          0|
    |FIR_COEFFS_load_50_reg_70326              |   32|    0|   32|          0|
    |FIR_COEFFS_load_51_reg_70332              |   32|    0|   32|          0|
    |FIR_COEFFS_load_52_reg_71199              |   32|    0|   32|          0|
    |FIR_COEFFS_load_53_reg_72088              |   32|    0|   32|          0|
    |FIR_COEFFS_load_54_reg_72094              |   32|    0|   32|          0|
    |FIR_COEFFS_load_55_reg_71205              |   32|    0|   32|          0|
    |FIR_COEFFS_load_56_reg_71211              |   32|    0|   32|          0|
    |FIR_COEFFS_load_57_reg_72100              |   32|    0|   32|          0|
    |FIR_COEFFS_load_58_reg_73002              |   32|    0|   32|          0|
    |FIR_COEFFS_load_59_reg_73872              |   32|    0|   32|          0|
    |FIR_COEFFS_load_5_reg_61563               |   32|    0|   32|          0|
    |FIR_COEFFS_load_60_reg_73008              |   32|    0|   32|          0|
    |FIR_COEFFS_load_61_reg_73014              |   32|    0|   32|          0|
    |FIR_COEFFS_load_62_reg_73878              |   32|    0|   32|          0|
    |FIR_COEFFS_load_63_reg_74663              |   32|    0|   32|          0|
    |FIR_COEFFS_load_64_reg_74669              |   32|    0|   32|          0|
    |FIR_COEFFS_load_6_reg_61569               |   32|    0|   32|          0|
    |FIR_COEFFS_load_7_reg_61600               |   32|    0|   32|          0|
    |FIR_COEFFS_load_8_reg_61606               |   32|    0|   32|          0|
    |FIR_COEFFS_load_9_reg_61612               |   32|    0|   32|          0|
    |FIR_COEFFS_load_reg_61533                 |   32|    0|   32|          0|
    |Range1_all_ones_3_reg_60726               |    1|    0|    1|          0|
    |Range2_V_1_reg_60766                      |   54|    0|   54|          0|
    |acc_V_3_reg_1948                          |   40|    0|   40|          0|
    |add_ln217_reg_60611                       |   32|    0|   32|          0|
    |add_ln224_reg_60624                       |    7|    0|    7|          0|
    |add_ln225_reg_60629                       |    6|    0|    6|          0|
    |add_ln273_reg_61411                       |    9|    0|    9|          0|
    |add_ln415_1_reg_62557                     |   18|    0|   18|          0|
    |add_ln415_reg_62491                       |   18|    0|   18|          0|
    |add_ln618_10_reg_63063                    |   12|    0|   12|          0|
    |add_ln618_11_reg_63124                    |   12|    0|   12|          0|
    |add_ln618_12_reg_63883                    |   12|    0|   12|          0|
    |add_ln618_13_reg_63944                    |   12|    0|   12|          0|
    |add_ln618_14_reg_64005                    |   12|    0|   12|          0|
    |add_ln618_15_reg_64066                    |   12|    0|   12|          0|
    |add_ln618_16_reg_64127                    |   12|    0|   12|          0|
    |add_ln618_17_reg_64843                    |   12|    0|   12|          0|
    |add_ln618_18_reg_64904                    |   12|    0|   12|          0|
    |add_ln618_19_reg_65534                    |   12|    0|   12|          0|
    |add_ln618_1_reg_61980                     |   12|    0|   12|          0|
    |add_ln618_20_reg_65595                    |   12|    0|   12|          0|
    |add_ln618_21_reg_65656                    |   12|    0|   12|          0|
    |add_ln618_22_reg_66319                    |   12|    0|   12|          0|
    |add_ln618_23_reg_66380                    |   12|    0|   12|          0|
    |add_ln618_24_reg_66443                    |   12|    0|   12|          0|
    |add_ln618_25_reg_66504                    |   12|    0|   12|          0|
    |add_ln618_26_reg_66565                    |   12|    0|   12|          0|
    |add_ln618_27_reg_67317                    |   12|    0|   12|          0|
    |add_ln618_28_reg_67378                    |   12|    0|   12|          0|
    |add_ln618_29_reg_68142                    |   12|    0|   12|          0|
    |add_ln618_2_reg_62041                     |   12|    0|   12|          0|
    |add_ln618_30_reg_67465                    |   12|    0|   12|          0|
    |add_ln618_31_reg_67526                    |   12|    0|   12|          0|
    |add_ln618_32_reg_68297                    |   12|    0|   12|          0|
    |add_ln618_33_reg_69078                    |   12|    0|   12|          0|
    |add_ln618_34_reg_69139                    |   12|    0|   12|          0|
    |add_ln618_35_reg_69200                    |   12|    0|   12|          0|
    |add_ln618_36_reg_69261                    |   12|    0|   12|          0|
    |add_ln618_37_reg_70016                    |   12|    0|   12|          0|
    |add_ln618_38_reg_70077                    |   12|    0|   12|          0|
    |add_ln618_39_reg_70821                    |   12|    0|   12|          0|
    |add_ln618_3_reg_62102                     |   12|    0|   12|          0|
    |add_ln618_40_reg_70164                    |   12|    0|   12|          0|
    |add_ln618_41_reg_70225                    |   12|    0|   12|          0|
    |add_ln618_42_reg_70976                    |   12|    0|   12|          0|
    |add_ln618_43_reg_71777                    |   12|    0|   12|          0|
    |add_ln618_44_reg_71838                    |   12|    0|   12|          0|
    |add_ln618_45_reg_71089                    |   12|    0|   12|          0|
    |add_ln618_46_reg_71150                    |   12|    0|   12|          0|
    |add_ln618_47_reg_71993                    |   12|    0|   12|          0|
    |add_ln618_48_reg_72759                    |   12|    0|   12|          0|
    |add_ln618_49_reg_73500                    |   12|    0|   12|          0|
    |add_ln618_4_reg_62163                     |   12|    0|   12|          0|
    |add_ln618_50_reg_72846                    |   12|    0|   12|          0|
    |add_ln618_51_reg_72907                    |   12|    0|   12|          0|
    |add_ln618_52_reg_73655                    |   12|    0|   12|          0|
    |add_ln618_53_reg_74350                    |   12|    0|   12|          0|
    |add_ln618_54_reg_74411                    |   12|    0|   12|          0|
    |add_ln618_55_reg_73768                    |   12|    0|   12|          0|
    |add_ln618_56_reg_73829                    |   12|    0|   12|          0|
    |add_ln618_57_reg_74568                    |   12|    0|   12|          0|
    |add_ln618_58_reg_75262                    |   12|    0|   12|          0|
    |add_ln618_59_reg_75935                    |   12|    0|   12|          0|
    |add_ln618_5_reg_62224                     |   12|    0|   12|          0|
    |add_ln618_60_reg_75349                    |   12|    0|   12|          0|
    |add_ln618_61_reg_75410                    |   12|    0|   12|          0|
    |add_ln618_62_reg_76090                    |   12|    0|   12|          0|
    |add_ln618_63_reg_76659                    |   12|    0|   12|          0|
    |add_ln618_64_reg_76720                    |   12|    0|   12|          0|
    |add_ln618_6_reg_62285                     |   12|    0|   12|          0|
    |add_ln618_7_reg_62880                     |   12|    0|   12|          0|
    |add_ln618_8_reg_62941                     |   12|    0|   12|          0|
    |add_ln618_9_reg_63002                     |   12|    0|   12|          0|
    |add_ln618_reg_61915                       |   12|    0|   12|          0|
    |add_ln619_10_reg_63773                    |   12|    0|   12|          0|
    |add_ln619_11_reg_63820                    |   12|    0|   12|          0|
    |add_ln619_12_reg_64592                    |   12|    0|   12|          0|
    |add_ln619_13_reg_64639                    |   12|    0|   12|          0|
    |add_ln619_14_reg_64686                    |   12|    0|   12|          0|
    |add_ln619_15_reg_64733                    |   12|    0|   12|          0|
    |add_ln619_16_reg_64780                    |   12|    0|   12|          0|
    |add_ln619_17_reg_65424                    |   12|    0|   12|          0|
    |add_ln619_18_reg_65471                    |   12|    0|   12|          0|
    |add_ln619_19_reg_66162                    |   12|    0|   12|          0|
    |add_ln619_1_reg_62582                     |   12|    0|   12|          0|
    |add_ln619_20_reg_66209                    |   12|    0|   12|          0|
    |add_ln619_21_reg_66256                    |   12|    0|   12|          0|
    |add_ln619_22_reg_67066                    |   12|    0|   12|          0|
    |add_ln619_23_reg_67113                    |   12|    0|   12|          0|
    |add_ln619_24_reg_67160                    |   12|    0|   12|          0|
    |add_ln619_25_reg_67207                    |   12|    0|   12|          0|
    |add_ln619_26_reg_67254                    |   12|    0|   12|          0|
    |add_ln619_27_reg_68032                    |   12|    0|   12|          0|
    |add_ln619_28_reg_68079                    |   12|    0|   12|          0|
    |add_ln619_29_reg_68890                    |   12|    0|   12|          0|
    |add_ln619_2_reg_62629                     |   12|    0|   12|          0|
    |add_ln619_30_reg_68187                    |   12|    0|   12|          0|
    |add_ln619_31_reg_68234                    |   12|    0|   12|          0|
    |add_ln619_32_reg_69015                    |   12|    0|   12|          0|
    |add_ln619_33_reg_69812                    |   12|    0|   12|          0|
    |add_ln619_34_reg_69859                    |   12|    0|   12|          0|
    |add_ln619_35_reg_69906                    |   12|    0|   12|          0|
    |add_ln619_36_reg_69953                    |   12|    0|   12|          0|
    |add_ln619_37_reg_70711                    |   12|    0|   12|          0|
    |add_ln619_38_reg_70758                    |   12|    0|   12|          0|
    |add_ln619_39_reg_71589                    |   12|    0|   12|          0|
    |add_ln619_3_reg_62676                     |   12|    0|   12|          0|
    |add_ln619_40_reg_70866                    |   12|    0|   12|          0|
    |add_ln619_41_reg_70913                    |   12|    0|   12|          0|
    |add_ln619_42_reg_71714                    |   12|    0|   12|          0|
    |add_ln619_43_reg_72524                    |   12|    0|   12|          0|
    |add_ln619_44_reg_72571                    |   12|    0|   12|          0|
    |add_ln619_45_reg_71883                    |   12|    0|   12|          0|
    |add_ln619_46_reg_71930                    |   12|    0|   12|          0|
    |add_ln619_47_reg_72696                    |   12|    0|   12|          0|
    |add_ln619_48_reg_73437                    |   12|    0|   12|          0|
    |add_ln619_49_reg_74162                    |   12|    0|   12|          0|
    |add_ln619_4_reg_62723                     |   12|    0|   12|          0|
    |add_ln619_50_reg_73545                    |   12|    0|   12|          0|
    |add_ln619_51_reg_73592                    |   12|    0|   12|          0|
    |add_ln619_52_reg_74287                    |   12|    0|   12|          0|
    |add_ln619_53_reg_75027                    |   12|    0|   12|          0|
    |add_ln619_54_reg_75074                    |   12|    0|   12|          0|
    |add_ln619_55_reg_74458                    |   12|    0|   12|          0|
    |add_ln619_56_reg_74505                    |   12|    0|   12|          0|
    |add_ln619_57_reg_75199                    |   12|    0|   12|          0|
    |add_ln619_58_reg_75872                    |   12|    0|   12|          0|
    |add_ln619_59_reg_76471                    |   12|    0|   12|          0|
    |add_ln619_5_reg_62770                     |   12|    0|   12|          0|
    |add_ln619_60_reg_75980                    |   12|    0|   12|          0|
    |add_ln619_61_reg_76027                    |   12|    0|   12|          0|
    |add_ln619_62_reg_76596                    |   12|    0|   12|          0|
    |add_ln619_63_reg_77060                    |   12|    0|   12|          0|
    |add_ln619_64_reg_77107                    |   12|    0|   12|          0|
    |add_ln619_6_reg_62817                     |   12|    0|   12|          0|
    |add_ln619_7_reg_63632                     |   12|    0|   12|          0|
    |add_ln619_8_reg_63679                     |   12|    0|   12|          0|
    |add_ln619_9_reg_63726                     |   12|    0|   12|          0|
    |add_ln619_reg_62516                       |   12|    0|   12|          0|
    |add_ln703_1_reg_78014                     |   40|    0|   40|          0|
    |add_ln703_2_reg_78037                     |   40|    0|   40|          0|
    |add_ln703_3_reg_78054                     |   40|    0|   40|          0|
    |add_ln703_reg_77945                       |   40|    0|   40|          0|
    |and_ln340_117_reg_76399                   |    1|    0|    1|          0|
    |and_ln340_11_reg_64314                    |    1|    0|    1|          0|
    |and_ln340_125_reg_76988                   |    1|    0|    1|          0|
    |and_ln340_21_reg_65146                    |    1|    0|    1|          0|
    |and_ln340_41_reg_67756                    |    1|    0|    1|          0|
    |and_ln340_43_reg_67779                    |    1|    0|    1|          0|
    |and_ln340_51_reg_68729                    |    1|    0|    1|          0|
    |and_ln340_59_reg_69653                    |    1|    0|    1|          0|
    |and_ln340_61_reg_70487                    |    1|    0|    1|          0|
    |and_ln340_65_reg_69740                    |    1|    0|    1|          0|
    |and_ln340_69_reg_71403                    |    1|    0|    1|          0|
    |and_ln577_1_reg_62564                     |    1|    0|    1|          0|
    |and_ln577_reg_62498                       |    1|    0|    1|          0|
    |and_ln581_reg_60702                       |    1|    0|    1|          0|
    |and_ln603_102_reg_70537                   |    1|    0|    1|          0|
    |and_ln603_105_reg_70576                   |    1|    0|    1|          0|
    |and_ln603_108_reg_70615                   |    1|    0|    1|          0|
    |and_ln603_111_reg_70654                   |    1|    0|    1|          0|
    |and_ln603_114_reg_71493                   |    1|    0|    1|          0|
    |and_ln603_117_reg_71532                   |    1|    0|    1|          0|
    |and_ln603_120_reg_72378                   |    1|    0|    1|          0|
    |and_ln603_123_reg_71618                   |    1|    0|    1|          0|
    |and_ln603_126_reg_71657                   |    1|    0|    1|          0|
    |and_ln603_129_reg_72467                   |    1|    0|    1|          0|
    |and_ln603_12_reg_63458                    |    1|    0|    1|          0|
    |and_ln603_132_reg_73252                   |    1|    0|    1|          0|
    |and_ln603_135_reg_73291                   |    1|    0|    1|          0|
    |and_ln603_138_reg_72600                   |    1|    0|    1|          0|
    |and_ln603_141_reg_72639                   |    1|    0|    1|          0|
    |and_ln603_144_reg_73380                   |    1|    0|    1|          0|
    |and_ln603_147_reg_74105                   |    1|    0|    1|          0|
    |and_ln603_150_reg_74881                   |    1|    0|    1|          0|
    |and_ln603_153_reg_74191                   |    1|    0|    1|          0|
    |and_ln603_156_reg_74230                   |    1|    0|    1|          0|
    |and_ln603_159_reg_74970                   |    1|    0|    1|          0|
    |and_ln603_15_reg_63497                    |    1|    0|    1|          0|
    |and_ln603_162_reg_75687                   |    1|    0|    1|          0|
    |and_ln603_165_reg_75726                   |    1|    0|    1|          0|
    |and_ln603_168_reg_75103                   |    1|    0|    1|          0|
    |and_ln603_171_reg_75142                   |    1|    0|    1|          0|
    |and_ln603_174_reg_75815                   |    1|    0|    1|          0|
    |and_ln603_177_reg_76414                   |    1|    0|    1|          0|
    |and_ln603_180_reg_76916                   |    1|    0|    1|          0|
    |and_ln603_183_reg_76500                   |    1|    0|    1|          0|
    |and_ln603_186_reg_76539                   |    1|    0|    1|          0|
    |and_ln603_189_reg_77003                   |    1|    0|    1|          0|
    |and_ln603_18_reg_63536                    |    1|    0|    1|          0|
    |and_ln603_192_reg_77340                   |    1|    0|    1|          0|
    |and_ln603_195_reg_77379                   |    1|    0|    1|          0|
    |and_ln603_21_reg_63575                    |    1|    0|    1|          0|
    |and_ln603_24_reg_64379                    |    1|    0|    1|          0|
    |and_ln603_27_reg_64418                    |    1|    0|    1|          0|
    |and_ln603_30_reg_64457                    |    1|    0|    1|          0|
    |and_ln603_33_reg_64496                    |    1|    0|    1|          0|
    |and_ln603_36_reg_64535                    |    1|    0|    1|          0|
    |and_ln603_39_reg_65211                    |    1|    0|    1|          0|
    |and_ln603_3_reg_63316                     |    1|    0|    1|          0|
    |and_ln603_42_reg_65250                    |    1|    0|    1|          0|
    |and_ln603_45_reg_65289                    |    1|    0|    1|          0|
    |and_ln603_48_reg_65328                    |    1|    0|    1|          0|
    |and_ln603_51_reg_65367                    |    1|    0|    1|          0|
    |and_ln603_54_reg_66066                    |    1|    0|    1|          0|
    |and_ln603_57_reg_66105                    |    1|    0|    1|          0|
    |and_ln603_60_reg_66931                    |    1|    0|    1|          0|
    |and_ln603_63_reg_66970                    |    1|    0|    1|          0|
    |and_ln603_66_reg_67009                    |    1|    0|    1|          0|
    |and_ln603_69_reg_67819                    |    1|    0|    1|          0|
    |and_ln603_6_reg_63366                     |    1|    0|    1|          0|
    |and_ln603_72_reg_67858                    |    1|    0|    1|          0|
    |and_ln603_75_reg_67897                    |    1|    0|    1|          0|
    |and_ln603_78_reg_67936                    |    1|    0|    1|          0|
    |and_ln603_81_reg_67975                    |    1|    0|    1|          0|
    |and_ln603_84_reg_68794                    |    1|    0|    1|          0|
    |and_ln603_87_reg_68833                    |    1|    0|    1|          0|
    |and_ln603_90_reg_69668                    |    1|    0|    1|          0|
    |and_ln603_93_reg_68919                    |    1|    0|    1|          0|
    |and_ln603_96_reg_68958                    |    1|    0|    1|          0|
    |and_ln603_99_reg_69755                    |    1|    0|    1|          0|
    |and_ln603_9_reg_63419                     |    1|    0|    1|          0|
    |and_ln658_10_reg_65164                    |    1|    0|    1|          0|
    |and_ln658_11_reg_65189                    |    1|    0|    1|          0|
    |and_ln658_12_reg_65944                    |    1|    0|    1|          0|
    |and_ln658_13_reg_65969                    |    1|    0|    1|          0|
    |and_ln658_14_reg_65994                    |    1|    0|    1|          0|
    |and_ln658_15_reg_66019                    |    1|    0|    1|          0|
    |and_ln658_16_reg_66044                    |    1|    0|    1|          0|
    |and_ln658_17_reg_66884                    |    1|    0|    1|          0|
    |and_ln658_18_reg_66909                    |    1|    0|    1|          0|
    |and_ln658_19_reg_67745                    |    1|    0|    1|          0|
    |and_ln658_20_reg_67768                    |    1|    0|    1|          0|
    |and_ln658_21_reg_67797                    |    1|    0|    1|          0|
    |and_ln658_22_reg_68674                    |    1|    0|    1|          0|
    |and_ln658_23_reg_68699                    |    1|    0|    1|          0|
    |and_ln658_24_reg_68718                    |    1|    0|    1|          0|
    |and_ln658_25_reg_68747                    |    1|    0|    1|          0|
    |and_ln658_26_reg_68772                    |    1|    0|    1|          0|
    |and_ln658_27_reg_69623                    |    1|    0|    1|          0|
    |and_ln658_28_reg_69642                    |    1|    0|    1|          0|
    |and_ln658_29_reg_70476                    |    1|    0|    1|          0|
    |and_ln658_2_reg_64259                     |    1|    0|    1|          0|
    |and_ln658_30_reg_69710                    |    1|    0|    1|          0|
    |and_ln658_31_reg_69729                    |    1|    0|    1|          0|
    |and_ln658_32_reg_70515                    |    1|    0|    1|          0|
    |and_ln658_33_reg_71392                    |    1|    0|    1|          0|
    |and_ln658_34_reg_71421                    |    1|    0|    1|          0|
    |and_ln658_35_reg_71446                    |    1|    0|    1|          0|
    |and_ln658_36_reg_71471                    |    1|    0|    1|          0|
    |and_ln658_37_reg_72331                    |    1|    0|    1|          0|
    |and_ln658_38_reg_72356                    |    1|    0|    1|          0|
    |and_ln658_39_reg_73195                    |    1|    0|    1|          0|
    |and_ln658_3_reg_64284                     |    1|    0|    1|          0|
    |and_ln658_40_reg_72420                    |    1|    0|    1|          0|
    |and_ln658_41_reg_72445                    |    1|    0|    1|          0|
    |and_ln658_42_reg_73230                    |    1|    0|    1|          0|
    |and_ln658_43_reg_74023                    |    1|    0|    1|          0|
    |and_ln658_44_reg_74048                    |    1|    0|    1|          0|
    |and_ln658_45_reg_73333                    |    1|    0|    1|          0|
    |and_ln658_46_reg_73358                    |    1|    0|    1|          0|
    |and_ln658_47_reg_74083                    |    1|    0|    1|          0|
    |and_ln658_48_reg_74859                    |    1|    0|    1|          0|
    |and_ln658_49_reg_75630                    |    1|    0|    1|          0|
    |and_ln658_4_reg_64303                     |    1|    0|    1|          0|
    |and_ln658_50_reg_74923                    |    1|    0|    1|          0|
    |and_ln658_51_reg_74948                    |    1|    0|    1|          0|
    |and_ln658_52_reg_75665                    |    1|    0|    1|          0|
    |and_ln658_53_reg_76334                    |    1|    0|    1|          0|
    |and_ln658_54_reg_76359                    |    1|    0|    1|          0|
    |and_ln658_55_reg_75768                    |    1|    0|    1|          0|
    |and_ln658_56_reg_75793                    |    1|    0|    1|          0|
    |and_ln658_57_reg_76388                    |    1|    0|    1|          0|
    |and_ln658_58_reg_76894                    |    1|    0|    1|          0|
    |and_ln658_59_reg_77283                    |    1|    0|    1|          0|
    |and_ln658_5_reg_64332                     |    1|    0|    1|          0|
    |and_ln658_60_reg_76958                    |    1|    0|    1|          0|
    |and_ln658_61_reg_76977                    |    1|    0|    1|          0|
    |and_ln658_62_reg_77318                    |    1|    0|    1|          0|
    |and_ln658_63_reg_77583                    |    1|    0|    1|          0|
    |and_ln658_64_reg_77608                    |    1|    0|    1|          0|
    |and_ln658_6_reg_64357                     |    1|    0|    1|          0|
    |and_ln658_7_reg_65091                     |    1|    0|    1|          0|
    |and_ln658_8_reg_65116                     |    1|    0|    1|          0|
    |and_ln658_9_reg_65135                     |    1|    0|    1|          0|
    |and_ln659_100_reg_75636                   |    1|    0|    1|          0|
    |and_ln659_102_reg_74929                   |    1|    0|    1|          0|
    |and_ln659_104_reg_74954                   |    1|    0|    1|          0|
    |and_ln659_106_reg_75671                   |    1|    0|    1|          0|
    |and_ln659_108_reg_76340                   |    1|    0|    1|          0|
    |and_ln659_110_reg_76365                   |    1|    0|    1|          0|
    |and_ln659_112_reg_75774                   |    1|    0|    1|          0|
    |and_ln659_114_reg_75799                   |    1|    0|    1|          0|
    |and_ln659_117_reg_76393                   |    1|    0|    1|          0|
    |and_ln659_118_reg_76900                   |    1|    0|    1|          0|
    |and_ln659_11_reg_64308                    |    1|    0|    1|          0|
    |and_ln659_120_reg_77289                   |    1|    0|    1|          0|
    |and_ln659_122_reg_76964                   |    1|    0|    1|          0|
    |and_ln659_125_reg_76982                   |    1|    0|    1|          0|
    |and_ln659_126_reg_77324                   |    1|    0|    1|          0|
    |and_ln659_128_reg_77589                   |    1|    0|    1|          0|
    |and_ln659_12_reg_64338                    |    1|    0|    1|          0|
    |and_ln659_130_reg_77614                   |    1|    0|    1|          0|
    |and_ln659_14_reg_64363                    |    1|    0|    1|          0|
    |and_ln659_16_reg_65097                    |    1|    0|    1|          0|
    |and_ln659_18_reg_65122                    |    1|    0|    1|          0|
    |and_ln659_21_reg_65140                    |    1|    0|    1|          0|
    |and_ln659_22_reg_65170                    |    1|    0|    1|          0|
    |and_ln659_24_reg_65195                    |    1|    0|    1|          0|
    |and_ln659_26_reg_65950                    |    1|    0|    1|          0|
    |and_ln659_28_reg_65975                    |    1|    0|    1|          0|
    |and_ln659_30_reg_66000                    |    1|    0|    1|          0|
    |and_ln659_32_reg_66025                    |    1|    0|    1|          0|
    |and_ln659_34_reg_66050                    |    1|    0|    1|          0|
    |and_ln659_36_reg_66890                    |    1|    0|    1|          0|
    |and_ln659_38_reg_66915                    |    1|    0|    1|          0|
    |and_ln659_41_reg_67750                    |    1|    0|    1|          0|
    |and_ln659_43_reg_67773                    |    1|    0|    1|          0|
    |and_ln659_44_reg_67803                    |    1|    0|    1|          0|
    |and_ln659_46_reg_68680                    |    1|    0|    1|          0|
    |and_ln659_48_reg_68705                    |    1|    0|    1|          0|
    |and_ln659_51_reg_68723                    |    1|    0|    1|          0|
    |and_ln659_52_reg_68753                    |    1|    0|    1|          0|
    |and_ln659_54_reg_68778                    |    1|    0|    1|          0|
    |and_ln659_56_reg_69629                    |    1|    0|    1|          0|
    |and_ln659_59_reg_69647                    |    1|    0|    1|          0|
    |and_ln659_61_reg_70481                    |    1|    0|    1|          0|
    |and_ln659_62_reg_69716                    |    1|    0|    1|          0|
    |and_ln659_65_reg_69734                    |    1|    0|    1|          0|
    |and_ln659_66_reg_70521                    |    1|    0|    1|          0|
    |and_ln659_69_reg_71397                    |    1|    0|    1|          0|
    |and_ln659_6_reg_64265                     |    1|    0|    1|          0|
    |and_ln659_70_reg_71427                    |    1|    0|    1|          0|
    |and_ln659_72_reg_71452                    |    1|    0|    1|          0|
    |and_ln659_74_reg_71477                    |    1|    0|    1|          0|
    |and_ln659_76_reg_72337                    |    1|    0|    1|          0|
    |and_ln659_78_reg_72362                    |    1|    0|    1|          0|
    |and_ln659_80_reg_73201                    |    1|    0|    1|          0|
    |and_ln659_82_reg_72426                    |    1|    0|    1|          0|
    |and_ln659_84_reg_72451                    |    1|    0|    1|          0|
    |and_ln659_86_reg_73236                    |    1|    0|    1|          0|
    |and_ln659_88_reg_74029                    |    1|    0|    1|          0|
    |and_ln659_8_reg_64290                     |    1|    0|    1|          0|
    |and_ln659_90_reg_74054                    |    1|    0|    1|          0|
    |and_ln659_92_reg_73339                    |    1|    0|    1|          0|
    |and_ln659_94_reg_73364                    |    1|    0|    1|          0|
    |and_ln659_96_reg_74089                    |    1|    0|    1|          0|
    |and_ln659_98_reg_74865                    |    1|    0|    1|          0|
    |and_ln786_100_reg_74742                   |    1|    0|    1|          0|
    |and_ln786_101_reg_74762                   |    1|    0|    1|          0|
    |and_ln786_102_reg_75463                   |    1|    0|    1|          0|
    |and_ln786_104_reg_76181                   |    1|    0|    1|          0|
    |and_ln786_105_reg_75530                   |    1|    0|    1|          0|
    |and_ln786_106_reg_75563                   |    1|    0|    1|          0|
    |and_ln786_107_reg_76214                   |    1|    0|    1|          0|
    |and_ln786_108_reg_76759                   |    1|    0|    1|          0|
    |and_ln786_10_reg_68557                    |    1|    0|    1|          0|
    |and_ln786_114_reg_77430                   |    1|    0|    1|          0|
    |and_ln786_115_reg_77183                   |    1|    0|    1|          0|
    |and_ln786_116_reg_77216                   |    1|    0|    1|          0|
    |and_ln786_117_reg_77463                   |    1|    0|    1|          0|
    |and_ln786_118_reg_77642                   |    1|    0|    1|          0|
    |and_ln786_11_reg_68590                    |    1|    0|    1|          0|
    |and_ln786_124_reg_77883                   |    1|    0|    1|          0|
    |and_ln786_125_reg_77806                   |    1|    0|    1|          0|
    |and_ln786_126_reg_77834                   |    1|    0|    1|          0|
    |and_ln786_127_reg_77916                   |    1|    0|    1|          0|
    |and_ln786_128_reg_77978                   |    1|    0|    1|          0|
    |and_ln786_12_reg_69447                    |    1|    0|    1|          0|
    |and_ln786_13_reg_69480                    |    1|    0|    1|          0|
    |and_ln786_19_reg_71259                    |    1|    0|    1|          0|
    |and_ln786_20_reg_71280                    |    1|    0|    1|          0|
    |and_ln786_21_reg_71300                    |    1|    0|    1|          0|
    |and_ln786_22_reg_72131                    |    1|    0|    1|          0|
    |and_ln786_23_reg_72163                    |    1|    0|    1|          0|
    |and_ln786_25_reg_72220                    |    1|    0|    1|          0|
    |and_ln786_26_reg_72253                    |    1|    0|    1|          0|
    |and_ln786_27_reg_73057                    |    1|    0|    1|          0|
    |and_ln786_29_reg_73911                    |    1|    0|    1|          0|
    |and_ln786_33_reg_74702                    |    1|    0|    1|          0|
    |and_ln786_35_reg_74747                    |    1|    0|    1|          0|
    |and_ln786_36_reg_74767                    |    1|    0|    1|          0|
    |and_ln786_37_reg_75468                    |    1|    0|    1|          0|
    |and_ln786_39_reg_76186                    |    1|    0|    1|          0|
    |and_ln786_40_reg_75535                    |    1|    0|    1|          0|
    |and_ln786_41_reg_75568                    |    1|    0|    1|          0|
    |and_ln786_42_reg_76219                    |    1|    0|    1|          0|
    |and_ln786_43_reg_76764                    |    1|    0|    1|          0|
    |and_ln786_49_reg_77435                    |    1|    0|    1|          0|
    |and_ln786_50_reg_77188                    |    1|    0|    1|          0|
    |and_ln786_51_reg_77221                    |    1|    0|    1|          0|
    |and_ln786_52_reg_77468                    |    1|    0|    1|          0|
    |and_ln786_53_reg_77647                    |    1|    0|    1|          0|
    |and_ln786_59_reg_77888                    |    1|    0|    1|          0|
    |and_ln786_5_reg_67623                     |    1|    0|    1|          0|
    |and_ln786_6_reg_67643                     |    1|    0|    1|          0|
    |and_ln786_70_reg_67618                    |    1|    0|    1|          0|
    |and_ln786_71_reg_67638                    |    1|    0|    1|          0|
    |and_ln786_72_reg_68467                    |    1|    0|    1|          0|
    |and_ln786_73_reg_68487                    |    1|    0|    1|          0|
    |and_ln786_74_reg_68519                    |    1|    0|    1|          0|
    |and_ln786_75_reg_68552                    |    1|    0|    1|          0|
    |and_ln786_76_reg_68585                    |    1|    0|    1|          0|
    |and_ln786_77_reg_69442                    |    1|    0|    1|          0|
    |and_ln786_78_reg_69475                    |    1|    0|    1|          0|
    |and_ln786_7_reg_68472                     |    1|    0|    1|          0|
    |and_ln786_84_reg_71254                    |    1|    0|    1|          0|
    |and_ln786_85_reg_71275                    |    1|    0|    1|          0|
    |and_ln786_86_reg_71295                    |    1|    0|    1|          0|
    |and_ln786_87_reg_72126                    |    1|    0|    1|          0|
    |and_ln786_88_reg_72158                    |    1|    0|    1|          0|
    |and_ln786_8_reg_68492                     |    1|    0|    1|          0|
    |and_ln786_90_reg_72215                    |    1|    0|    1|          0|
    |and_ln786_91_reg_72248                    |    1|    0|    1|          0|
    |and_ln786_92_reg_73052                    |    1|    0|    1|          0|
    |and_ln786_94_reg_73906                    |    1|    0|    1|          0|
    |and_ln786_98_reg_74697                    |    1|    0|    1|          0|
    |and_ln786_9_reg_68524                     |    1|    0|    1|          0|
    |ap_CS_fsm                                 |   22|    0|   22|          0|
    |ap_enable_reg_pp1_iter0                   |    1|    0|    1|          0|
    |ap_enable_reg_pp1_iter1                   |    1|    0|    1|          0|
    |ap_enable_reg_pp1_iter2                   |    1|    0|    1|          0|
    |ap_enable_reg_pp1_iter3                   |    1|    0|    1|          0|
    |ap_enable_reg_pp1_iter4                   |    1|    0|    1|          0|
    |ap_enable_reg_pp1_iter5                   |    1|    0|    1|          0|
    |ap_enable_reg_pp2_iter0                   |    1|    0|    1|          0|
    |ap_enable_reg_pp2_iter1                   |    1|    0|    1|          0|
    |ap_enable_reg_pp2_iter10                  |    1|    0|    1|          0|
    |ap_enable_reg_pp2_iter11                  |    1|    0|    1|          0|
    |ap_enable_reg_pp2_iter12                  |    1|    0|    1|          0|
    |ap_enable_reg_pp2_iter13                  |    1|    0|    1|          0|
    |ap_enable_reg_pp2_iter14                  |    1|    0|    1|          0|
    |ap_enable_reg_pp2_iter15                  |    1|    0|    1|          0|
    |ap_enable_reg_pp2_iter16                  |    1|    0|    1|          0|
    |ap_enable_reg_pp2_iter17                  |    1|    0|    1|          0|
    |ap_enable_reg_pp2_iter18                  |    1|    0|    1|          0|
    |ap_enable_reg_pp2_iter19                  |    1|    0|    1|          0|
    |ap_enable_reg_pp2_iter2                   |    1|    0|    1|          0|
    |ap_enable_reg_pp2_iter20                  |    1|    0|    1|          0|
    |ap_enable_reg_pp2_iter21                  |    1|    0|    1|          0|
    |ap_enable_reg_pp2_iter22                  |    1|    0|    1|          0|
    |ap_enable_reg_pp2_iter23                  |    1|    0|    1|          0|
    |ap_enable_reg_pp2_iter24                  |    1|    0|    1|          0|
    |ap_enable_reg_pp2_iter25                  |    1|    0|    1|          0|
    |ap_enable_reg_pp2_iter26                  |    1|    0|    1|          0|
    |ap_enable_reg_pp2_iter27                  |    1|    0|    1|          0|
    |ap_enable_reg_pp2_iter28                  |    1|    0|    1|          0|
    |ap_enable_reg_pp2_iter29                  |    1|    0|    1|          0|
    |ap_enable_reg_pp2_iter3                   |    1|    0|    1|          0|
    |ap_enable_reg_pp2_iter30                  |    1|    0|    1|          0|
    |ap_enable_reg_pp2_iter31                  |    1|    0|    1|          0|
    |ap_enable_reg_pp2_iter32                  |    1|    0|    1|          0|
    |ap_enable_reg_pp2_iter33                  |    1|    0|    1|          0|
    |ap_enable_reg_pp2_iter34                  |    1|    0|    1|          0|
    |ap_enable_reg_pp2_iter35                  |    1|    0|    1|          0|
    |ap_enable_reg_pp2_iter36                  |    1|    0|    1|          0|
    |ap_enable_reg_pp2_iter37                  |    1|    0|    1|          0|
    |ap_enable_reg_pp2_iter38                  |    1|    0|    1|          0|
    |ap_enable_reg_pp2_iter39                  |    1|    0|    1|          0|
    |ap_enable_reg_pp2_iter4                   |    1|    0|    1|          0|
    |ap_enable_reg_pp2_iter40                  |    1|    0|    1|          0|
    |ap_enable_reg_pp2_iter41                  |    1|    0|    1|          0|
    |ap_enable_reg_pp2_iter42                  |    1|    0|    1|          0|
    |ap_enable_reg_pp2_iter5                   |    1|    0|    1|          0|
    |ap_enable_reg_pp2_iter6                   |    1|    0|    1|          0|
    |ap_enable_reg_pp2_iter7                   |    1|    0|    1|          0|
    |ap_enable_reg_pp2_iter8                   |    1|    0|    1|          0|
    |ap_enable_reg_pp2_iter9                   |    1|    0|    1|          0|
    |b_reg_1937                                |    3|    0|    3|          0|
    |deleted_ones_reg_60804                    |    1|    0|    1|          0|
    |hist_V_0_load_1_reg_60846                 |   16|    0|   16|          0|
    |hist_V_0_load_2_reg_60877                 |   16|    0|   16|          0|
    |hist_V_0_load_3_reg_60902                 |   16|    0|   16|          0|
    |hist_V_0_load_4_reg_60927                 |   16|    0|   16|          0|
    |hist_V_0_load_5_reg_60952                 |   16|    0|   16|          0|
    |hist_V_0_load_6_reg_60977                 |   16|    0|   16|          0|
    |hist_V_0_load_7_reg_61002                 |   16|    0|   16|          0|
    |hist_V_0_load_8_reg_61027                 |   16|    0|   16|          0|
    |hist_V_0_load_9_reg_61052                 |   16|    0|   16|          0|
    |hist_V_0_load_reg_60821                   |   16|    0|   16|          0|
    |hist_V_1_load_10_reg_61057                |   16|    0|   16|          0|
    |hist_V_1_load_1_reg_60826                 |   16|    0|   16|          0|
    |hist_V_1_load_2_reg_60851                 |   16|    0|   16|          0|
    |hist_V_1_load_3_reg_60882                 |   16|    0|   16|          0|
    |hist_V_1_load_4_reg_60907                 |   16|    0|   16|          0|
    |hist_V_1_load_5_reg_60932                 |   16|    0|   16|          0|
    |hist_V_1_load_6_reg_60957                 |   16|    0|   16|          0|
    |hist_V_1_load_7_reg_60982                 |   16|    0|   16|          0|
    |hist_V_1_load_8_reg_61007                 |   16|    0|   16|          0|
    |hist_V_1_load_9_reg_61032                 |   16|    0|   16|          0|
    |hist_V_1_load_reg_60772                   |   16|    0|   16|          0|
    |hist_V_2_load_10_reg_61062                |   16|    0|   16|          0|
    |hist_V_2_load_1_reg_60831                 |   16|    0|   16|          0|
    |hist_V_2_load_2_reg_60856                 |   16|    0|   16|          0|
    |hist_V_2_load_3_reg_60887                 |   16|    0|   16|          0|
    |hist_V_2_load_4_reg_60912                 |   16|    0|   16|          0|
    |hist_V_2_load_5_reg_60937                 |   16|    0|   16|          0|
    |hist_V_2_load_6_reg_60962                 |   16|    0|   16|          0|
    |hist_V_2_load_7_reg_60987                 |   16|    0|   16|          0|
    |hist_V_2_load_8_reg_61012                 |   16|    0|   16|          0|
    |hist_V_2_load_9_reg_61037                 |   16|    0|   16|          0|
    |hist_V_2_load_reg_60777                   |   16|    0|   16|          0|
    |hist_V_3_load_10_reg_61067                |   16|    0|   16|          0|
    |hist_V_3_load_1_reg_60836                 |   16|    0|   16|          0|
    |hist_V_3_load_2_reg_60861                 |   16|    0|   16|          0|
    |hist_V_3_load_3_reg_60892                 |   16|    0|   16|          0|
    |hist_V_3_load_4_reg_60917                 |   16|    0|   16|          0|
    |hist_V_3_load_5_reg_60942                 |   16|    0|   16|          0|
    |hist_V_3_load_6_reg_60967                 |   16|    0|   16|          0|
    |hist_V_3_load_7_reg_60992                 |   16|    0|   16|          0|
    |hist_V_3_load_8_reg_61017                 |   16|    0|   16|          0|
    |hist_V_3_load_9_reg_61042                 |   16|    0|   16|          0|
    |hist_V_3_load_reg_60782                   |   16|    0|   16|          0|
    |hist_V_4_load_10_reg_61072                |   16|    0|   16|          0|
    |hist_V_4_load_1_reg_60841                 |   16|    0|   16|          0|
    |hist_V_4_load_2_reg_60866                 |   16|    0|   16|          0|
    |hist_V_4_load_3_reg_60897                 |   16|    0|   16|          0|
    |hist_V_4_load_4_reg_60922                 |   16|    0|   16|          0|
    |hist_V_4_load_5_reg_60947                 |   16|    0|   16|          0|
    |hist_V_4_load_6_reg_60972                 |   16|    0|   16|          0|
    |hist_V_4_load_7_reg_60997                 |   16|    0|   16|          0|
    |hist_V_4_load_8_reg_61022                 |   16|    0|   16|          0|
    |hist_V_4_load_9_reg_61047                 |   16|    0|   16|          0|
    |hist_V_4_load_reg_60787                   |   16|    0|   16|          0|
    |icmp_ln1497_reg_78098                     |    1|    0|    1|          0|
    |icmp_ln224_reg_60620                      |    1|    0|    1|          0|
    |icmp_ln233_reg_61407                      |    1|    0|    1|          0|
    |icmp_ln571_10_reg_62373                   |    1|    0|    1|          0|
    |icmp_ln571_11_reg_62399                   |    1|    0|    1|          0|
    |icmp_ln571_12_reg_62425                   |    1|    0|    1|          0|
    |icmp_ln571_13_reg_63160                   |    1|    0|    1|          0|
    |icmp_ln571_14_reg_63186                   |    1|    0|    1|          0|
    |icmp_ln571_15_reg_63212                   |    1|    0|    1|          0|
    |icmp_ln571_16_reg_63238                   |    1|    0|    1|          0|
    |icmp_ln571_17_reg_63264                   |    1|    0|    1|          0|
    |icmp_ln571_18_reg_64163                   |    1|    0|    1|          0|
    |icmp_ln571_19_reg_64189                   |    1|    0|    1|          0|
    |icmp_ln571_1_reg_61659                    |    1|    0|    1|          0|
    |icmp_ln571_20_reg_64940                   |    1|    0|    1|          0|
    |icmp_ln571_21_reg_64966                   |    1|    0|    1|          0|
    |icmp_ln571_22_reg_64992                   |    1|    0|    1|          0|
    |icmp_ln571_23_reg_65692                   |    1|    0|    1|          0|
    |icmp_ln571_24_reg_65718                   |    1|    0|    1|          0|
    |icmp_ln571_25_reg_65744                   |    1|    0|    1|          0|
    |icmp_ln571_26_reg_65770                   |    1|    0|    1|          0|
    |icmp_ln571_27_reg_65796                   |    1|    0|    1|          0|
    |icmp_ln571_28_reg_66601                   |    1|    0|    1|          0|
    |icmp_ln571_29_reg_66627                   |    1|    0|    1|          0|
    |icmp_ln571_2_reg_61685                    |    1|    0|    1|          0|
    |icmp_ln571_30_reg_67414                   |    1|    0|    1|          0|
    |icmp_ln571_31_reg_66653                   |    1|    0|    1|          0|
    |icmp_ln571_32_reg_66679                   |    1|    0|    1|          0|
    |icmp_ln571_33_reg_67562                   |    1|    0|    1|          0|
    |icmp_ln571_34_reg_68333                   |    1|    0|    1|          0|
    |icmp_ln571_35_reg_68359                   |    1|    0|    1|          0|
    |icmp_ln571_36_reg_68385                   |    1|    0|    1|          0|
    |icmp_ln571_37_reg_68411                   |    1|    0|    1|          0|
    |icmp_ln571_38_reg_69297                   |    1|    0|    1|          0|
    |icmp_ln571_39_reg_69323                   |    1|    0|    1|          0|
    |icmp_ln571_3_reg_61711                    |    1|    0|    1|          0|
    |icmp_ln571_40_reg_70113                   |    1|    0|    1|          0|
    |icmp_ln571_41_reg_69349                   |    1|    0|    1|          0|
    |icmp_ln571_42_reg_69375                   |    1|    0|    1|          0|
    |icmp_ln571_43_reg_70261                   |    1|    0|    1|          0|
    |icmp_ln571_44_reg_71012                   |    1|    0|    1|          0|
    |icmp_ln571_45_reg_71038                   |    1|    0|    1|          0|
    |icmp_ln571_46_reg_70287                   |    1|    0|    1|          0|
    |icmp_ln571_47_reg_70313                   |    1|    0|    1|          0|
    |icmp_ln571_48_reg_71186                   |    1|    0|    1|          0|
    |icmp_ln571_49_reg_72029                   |    1|    0|    1|          0|
    |icmp_ln571_4_reg_61737                    |    1|    0|    1|          0|
    |icmp_ln571_50_reg_72795                   |    1|    0|    1|          0|
    |icmp_ln571_51_reg_72055                   |    1|    0|    1|          0|
    |icmp_ln571_52_reg_72081                   |    1|    0|    1|          0|
    |icmp_ln571_53_reg_72943                   |    1|    0|    1|          0|
    |icmp_ln571_54_reg_73691                   |    1|    0|    1|          0|
    |icmp_ln571_55_reg_73717                   |    1|    0|    1|          0|
    |icmp_ln571_56_reg_72969                   |    1|    0|    1|          0|
    |icmp_ln571_57_reg_72995                   |    1|    0|    1|          0|
    |icmp_ln571_58_reg_73865                   |    1|    0|    1|          0|
    |icmp_ln571_59_reg_74604                   |    1|    0|    1|          0|
    |icmp_ln571_5_reg_61763                    |    1|    0|    1|          0|
    |icmp_ln571_60_reg_75298                   |    1|    0|    1|          0|
    |icmp_ln571_61_reg_74630                   |    1|    0|    1|          0|
    |icmp_ln571_62_reg_74656                   |    1|    0|    1|          0|
    |icmp_ln571_63_reg_75446                   |    1|    0|    1|          0|
    |icmp_ln571_64_reg_76126                   |    1|    0|    1|          0|
    |icmp_ln571_65_reg_76152                   |    1|    0|    1|          0|
    |icmp_ln571_6_reg_61789                    |    1|    0|    1|          0|
    |icmp_ln571_7_reg_61815                    |    1|    0|    1|          0|
    |icmp_ln571_8_reg_62321                    |    1|    0|    1|          0|
    |icmp_ln571_9_reg_62347                    |    1|    0|    1|          0|
    |icmp_ln571_reg_60269                      |    1|    0|    1|          0|
    |icmp_ln577_100_reg_70610                  |    1|    0|    1|          0|
    |icmp_ln577_101_reg_70649                  |    1|    0|    1|          0|
    |icmp_ln577_102_reg_71488                  |    1|    0|    1|          0|
    |icmp_ln577_103_reg_71527                  |    1|    0|    1|          0|
    |icmp_ln577_104_reg_72373                  |    1|    0|    1|          0|
    |icmp_ln577_105_reg_71613                  |    1|    0|    1|          0|
    |icmp_ln577_106_reg_71652                  |    1|    0|    1|          0|
    |icmp_ln577_107_reg_72462                  |    1|    0|    1|          0|
    |icmp_ln577_108_reg_73247                  |    1|    0|    1|          0|
    |icmp_ln577_109_reg_73286                  |    1|    0|    1|          0|
    |icmp_ln577_10_reg_63039                   |    1|    0|    1|          0|
    |icmp_ln577_10_reg_63039_pp2_iter6_reg     |    1|    0|    1|          0|
    |icmp_ln577_110_reg_72595                  |    1|    0|    1|          0|
    |icmp_ln577_111_reg_72634                  |    1|    0|    1|          0|
    |icmp_ln577_112_reg_73375                  |    1|    0|    1|          0|
    |icmp_ln577_113_reg_74100                  |    1|    0|    1|          0|
    |icmp_ln577_114_reg_74876                  |    1|    0|    1|          0|
    |icmp_ln577_115_reg_74186                  |    1|    0|    1|          0|
    |icmp_ln577_116_reg_74225                  |    1|    0|    1|          0|
    |icmp_ln577_117_reg_74965                  |    1|    0|    1|          0|
    |icmp_ln577_118_reg_75682                  |    1|    0|    1|          0|
    |icmp_ln577_119_reg_75721                  |    1|    0|    1|          0|
    |icmp_ln577_11_reg_63100                   |    1|    0|    1|          0|
    |icmp_ln577_11_reg_63100_pp2_iter6_reg     |    1|    0|    1|          0|
    |icmp_ln577_120_reg_75098                  |    1|    0|    1|          0|
    |icmp_ln577_121_reg_75137                  |    1|    0|    1|          0|
    |icmp_ln577_122_reg_75810                  |    1|    0|    1|          0|
    |icmp_ln577_123_reg_76409                  |    1|    0|    1|          0|
    |icmp_ln577_124_reg_76911                  |    1|    0|    1|          0|
    |icmp_ln577_125_reg_76495                  |    1|    0|    1|          0|
    |icmp_ln577_126_reg_76534                  |    1|    0|    1|          0|
    |icmp_ln577_127_reg_76998                  |    1|    0|    1|          0|
    |icmp_ln577_128_reg_77335                  |    1|    0|    1|          0|
    |icmp_ln577_129_reg_77374                  |    1|    0|    1|          0|
    |icmp_ln577_12_reg_63859                   |    1|    0|    1|          0|
    |icmp_ln577_12_reg_63859_pp2_iter7_reg     |    1|    0|    1|          0|
    |icmp_ln577_13_reg_63920                   |    1|    0|    1|          0|
    |icmp_ln577_13_reg_63920_pp2_iter7_reg     |    1|    0|    1|          0|
    |icmp_ln577_14_reg_63981                   |    1|    0|    1|          0|
    |icmp_ln577_14_reg_63981_pp2_iter7_reg     |    1|    0|    1|          0|
    |icmp_ln577_15_reg_64042                   |    1|    0|    1|          0|
    |icmp_ln577_15_reg_64042_pp2_iter7_reg     |    1|    0|    1|          0|
    |icmp_ln577_16_reg_64103                   |    1|    0|    1|          0|
    |icmp_ln577_16_reg_64103_pp2_iter7_reg     |    1|    0|    1|          0|
    |icmp_ln577_17_reg_64819                   |    1|    0|    1|          0|
    |icmp_ln577_17_reg_64819_pp2_iter8_reg     |    1|    0|    1|          0|
    |icmp_ln577_18_reg_64880                   |    1|    0|    1|          0|
    |icmp_ln577_18_reg_64880_pp2_iter8_reg     |    1|    0|    1|          0|
    |icmp_ln577_19_reg_65510                   |    1|    0|    1|          0|
    |icmp_ln577_19_reg_65510_pp2_iter9_reg     |    1|    0|    1|          0|
    |icmp_ln577_1_reg_61952                    |    1|    0|    1|          0|
    |icmp_ln577_20_reg_65571                   |    1|    0|    1|          0|
    |icmp_ln577_20_reg_65571_pp2_iter9_reg     |    1|    0|    1|          0|
    |icmp_ln577_21_reg_65632                   |    1|    0|    1|          0|
    |icmp_ln577_21_reg_65632_pp2_iter9_reg     |    1|    0|    1|          0|
    |icmp_ln577_22_reg_66295                   |    1|    0|    1|          0|
    |icmp_ln577_22_reg_66295_pp2_iter10_reg    |    1|    0|    1|          0|
    |icmp_ln577_23_reg_66356                   |    1|    0|    1|          0|
    |icmp_ln577_23_reg_66356_pp2_iter10_reg    |    1|    0|    1|          0|
    |icmp_ln577_24_reg_66419                   |    1|    0|    1|          0|
    |icmp_ln577_24_reg_66419_pp2_iter10_reg    |    1|    0|    1|          0|
    |icmp_ln577_25_reg_66480                   |    1|    0|    1|          0|
    |icmp_ln577_25_reg_66480_pp2_iter10_reg    |    1|    0|    1|          0|
    |icmp_ln577_26_reg_66541                   |    1|    0|    1|          0|
    |icmp_ln577_26_reg_66541_pp2_iter10_reg    |    1|    0|    1|          0|
    |icmp_ln577_27_reg_67293                   |    1|    0|    1|          0|
    |icmp_ln577_27_reg_67293_pp2_iter11_reg    |    1|    0|    1|          0|
    |icmp_ln577_28_reg_67354                   |    1|    0|    1|          0|
    |icmp_ln577_28_reg_67354_pp2_iter11_reg    |    1|    0|    1|          0|
    |icmp_ln577_29_reg_68118                   |    1|    0|    1|          0|
    |icmp_ln577_29_reg_68118_pp2_iter12_reg    |    1|    0|    1|          0|
    |icmp_ln577_2_reg_62017                    |    1|    0|    1|          0|
    |icmp_ln577_2_reg_62017_pp2_iter5_reg      |    1|    0|    1|          0|
    |icmp_ln577_30_reg_67441                   |    1|    0|    1|          0|
    |icmp_ln577_30_reg_67441_pp2_iter11_reg    |    1|    0|    1|          0|
    |icmp_ln577_31_reg_67502                   |    1|    0|    1|          0|
    |icmp_ln577_31_reg_67502_pp2_iter11_reg    |    1|    0|    1|          0|
    |icmp_ln577_32_reg_68273                   |    1|    0|    1|          0|
    |icmp_ln577_32_reg_68273_pp2_iter12_reg    |    1|    0|    1|          0|
    |icmp_ln577_33_reg_69054                   |    1|    0|    1|          0|
    |icmp_ln577_33_reg_69054_pp2_iter13_reg    |    1|    0|    1|          0|
    |icmp_ln577_34_reg_69115                   |    1|    0|    1|          0|
    |icmp_ln577_34_reg_69115_pp2_iter13_reg    |    1|    0|    1|          0|
    |icmp_ln577_35_reg_69176                   |    1|    0|    1|          0|
    |icmp_ln577_35_reg_69176_pp2_iter13_reg    |    1|    0|    1|          0|
    |icmp_ln577_36_reg_69237                   |    1|    0|    1|          0|
    |icmp_ln577_36_reg_69237_pp2_iter13_reg    |    1|    0|    1|          0|
    |icmp_ln577_37_reg_69992                   |    1|    0|    1|          0|
    |icmp_ln577_37_reg_69992_pp2_iter14_reg    |    1|    0|    1|          0|
    |icmp_ln577_38_reg_70053                   |    1|    0|    1|          0|
    |icmp_ln577_38_reg_70053_pp2_iter14_reg    |    1|    0|    1|          0|
    |icmp_ln577_39_reg_70797                   |    1|    0|    1|          0|
    |icmp_ln577_39_reg_70797_pp2_iter15_reg    |    1|    0|    1|          0|
    |icmp_ln577_3_reg_62078                    |    1|    0|    1|          0|
    |icmp_ln577_3_reg_62078_pp2_iter5_reg      |    1|    0|    1|          0|
    |icmp_ln577_40_reg_70140                   |    1|    0|    1|          0|
    |icmp_ln577_40_reg_70140_pp2_iter14_reg    |    1|    0|    1|          0|
    |icmp_ln577_41_reg_70201                   |    1|    0|    1|          0|
    |icmp_ln577_41_reg_70201_pp2_iter14_reg    |    1|    0|    1|          0|
    |icmp_ln577_42_reg_70952                   |    1|    0|    1|          0|
    |icmp_ln577_42_reg_70952_pp2_iter15_reg    |    1|    0|    1|          0|
    |icmp_ln577_43_reg_71753                   |    1|    0|    1|          0|
    |icmp_ln577_43_reg_71753_pp2_iter16_reg    |    1|    0|    1|          0|
    |icmp_ln577_44_reg_71814                   |    1|    0|    1|          0|
    |icmp_ln577_44_reg_71814_pp2_iter16_reg    |    1|    0|    1|          0|
    |icmp_ln577_45_reg_71065                   |    1|    0|    1|          0|
    |icmp_ln577_45_reg_71065_pp2_iter15_reg    |    1|    0|    1|          0|
    |icmp_ln577_46_reg_71126                   |    1|    0|    1|          0|
    |icmp_ln577_46_reg_71126_pp2_iter15_reg    |    1|    0|    1|          0|
    |icmp_ln577_47_reg_71969                   |    1|    0|    1|          0|
    |icmp_ln577_47_reg_71969_pp2_iter16_reg    |    1|    0|    1|          0|
    |icmp_ln577_48_reg_72735                   |    1|    0|    1|          0|
    |icmp_ln577_48_reg_72735_pp2_iter17_reg    |    1|    0|    1|          0|
    |icmp_ln577_49_reg_73476                   |    1|    0|    1|          0|
    |icmp_ln577_49_reg_73476_pp2_iter18_reg    |    1|    0|    1|          0|
    |icmp_ln577_4_reg_62139                    |    1|    0|    1|          0|
    |icmp_ln577_4_reg_62139_pp2_iter5_reg      |    1|    0|    1|          0|
    |icmp_ln577_50_reg_72822                   |    1|    0|    1|          0|
    |icmp_ln577_50_reg_72822_pp2_iter17_reg    |    1|    0|    1|          0|
    |icmp_ln577_51_reg_72883                   |    1|    0|    1|          0|
    |icmp_ln577_51_reg_72883_pp2_iter17_reg    |    1|    0|    1|          0|
    |icmp_ln577_52_reg_73631                   |    1|    0|    1|          0|
    |icmp_ln577_52_reg_73631_pp2_iter18_reg    |    1|    0|    1|          0|
    |icmp_ln577_53_reg_74326                   |    1|    0|    1|          0|
    |icmp_ln577_53_reg_74326_pp2_iter19_reg    |    1|    0|    1|          0|
    |icmp_ln577_54_reg_74387                   |    1|    0|    1|          0|
    |icmp_ln577_54_reg_74387_pp2_iter19_reg    |    1|    0|    1|          0|
    |icmp_ln577_55_reg_73744                   |    1|    0|    1|          0|
    |icmp_ln577_55_reg_73744_pp2_iter18_reg    |    1|    0|    1|          0|
    |icmp_ln577_56_reg_73805                   |    1|    0|    1|          0|
    |icmp_ln577_56_reg_73805_pp2_iter18_reg    |    1|    0|    1|          0|
    |icmp_ln577_57_reg_74544                   |    1|    0|    1|          0|
    |icmp_ln577_57_reg_74544_pp2_iter19_reg    |    1|    0|    1|          0|
    |icmp_ln577_58_reg_75238                   |    1|    0|    1|          0|
    |icmp_ln577_58_reg_75238_pp2_iter20_reg    |    1|    0|    1|          0|
    |icmp_ln577_59_reg_75911                   |    1|    0|    1|          0|
    |icmp_ln577_59_reg_75911_pp2_iter21_reg    |    1|    0|    1|          0|
    |icmp_ln577_5_reg_62200                    |    1|    0|    1|          0|
    |icmp_ln577_5_reg_62200_pp2_iter5_reg      |    1|    0|    1|          0|
    |icmp_ln577_60_reg_75325                   |    1|    0|    1|          0|
    |icmp_ln577_60_reg_75325_pp2_iter20_reg    |    1|    0|    1|          0|
    |icmp_ln577_61_reg_75386                   |    1|    0|    1|          0|
    |icmp_ln577_61_reg_75386_pp2_iter20_reg    |    1|    0|    1|          0|
    |icmp_ln577_62_reg_76066                   |    1|    0|    1|          0|
    |icmp_ln577_62_reg_76066_pp2_iter21_reg    |    1|    0|    1|          0|
    |icmp_ln577_63_reg_76635                   |    1|    0|    1|          0|
    |icmp_ln577_63_reg_76635_pp2_iter22_reg    |    1|    0|    1|          0|
    |icmp_ln577_64_reg_76696                   |    1|    0|    1|          0|
    |icmp_ln577_64_reg_76696_pp2_iter22_reg    |    1|    0|    1|          0|
    |icmp_ln577_65_reg_62504                   |    1|    0|    1|          0|
    |icmp_ln577_66_reg_62570                   |    1|    0|    1|          0|
    |icmp_ln577_67_reg_63414                   |    1|    0|    1|          0|
    |icmp_ln577_68_reg_63453                   |    1|    0|    1|          0|
    |icmp_ln577_69_reg_63492                   |    1|    0|    1|          0|
    |icmp_ln577_6_reg_62261                    |    1|    0|    1|          0|
    |icmp_ln577_6_reg_62261_pp2_iter5_reg      |    1|    0|    1|          0|
    |icmp_ln577_70_reg_63531                   |    1|    0|    1|          0|
    |icmp_ln577_71_reg_63570                   |    1|    0|    1|          0|
    |icmp_ln577_72_reg_64374                   |    1|    0|    1|          0|
    |icmp_ln577_73_reg_64413                   |    1|    0|    1|          0|
    |icmp_ln577_74_reg_64452                   |    1|    0|    1|          0|
    |icmp_ln577_75_reg_64491                   |    1|    0|    1|          0|
    |icmp_ln577_76_reg_64530                   |    1|    0|    1|          0|
    |icmp_ln577_77_reg_65206                   |    1|    0|    1|          0|
    |icmp_ln577_78_reg_65245                   |    1|    0|    1|          0|
    |icmp_ln577_79_reg_65284                   |    1|    0|    1|          0|
    |icmp_ln577_7_reg_62856                    |    1|    0|    1|          0|
    |icmp_ln577_7_reg_62856_pp2_iter6_reg      |    1|    0|    1|          0|
    |icmp_ln577_80_reg_65323                   |    1|    0|    1|          0|
    |icmp_ln577_81_reg_65362                   |    1|    0|    1|          0|
    |icmp_ln577_82_reg_66061                   |    1|    0|    1|          0|
    |icmp_ln577_83_reg_66100                   |    1|    0|    1|          0|
    |icmp_ln577_84_reg_66926                   |    1|    0|    1|          0|
    |icmp_ln577_85_reg_66965                   |    1|    0|    1|          0|
    |icmp_ln577_86_reg_67004                   |    1|    0|    1|          0|
    |icmp_ln577_87_reg_67814                   |    1|    0|    1|          0|
    |icmp_ln577_88_reg_67853                   |    1|    0|    1|          0|
    |icmp_ln577_89_reg_67892                   |    1|    0|    1|          0|
    |icmp_ln577_8_reg_62917                    |    1|    0|    1|          0|
    |icmp_ln577_8_reg_62917_pp2_iter6_reg      |    1|    0|    1|          0|
    |icmp_ln577_90_reg_67931                   |    1|    0|    1|          0|
    |icmp_ln577_91_reg_67970                   |    1|    0|    1|          0|
    |icmp_ln577_92_reg_68789                   |    1|    0|    1|          0|
    |icmp_ln577_93_reg_68828                   |    1|    0|    1|          0|
    |icmp_ln577_94_reg_69663                   |    1|    0|    1|          0|
    |icmp_ln577_95_reg_68914                   |    1|    0|    1|          0|
    |icmp_ln577_96_reg_68953                   |    1|    0|    1|          0|
    |icmp_ln577_97_reg_69750                   |    1|    0|    1|          0|
    |icmp_ln577_98_reg_70532                   |    1|    0|    1|          0|
    |icmp_ln577_99_reg_70571                   |    1|    0|    1|          0|
    |icmp_ln577_9_reg_62978                    |    1|    0|    1|          0|
    |icmp_ln577_9_reg_62978_pp2_iter6_reg      |    1|    0|    1|          0|
    |icmp_ln577_reg_61887                      |    1|    0|    1|          0|
    |icmp_ln581_1_reg_60748                    |    1|    0|    1|          0|
    |icmp_ln582_1_reg_62474                    |    1|    0|    1|          0|
    |icmp_ln582_2_reg_62540                    |    1|    0|    1|          0|
    |icmp_ln582_reg_60686                      |    1|    0|    1|          0|
    |icmp_ln585_1_reg_61905                    |    1|    0|    1|          0|
    |icmp_ln585_2_reg_61970                    |    1|    0|    1|          0|
    |icmp_ln585_reg_60738                      |    1|    0|    1|          0|
    |icmp_ln591_10_reg_63058                   |    1|    0|    1|          0|
    |icmp_ln591_10_reg_63058_pp2_iter6_reg     |    1|    0|    1|          0|
    |icmp_ln591_11_reg_63119                   |    1|    0|    1|          0|
    |icmp_ln591_11_reg_63119_pp2_iter6_reg     |    1|    0|    1|          0|
    |icmp_ln591_12_reg_63878                   |    1|    0|    1|          0|
    |icmp_ln591_12_reg_63878_pp2_iter7_reg     |    1|    0|    1|          0|
    |icmp_ln591_13_reg_63939                   |    1|    0|    1|          0|
    |icmp_ln591_13_reg_63939_pp2_iter7_reg     |    1|    0|    1|          0|
    |icmp_ln591_14_reg_64000                   |    1|    0|    1|          0|
    |icmp_ln591_14_reg_64000_pp2_iter7_reg     |    1|    0|    1|          0|
    |icmp_ln591_15_reg_64061                   |    1|    0|    1|          0|
    |icmp_ln591_15_reg_64061_pp2_iter7_reg     |    1|    0|    1|          0|
    |icmp_ln591_16_reg_64122                   |    1|    0|    1|          0|
    |icmp_ln591_16_reg_64122_pp2_iter7_reg     |    1|    0|    1|          0|
    |icmp_ln591_17_reg_64838                   |    1|    0|    1|          0|
    |icmp_ln591_17_reg_64838_pp2_iter8_reg     |    1|    0|    1|          0|
    |icmp_ln591_18_reg_64899                   |    1|    0|    1|          0|
    |icmp_ln591_18_reg_64899_pp2_iter8_reg     |    1|    0|    1|          0|
    |icmp_ln591_19_reg_65529                   |    1|    0|    1|          0|
    |icmp_ln591_19_reg_65529_pp2_iter9_reg     |    1|    0|    1|          0|
    |icmp_ln591_1_reg_61975                    |    1|    0|    1|          0|
    |icmp_ln591_20_reg_65590                   |    1|    0|    1|          0|
    |icmp_ln591_20_reg_65590_pp2_iter9_reg     |    1|    0|    1|          0|
    |icmp_ln591_21_reg_65651                   |    1|    0|    1|          0|
    |icmp_ln591_21_reg_65651_pp2_iter9_reg     |    1|    0|    1|          0|
    |icmp_ln591_22_reg_66314                   |    1|    0|    1|          0|
    |icmp_ln591_22_reg_66314_pp2_iter10_reg    |    1|    0|    1|          0|
    |icmp_ln591_23_reg_66375                   |    1|    0|    1|          0|
    |icmp_ln591_23_reg_66375_pp2_iter10_reg    |    1|    0|    1|          0|
    |icmp_ln591_24_reg_66438                   |    1|    0|    1|          0|
    |icmp_ln591_24_reg_66438_pp2_iter10_reg    |    1|    0|    1|          0|
    |icmp_ln591_25_reg_66499                   |    1|    0|    1|          0|
    |icmp_ln591_25_reg_66499_pp2_iter10_reg    |    1|    0|    1|          0|
    |icmp_ln591_26_reg_66560                   |    1|    0|    1|          0|
    |icmp_ln591_26_reg_66560_pp2_iter10_reg    |    1|    0|    1|          0|
    |icmp_ln591_27_reg_67312                   |    1|    0|    1|          0|
    |icmp_ln591_27_reg_67312_pp2_iter11_reg    |    1|    0|    1|          0|
    |icmp_ln591_28_reg_67373                   |    1|    0|    1|          0|
    |icmp_ln591_28_reg_67373_pp2_iter11_reg    |    1|    0|    1|          0|
    |icmp_ln591_29_reg_68137                   |    1|    0|    1|          0|
    |icmp_ln591_29_reg_68137_pp2_iter12_reg    |    1|    0|    1|          0|
    |icmp_ln591_2_reg_62036                    |    1|    0|    1|          0|
    |icmp_ln591_2_reg_62036_pp2_iter5_reg      |    1|    0|    1|          0|
    |icmp_ln591_30_reg_67460                   |    1|    0|    1|          0|
    |icmp_ln591_30_reg_67460_pp2_iter11_reg    |    1|    0|    1|          0|
    |icmp_ln591_31_reg_67521                   |    1|    0|    1|          0|
    |icmp_ln591_31_reg_67521_pp2_iter11_reg    |    1|    0|    1|          0|
    |icmp_ln591_32_reg_68292                   |    1|    0|    1|          0|
    |icmp_ln591_32_reg_68292_pp2_iter12_reg    |    1|    0|    1|          0|
    |icmp_ln591_33_reg_69073                   |    1|    0|    1|          0|
    |icmp_ln591_33_reg_69073_pp2_iter13_reg    |    1|    0|    1|          0|
    |icmp_ln591_34_reg_69134                   |    1|    0|    1|          0|
    |icmp_ln591_34_reg_69134_pp2_iter13_reg    |    1|    0|    1|          0|
    |icmp_ln591_35_reg_69195                   |    1|    0|    1|          0|
    |icmp_ln591_35_reg_69195_pp2_iter13_reg    |    1|    0|    1|          0|
    |icmp_ln591_36_reg_69256                   |    1|    0|    1|          0|
    |icmp_ln591_36_reg_69256_pp2_iter13_reg    |    1|    0|    1|          0|
    |icmp_ln591_37_reg_70011                   |    1|    0|    1|          0|
    |icmp_ln591_37_reg_70011_pp2_iter14_reg    |    1|    0|    1|          0|
    |icmp_ln591_38_reg_70072                   |    1|    0|    1|          0|
    |icmp_ln591_38_reg_70072_pp2_iter14_reg    |    1|    0|    1|          0|
    |icmp_ln591_39_reg_70816                   |    1|    0|    1|          0|
    |icmp_ln591_39_reg_70816_pp2_iter15_reg    |    1|    0|    1|          0|
    |icmp_ln591_3_reg_62097                    |    1|    0|    1|          0|
    |icmp_ln591_3_reg_62097_pp2_iter5_reg      |    1|    0|    1|          0|
    |icmp_ln591_40_reg_70159                   |    1|    0|    1|          0|
    |icmp_ln591_40_reg_70159_pp2_iter14_reg    |    1|    0|    1|          0|
    |icmp_ln591_41_reg_70220                   |    1|    0|    1|          0|
    |icmp_ln591_41_reg_70220_pp2_iter14_reg    |    1|    0|    1|          0|
    |icmp_ln591_42_reg_70971                   |    1|    0|    1|          0|
    |icmp_ln591_42_reg_70971_pp2_iter15_reg    |    1|    0|    1|          0|
    |icmp_ln591_43_reg_71772                   |    1|    0|    1|          0|
    |icmp_ln591_43_reg_71772_pp2_iter16_reg    |    1|    0|    1|          0|
    |icmp_ln591_44_reg_71833                   |    1|    0|    1|          0|
    |icmp_ln591_44_reg_71833_pp2_iter16_reg    |    1|    0|    1|          0|
    |icmp_ln591_45_reg_71084                   |    1|    0|    1|          0|
    |icmp_ln591_45_reg_71084_pp2_iter15_reg    |    1|    0|    1|          0|
    |icmp_ln591_46_reg_71145                   |    1|    0|    1|          0|
    |icmp_ln591_46_reg_71145_pp2_iter15_reg    |    1|    0|    1|          0|
    |icmp_ln591_47_reg_71988                   |    1|    0|    1|          0|
    |icmp_ln591_47_reg_71988_pp2_iter16_reg    |    1|    0|    1|          0|
    |icmp_ln591_48_reg_72754                   |    1|    0|    1|          0|
    |icmp_ln591_48_reg_72754_pp2_iter17_reg    |    1|    0|    1|          0|
    |icmp_ln591_49_reg_73495                   |    1|    0|    1|          0|
    |icmp_ln591_49_reg_73495_pp2_iter18_reg    |    1|    0|    1|          0|
    |icmp_ln591_4_reg_62158                    |    1|    0|    1|          0|
    |icmp_ln591_4_reg_62158_pp2_iter5_reg      |    1|    0|    1|          0|
    |icmp_ln591_50_reg_72841                   |    1|    0|    1|          0|
    |icmp_ln591_50_reg_72841_pp2_iter17_reg    |    1|    0|    1|          0|
    |icmp_ln591_51_reg_72902                   |    1|    0|    1|          0|
    |icmp_ln591_51_reg_72902_pp2_iter17_reg    |    1|    0|    1|          0|
    |icmp_ln591_52_reg_73650                   |    1|    0|    1|          0|
    |icmp_ln591_52_reg_73650_pp2_iter18_reg    |    1|    0|    1|          0|
    |icmp_ln591_53_reg_74345                   |    1|    0|    1|          0|
    |icmp_ln591_53_reg_74345_pp2_iter19_reg    |    1|    0|    1|          0|
    |icmp_ln591_54_reg_74406                   |    1|    0|    1|          0|
    |icmp_ln591_54_reg_74406_pp2_iter19_reg    |    1|    0|    1|          0|
    |icmp_ln591_55_reg_73763                   |    1|    0|    1|          0|
    |icmp_ln591_55_reg_73763_pp2_iter18_reg    |    1|    0|    1|          0|
    |icmp_ln591_56_reg_73824                   |    1|    0|    1|          0|
    |icmp_ln591_56_reg_73824_pp2_iter18_reg    |    1|    0|    1|          0|
    |icmp_ln591_57_reg_74563                   |    1|    0|    1|          0|
    |icmp_ln591_57_reg_74563_pp2_iter19_reg    |    1|    0|    1|          0|
    |icmp_ln591_58_reg_75257                   |    1|    0|    1|          0|
    |icmp_ln591_58_reg_75257_pp2_iter20_reg    |    1|    0|    1|          0|
    |icmp_ln591_59_reg_75930                   |    1|    0|    1|          0|
    |icmp_ln591_59_reg_75930_pp2_iter21_reg    |    1|    0|    1|          0|
    |icmp_ln591_5_reg_62219                    |    1|    0|    1|          0|
    |icmp_ln591_5_reg_62219_pp2_iter5_reg      |    1|    0|    1|          0|
    |icmp_ln591_60_reg_75344                   |    1|    0|    1|          0|
    |icmp_ln591_60_reg_75344_pp2_iter20_reg    |    1|    0|    1|          0|
    |icmp_ln591_61_reg_75405                   |    1|    0|    1|          0|
    |icmp_ln591_61_reg_75405_pp2_iter20_reg    |    1|    0|    1|          0|
    |icmp_ln591_62_reg_76085                   |    1|    0|    1|          0|
    |icmp_ln591_62_reg_76085_pp2_iter21_reg    |    1|    0|    1|          0|
    |icmp_ln591_63_reg_76654                   |    1|    0|    1|          0|
    |icmp_ln591_63_reg_76654_pp2_iter22_reg    |    1|    0|    1|          0|
    |icmp_ln591_64_reg_76715                   |    1|    0|    1|          0|
    |icmp_ln591_64_reg_76715_pp2_iter22_reg    |    1|    0|    1|          0|
    |icmp_ln591_6_reg_62280                    |    1|    0|    1|          0|
    |icmp_ln591_6_reg_62280_pp2_iter5_reg      |    1|    0|    1|          0|
    |icmp_ln591_7_reg_62875                    |    1|    0|    1|          0|
    |icmp_ln591_7_reg_62875_pp2_iter6_reg      |    1|    0|    1|          0|
    |icmp_ln591_8_reg_62936                    |    1|    0|    1|          0|
    |icmp_ln591_8_reg_62936_pp2_iter6_reg      |    1|    0|    1|          0|
    |icmp_ln591_9_reg_62997                    |    1|    0|    1|          0|
    |icmp_ln591_9_reg_62997_pp2_iter6_reg      |    1|    0|    1|          0|
    |icmp_ln591_reg_61910                      |    1|    0|    1|          0|
    |icmp_ln603_10_reg_63703                   |    1|    0|    1|          0|
    |icmp_ln603_10_reg_63703_pp2_iter7_reg     |    1|    0|    1|          0|
    |icmp_ln603_11_reg_63750                   |    1|    0|    1|          0|
    |icmp_ln603_11_reg_63750_pp2_iter7_reg     |    1|    0|    1|          0|
    |icmp_ln603_12_reg_63797                   |    1|    0|    1|          0|
    |icmp_ln603_12_reg_63797_pp2_iter7_reg     |    1|    0|    1|          0|
    |icmp_ln603_13_reg_64569                   |    1|    0|    1|          0|
    |icmp_ln603_13_reg_64569_pp2_iter8_reg     |    1|    0|    1|          0|
    |icmp_ln603_14_reg_64616                   |    1|    0|    1|          0|
    |icmp_ln603_14_reg_64616_pp2_iter8_reg     |    1|    0|    1|          0|
    |icmp_ln603_15_reg_64663                   |    1|    0|    1|          0|
    |icmp_ln603_15_reg_64663_pp2_iter8_reg     |    1|    0|    1|          0|
    |icmp_ln603_16_reg_64710                   |    1|    0|    1|          0|
    |icmp_ln603_16_reg_64710_pp2_iter8_reg     |    1|    0|    1|          0|
    |icmp_ln603_17_reg_64757                   |    1|    0|    1|          0|
    |icmp_ln603_17_reg_64757_pp2_iter8_reg     |    1|    0|    1|          0|
    |icmp_ln603_18_reg_65401                   |    1|    0|    1|          0|
    |icmp_ln603_18_reg_65401_pp2_iter9_reg     |    1|    0|    1|          0|
    |icmp_ln603_19_reg_65448                   |    1|    0|    1|          0|
    |icmp_ln603_19_reg_65448_pp2_iter9_reg     |    1|    0|    1|          0|
    |icmp_ln603_1_reg_62479                    |    1|    0|    1|          0|
    |icmp_ln603_20_reg_66139                   |    1|    0|    1|          0|
    |icmp_ln603_20_reg_66139_pp2_iter10_reg    |    1|    0|    1|          0|
    |icmp_ln603_21_reg_66186                   |    1|    0|    1|          0|
    |icmp_ln603_21_reg_66186_pp2_iter10_reg    |    1|    0|    1|          0|
    |icmp_ln603_22_reg_66233                   |    1|    0|    1|          0|
    |icmp_ln603_22_reg_66233_pp2_iter10_reg    |    1|    0|    1|          0|
    |icmp_ln603_23_reg_67043                   |    1|    0|    1|          0|
    |icmp_ln603_23_reg_67043_pp2_iter11_reg    |    1|    0|    1|          0|
    |icmp_ln603_24_reg_67090                   |    1|    0|    1|          0|
    |icmp_ln603_24_reg_67090_pp2_iter11_reg    |    1|    0|    1|          0|
    |icmp_ln603_25_reg_67137                   |    1|    0|    1|          0|
    |icmp_ln603_25_reg_67137_pp2_iter11_reg    |    1|    0|    1|          0|
    |icmp_ln603_26_reg_67184                   |    1|    0|    1|          0|
    |icmp_ln603_26_reg_67184_pp2_iter11_reg    |    1|    0|    1|          0|
    |icmp_ln603_27_reg_67231                   |    1|    0|    1|          0|
    |icmp_ln603_27_reg_67231_pp2_iter11_reg    |    1|    0|    1|          0|
    |icmp_ln603_28_reg_68009                   |    1|    0|    1|          0|
    |icmp_ln603_28_reg_68009_pp2_iter12_reg    |    1|    0|    1|          0|
    |icmp_ln603_29_reg_68056                   |    1|    0|    1|          0|
    |icmp_ln603_29_reg_68056_pp2_iter12_reg    |    1|    0|    1|          0|
    |icmp_ln603_2_reg_62545                    |    1|    0|    1|          0|
    |icmp_ln603_30_reg_68867                   |    1|    0|    1|          0|
    |icmp_ln603_30_reg_68867_pp2_iter13_reg    |    1|    0|    1|          0|
    |icmp_ln603_31_reg_68164                   |    1|    0|    1|          0|
    |icmp_ln603_31_reg_68164_pp2_iter12_reg    |    1|    0|    1|          0|
    |icmp_ln603_32_reg_68211                   |    1|    0|    1|          0|
    |icmp_ln603_32_reg_68211_pp2_iter12_reg    |    1|    0|    1|          0|
    |icmp_ln603_33_reg_68992                   |    1|    0|    1|          0|
    |icmp_ln603_33_reg_68992_pp2_iter13_reg    |    1|    0|    1|          0|
    |icmp_ln603_34_reg_69789                   |    1|    0|    1|          0|
    |icmp_ln603_34_reg_69789_pp2_iter14_reg    |    1|    0|    1|          0|
    |icmp_ln603_35_reg_69836                   |    1|    0|    1|          0|
    |icmp_ln603_35_reg_69836_pp2_iter14_reg    |    1|    0|    1|          0|
    |icmp_ln603_36_reg_69883                   |    1|    0|    1|          0|
    |icmp_ln603_36_reg_69883_pp2_iter14_reg    |    1|    0|    1|          0|
    |icmp_ln603_37_reg_69930                   |    1|    0|    1|          0|
    |icmp_ln603_37_reg_69930_pp2_iter14_reg    |    1|    0|    1|          0|
    |icmp_ln603_38_reg_70688                   |    1|    0|    1|          0|
    |icmp_ln603_38_reg_70688_pp2_iter15_reg    |    1|    0|    1|          0|
    |icmp_ln603_39_reg_70735                   |    1|    0|    1|          0|
    |icmp_ln603_39_reg_70735_pp2_iter15_reg    |    1|    0|    1|          0|
    |icmp_ln603_3_reg_62606                    |    1|    0|    1|          0|
    |icmp_ln603_3_reg_62606_pp2_iter6_reg      |    1|    0|    1|          0|
    |icmp_ln603_40_reg_71566                   |    1|    0|    1|          0|
    |icmp_ln603_40_reg_71566_pp2_iter16_reg    |    1|    0|    1|          0|
    |icmp_ln603_41_reg_70843                   |    1|    0|    1|          0|
    |icmp_ln603_41_reg_70843_pp2_iter15_reg    |    1|    0|    1|          0|
    |icmp_ln603_42_reg_70890                   |    1|    0|    1|          0|
    |icmp_ln603_42_reg_70890_pp2_iter15_reg    |    1|    0|    1|          0|
    |icmp_ln603_43_reg_71691                   |    1|    0|    1|          0|
    |icmp_ln603_43_reg_71691_pp2_iter16_reg    |    1|    0|    1|          0|
    |icmp_ln603_44_reg_72501                   |    1|    0|    1|          0|
    |icmp_ln603_44_reg_72501_pp2_iter17_reg    |    1|    0|    1|          0|
    |icmp_ln603_45_reg_72548                   |    1|    0|    1|          0|
    |icmp_ln603_45_reg_72548_pp2_iter17_reg    |    1|    0|    1|          0|
    |icmp_ln603_46_reg_71860                   |    1|    0|    1|          0|
    |icmp_ln603_46_reg_71860_pp2_iter16_reg    |    1|    0|    1|          0|
    |icmp_ln603_47_reg_71907                   |    1|    0|    1|          0|
    |icmp_ln603_47_reg_71907_pp2_iter16_reg    |    1|    0|    1|          0|
    |icmp_ln603_48_reg_72673                   |    1|    0|    1|          0|
    |icmp_ln603_48_reg_72673_pp2_iter17_reg    |    1|    0|    1|          0|
    |icmp_ln603_49_reg_73414                   |    1|    0|    1|          0|
    |icmp_ln603_49_reg_73414_pp2_iter18_reg    |    1|    0|    1|          0|
    |icmp_ln603_4_reg_62653                    |    1|    0|    1|          0|
    |icmp_ln603_4_reg_62653_pp2_iter6_reg      |    1|    0|    1|          0|
    |icmp_ln603_50_reg_74139                   |    1|    0|    1|          0|
    |icmp_ln603_50_reg_74139_pp2_iter19_reg    |    1|    0|    1|          0|
    |icmp_ln603_51_reg_73522                   |    1|    0|    1|          0|
    |icmp_ln603_51_reg_73522_pp2_iter18_reg    |    1|    0|    1|          0|
    |icmp_ln603_52_reg_73569                   |    1|    0|    1|          0|
    |icmp_ln603_52_reg_73569_pp2_iter18_reg    |    1|    0|    1|          0|
    |icmp_ln603_53_reg_74264                   |    1|    0|    1|          0|
    |icmp_ln603_53_reg_74264_pp2_iter19_reg    |    1|    0|    1|          0|
    |icmp_ln603_54_reg_75004                   |    1|    0|    1|          0|
    |icmp_ln603_54_reg_75004_pp2_iter20_reg    |    1|    0|    1|          0|
    |icmp_ln603_55_reg_75051                   |    1|    0|    1|          0|
    |icmp_ln603_55_reg_75051_pp2_iter20_reg    |    1|    0|    1|          0|
    |icmp_ln603_56_reg_74435                   |    1|    0|    1|          0|
    |icmp_ln603_56_reg_74435_pp2_iter19_reg    |    1|    0|    1|          0|
    |icmp_ln603_57_reg_74482                   |    1|    0|    1|          0|
    |icmp_ln603_57_reg_74482_pp2_iter19_reg    |    1|    0|    1|          0|
    |icmp_ln603_58_reg_75176                   |    1|    0|    1|          0|
    |icmp_ln603_58_reg_75176_pp2_iter20_reg    |    1|    0|    1|          0|
    |icmp_ln603_59_reg_75849                   |    1|    0|    1|          0|
    |icmp_ln603_59_reg_75849_pp2_iter21_reg    |    1|    0|    1|          0|
    |icmp_ln603_5_reg_62700                    |    1|    0|    1|          0|
    |icmp_ln603_5_reg_62700_pp2_iter6_reg      |    1|    0|    1|          0|
    |icmp_ln603_60_reg_76448                   |    1|    0|    1|          0|
    |icmp_ln603_60_reg_76448_pp2_iter22_reg    |    1|    0|    1|          0|
    |icmp_ln603_61_reg_75957                   |    1|    0|    1|          0|
    |icmp_ln603_61_reg_75957_pp2_iter21_reg    |    1|    0|    1|          0|
    |icmp_ln603_62_reg_76004                   |    1|    0|    1|          0|
    |icmp_ln603_62_reg_76004_pp2_iter21_reg    |    1|    0|    1|          0|
    |icmp_ln603_63_reg_76573                   |    1|    0|    1|          0|
    |icmp_ln603_63_reg_76573_pp2_iter22_reg    |    1|    0|    1|          0|
    |icmp_ln603_64_reg_77037                   |    1|    0|    1|          0|
    |icmp_ln603_64_reg_77037_pp2_iter23_reg    |    1|    0|    1|          0|
    |icmp_ln603_65_reg_77084                   |    1|    0|    1|          0|
    |icmp_ln603_65_reg_77084_pp2_iter23_reg    |    1|    0|    1|          0|
    |icmp_ln603_6_reg_62747                    |    1|    0|    1|          0|
    |icmp_ln603_6_reg_62747_pp2_iter6_reg      |    1|    0|    1|          0|
    |icmp_ln603_7_reg_62794                    |    1|    0|    1|          0|
    |icmp_ln603_7_reg_62794_pp2_iter6_reg      |    1|    0|    1|          0|
    |icmp_ln603_8_reg_63609                    |    1|    0|    1|          0|
    |icmp_ln603_8_reg_63609_pp2_iter7_reg      |    1|    0|    1|          0|
    |icmp_ln603_9_reg_63656                    |    1|    0|    1|          0|
    |icmp_ln603_9_reg_63656_pp2_iter7_reg      |    1|    0|    1|          0|
    |icmp_ln603_reg_60697                      |    1|    0|    1|          0|
    |icmp_ln611_10_reg_63720                   |    1|    0|    1|          0|
    |icmp_ln611_11_reg_63767                   |    1|    0|    1|          0|
    |icmp_ln611_12_reg_63814                   |    1|    0|    1|          0|
    |icmp_ln611_13_reg_64586                   |    1|    0|    1|          0|
    |icmp_ln611_14_reg_64633                   |    1|    0|    1|          0|
    |icmp_ln611_15_reg_64680                   |    1|    0|    1|          0|
    |icmp_ln611_16_reg_64727                   |    1|    0|    1|          0|
    |icmp_ln611_17_reg_64774                   |    1|    0|    1|          0|
    |icmp_ln611_18_reg_65418                   |    1|    0|    1|          0|
    |icmp_ln611_19_reg_65465                   |    1|    0|    1|          0|
    |icmp_ln611_1_reg_62510                    |    1|    0|    1|          0|
    |icmp_ln611_1_reg_62510_pp2_iter6_reg      |    1|    0|    1|          0|
    |icmp_ln611_20_reg_66156                   |    1|    0|    1|          0|
    |icmp_ln611_21_reg_66203                   |    1|    0|    1|          0|
    |icmp_ln611_22_reg_66250                   |    1|    0|    1|          0|
    |icmp_ln611_23_reg_67060                   |    1|    0|    1|          0|
    |icmp_ln611_24_reg_67107                   |    1|    0|    1|          0|
    |icmp_ln611_25_reg_67154                   |    1|    0|    1|          0|
    |icmp_ln611_26_reg_67201                   |    1|    0|    1|          0|
    |icmp_ln611_27_reg_67248                   |    1|    0|    1|          0|
    |icmp_ln611_28_reg_68026                   |    1|    0|    1|          0|
    |icmp_ln611_29_reg_68073                   |    1|    0|    1|          0|
    |icmp_ln611_2_reg_62576                    |    1|    0|    1|          0|
    |icmp_ln611_2_reg_62576_pp2_iter6_reg      |    1|    0|    1|          0|
    |icmp_ln611_30_reg_68884                   |    1|    0|    1|          0|
    |icmp_ln611_31_reg_68181                   |    1|    0|    1|          0|
    |icmp_ln611_32_reg_68228                   |    1|    0|    1|          0|
    |icmp_ln611_33_reg_69009                   |    1|    0|    1|          0|
    |icmp_ln611_34_reg_69806                   |    1|    0|    1|          0|
    |icmp_ln611_35_reg_69853                   |    1|    0|    1|          0|
    |icmp_ln611_36_reg_69900                   |    1|    0|    1|          0|
    |icmp_ln611_37_reg_69947                   |    1|    0|    1|          0|
    |icmp_ln611_38_reg_70705                   |    1|    0|    1|          0|
    |icmp_ln611_39_reg_70752                   |    1|    0|    1|          0|
    |icmp_ln611_3_reg_62623                    |    1|    0|    1|          0|
    |icmp_ln611_40_reg_71583                   |    1|    0|    1|          0|
    |icmp_ln611_41_reg_70860                   |    1|    0|    1|          0|
    |icmp_ln611_42_reg_70907                   |    1|    0|    1|          0|
    |icmp_ln611_43_reg_71708                   |    1|    0|    1|          0|
    |icmp_ln611_44_reg_72518                   |    1|    0|    1|          0|
    |icmp_ln611_45_reg_72565                   |    1|    0|    1|          0|
    |icmp_ln611_46_reg_71877                   |    1|    0|    1|          0|
    |icmp_ln611_47_reg_71924                   |    1|    0|    1|          0|
    |icmp_ln611_48_reg_72690                   |    1|    0|    1|          0|
    |icmp_ln611_49_reg_73431                   |    1|    0|    1|          0|
    |icmp_ln611_4_reg_62670                    |    1|    0|    1|          0|
    |icmp_ln611_50_reg_74156                   |    1|    0|    1|          0|
    |icmp_ln611_51_reg_73539                   |    1|    0|    1|          0|
    |icmp_ln611_52_reg_73586                   |    1|    0|    1|          0|
    |icmp_ln611_53_reg_74281                   |    1|    0|    1|          0|
    |icmp_ln611_54_reg_75021                   |    1|    0|    1|          0|
    |icmp_ln611_55_reg_75068                   |    1|    0|    1|          0|
    |icmp_ln611_56_reg_74452                   |    1|    0|    1|          0|
    |icmp_ln611_57_reg_74499                   |    1|    0|    1|          0|
    |icmp_ln611_58_reg_75193                   |    1|    0|    1|          0|
    |icmp_ln611_59_reg_75866                   |    1|    0|    1|          0|
    |icmp_ln611_5_reg_62717                    |    1|    0|    1|          0|
    |icmp_ln611_60_reg_76465                   |    1|    0|    1|          0|
    |icmp_ln611_61_reg_75974                   |    1|    0|    1|          0|
    |icmp_ln611_62_reg_76021                   |    1|    0|    1|          0|
    |icmp_ln611_63_reg_76590                   |    1|    0|    1|          0|
    |icmp_ln611_64_reg_77054                   |    1|    0|    1|          0|
    |icmp_ln611_65_reg_77101                   |    1|    0|    1|          0|
    |icmp_ln611_6_reg_62764                    |    1|    0|    1|          0|
    |icmp_ln611_7_reg_62811                    |    1|    0|    1|          0|
    |icmp_ln611_8_reg_63626                    |    1|    0|    1|          0|
    |icmp_ln611_9_reg_63673                    |    1|    0|    1|          0|
    |icmp_ln611_reg_60708                      |    1|    0|    1|          0|
    |icmp_ln621_2_reg_63330                    |    1|    0|    1|          0|
    |icmp_ln621_4_reg_63380                    |    1|    0|    1|          0|
    |icmp_ln621_reg_60714                      |    1|    0|    1|          0|
    |icmp_ln954_reg_78190                      |    1|    0|    1|          0|
    |ireg_reg_60256                            |   64|    0|   64|          0|
    |k_1_reg_1925                              |    7|    0|    7|          0|
    |k_reg_1881                                |    7|    0|    7|          0|
    |lD_10_1_reg_65668                         |    1|    0|    1|          0|
    |lD_10_1_reg_65668_pp2_iter9_reg           |    1|    0|    1|          0|
    |lD_10_2_reg_66331                         |    1|    0|    1|          0|
    |lD_10_2_reg_66331_pp2_iter10_reg          |    1|    0|    1|          0|
    |lD_10_3_reg_66394                         |    1|    0|    1|          0|
    |lD_10_3_reg_66394_pp2_iter10_reg          |    1|    0|    1|          0|
    |lD_10_4_reg_66455                         |    1|    0|    1|          0|
    |lD_10_4_reg_66455_pp2_iter10_reg          |    1|    0|    1|          0|
    |lD_10_reg_71101                           |    1|    0|    1|          0|
    |lD_10_reg_71101_pp2_iter15_reg            |    1|    0|    1|          0|
    |lD_11_reg_72858                           |    1|    0|    1|          0|
    |lD_11_reg_72858_pp2_iter17_reg            |    1|    0|    1|          0|
    |lD_12_1_reg_66577                         |    1|    0|    1|          0|
    |lD_12_1_reg_66577_pp2_iter10_reg          |    1|    0|    1|          0|
    |lD_12_2_reg_67329                         |    1|    0|    1|          0|
    |lD_12_2_reg_67329_pp2_iter11_reg          |    1|    0|    1|          0|
    |lD_12_3_reg_67390                         |    1|    0|    1|          0|
    |lD_12_3_reg_67390_pp2_iter11_reg          |    1|    0|    1|          0|
    |lD_12_4_reg_68154                         |    1|    0|    1|          0|
    |lD_12_4_reg_68154_pp2_iter12_reg          |    1|    0|    1|          0|
    |lD_12_reg_73780                           |    1|    0|    1|          0|
    |lD_12_reg_73780_pp2_iter18_reg            |    1|    0|    1|          0|
    |lD_13_reg_75361                           |    1|    0|    1|          0|
    |lD_13_reg_75361_pp2_iter20_reg            |    1|    0|    1|          0|
    |lD_14_1_reg_67538                         |    1|    0|    1|          0|
    |lD_14_1_reg_67538_pp2_iter11_reg          |    1|    0|    1|          0|
    |lD_14_2_reg_68309                         |    1|    0|    1|          0|
    |lD_14_2_reg_68309_pp2_iter12_reg          |    1|    0|    1|          0|
    |lD_14_3_reg_69090                         |    1|    0|    1|          0|
    |lD_14_3_reg_69090_pp2_iter13_reg          |    1|    0|    1|          0|
    |lD_14_4_reg_69151                         |    1|    0|    1|          0|
    |lD_14_4_reg_69151_pp2_iter13_reg          |    1|    0|    1|          0|
    |lD_16_1_reg_69273                         |    1|    0|    1|          0|
    |lD_16_1_reg_69273_pp2_iter13_reg          |    1|    0|    1|          0|
    |lD_16_2_reg_70028                         |    1|    0|    1|          0|
    |lD_16_2_reg_70028_pp2_iter14_reg          |    1|    0|    1|          0|
    |lD_16_3_reg_70089                         |    1|    0|    1|          0|
    |lD_16_3_reg_70089_pp2_iter14_reg          |    1|    0|    1|          0|
    |lD_16_4_reg_70833                         |    1|    0|    1|          0|
    |lD_16_4_reg_70833_pp2_iter15_reg          |    1|    0|    1|          0|
    |lD_19_1_reg_70237                         |    1|    0|    1|          0|
    |lD_19_1_reg_70237_pp2_iter14_reg          |    1|    0|    1|          0|
    |lD_19_2_reg_70988                         |    1|    0|    1|          0|
    |lD_19_2_reg_70988_pp2_iter15_reg          |    1|    0|    1|          0|
    |lD_19_3_reg_71789                         |    1|    0|    1|          0|
    |lD_19_3_reg_71789_pp2_iter16_reg          |    1|    0|    1|          0|
    |lD_19_4_reg_71850                         |    1|    0|    1|          0|
    |lD_19_4_reg_71850_pp2_iter16_reg          |    1|    0|    1|          0|
    |lD_22_1_reg_71162                         |    1|    0|    1|          0|
    |lD_22_1_reg_71162_pp2_iter15_reg          |    1|    0|    1|          0|
    |lD_22_2_reg_72005                         |    1|    0|    1|          0|
    |lD_22_2_reg_72005_pp2_iter16_reg          |    1|    0|    1|          0|
    |lD_22_3_reg_72771                         |    1|    0|    1|          0|
    |lD_22_3_reg_72771_pp2_iter17_reg          |    1|    0|    1|          0|
    |lD_22_4_reg_73512                         |    1|    0|    1|          0|
    |lD_22_4_reg_73512_pp2_iter18_reg          |    1|    0|    1|          0|
    |lD_25_1_reg_72919                         |    1|    0|    1|          0|
    |lD_25_1_reg_72919_pp2_iter17_reg          |    1|    0|    1|          0|
    |lD_25_2_reg_73667                         |    1|    0|    1|          0|
    |lD_25_2_reg_73667_pp2_iter18_reg          |    1|    0|    1|          0|
    |lD_25_3_reg_74362                         |    1|    0|    1|          0|
    |lD_25_3_reg_74362_pp2_iter19_reg          |    1|    0|    1|          0|
    |lD_25_4_reg_74425                         |    1|    0|    1|          0|
    |lD_25_4_reg_74425_pp2_iter19_reg          |    1|    0|    1|          0|
    |lD_27_1_reg_73841                         |    1|    0|    1|          0|
    |lD_27_1_reg_73841_pp2_iter18_reg          |    1|    0|    1|          0|
    |lD_27_2_reg_74580                         |    1|    0|    1|          0|
    |lD_27_2_reg_74580_pp2_iter19_reg          |    1|    0|    1|          0|
    |lD_27_3_reg_75274                         |    1|    0|    1|          0|
    |lD_27_3_reg_75274_pp2_iter20_reg          |    1|    0|    1|          0|
    |lD_27_4_reg_75947                         |    1|    0|    1|          0|
    |lD_27_4_reg_75947_pp2_iter21_reg          |    1|    0|    1|          0|
    |lD_29_1_reg_75422                         |    1|    0|    1|          0|
    |lD_29_1_reg_75422_pp2_iter20_reg          |    1|    0|    1|          0|
    |lD_29_2_reg_76102                         |    1|    0|    1|          0|
    |lD_29_2_reg_76102_pp2_iter21_reg          |    1|    0|    1|          0|
    |lD_29_3_reg_76671                         |    1|    0|    1|          0|
    |lD_29_3_reg_76671_pp2_iter22_reg          |    1|    0|    1|          0|
    |lD_29_4_reg_76732                         |    1|    0|    1|          0|
    |lD_29_4_reg_76732_pp2_iter22_reg          |    1|    0|    1|          0|
    |lD_2_1_reg_61992                          |    1|    0|    1|          0|
    |lD_2_1_reg_61992_pp2_iter5_reg            |    1|    0|    1|          0|
    |lD_2_2_reg_62053                          |    1|    0|    1|          0|
    |lD_2_2_reg_62053_pp2_iter5_reg            |    1|    0|    1|          0|
    |lD_2_3_reg_62114                          |    1|    0|    1|          0|
    |lD_2_3_reg_62114_pp2_iter5_reg            |    1|    0|    1|          0|
    |lD_2_4_reg_62175                          |    1|    0|    1|          0|
    |lD_2_4_reg_62175_pp2_iter5_reg            |    1|    0|    1|          0|
    |lD_2_reg_61927                            |    1|    0|    1|          0|
    |lD_2_reg_61927_pp2_iter5_reg              |    1|    0|    1|          0|
    |lD_3_reg_66516                            |    1|    0|    1|          0|
    |lD_3_reg_66516_pp2_iter10_reg             |    1|    0|    1|          0|
    |lD_4_1_reg_62297                          |    1|    0|    1|          0|
    |lD_4_1_reg_62297_pp2_iter5_reg            |    1|    0|    1|          0|
    |lD_4_2_reg_62892                          |    1|    0|    1|          0|
    |lD_4_2_reg_62892_pp2_iter6_reg            |    1|    0|    1|          0|
    |lD_4_3_reg_62953                          |    1|    0|    1|          0|
    |lD_4_3_reg_62953_pp2_iter6_reg            |    1|    0|    1|          0|
    |lD_4_4_reg_63014                          |    1|    0|    1|          0|
    |lD_4_4_reg_63014_pp2_iter6_reg            |    1|    0|    1|          0|
    |lD_4_reg_62236                            |    1|    0|    1|          0|
    |lD_4_reg_62236_pp2_iter5_reg              |    1|    0|    1|          0|
    |lD_5_reg_67477                            |    1|    0|    1|          0|
    |lD_5_reg_67477_pp2_iter11_reg             |    1|    0|    1|          0|
    |lD_6_1_reg_63136                          |    1|    0|    1|          0|
    |lD_6_1_reg_63136_pp2_iter6_reg            |    1|    0|    1|          0|
    |lD_6_2_reg_63895                          |    1|    0|    1|          0|
    |lD_6_2_reg_63895_pp2_iter7_reg            |    1|    0|    1|          0|
    |lD_6_3_reg_63956                          |    1|    0|    1|          0|
    |lD_6_3_reg_63956_pp2_iter7_reg            |    1|    0|    1|          0|
    |lD_6_4_reg_64017                          |    1|    0|    1|          0|
    |lD_6_4_reg_64017_pp2_iter7_reg            |    1|    0|    1|          0|
    |lD_6_reg_63075                            |    1|    0|    1|          0|
    |lD_6_reg_63075_pp2_iter6_reg              |    1|    0|    1|          0|
    |lD_7_reg_69212                            |    1|    0|    1|          0|
    |lD_7_reg_69212_pp2_iter13_reg             |    1|    0|    1|          0|
    |lD_8_1_reg_64139                          |    1|    0|    1|          0|
    |lD_8_1_reg_64139_pp2_iter7_reg            |    1|    0|    1|          0|
    |lD_8_2_reg_64855                          |    1|    0|    1|          0|
    |lD_8_2_reg_64855_pp2_iter8_reg            |    1|    0|    1|          0|
    |lD_8_3_reg_64916                          |    1|    0|    1|          0|
    |lD_8_3_reg_64916_pp2_iter8_reg            |    1|    0|    1|          0|
    |lD_8_4_reg_65546                          |    1|    0|    1|          0|
    |lD_8_4_reg_65546_pp2_iter9_reg            |    1|    0|    1|          0|
    |lD_8_reg_64078                            |    1|    0|    1|          0|
    |lD_8_reg_64078_pp2_iter7_reg              |    1|    0|    1|          0|
    |lD_9_reg_70176                            |    1|    0|    1|          0|
    |lD_9_reg_70176_pp2_iter14_reg             |    1|    0|    1|          0|
    |lD_s_reg_65607                            |    1|    0|    1|          0|
    |lD_s_reg_65607_pp2_iter9_reg              |    1|    0|    1|          0|
    |lsb_index_reg_78162                       |   32|    0|   32|          0|
    |lshr_ln635_10_reg_63786                   |   54|    0|   54|          0|
    |lshr_ln635_11_reg_63833                   |   54|    0|   54|          0|
    |lshr_ln635_12_reg_64605                   |   54|    0|   54|          0|
    |lshr_ln635_13_reg_64652                   |   54|    0|   54|          0|
    |lshr_ln635_14_reg_64699                   |   54|    0|   54|          0|
    |lshr_ln635_15_reg_64746                   |   54|    0|   54|          0|
    |lshr_ln635_16_reg_64793                   |   54|    0|   54|          0|
    |lshr_ln635_17_reg_65437                   |   54|    0|   54|          0|
    |lshr_ln635_18_reg_65484                   |   54|    0|   54|          0|
    |lshr_ln635_19_reg_66175                   |   54|    0|   54|          0|
    |lshr_ln635_1_reg_62595                    |   54|    0|   54|          0|
    |lshr_ln635_20_reg_66222                   |   54|    0|   54|          0|
    |lshr_ln635_21_reg_66269                   |   54|    0|   54|          0|
    |lshr_ln635_22_reg_67079                   |   54|    0|   54|          0|
    |lshr_ln635_23_reg_67126                   |   54|    0|   54|          0|
    |lshr_ln635_24_reg_67173                   |   54|    0|   54|          0|
    |lshr_ln635_25_reg_67220                   |   54|    0|   54|          0|
    |lshr_ln635_26_reg_67267                   |   54|    0|   54|          0|
    |lshr_ln635_27_reg_68045                   |   54|    0|   54|          0|
    |lshr_ln635_28_reg_68092                   |   54|    0|   54|          0|
    |lshr_ln635_29_reg_68903                   |   54|    0|   54|          0|
    |lshr_ln635_2_reg_62642                    |   54|    0|   54|          0|
    |lshr_ln635_30_reg_68200                   |   54|    0|   54|          0|
    |lshr_ln635_31_reg_68247                   |   54|    0|   54|          0|
    |lshr_ln635_32_reg_69028                   |   54|    0|   54|          0|
    |lshr_ln635_33_reg_69825                   |   54|    0|   54|          0|
    |lshr_ln635_34_reg_69872                   |   54|    0|   54|          0|
    |lshr_ln635_35_reg_69919                   |   54|    0|   54|          0|
    |lshr_ln635_36_reg_69966                   |   54|    0|   54|          0|
    |lshr_ln635_37_reg_70724                   |   54|    0|   54|          0|
    |lshr_ln635_38_reg_70771                   |   54|    0|   54|          0|
    |lshr_ln635_39_reg_71602                   |   54|    0|   54|          0|
    |lshr_ln635_3_reg_62689                    |   54|    0|   54|          0|
    |lshr_ln635_40_reg_70879                   |   54|    0|   54|          0|
    |lshr_ln635_41_reg_70926                   |   54|    0|   54|          0|
    |lshr_ln635_42_reg_71727                   |   54|    0|   54|          0|
    |lshr_ln635_43_reg_72537                   |   54|    0|   54|          0|
    |lshr_ln635_44_reg_72584                   |   54|    0|   54|          0|
    |lshr_ln635_45_reg_71896                   |   54|    0|   54|          0|
    |lshr_ln635_46_reg_71943                   |   54|    0|   54|          0|
    |lshr_ln635_47_reg_72709                   |   54|    0|   54|          0|
    |lshr_ln635_48_reg_73450                   |   54|    0|   54|          0|
    |lshr_ln635_49_reg_74175                   |   54|    0|   54|          0|
    |lshr_ln635_4_reg_62736                    |   54|    0|   54|          0|
    |lshr_ln635_50_reg_73558                   |   54|    0|   54|          0|
    |lshr_ln635_51_reg_73605                   |   54|    0|   54|          0|
    |lshr_ln635_52_reg_74300                   |   54|    0|   54|          0|
    |lshr_ln635_53_reg_75040                   |   54|    0|   54|          0|
    |lshr_ln635_54_reg_75087                   |   54|    0|   54|          0|
    |lshr_ln635_55_reg_74471                   |   54|    0|   54|          0|
    |lshr_ln635_56_reg_74518                   |   54|    0|   54|          0|
    |lshr_ln635_57_reg_75212                   |   54|    0|   54|          0|
    |lshr_ln635_58_reg_75885                   |   54|    0|   54|          0|
    |lshr_ln635_59_reg_76484                   |   54|    0|   54|          0|
    |lshr_ln635_5_reg_62783                    |   54|    0|   54|          0|
    |lshr_ln635_60_reg_75993                   |   54|    0|   54|          0|
    |lshr_ln635_61_reg_76040                   |   54|    0|   54|          0|
    |lshr_ln635_62_reg_76609                   |   54|    0|   54|          0|
    |lshr_ln635_63_reg_77073                   |   54|    0|   54|          0|
    |lshr_ln635_64_reg_77120                   |   54|    0|   54|          0|
    |lshr_ln635_6_reg_62830                    |   54|    0|   54|          0|
    |lshr_ln635_7_reg_63645                    |   54|    0|   54|          0|
    |lshr_ln635_8_reg_63692                    |   54|    0|   54|          0|
    |lshr_ln635_9_reg_63739                    |   54|    0|   54|          0|
    |lshr_ln635_reg_62529                      |   54|    0|   54|          0|
    |m_4_reg_78200                             |   40|    0|   40|          0|
    |man_V_reg_60668                           |   54|    0|   54|          0|
    |mul_ln1118_10_reg_67681                   |   66|    0|   66|          0|
    |mul_ln1118_11_reg_67692                   |   66|    0|   66|          0|
    |mul_ln1118_12_reg_68596                   |   66|    0|   66|          0|
    |mul_ln1118_13_reg_68607                   |   66|    0|   66|          0|
    |mul_ln1118_14_reg_68618                   |   66|    0|   66|          0|
    |mul_ln1118_15_reg_68624                   |   66|    0|   66|          0|
    |mul_ln1118_16_reg_68630                   |   66|    0|   66|          0|
    |mul_ln1118_17_reg_69558                   |   66|    0|   66|          0|
    |mul_ln1118_18_reg_69564                   |   66|    0|   66|          0|
    |mul_ln1118_19_reg_70401                   |   66|    0|   66|          0|
    |mul_ln1118_20_reg_70412                   |   66|    0|   66|          0|
    |mul_ln1118_21_reg_70423                   |   66|    0|   66|          0|
    |mul_ln1118_22_reg_71305                   |   66|    0|   66|          0|
    |mul_ln1118_23_reg_71316                   |   66|    0|   66|          0|
    |mul_ln1118_24_reg_71327                   |   66|    0|   66|          0|
    |mul_ln1118_25_reg_71333                   |   66|    0|   66|          0|
    |mul_ln1118_26_reg_71344                   |   66|    0|   66|          0|
    |mul_ln1118_27_reg_72259                   |   66|    0|   66|          0|
    |mul_ln1118_28_reg_72270                   |   66|    0|   66|          0|
    |mul_ln1118_29_reg_73087                   |   66|    0|   66|          0|
    |mul_ln1118_30_reg_72281                   |   66|    0|   66|          0|
    |mul_ln1118_31_reg_72287                   |   66|    0|   66|          0|
    |mul_ln1118_32_reg_73146                   |   66|    0|   66|          0|
    |mul_ln1118_33_reg_73941                   |   66|    0|   66|          0|
    |mul_ln1118_34_reg_73952                   |   66|    0|   66|          0|
    |mul_ln1118_35_reg_73958                   |   66|    0|   66|          0|
    |mul_ln1118_36_reg_73969                   |   66|    0|   66|          0|
    |mul_ln1118_37_reg_74772                   |   66|    0|   66|          0|
    |mul_ln1118_38_reg_74783                   |   66|    0|   66|          0|
    |mul_ln1118_39_reg_75497                   |   66|    0|   66|          0|
    |mul_ln1118_40_reg_74794                   |   66|    0|   66|          0|
    |mul_ln1118_41_reg_74805                   |   66|    0|   66|          0|
    |mul_ln1118_42_reg_75574                   |   66|    0|   66|          0|
    |mul_ln1118_43_reg_76225                   |   66|    0|   66|          0|
    |mul_ln1118_44_reg_76236                   |   66|    0|   66|          0|
    |mul_ln1118_45_reg_75595                   |   66|    0|   66|          0|
    |mul_ln1118_46_reg_75601                   |   66|    0|   66|          0|
    |mul_ln1118_47_reg_76290                   |   66|    0|   66|          0|
    |mul_ln1118_48_reg_76818                   |   66|    0|   66|          0|
    |mul_ln1118_49_reg_77150                   |   66|    0|   66|          0|
    |mul_ln1118_50_reg_76829                   |   66|    0|   66|          0|
    |mul_ln1118_51_reg_76840                   |   66|    0|   66|          0|
    |mul_ln1118_52_reg_77227                   |   66|    0|   66|          0|
    |mul_ln1118_53_reg_77474                   |   66|    0|   66|          0|
    |mul_ln1118_54_reg_77485                   |   66|    0|   66|          0|
    |mul_ln1118_55_reg_77248                   |   66|    0|   66|          0|
    |mul_ln1118_56_reg_77254                   |   66|    0|   66|          0|
    |mul_ln1118_57_reg_77539                   |   66|    0|   66|          0|
    |mul_ln1118_58_reg_77701                   |   66|    0|   66|          0|
    |mul_ln1118_59_reg_77773                   |   66|    0|   66|          0|
    |mul_ln1118_5_reg_66799                    |   66|    0|   66|          0|
    |mul_ln1118_60_reg_77712                   |   66|    0|   66|          0|
    |mul_ln1118_61_reg_77723                   |   66|    0|   66|          0|
    |mul_ln1118_62_reg_77840                   |   66|    0|   66|          0|
    |mul_ln1118_63_reg_77922                   |   66|    0|   66|          0|
    |mul_ln1118_64_reg_77933                   |   66|    0|   66|          0|
    |mul_ln1118_66_reg_78124                   |  104|    0|  104|          0|
    |mul_ln1118_6_reg_66810                    |   66|    0|   66|          0|
    |mul_ln1118_7_reg_67648                    |   66|    0|   66|          0|
    |mul_ln1118_8_reg_67659                    |   66|    0|   66|          0|
    |mul_ln1118_9_reg_67670                    |   66|    0|   66|          0|
    |n_reg_1914                                |   32|    0|   32|          0|
    |neg_src_1_reg_60809                       |    1|    0|    1|          0|
    |overflow_reg_60815                        |    1|    0|    1|          0|
    |p_Result_106_1_reg_70303                  |   11|    0|   11|          0|
    |p_Result_106_2_reg_71176                  |   11|    0|   11|          0|
    |p_Result_106_3_reg_72019                  |   11|    0|   11|          0|
    |p_Result_106_4_reg_72785                  |   11|    0|   11|          0|
    |p_Result_10_reg_63228                     |   11|    0|   11|          0|
    |p_Result_114_1_reg_72071                  |   11|    0|   11|          0|
    |p_Result_114_2_reg_72933                  |   11|    0|   11|          0|
    |p_Result_114_3_reg_73681                  |   11|    0|   11|          0|
    |p_Result_114_4_reg_73707                  |   11|    0|   11|          0|
    |p_Result_125_1_reg_72985                  |   11|    0|   11|          0|
    |p_Result_125_2_reg_73855                  |   11|    0|   11|          0|
    |p_Result_125_3_reg_74594                  |   11|    0|   11|          0|
    |p_Result_125_4_reg_75288                  |   11|    0|   11|          0|
    |p_Result_12_reg_64956                     |   11|    0|   11|          0|
    |p_Result_135_1_reg_74646                  |   11|    0|   11|          0|
    |p_Result_135_2_reg_75436                  |   11|    0|   11|          0|
    |p_Result_135_3_reg_76116                  |   11|    0|   11|          0|
    |p_Result_135_4_reg_76142                  |   11|    0|   11|          0|
    |p_Result_14_reg_65760                     |   11|    0|   11|          0|
    |p_Result_16_reg_66643                     |   11|    0|   11|          0|
    |p_Result_18_reg_68375                     |   11|    0|   11|          0|
    |p_Result_20_1_reg_61675                   |   11|    0|   11|          0|
    |p_Result_20_2_reg_61701                   |   11|    0|   11|          0|
    |p_Result_20_3_reg_61727                   |   11|    0|   11|          0|
    |p_Result_20_4_reg_61753                   |   11|    0|   11|          0|
    |p_Result_20_reg_69339                     |   11|    0|   11|          0|
    |p_Result_22_reg_70277                     |   11|    0|   11|          0|
    |p_Result_24_reg_72045                     |   11|    0|   11|          0|
    |p_Result_26_reg_72959                     |   11|    0|   11|          0|
    |p_Result_28_1_reg_61805                   |   11|    0|   11|          0|
    |p_Result_28_2_reg_62311                   |   11|    0|   11|          0|
    |p_Result_28_3_reg_62337                   |   11|    0|   11|          0|
    |p_Result_28_4_reg_62363                   |   11|    0|   11|          0|
    |p_Result_28_reg_74620                     |   11|    0|   11|          0|
    |p_Result_2_reg_61649                      |   11|    0|   11|          0|
    |p_Result_34_reg_60262                     |    1|    0|    1|          0|
    |p_Result_36_1_reg_62415                   |   11|    0|   11|          0|
    |p_Result_36_2_reg_63150                   |   11|    0|   11|          0|
    |p_Result_36_3_reg_63176                   |   11|    0|   11|          0|
    |p_Result_36_4_reg_63202                   |   11|    0|   11|          0|
    |p_Result_36_reg_60799                     |    1|    0|    1|          0|
    |p_Result_41_reg_78144                     |    1|    0|    1|          0|
    |p_Result_43_1_reg_63254                   |   11|    0|   11|          0|
    |p_Result_43_2_reg_64153                   |   11|    0|   11|          0|
    |p_Result_43_3_reg_64179                   |   11|    0|   11|          0|
    |p_Result_43_4_reg_64930                   |   11|    0|   11|          0|
    |p_Result_43_reg_78179                     |    1|    0|    1|          0|
    |p_Result_52_1_reg_64982                   |   11|    0|   11|          0|
    |p_Result_52_2_reg_65682                   |   11|    0|   11|          0|
    |p_Result_52_3_reg_65708                   |   11|    0|   11|          0|
    |p_Result_52_4_reg_65734                   |   11|    0|   11|          0|
    |p_Result_5_reg_62389                      |   11|    0|   11|          0|
    |p_Result_65_1_reg_65786                   |   11|    0|   11|          0|
    |p_Result_65_2_reg_66591                   |   11|    0|   11|          0|
    |p_Result_65_3_reg_66617                   |   11|    0|   11|          0|
    |p_Result_65_4_reg_67404                   |   11|    0|   11|          0|
    |p_Result_78_1_reg_66669                   |   11|    0|   11|          0|
    |p_Result_78_2_reg_67552                   |   11|    0|   11|          0|
    |p_Result_78_3_reg_68323                   |   11|    0|   11|          0|
    |p_Result_78_4_reg_68349                   |   11|    0|   11|          0|
    |p_Result_88_1_reg_68401                   |   11|    0|   11|          0|
    |p_Result_88_2_reg_69287                   |   11|    0|   11|          0|
    |p_Result_88_3_reg_69313                   |   11|    0|   11|          0|
    |p_Result_88_4_reg_70103                   |   11|    0|   11|          0|
    |p_Result_8_reg_61779                      |   11|    0|   11|          0|
    |p_Result_98_1_reg_69365                   |   11|    0|   11|          0|
    |p_Result_98_2_reg_70251                   |   11|    0|   11|          0|
    |p_Result_98_3_reg_71002                   |   11|    0|   11|          0|
    |p_Result_98_4_reg_71028                   |   11|    0|   11|          0|
    |p_Result_9_reg_78205                      |    1|    0|    1|          0|
    |p_Val2_1_reg_60792                        |   16|    0|   16|          0|
    |p_Val2_3_reg_78077                        |   40|    0|   40|          0|
    |phi_mul_reg_1892                          |   14|    0|   14|          0|
    |phi_urem_reg_1903                         |    7|    0|    7|          0|
    |pos2_reg_60753                            |   12|    0|   12|          0|
    |r_V_reg_78108                             |   72|    0|   72|          0|
    |ret_V_3_reg_78093                         |   41|    0|   41|          0|
    |ret_V_reg_78113                           |   72|    0|   72|          0|
    |select_ln340_100_reg_71350                |   40|    0|   40|          0|
    |select_ln340_104_reg_72265                |   40|    0|   40|          0|
    |select_ln340_113_reg_73093                |   40|    0|   40|          0|
    |select_ln340_136_reg_78065                |   40|    0|   40|          0|
    |select_ln340_138_reg_73947                |   40|    0|   40|          0|
    |select_ln340_146_reg_73964                |   40|    0|   40|          0|
    |select_ln340_150_reg_73975                |   40|    0|   40|          0|
    |select_ln340_154_reg_74778                |   40|    0|   40|          0|
    |select_ln340_162_reg_75503                |   40|    0|   40|          0|
    |select_ln340_165_reg_74800                |   40|    0|   40|          0|
    |select_ln340_169_reg_74811                |   40|    0|   40|          0|
    |select_ln340_173_reg_75580                |   40|    0|   40|          0|
    |select_ln340_178_reg_76231                |   40|    0|   40|          0|
    |select_ln340_17_reg_66805                 |   40|    0|   40|          0|
    |select_ln340_202_reg_77156                |   40|    0|   40|          0|
    |select_ln340_206_reg_76835                |   40|    0|   40|          0|
    |select_ln340_210_reg_76846                |   40|    0|   40|          0|
    |select_ln340_214_reg_77233                |   40|    0|   40|          0|
    |select_ln340_218_reg_77480                |   40|    0|   40|          0|
    |select_ln340_21_reg_66816                 |   40|    0|   40|          0|
    |select_ln340_242_reg_77779                |   40|    0|   40|          0|
    |select_ln340_246_reg_77718                |   40|    0|   40|          0|
    |select_ln340_251_reg_77729                |   40|    0|   40|          0|
    |select_ln340_256_reg_77846                |   40|    0|   40|          0|
    |select_ln340_25_reg_67654                 |   40|    0|   40|          0|
    |select_ln340_261_reg_77928                |   40|    0|   40|          0|
    |select_ln340_267_reg_78025                |   40|    0|   40|          0|
    |select_ln340_29_reg_67665                 |   40|    0|   40|          0|
    |select_ln340_33_reg_67676                 |   40|    0|   40|          0|
    |select_ln340_36_reg_67687                 |   40|    0|   40|          0|
    |select_ln340_40_reg_67698                 |   40|    0|   40|          0|
    |select_ln340_44_reg_68602                 |   40|    0|   40|          0|
    |select_ln340_48_reg_68613                 |   40|    0|   40|          0|
    |select_ln340_73_reg_70407                 |   40|    0|   40|          0|
    |select_ln340_77_reg_70418                 |   40|    0|   40|          0|
    |select_ln340_81_reg_70429                 |   40|    0|   40|          0|
    |select_ln340_85_reg_71311                 |   40|    0|   40|          0|
    |select_ln340_89_reg_71322                 |   40|    0|   40|          0|
    |select_ln340_96_reg_71339                 |   40|    0|   40|          0|
    |select_ln340_9_reg_78129                  |   40|    0|   40|          0|
    |select_ln403_101_reg_74181                |   18|    0|   18|          0|
    |select_ln403_103_reg_74220                |   18|    0|   18|          0|
    |select_ln403_105_reg_74960                |   18|    0|   18|          0|
    |select_ln403_107_reg_75677                |   18|    0|   18|          0|
    |select_ln403_109_reg_75716                |   18|    0|   18|          0|
    |select_ln403_111_reg_75093                |   18|    0|   18|          0|
    |select_ln403_113_reg_75132                |   18|    0|   18|          0|
    |select_ln403_115_reg_75805                |   18|    0|   18|          0|
    |select_ln403_117_reg_76404                |   18|    0|   18|          0|
    |select_ln403_119_reg_76906                |   18|    0|   18|          0|
    |select_ln403_11_reg_63526                 |   18|    0|   18|          0|
    |select_ln403_121_reg_76490                |   18|    0|   18|          0|
    |select_ln403_123_reg_76529                |   18|    0|   18|          0|
    |select_ln403_125_reg_76993                |   18|    0|   18|          0|
    |select_ln403_127_reg_77330                |   18|    0|   18|          0|
    |select_ln403_129_reg_77369                |   18|    0|   18|          0|
    |select_ln403_13_reg_63565                 |   18|    0|   18|          0|
    |select_ln403_15_reg_64369                 |   18|    0|   18|          0|
    |select_ln403_17_reg_64408                 |   18|    0|   18|          0|
    |select_ln403_19_reg_64447                 |   18|    0|   18|          0|
    |select_ln403_21_reg_64486                 |   18|    0|   18|          0|
    |select_ln403_23_reg_64525                 |   18|    0|   18|          0|
    |select_ln403_25_reg_65201                 |   18|    0|   18|          0|
    |select_ln403_27_reg_65240                 |   18|    0|   18|          0|
    |select_ln403_29_reg_65279                 |   18|    0|   18|          0|
    |select_ln403_31_reg_65318                 |   18|    0|   18|          0|
    |select_ln403_33_reg_65357                 |   18|    0|   18|          0|
    |select_ln403_35_reg_66056                 |   18|    0|   18|          0|
    |select_ln403_37_reg_66095                 |   18|    0|   18|          0|
    |select_ln403_39_reg_66921                 |   18|    0|   18|          0|
    |select_ln403_41_reg_66960                 |   18|    0|   18|          0|
    |select_ln403_43_reg_66999                 |   18|    0|   18|          0|
    |select_ln403_45_reg_67809                 |   18|    0|   18|          0|
    |select_ln403_47_reg_67848                 |   18|    0|   18|          0|
    |select_ln403_49_reg_67887                 |   18|    0|   18|          0|
    |select_ln403_51_reg_67926                 |   18|    0|   18|          0|
    |select_ln403_53_reg_67965                 |   18|    0|   18|          0|
    |select_ln403_55_reg_68784                 |   18|    0|   18|          0|
    |select_ln403_57_reg_68823                 |   18|    0|   18|          0|
    |select_ln403_59_reg_69658                 |   18|    0|   18|          0|
    |select_ln403_5_reg_63409                  |   18|    0|   18|          0|
    |select_ln403_61_reg_68909                 |   18|    0|   18|          0|
    |select_ln403_63_reg_68948                 |   18|    0|   18|          0|
    |select_ln403_65_reg_69745                 |   18|    0|   18|          0|
    |select_ln403_67_reg_70527                 |   18|    0|   18|          0|
    |select_ln403_69_reg_70566                 |   18|    0|   18|          0|
    |select_ln403_71_reg_70605                 |   18|    0|   18|          0|
    |select_ln403_73_reg_70644                 |   18|    0|   18|          0|
    |select_ln403_75_reg_71483                 |   18|    0|   18|          0|
    |select_ln403_77_reg_71522                 |   18|    0|   18|          0|
    |select_ln403_79_reg_72368                 |   18|    0|   18|          0|
    |select_ln403_7_reg_63448                  |   18|    0|   18|          0|
    |select_ln403_81_reg_71608                 |   18|    0|   18|          0|
    |select_ln403_83_reg_71647                 |   18|    0|   18|          0|
    |select_ln403_85_reg_72457                 |   18|    0|   18|          0|
    |select_ln403_87_reg_73242                 |   18|    0|   18|          0|
    |select_ln403_89_reg_73281                 |   18|    0|   18|          0|
    |select_ln403_91_reg_72590                 |   18|    0|   18|          0|
    |select_ln403_93_reg_72629                 |   18|    0|   18|          0|
    |select_ln403_95_reg_73370                 |   18|    0|   18|          0|
    |select_ln403_97_reg_74095                 |   18|    0|   18|          0|
    |select_ln403_99_reg_74871                 |   18|    0|   18|          0|
    |select_ln403_9_reg_63487                  |   18|    0|   18|          0|
    |select_ln557_10_reg_65158                 |    1|    0|    1|          0|
    |select_ln557_11_reg_65183                 |    1|    0|    1|          0|
    |select_ln557_12_reg_65938                 |    1|    0|    1|          0|
    |select_ln557_13_reg_65963                 |    1|    0|    1|          0|
    |select_ln557_14_reg_65988                 |    1|    0|    1|          0|
    |select_ln557_15_reg_66013                 |    1|    0|    1|          0|
    |select_ln557_16_reg_66038                 |    1|    0|    1|          0|
    |select_ln557_17_reg_66878                 |    1|    0|    1|          0|
    |select_ln557_18_reg_66903                 |    1|    0|    1|          0|
    |select_ln557_21_reg_67791                 |    1|    0|    1|          0|
    |select_ln557_22_reg_68668                 |    1|    0|    1|          0|
    |select_ln557_23_reg_68693                 |    1|    0|    1|          0|
    |select_ln557_25_reg_68741                 |    1|    0|    1|          0|
    |select_ln557_26_reg_68766                 |    1|    0|    1|          0|
    |select_ln557_27_reg_69617                 |    1|    0|    1|          0|
    |select_ln557_2_reg_64253                  |    1|    0|    1|          0|
    |select_ln557_30_reg_69704                 |    1|    0|    1|          0|
    |select_ln557_32_reg_70509                 |    1|    0|    1|          0|
    |select_ln557_34_reg_71415                 |    1|    0|    1|          0|
    |select_ln557_35_reg_71440                 |    1|    0|    1|          0|
    |select_ln557_36_reg_71465                 |    1|    0|    1|          0|
    |select_ln557_37_reg_72325                 |    1|    0|    1|          0|
    |select_ln557_38_reg_72350                 |    1|    0|    1|          0|
    |select_ln557_39_reg_73189                 |    1|    0|    1|          0|
    |select_ln557_3_reg_64278                  |    1|    0|    1|          0|
    |select_ln557_40_reg_72414                 |    1|    0|    1|          0|
    |select_ln557_41_reg_72439                 |    1|    0|    1|          0|
    |select_ln557_42_reg_73224                 |    1|    0|    1|          0|
    |select_ln557_43_reg_74017                 |    1|    0|    1|          0|
    |select_ln557_44_reg_74042                 |    1|    0|    1|          0|
    |select_ln557_45_reg_73327                 |    1|    0|    1|          0|
    |select_ln557_46_reg_73352                 |    1|    0|    1|          0|
    |select_ln557_47_reg_74077                 |    1|    0|    1|          0|
    |select_ln557_48_reg_74853                 |    1|    0|    1|          0|
    |select_ln557_49_reg_75624                 |    1|    0|    1|          0|
    |select_ln557_50_reg_74917                 |    1|    0|    1|          0|
    |select_ln557_51_reg_74942                 |    1|    0|    1|          0|
    |select_ln557_52_reg_75659                 |    1|    0|    1|          0|
    |select_ln557_53_reg_76328                 |    1|    0|    1|          0|
    |select_ln557_54_reg_76353                 |    1|    0|    1|          0|
    |select_ln557_55_reg_75762                 |    1|    0|    1|          0|
    |select_ln557_56_reg_75787                 |    1|    0|    1|          0|
    |select_ln557_58_reg_76888                 |    1|    0|    1|          0|
    |select_ln557_59_reg_77277                 |    1|    0|    1|          0|
    |select_ln557_5_reg_64326                  |    1|    0|    1|          0|
    |select_ln557_60_reg_76952                 |    1|    0|    1|          0|
    |select_ln557_62_reg_77312                 |    1|    0|    1|          0|
    |select_ln557_63_reg_77577                 |    1|    0|    1|          0|
    |select_ln557_64_reg_77602                 |    1|    0|    1|          0|
    |select_ln557_6_reg_64351                  |    1|    0|    1|          0|
    |select_ln557_7_reg_65085                  |    1|    0|    1|          0|
    |select_ln557_8_reg_65110                  |    1|    0|    1|          0|
    |select_ln570_10_reg_63024                 |   54|    0|   54|          0|
    |select_ln570_10_reg_63024_pp2_iter6_reg   |   54|    0|   54|          0|
    |select_ln570_11_reg_63085                 |   54|    0|   54|          0|
    |select_ln570_11_reg_63085_pp2_iter6_reg   |   54|    0|   54|          0|
    |select_ln570_12_reg_63844                 |   54|    0|   54|          0|
    |select_ln570_12_reg_63844_pp2_iter7_reg   |   54|    0|   54|          0|
    |select_ln570_13_reg_63905                 |   54|    0|   54|          0|
    |select_ln570_13_reg_63905_pp2_iter7_reg   |   54|    0|   54|          0|
    |select_ln570_14_reg_63966                 |   54|    0|   54|          0|
    |select_ln570_14_reg_63966_pp2_iter7_reg   |   54|    0|   54|          0|
    |select_ln570_15_reg_64027                 |   54|    0|   54|          0|
    |select_ln570_15_reg_64027_pp2_iter7_reg   |   54|    0|   54|          0|
    |select_ln570_16_reg_64088                 |   54|    0|   54|          0|
    |select_ln570_16_reg_64088_pp2_iter7_reg   |   54|    0|   54|          0|
    |select_ln570_17_reg_64804                 |   54|    0|   54|          0|
    |select_ln570_17_reg_64804_pp2_iter8_reg   |   54|    0|   54|          0|
    |select_ln570_18_reg_64865                 |   54|    0|   54|          0|
    |select_ln570_18_reg_64865_pp2_iter8_reg   |   54|    0|   54|          0|
    |select_ln570_19_reg_65495                 |   54|    0|   54|          0|
    |select_ln570_19_reg_65495_pp2_iter9_reg   |   54|    0|   54|          0|
    |select_ln570_1_reg_61937                  |   54|    0|   54|          0|
    |select_ln570_20_reg_65556                 |   54|    0|   54|          0|
    |select_ln570_20_reg_65556_pp2_iter9_reg   |   54|    0|   54|          0|
    |select_ln570_21_reg_65617                 |   54|    0|   54|          0|
    |select_ln570_21_reg_65617_pp2_iter9_reg   |   54|    0|   54|          0|
    |select_ln570_22_reg_66280                 |   54|    0|   54|          0|
    |select_ln570_22_reg_66280_pp2_iter10_reg  |   54|    0|   54|          0|
    |select_ln570_23_reg_66341                 |   54|    0|   54|          0|
    |select_ln570_23_reg_66341_pp2_iter10_reg  |   54|    0|   54|          0|
    |select_ln570_24_reg_66404                 |   54|    0|   54|          0|
    |select_ln570_24_reg_66404_pp2_iter10_reg  |   54|    0|   54|          0|
    |select_ln570_25_reg_66465                 |   54|    0|   54|          0|
    |select_ln570_25_reg_66465_pp2_iter10_reg  |   54|    0|   54|          0|
    |select_ln570_26_reg_66526                 |   54|    0|   54|          0|
    |select_ln570_26_reg_66526_pp2_iter10_reg  |   54|    0|   54|          0|
    |select_ln570_27_reg_67278                 |   54|    0|   54|          0|
    |select_ln570_27_reg_67278_pp2_iter11_reg  |   54|    0|   54|          0|
    |select_ln570_28_reg_67339                 |   54|    0|   54|          0|
    |select_ln570_28_reg_67339_pp2_iter11_reg  |   54|    0|   54|          0|
    |select_ln570_29_reg_68103                 |   54|    0|   54|          0|
    |select_ln570_29_reg_68103_pp2_iter12_reg  |   54|    0|   54|          0|
    |select_ln570_2_reg_62002                  |   54|    0|   54|          0|
    |select_ln570_2_reg_62002_pp2_iter5_reg    |   54|    0|   54|          0|
    |select_ln570_30_reg_67426                 |   54|    0|   54|          0|
    |select_ln570_30_reg_67426_pp2_iter11_reg  |   54|    0|   54|          0|
    |select_ln570_31_reg_67487                 |   54|    0|   54|          0|
    |select_ln570_31_reg_67487_pp2_iter11_reg  |   54|    0|   54|          0|
    |select_ln570_32_reg_68258                 |   54|    0|   54|          0|
    |select_ln570_32_reg_68258_pp2_iter12_reg  |   54|    0|   54|          0|
    |select_ln570_33_reg_69039                 |   54|    0|   54|          0|
    |select_ln570_33_reg_69039_pp2_iter13_reg  |   54|    0|   54|          0|
    |select_ln570_34_reg_69100                 |   54|    0|   54|          0|
    |select_ln570_34_reg_69100_pp2_iter13_reg  |   54|    0|   54|          0|
    |select_ln570_35_reg_69161                 |   54|    0|   54|          0|
    |select_ln570_35_reg_69161_pp2_iter13_reg  |   54|    0|   54|          0|
    |select_ln570_36_reg_69222                 |   54|    0|   54|          0|
    |select_ln570_36_reg_69222_pp2_iter13_reg  |   54|    0|   54|          0|
    |select_ln570_37_reg_69977                 |   54|    0|   54|          0|
    |select_ln570_37_reg_69977_pp2_iter14_reg  |   54|    0|   54|          0|
    |select_ln570_38_reg_70038                 |   54|    0|   54|          0|
    |select_ln570_38_reg_70038_pp2_iter14_reg  |   54|    0|   54|          0|
    |select_ln570_39_reg_70782                 |   54|    0|   54|          0|
    |select_ln570_39_reg_70782_pp2_iter15_reg  |   54|    0|   54|          0|
    |select_ln570_3_reg_62063                  |   54|    0|   54|          0|
    |select_ln570_3_reg_62063_pp2_iter5_reg    |   54|    0|   54|          0|
    |select_ln570_40_reg_70125                 |   54|    0|   54|          0|
    |select_ln570_40_reg_70125_pp2_iter14_reg  |   54|    0|   54|          0|
    |select_ln570_41_reg_70186                 |   54|    0|   54|          0|
    |select_ln570_41_reg_70186_pp2_iter14_reg  |   54|    0|   54|          0|
    |select_ln570_42_reg_70937                 |   54|    0|   54|          0|
    |select_ln570_42_reg_70937_pp2_iter15_reg  |   54|    0|   54|          0|
    |select_ln570_43_reg_71738                 |   54|    0|   54|          0|
    |select_ln570_43_reg_71738_pp2_iter16_reg  |   54|    0|   54|          0|
    |select_ln570_44_reg_71799                 |   54|    0|   54|          0|
    |select_ln570_44_reg_71799_pp2_iter16_reg  |   54|    0|   54|          0|
    |select_ln570_45_reg_71050                 |   54|    0|   54|          0|
    |select_ln570_45_reg_71050_pp2_iter15_reg  |   54|    0|   54|          0|
    |select_ln570_46_reg_71111                 |   54|    0|   54|          0|
    |select_ln570_46_reg_71111_pp2_iter15_reg  |   54|    0|   54|          0|
    |select_ln570_47_reg_71954                 |   54|    0|   54|          0|
    |select_ln570_47_reg_71954_pp2_iter16_reg  |   54|    0|   54|          0|
    |select_ln570_48_reg_72720                 |   54|    0|   54|          0|
    |select_ln570_48_reg_72720_pp2_iter17_reg  |   54|    0|   54|          0|
    |select_ln570_49_reg_73461                 |   54|    0|   54|          0|
    |select_ln570_49_reg_73461_pp2_iter18_reg  |   54|    0|   54|          0|
    |select_ln570_4_reg_62124                  |   54|    0|   54|          0|
    |select_ln570_4_reg_62124_pp2_iter5_reg    |   54|    0|   54|          0|
    |select_ln570_50_reg_72807                 |   54|    0|   54|          0|
    |select_ln570_50_reg_72807_pp2_iter17_reg  |   54|    0|   54|          0|
    |select_ln570_51_reg_72868                 |   54|    0|   54|          0|
    |select_ln570_51_reg_72868_pp2_iter17_reg  |   54|    0|   54|          0|
    |select_ln570_52_reg_73616                 |   54|    0|   54|          0|
    |select_ln570_52_reg_73616_pp2_iter18_reg  |   54|    0|   54|          0|
    |select_ln570_53_reg_74311                 |   54|    0|   54|          0|
    |select_ln570_53_reg_74311_pp2_iter19_reg  |   54|    0|   54|          0|
    |select_ln570_54_reg_74372                 |   54|    0|   54|          0|
    |select_ln570_54_reg_74372_pp2_iter19_reg  |   54|    0|   54|          0|
    |select_ln570_55_reg_73729                 |   54|    0|   54|          0|
    |select_ln570_55_reg_73729_pp2_iter18_reg  |   54|    0|   54|          0|
    |select_ln570_56_reg_73790                 |   54|    0|   54|          0|
    |select_ln570_56_reg_73790_pp2_iter18_reg  |   54|    0|   54|          0|
    |select_ln570_57_reg_74529                 |   54|    0|   54|          0|
    |select_ln570_57_reg_74529_pp2_iter19_reg  |   54|    0|   54|          0|
    |select_ln570_58_reg_75223                 |   54|    0|   54|          0|
    |select_ln570_58_reg_75223_pp2_iter20_reg  |   54|    0|   54|          0|
    |select_ln570_59_reg_75896                 |   54|    0|   54|          0|
    |select_ln570_59_reg_75896_pp2_iter21_reg  |   54|    0|   54|          0|
    |select_ln570_5_reg_62185                  |   54|    0|   54|          0|
    |select_ln570_5_reg_62185_pp2_iter5_reg    |   54|    0|   54|          0|
    |select_ln570_60_reg_75310                 |   54|    0|   54|          0|
    |select_ln570_60_reg_75310_pp2_iter20_reg  |   54|    0|   54|          0|
    |select_ln570_61_reg_75371                 |   54|    0|   54|          0|
    |select_ln570_61_reg_75371_pp2_iter20_reg  |   54|    0|   54|          0|
    |select_ln570_62_reg_76051                 |   54|    0|   54|          0|
    |select_ln570_62_reg_76051_pp2_iter21_reg  |   54|    0|   54|          0|
    |select_ln570_63_reg_76620                 |   54|    0|   54|          0|
    |select_ln570_63_reg_76620_pp2_iter22_reg  |   54|    0|   54|          0|
    |select_ln570_64_reg_76681                 |   54|    0|   54|          0|
    |select_ln570_64_reg_76681_pp2_iter22_reg  |   54|    0|   54|          0|
    |select_ln570_6_reg_62246                  |   54|    0|   54|          0|
    |select_ln570_6_reg_62246_pp2_iter5_reg    |   54|    0|   54|          0|
    |select_ln570_7_reg_62841                  |   54|    0|   54|          0|
    |select_ln570_7_reg_62841_pp2_iter6_reg    |   54|    0|   54|          0|
    |select_ln570_8_reg_62902                  |   54|    0|   54|          0|
    |select_ln570_8_reg_62902_pp2_iter6_reg    |   54|    0|   54|          0|
    |select_ln570_9_reg_62963                  |   54|    0|   54|          0|
    |select_ln570_9_reg_62963_pp2_iter6_reg    |   54|    0|   54|          0|
    |select_ln570_reg_61872                    |   54|    0|   54|          0|
    |select_ln571_10_reg_65916                 |   18|    0|   18|          0|
    |select_ln571_11_reg_65921                 |   18|    0|   18|          0|
    |select_ln571_12_reg_65926                 |   18|    0|   18|          0|
    |select_ln571_13_reg_66846                 |   18|    0|   18|          0|
    |select_ln571_14_reg_66851                 |   18|    0|   18|          0|
    |select_ln571_15_reg_66856                 |   18|    0|   18|          0|
    |select_ln571_16_reg_66861                 |   18|    0|   18|          0|
    |select_ln571_17_reg_66866                 |   18|    0|   18|          0|
    |select_ln571_18_reg_67728                 |   18|    0|   18|          0|
    |select_ln571_19_reg_67733                 |   18|    0|   18|          0|
    |select_ln571_1_reg_64236                  |   18|    0|   18|          0|
    |select_ln571_20_reg_68646                 |   18|    0|   18|          0|
    |select_ln571_21_reg_68651                 |   18|    0|   18|          0|
    |select_ln571_22_reg_68656                 |   18|    0|   18|          0|
    |select_ln571_23_reg_69585                 |   18|    0|   18|          0|
    |select_ln571_24_reg_69590                 |   18|    0|   18|          0|
    |select_ln571_25_reg_69595                 |   18|    0|   18|          0|
    |select_ln571_26_reg_69600                 |   18|    0|   18|          0|
    |select_ln571_27_reg_69605                 |   18|    0|   18|          0|
    |select_ln571_28_reg_70459                 |   18|    0|   18|          0|
    |select_ln571_29_reg_70464                 |   18|    0|   18|          0|
    |select_ln571_2_reg_64241                  |   18|    0|   18|          0|
    |select_ln571_30_reg_71365                 |   18|    0|   18|          0|
    |select_ln571_31_reg_70492                 |   18|    0|   18|          0|
    |select_ln571_32_reg_70497                 |   18|    0|   18|          0|
    |select_ln571_33_reg_71380                 |   18|    0|   18|          0|
    |select_ln571_34_reg_72298                 |   18|    0|   18|          0|
    |select_ln571_35_reg_72303                 |   18|    0|   18|          0|
    |select_ln571_36_reg_72308                 |   18|    0|   18|          0|
    |select_ln571_37_reg_72313                 |   18|    0|   18|          0|
    |select_ln571_38_reg_73172                 |   18|    0|   18|          0|
    |select_ln571_39_reg_73177                 |   18|    0|   18|          0|
    |select_ln571_3_reg_65053                  |   18|    0|   18|          0|
    |select_ln571_40_reg_73990                 |   18|    0|   18|          0|
    |select_ln571_41_reg_73207                 |   18|    0|   18|          0|
    |select_ln571_42_reg_73212                 |   18|    0|   18|          0|
    |select_ln571_43_reg_74005                 |   18|    0|   18|          0|
    |select_ln571_44_reg_74821                 |   18|    0|   18|          0|
    |select_ln571_45_reg_74826                 |   18|    0|   18|          0|
    |select_ln571_46_reg_74060                 |   18|    0|   18|          0|
    |select_ln571_47_reg_74065                 |   18|    0|   18|          0|
    |select_ln571_48_reg_74841                 |   18|    0|   18|          0|
    |select_ln571_49_reg_75612                 |   18|    0|   18|          0|
    |select_ln571_4_reg_65058                  |   18|    0|   18|          0|
    |select_ln571_50_reg_76301                 |   18|    0|   18|          0|
    |select_ln571_51_reg_75642                 |   18|    0|   18|          0|
    |select_ln571_52_reg_75647                 |   18|    0|   18|          0|
    |select_ln571_53_reg_76316                 |   18|    0|   18|          0|
    |select_ln571_54_reg_76856                 |   18|    0|   18|          0|
    |select_ln571_55_reg_76861                 |   18|    0|   18|          0|
    |select_ln571_56_reg_76371                 |   18|    0|   18|          0|
    |select_ln571_57_reg_76376                 |   18|    0|   18|          0|
    |select_ln571_58_reg_76876                 |   18|    0|   18|          0|
    |select_ln571_59_reg_77265                 |   18|    0|   18|          0|
    |select_ln571_5_reg_65063                  |   18|    0|   18|          0|
    |select_ln571_60_reg_77550                 |   18|    0|   18|          0|
    |select_ln571_61_reg_77295                 |   18|    0|   18|          0|
    |select_ln571_62_reg_77300                 |   18|    0|   18|          0|
    |select_ln571_63_reg_77565                 |   18|    0|   18|          0|
    |select_ln571_64_reg_77739                 |   18|    0|   18|          0|
    |select_ln571_65_reg_77744                 |   18|    0|   18|          0|
    |select_ln571_6_reg_65068                  |   18|    0|   18|          0|
    |select_ln571_7_reg_65073                  |   18|    0|   18|          0|
    |select_ln571_8_reg_65906                  |   18|    0|   18|          0|
    |select_ln571_9_reg_65911                  |   18|    0|   18|          0|
    |select_ln571_reg_60871                    |   16|    0|   16|          0|
    |select_ln581_10_reg_63045                 |   12|    0|   12|          0|
    |select_ln581_11_reg_63106                 |   12|    0|   12|          0|
    |select_ln581_12_reg_63865                 |   12|    0|   12|          0|
    |select_ln581_13_reg_63926                 |   12|    0|   12|          0|
    |select_ln581_14_reg_63987                 |   12|    0|   12|          0|
    |select_ln581_15_reg_64048                 |   12|    0|   12|          0|
    |select_ln581_16_reg_64109                 |   12|    0|   12|          0|
    |select_ln581_17_reg_64825                 |   12|    0|   12|          0|
    |select_ln581_18_reg_64886                 |   12|    0|   12|          0|
    |select_ln581_19_reg_65516                 |   12|    0|   12|          0|
    |select_ln581_1_reg_61958                  |   12|    0|   12|          0|
    |select_ln581_20_reg_65577                 |   12|    0|   12|          0|
    |select_ln581_21_reg_65638                 |   12|    0|   12|          0|
    |select_ln581_22_reg_66301                 |   12|    0|   12|          0|
    |select_ln581_23_reg_66362                 |   12|    0|   12|          0|
    |select_ln581_24_reg_66425                 |   12|    0|   12|          0|
    |select_ln581_25_reg_66486                 |   12|    0|   12|          0|
    |select_ln581_26_reg_66547                 |   12|    0|   12|          0|
    |select_ln581_27_reg_67299                 |   12|    0|   12|          0|
    |select_ln581_28_reg_67360                 |   12|    0|   12|          0|
    |select_ln581_29_reg_68124                 |   12|    0|   12|          0|
    |select_ln581_2_reg_62023                  |   12|    0|   12|          0|
    |select_ln581_30_reg_67447                 |   12|    0|   12|          0|
    |select_ln581_31_reg_67508                 |   12|    0|   12|          0|
    |select_ln581_32_reg_68279                 |   12|    0|   12|          0|
    |select_ln581_33_reg_69060                 |   12|    0|   12|          0|
    |select_ln581_34_reg_69121                 |   12|    0|   12|          0|
    |select_ln581_35_reg_69182                 |   12|    0|   12|          0|
    |select_ln581_36_reg_69243                 |   12|    0|   12|          0|
    |select_ln581_37_reg_69998                 |   12|    0|   12|          0|
    |select_ln581_38_reg_70059                 |   12|    0|   12|          0|
    |select_ln581_39_reg_70803                 |   12|    0|   12|          0|
    |select_ln581_3_reg_62084                  |   12|    0|   12|          0|
    |select_ln581_40_reg_70146                 |   12|    0|   12|          0|
    |select_ln581_41_reg_70207                 |   12|    0|   12|          0|
    |select_ln581_42_reg_70958                 |   12|    0|   12|          0|
    |select_ln581_43_reg_71759                 |   12|    0|   12|          0|
    |select_ln581_44_reg_71820                 |   12|    0|   12|          0|
    |select_ln581_45_reg_71071                 |   12|    0|   12|          0|
    |select_ln581_46_reg_71132                 |   12|    0|   12|          0|
    |select_ln581_47_reg_71975                 |   12|    0|   12|          0|
    |select_ln581_48_reg_72741                 |   12|    0|   12|          0|
    |select_ln581_49_reg_73482                 |   12|    0|   12|          0|
    |select_ln581_4_reg_62145                  |   12|    0|   12|          0|
    |select_ln581_50_reg_72828                 |   12|    0|   12|          0|
    |select_ln581_51_reg_72889                 |   12|    0|   12|          0|
    |select_ln581_52_reg_73637                 |   12|    0|   12|          0|
    |select_ln581_53_reg_74332                 |   12|    0|   12|          0|
    |select_ln581_54_reg_74393                 |   12|    0|   12|          0|
    |select_ln581_55_reg_73750                 |   12|    0|   12|          0|
    |select_ln581_56_reg_73811                 |   12|    0|   12|          0|
    |select_ln581_57_reg_74550                 |   12|    0|   12|          0|
    |select_ln581_58_reg_75244                 |   12|    0|   12|          0|
    |select_ln581_59_reg_75917                 |   12|    0|   12|          0|
    |select_ln581_5_reg_62206                  |   12|    0|   12|          0|
    |select_ln581_60_reg_75331                 |   12|    0|   12|          0|
    |select_ln581_61_reg_75392                 |   12|    0|   12|          0|
    |select_ln581_62_reg_76072                 |   12|    0|   12|          0|
    |select_ln581_63_reg_76641                 |   12|    0|   12|          0|
    |select_ln581_64_reg_76702                 |   12|    0|   12|          0|
    |select_ln581_6_reg_62267                  |   12|    0|   12|          0|
    |select_ln581_7_reg_62862                  |   12|    0|   12|          0|
    |select_ln581_8_reg_62923                  |   12|    0|   12|          0|
    |select_ln581_9_reg_62984                  |   12|    0|   12|          0|
    |select_ln581_reg_61893                    |   12|    0|   12|          0|
    |select_ln585_10_reg_63662                 |   18|    0|   18|          0|
    |select_ln585_11_reg_63709                 |   18|    0|   18|          0|
    |select_ln585_12_reg_63756                 |   18|    0|   18|          0|
    |select_ln585_13_reg_63803                 |   18|    0|   18|          0|
    |select_ln585_14_reg_64575                 |   18|    0|   18|          0|
    |select_ln585_15_reg_64622                 |   18|    0|   18|          0|
    |select_ln585_16_reg_64669                 |   18|    0|   18|          0|
    |select_ln585_17_reg_64716                 |   18|    0|   18|          0|
    |select_ln585_18_reg_64763                 |   18|    0|   18|          0|
    |select_ln585_19_reg_65407                 |   18|    0|   18|          0|
    |select_ln585_20_reg_65454                 |   18|    0|   18|          0|
    |select_ln585_21_reg_66145                 |   18|    0|   18|          0|
    |select_ln585_22_reg_66192                 |   18|    0|   18|          0|
    |select_ln585_23_reg_66239                 |   18|    0|   18|          0|
    |select_ln585_24_reg_67049                 |   18|    0|   18|          0|
    |select_ln585_25_reg_67096                 |   18|    0|   18|          0|
    |select_ln585_26_reg_67143                 |   18|    0|   18|          0|
    |select_ln585_27_reg_67190                 |   18|    0|   18|          0|
    |select_ln585_28_reg_67237                 |   18|    0|   18|          0|
    |select_ln585_29_reg_68015                 |   18|    0|   18|          0|
    |select_ln585_30_reg_68062                 |   18|    0|   18|          0|
    |select_ln585_31_reg_68873                 |   18|    0|   18|          0|
    |select_ln585_32_reg_68170                 |   18|    0|   18|          0|
    |select_ln585_33_reg_68217                 |   18|    0|   18|          0|
    |select_ln585_34_reg_68998                 |   18|    0|   18|          0|
    |select_ln585_35_reg_69795                 |   18|    0|   18|          0|
    |select_ln585_36_reg_69842                 |   18|    0|   18|          0|
    |select_ln585_37_reg_69889                 |   18|    0|   18|          0|
    |select_ln585_38_reg_69936                 |   18|    0|   18|          0|
    |select_ln585_39_reg_70694                 |   18|    0|   18|          0|
    |select_ln585_40_reg_70741                 |   18|    0|   18|          0|
    |select_ln585_41_reg_71572                 |   18|    0|   18|          0|
    |select_ln585_42_reg_70849                 |   18|    0|   18|          0|
    |select_ln585_43_reg_70896                 |   18|    0|   18|          0|
    |select_ln585_44_reg_71697                 |   18|    0|   18|          0|
    |select_ln585_45_reg_72507                 |   18|    0|   18|          0|
    |select_ln585_46_reg_72554                 |   18|    0|   18|          0|
    |select_ln585_47_reg_71866                 |   18|    0|   18|          0|
    |select_ln585_48_reg_71913                 |   18|    0|   18|          0|
    |select_ln585_49_reg_72679                 |   18|    0|   18|          0|
    |select_ln585_4_reg_62612                  |   18|    0|   18|          0|
    |select_ln585_50_reg_73420                 |   18|    0|   18|          0|
    |select_ln585_51_reg_74145                 |   18|    0|   18|          0|
    |select_ln585_52_reg_73528                 |   18|    0|   18|          0|
    |select_ln585_53_reg_73575                 |   18|    0|   18|          0|
    |select_ln585_54_reg_74270                 |   18|    0|   18|          0|
    |select_ln585_55_reg_75010                 |   18|    0|   18|          0|
    |select_ln585_56_reg_75057                 |   18|    0|   18|          0|
    |select_ln585_57_reg_74441                 |   18|    0|   18|          0|
    |select_ln585_58_reg_74488                 |   18|    0|   18|          0|
    |select_ln585_59_reg_75182                 |   18|    0|   18|          0|
    |select_ln585_5_reg_62659                  |   18|    0|   18|          0|
    |select_ln585_60_reg_75855                 |   18|    0|   18|          0|
    |select_ln585_61_reg_76454                 |   18|    0|   18|          0|
    |select_ln585_62_reg_75963                 |   18|    0|   18|          0|
    |select_ln585_63_reg_76010                 |   18|    0|   18|          0|
    |select_ln585_64_reg_76579                 |   18|    0|   18|          0|
    |select_ln585_65_reg_77043                 |   18|    0|   18|          0|
    |select_ln585_66_reg_77090                 |   18|    0|   18|          0|
    |select_ln585_6_reg_62706                  |   18|    0|   18|          0|
    |select_ln585_7_reg_62753                  |   18|    0|   18|          0|
    |select_ln585_8_reg_62800                  |   18|    0|   18|          0|
    |select_ln585_9_reg_63615                  |   18|    0|   18|          0|
    |select_ln585_reg_60743                    |   16|    0|   16|          0|
    |select_ln588_reg_60601                    |   16|    0|   16|          0|
    |select_ln603_101_reg_74910                |   18|    0|   18|          0|
    |select_ln603_103_reg_74935                |   18|    0|   18|          0|
    |select_ln603_105_reg_75652                |   18|    0|   18|          0|
    |select_ln603_107_reg_76321                |   18|    0|   18|          0|
    |select_ln603_109_reg_76346                |   18|    0|   18|          0|
    |select_ln603_111_reg_75755                |   18|    0|   18|          0|
    |select_ln603_113_reg_75780                |   18|    0|   18|          0|
    |select_ln603_115_reg_76381                |   18|    0|   18|          0|
    |select_ln603_117_reg_76881                |   18|    0|   18|          0|
    |select_ln603_119_reg_77270                |   18|    0|   18|          0|
    |select_ln603_11_reg_64319                 |   18|    0|   18|          0|
    |select_ln603_121_reg_76945                |   18|    0|   18|          0|
    |select_ln603_123_reg_76970                |   18|    0|   18|          0|
    |select_ln603_125_reg_77305                |   18|    0|   18|          0|
    |select_ln603_127_reg_77570                |   18|    0|   18|          0|
    |select_ln603_129_reg_77595                |   18|    0|   18|          0|
    |select_ln603_13_reg_64344                 |   18|    0|   18|          0|
    |select_ln603_15_reg_65078                 |   18|    0|   18|          0|
    |select_ln603_17_reg_65103                 |   18|    0|   18|          0|
    |select_ln603_19_reg_65128                 |   18|    0|   18|          0|
    |select_ln603_1_reg_63309                  |   18|    0|   18|          0|
    |select_ln603_21_reg_65151                 |   18|    0|   18|          0|
    |select_ln603_23_reg_65176                 |   18|    0|   18|          0|
    |select_ln603_25_reg_65931                 |   18|    0|   18|          0|
    |select_ln603_27_reg_65956                 |   18|    0|   18|          0|
    |select_ln603_29_reg_65981                 |   18|    0|   18|          0|
    |select_ln603_31_reg_66006                 |   18|    0|   18|          0|
    |select_ln603_33_reg_66031                 |   18|    0|   18|          0|
    |select_ln603_35_reg_66871                 |   18|    0|   18|          0|
    |select_ln603_37_reg_66896                 |   18|    0|   18|          0|
    |select_ln603_39_reg_67738                 |   18|    0|   18|          0|
    |select_ln603_3_reg_63359                  |   18|    0|   18|          0|
    |select_ln603_41_reg_67761                 |   18|    0|   18|          0|
    |select_ln603_43_reg_67784                 |   18|    0|   18|          0|
    |select_ln603_45_reg_68661                 |   18|    0|   18|          0|
    |select_ln603_47_reg_68686                 |   18|    0|   18|          0|
    |select_ln603_49_reg_68711                 |   18|    0|   18|          0|
    |select_ln603_51_reg_68734                 |   18|    0|   18|          0|
    |select_ln603_53_reg_68759                 |   18|    0|   18|          0|
    |select_ln603_55_reg_69610                 |   18|    0|   18|          0|
    |select_ln603_57_reg_69635                 |   18|    0|   18|          0|
    |select_ln603_59_reg_70469                 |   18|    0|   18|          0|
    |select_ln603_5_reg_64246                  |   18|    0|   18|          0|
    |select_ln603_61_reg_69697                 |   18|    0|   18|          0|
    |select_ln603_63_reg_69722                 |   18|    0|   18|          0|
    |select_ln603_65_reg_70502                 |   18|    0|   18|          0|
    |select_ln603_67_reg_71385                 |   18|    0|   18|          0|
    |select_ln603_69_reg_71408                 |   18|    0|   18|          0|
    |select_ln603_71_reg_71433                 |   18|    0|   18|          0|
    |select_ln603_73_reg_71458                 |   18|    0|   18|          0|
    |select_ln603_75_reg_72318                 |   18|    0|   18|          0|
    |select_ln603_77_reg_72343                 |   18|    0|   18|          0|
    |select_ln603_79_reg_73182                 |   18|    0|   18|          0|
    |select_ln603_7_reg_64271                  |   18|    0|   18|          0|
    |select_ln603_81_reg_72407                 |   18|    0|   18|          0|
    |select_ln603_83_reg_72432                 |   18|    0|   18|          0|
    |select_ln603_85_reg_73217                 |   18|    0|   18|          0|
    |select_ln603_87_reg_74010                 |   18|    0|   18|          0|
    |select_ln603_89_reg_74035                 |   18|    0|   18|          0|
    |select_ln603_91_reg_73320                 |   18|    0|   18|          0|
    |select_ln603_93_reg_73345                 |   18|    0|   18|          0|
    |select_ln603_95_reg_74070                 |   18|    0|   18|          0|
    |select_ln603_97_reg_74846                 |   18|    0|   18|          0|
    |select_ln603_99_reg_75617                 |   18|    0|   18|          0|
    |select_ln603_9_reg_64296                  |   18|    0|   18|          0|
    |select_ln631_10_reg_64503                 |    1|    0|    1|          0|
    |select_ln631_11_reg_64542                 |    1|    0|    1|          0|
    |select_ln631_12_reg_65218                 |    1|    0|    1|          0|
    |select_ln631_13_reg_65257                 |    1|    0|    1|          0|
    |select_ln631_14_reg_65296                 |    1|    0|    1|          0|
    |select_ln631_15_reg_65335                 |    1|    0|    1|          0|
    |select_ln631_16_reg_65374                 |    1|    0|    1|          0|
    |select_ln631_17_reg_66073                 |    1|    0|    1|          0|
    |select_ln631_18_reg_66112                 |    1|    0|    1|          0|
    |select_ln631_19_reg_66938                 |    1|    0|    1|          0|
    |select_ln631_1_reg_63387                  |    1|    0|    1|          0|
    |select_ln631_20_reg_66977                 |    1|    0|    1|          0|
    |select_ln631_21_reg_67016                 |    1|    0|    1|          0|
    |select_ln631_22_reg_67826                 |    1|    0|    1|          0|
    |select_ln631_23_reg_67865                 |    1|    0|    1|          0|
    |select_ln631_24_reg_67904                 |    1|    0|    1|          0|
    |select_ln631_25_reg_67943                 |    1|    0|    1|          0|
    |select_ln631_26_reg_67982                 |    1|    0|    1|          0|
    |select_ln631_27_reg_68801                 |    1|    0|    1|          0|
    |select_ln631_28_reg_68840                 |    1|    0|    1|          0|
    |select_ln631_29_reg_69675                 |    1|    0|    1|          0|
    |select_ln631_2_reg_63426                  |    1|    0|    1|          0|
    |select_ln631_30_reg_68926                 |    1|    0|    1|          0|
    |select_ln631_31_reg_68965                 |    1|    0|    1|          0|
    |select_ln631_32_reg_69762                 |    1|    0|    1|          0|
    |select_ln631_33_reg_70544                 |    1|    0|    1|          0|
    |select_ln631_34_reg_70583                 |    1|    0|    1|          0|
    |select_ln631_35_reg_70622                 |    1|    0|    1|          0|
    |select_ln631_36_reg_70661                 |    1|    0|    1|          0|
    |select_ln631_37_reg_71500                 |    1|    0|    1|          0|
    |select_ln631_38_reg_71539                 |    1|    0|    1|          0|
    |select_ln631_39_reg_72385                 |    1|    0|    1|          0|
    |select_ln631_3_reg_63465                  |    1|    0|    1|          0|
    |select_ln631_40_reg_71625                 |    1|    0|    1|          0|
    |select_ln631_41_reg_71664                 |    1|    0|    1|          0|
    |select_ln631_42_reg_72474                 |    1|    0|    1|          0|
    |select_ln631_43_reg_73259                 |    1|    0|    1|          0|
    |select_ln631_44_reg_73298                 |    1|    0|    1|          0|
    |select_ln631_45_reg_72607                 |    1|    0|    1|          0|
    |select_ln631_46_reg_72646                 |    1|    0|    1|          0|
    |select_ln631_47_reg_73387                 |    1|    0|    1|          0|
    |select_ln631_48_reg_74112                 |    1|    0|    1|          0|
    |select_ln631_49_reg_74888                 |    1|    0|    1|          0|
    |select_ln631_4_reg_63504                  |    1|    0|    1|          0|
    |select_ln631_50_reg_74198                 |    1|    0|    1|          0|
    |select_ln631_51_reg_74237                 |    1|    0|    1|          0|
    |select_ln631_52_reg_74977                 |    1|    0|    1|          0|
    |select_ln631_53_reg_75694                 |    1|    0|    1|          0|
    |select_ln631_54_reg_75733                 |    1|    0|    1|          0|
    |select_ln631_55_reg_75110                 |    1|    0|    1|          0|
    |select_ln631_56_reg_75149                 |    1|    0|    1|          0|
    |select_ln631_57_reg_75822                 |    1|    0|    1|          0|
    |select_ln631_58_reg_76421                 |    1|    0|    1|          0|
    |select_ln631_59_reg_76923                 |    1|    0|    1|          0|
    |select_ln631_5_reg_63543                  |    1|    0|    1|          0|
    |select_ln631_60_reg_76507                 |    1|    0|    1|          0|
    |select_ln631_61_reg_76546                 |    1|    0|    1|          0|
    |select_ln631_62_reg_77010                 |    1|    0|    1|          0|
    |select_ln631_63_reg_77347                 |    1|    0|    1|          0|
    |select_ln631_64_reg_77386                 |    1|    0|    1|          0|
    |select_ln631_6_reg_63582                  |    1|    0|    1|          0|
    |select_ln631_7_reg_64386                  |    1|    0|    1|          0|
    |select_ln631_8_reg_64425                  |    1|    0|    1|          0|
    |select_ln631_9_reg_64464                  |    1|    0|    1|          0|
    |select_ln631_reg_63337                    |    1|    0|    1|          0|
    |select_ln639_100_reg_74905                |    1|    0|    1|          0|
    |select_ln639_101_reg_74208                |    1|    0|    1|          0|
    |select_ln639_102_reg_74215                |    1|    0|    1|          0|
    |select_ln639_103_reg_74247                |    1|    0|    1|          0|
    |select_ln639_104_reg_74254                |    1|    0|    1|          0|
    |select_ln639_105_reg_74987                |    1|    0|    1|          0|
    |select_ln639_106_reg_74994                |    1|    0|    1|          0|
    |select_ln639_107_reg_75704                |    1|    0|    1|          0|
    |select_ln639_108_reg_75711                |    1|    0|    1|          0|
    |select_ln639_109_reg_75743                |    1|    0|    1|          0|
    |select_ln639_10_reg_63521                 |    1|    0|    1|          0|
    |select_ln639_110_reg_75750                |    1|    0|    1|          0|
    |select_ln639_111_reg_75120                |    1|    0|    1|          0|
    |select_ln639_112_reg_75127                |    1|    0|    1|          0|
    |select_ln639_113_reg_75159                |    1|    0|    1|          0|
    |select_ln639_114_reg_75166                |    1|    0|    1|          0|
    |select_ln639_115_reg_75832                |    1|    0|    1|          0|
    |select_ln639_116_reg_75839                |    1|    0|    1|          0|
    |select_ln639_117_reg_76431                |    1|    0|    1|          0|
    |select_ln639_118_reg_76438                |    1|    0|    1|          0|
    |select_ln639_119_reg_76933                |    1|    0|    1|          0|
    |select_ln639_11_reg_63553                 |    1|    0|    1|          0|
    |select_ln639_120_reg_76940                |    1|    0|    1|          0|
    |select_ln639_121_reg_76517                |    1|    0|    1|          0|
    |select_ln639_122_reg_76524                |    1|    0|    1|          0|
    |select_ln639_123_reg_76556                |    1|    0|    1|          0|
    |select_ln639_124_reg_76563                |    1|    0|    1|          0|
    |select_ln639_125_reg_77020                |    1|    0|    1|          0|
    |select_ln639_126_reg_77027                |    1|    0|    1|          0|
    |select_ln639_127_reg_77357                |    1|    0|    1|          0|
    |select_ln639_128_reg_77364                |    1|    0|    1|          0|
    |select_ln639_129_reg_77396                |    1|    0|    1|          0|
    |select_ln639_12_reg_63560                 |    1|    0|    1|          0|
    |select_ln639_130_reg_77403                |    1|    0|    1|          0|
    |select_ln639_13_reg_63592                 |    1|    0|    1|          0|
    |select_ln639_14_reg_63599                 |    1|    0|    1|          0|
    |select_ln639_15_reg_64396                 |    1|    0|    1|          0|
    |select_ln639_16_reg_64403                 |    1|    0|    1|          0|
    |select_ln639_17_reg_64435                 |    1|    0|    1|          0|
    |select_ln639_18_reg_64442                 |    1|    0|    1|          0|
    |select_ln639_19_reg_64474                 |    1|    0|    1|          0|
    |select_ln639_20_reg_64481                 |    1|    0|    1|          0|
    |select_ln639_21_reg_64513                 |    1|    0|    1|          0|
    |select_ln639_22_reg_64520                 |    1|    0|    1|          0|
    |select_ln639_23_reg_64552                 |    1|    0|    1|          0|
    |select_ln639_24_reg_64559                 |    1|    0|    1|          0|
    |select_ln639_25_reg_65228                 |    1|    0|    1|          0|
    |select_ln639_26_reg_65235                 |    1|    0|    1|          0|
    |select_ln639_27_reg_65267                 |    1|    0|    1|          0|
    |select_ln639_28_reg_65274                 |    1|    0|    1|          0|
    |select_ln639_29_reg_65306                 |    1|    0|    1|          0|
    |select_ln639_2_reg_63354                  |    1|    0|    1|          0|
    |select_ln639_30_reg_65313                 |    1|    0|    1|          0|
    |select_ln639_31_reg_65345                 |    1|    0|    1|          0|
    |select_ln639_32_reg_65352                 |    1|    0|    1|          0|
    |select_ln639_33_reg_65384                 |    1|    0|    1|          0|
    |select_ln639_34_reg_65391                 |    1|    0|    1|          0|
    |select_ln639_35_reg_66083                 |    1|    0|    1|          0|
    |select_ln639_36_reg_66090                 |    1|    0|    1|          0|
    |select_ln639_37_reg_66122                 |    1|    0|    1|          0|
    |select_ln639_38_reg_66129                 |    1|    0|    1|          0|
    |select_ln639_39_reg_66948                 |    1|    0|    1|          0|
    |select_ln639_3_reg_63397                  |    1|    0|    1|          0|
    |select_ln639_40_reg_66955                 |    1|    0|    1|          0|
    |select_ln639_41_reg_66987                 |    1|    0|    1|          0|
    |select_ln639_42_reg_66994                 |    1|    0|    1|          0|
    |select_ln639_43_reg_67026                 |    1|    0|    1|          0|
    |select_ln639_44_reg_67033                 |    1|    0|    1|          0|
    |select_ln639_45_reg_67836                 |    1|    0|    1|          0|
    |select_ln639_46_reg_67843                 |    1|    0|    1|          0|
    |select_ln639_47_reg_67875                 |    1|    0|    1|          0|
    |select_ln639_48_reg_67882                 |    1|    0|    1|          0|
    |select_ln639_49_reg_67914                 |    1|    0|    1|          0|
    |select_ln639_4_reg_63404                  |    1|    0|    1|          0|
    |select_ln639_50_reg_67921                 |    1|    0|    1|          0|
    |select_ln639_51_reg_67953                 |    1|    0|    1|          0|
    |select_ln639_52_reg_67960                 |    1|    0|    1|          0|
    |select_ln639_53_reg_67992                 |    1|    0|    1|          0|
    |select_ln639_54_reg_67999                 |    1|    0|    1|          0|
    |select_ln639_55_reg_68811                 |    1|    0|    1|          0|
    |select_ln639_56_reg_68818                 |    1|    0|    1|          0|
    |select_ln639_57_reg_68850                 |    1|    0|    1|          0|
    |select_ln639_58_reg_68857                 |    1|    0|    1|          0|
    |select_ln639_59_reg_69685                 |    1|    0|    1|          0|
    |select_ln639_5_reg_63436                  |    1|    0|    1|          0|
    |select_ln639_60_reg_69692                 |    1|    0|    1|          0|
    |select_ln639_61_reg_68936                 |    1|    0|    1|          0|
    |select_ln639_62_reg_68943                 |    1|    0|    1|          0|
    |select_ln639_63_reg_68975                 |    1|    0|    1|          0|
    |select_ln639_64_reg_68982                 |    1|    0|    1|          0|
    |select_ln639_65_reg_69772                 |    1|    0|    1|          0|
    |select_ln639_66_reg_69779                 |    1|    0|    1|          0|
    |select_ln639_67_reg_70554                 |    1|    0|    1|          0|
    |select_ln639_68_reg_70561                 |    1|    0|    1|          0|
    |select_ln639_69_reg_70593                 |    1|    0|    1|          0|
    |select_ln639_6_reg_63443                  |    1|    0|    1|          0|
    |select_ln639_70_reg_70600                 |    1|    0|    1|          0|
    |select_ln639_71_reg_70632                 |    1|    0|    1|          0|
    |select_ln639_72_reg_70639                 |    1|    0|    1|          0|
    |select_ln639_73_reg_70671                 |    1|    0|    1|          0|
    |select_ln639_74_reg_70678                 |    1|    0|    1|          0|
    |select_ln639_75_reg_71510                 |    1|    0|    1|          0|
    |select_ln639_76_reg_71517                 |    1|    0|    1|          0|
    |select_ln639_77_reg_71549                 |    1|    0|    1|          0|
    |select_ln639_78_reg_71556                 |    1|    0|    1|          0|
    |select_ln639_79_reg_72395                 |    1|    0|    1|          0|
    |select_ln639_7_reg_63475                  |    1|    0|    1|          0|
    |select_ln639_80_reg_72402                 |    1|    0|    1|          0|
    |select_ln639_81_reg_71635                 |    1|    0|    1|          0|
    |select_ln639_82_reg_71642                 |    1|    0|    1|          0|
    |select_ln639_83_reg_71674                 |    1|    0|    1|          0|
    |select_ln639_84_reg_71681                 |    1|    0|    1|          0|
    |select_ln639_85_reg_72484                 |    1|    0|    1|          0|
    |select_ln639_86_reg_72491                 |    1|    0|    1|          0|
    |select_ln639_87_reg_73269                 |    1|    0|    1|          0|
    |select_ln639_88_reg_73276                 |    1|    0|    1|          0|
    |select_ln639_89_reg_73308                 |    1|    0|    1|          0|
    |select_ln639_8_reg_63482                  |    1|    0|    1|          0|
    |select_ln639_90_reg_73315                 |    1|    0|    1|          0|
    |select_ln639_91_reg_72617                 |    1|    0|    1|          0|
    |select_ln639_92_reg_72624                 |    1|    0|    1|          0|
    |select_ln639_93_reg_72656                 |    1|    0|    1|          0|
    |select_ln639_94_reg_72663                 |    1|    0|    1|          0|
    |select_ln639_95_reg_73397                 |    1|    0|    1|          0|
    |select_ln639_96_reg_73404                 |    1|    0|    1|          0|
    |select_ln639_97_reg_74122                 |    1|    0|    1|          0|
    |select_ln639_98_reg_74129                 |    1|    0|    1|          0|
    |select_ln639_99_reg_74898                 |    1|    0|    1|          0|
    |select_ln639_9_reg_63514                  |    1|    0|    1|          0|
    |select_ln639_reg_63347                    |    1|    0|    1|          0|
    |select_ln954_reg_78195                    |    1|    0|    1|          0|
    |sext_ln233_reg_61397                      |   49|    0|   66|         17|
    |sext_ln581_reg_60733                      |   32|    0|   32|          0|
    |sext_ln582_10_reg_63745                   |   32|    0|   32|          0|
    |sext_ln582_10_reg_63745_pp2_iter7_reg     |   32|    0|   32|          0|
    |sext_ln582_11_reg_63792                   |   32|    0|   32|          0|
    |sext_ln582_11_reg_63792_pp2_iter7_reg     |   32|    0|   32|          0|
    |sext_ln582_12_reg_64564                   |   32|    0|   32|          0|
    |sext_ln582_12_reg_64564_pp2_iter8_reg     |   32|    0|   32|          0|
    |sext_ln582_13_reg_64611                   |   32|    0|   32|          0|
    |sext_ln582_13_reg_64611_pp2_iter8_reg     |   32|    0|   32|          0|
    |sext_ln582_14_reg_64658                   |   32|    0|   32|          0|
    |sext_ln582_14_reg_64658_pp2_iter8_reg     |   32|    0|   32|          0|
    |sext_ln582_15_reg_64705                   |   32|    0|   32|          0|
    |sext_ln582_15_reg_64705_pp2_iter8_reg     |   32|    0|   32|          0|
    |sext_ln582_16_reg_64752                   |   32|    0|   32|          0|
    |sext_ln582_16_reg_64752_pp2_iter8_reg     |   32|    0|   32|          0|
    |sext_ln582_17_reg_65396                   |   32|    0|   32|          0|
    |sext_ln582_17_reg_65396_pp2_iter9_reg     |   32|    0|   32|          0|
    |sext_ln582_18_reg_65443                   |   32|    0|   32|          0|
    |sext_ln582_18_reg_65443_pp2_iter9_reg     |   32|    0|   32|          0|
    |sext_ln582_19_reg_66134                   |   32|    0|   32|          0|
    |sext_ln582_19_reg_66134_pp2_iter10_reg    |   32|    0|   32|          0|
    |sext_ln582_1_reg_62535                    |   32|    0|   32|          0|
    |sext_ln582_20_reg_66181                   |   32|    0|   32|          0|
    |sext_ln582_20_reg_66181_pp2_iter10_reg    |   32|    0|   32|          0|
    |sext_ln582_21_reg_66228                   |   32|    0|   32|          0|
    |sext_ln582_21_reg_66228_pp2_iter10_reg    |   32|    0|   32|          0|
    |sext_ln582_22_reg_67038                   |   32|    0|   32|          0|
    |sext_ln582_22_reg_67038_pp2_iter11_reg    |   32|    0|   32|          0|
    |sext_ln582_23_reg_67085                   |   32|    0|   32|          0|
    |sext_ln582_23_reg_67085_pp2_iter11_reg    |   32|    0|   32|          0|
    |sext_ln582_24_reg_67132                   |   32|    0|   32|          0|
    |sext_ln582_24_reg_67132_pp2_iter11_reg    |   32|    0|   32|          0|
    |sext_ln582_25_reg_67179                   |   32|    0|   32|          0|
    |sext_ln582_25_reg_67179_pp2_iter11_reg    |   32|    0|   32|          0|
    |sext_ln582_26_reg_67226                   |   32|    0|   32|          0|
    |sext_ln582_26_reg_67226_pp2_iter11_reg    |   32|    0|   32|          0|
    |sext_ln582_27_reg_68004                   |   32|    0|   32|          0|
    |sext_ln582_27_reg_68004_pp2_iter12_reg    |   32|    0|   32|          0|
    |sext_ln582_28_reg_68051                   |   32|    0|   32|          0|
    |sext_ln582_28_reg_68051_pp2_iter12_reg    |   32|    0|   32|          0|
    |sext_ln582_29_reg_68862                   |   32|    0|   32|          0|
    |sext_ln582_29_reg_68862_pp2_iter13_reg    |   32|    0|   32|          0|
    |sext_ln582_2_reg_62601                    |   32|    0|   32|          0|
    |sext_ln582_2_reg_62601_pp2_iter6_reg      |   32|    0|   32|          0|
    |sext_ln582_30_reg_68159                   |   32|    0|   32|          0|
    |sext_ln582_30_reg_68159_pp2_iter12_reg    |   32|    0|   32|          0|
    |sext_ln582_31_reg_68206                   |   32|    0|   32|          0|
    |sext_ln582_31_reg_68206_pp2_iter12_reg    |   32|    0|   32|          0|
    |sext_ln582_32_reg_68987                   |   32|    0|   32|          0|
    |sext_ln582_32_reg_68987_pp2_iter13_reg    |   32|    0|   32|          0|
    |sext_ln582_33_reg_69784                   |   32|    0|   32|          0|
    |sext_ln582_33_reg_69784_pp2_iter14_reg    |   32|    0|   32|          0|
    |sext_ln582_34_reg_69831                   |   32|    0|   32|          0|
    |sext_ln582_34_reg_69831_pp2_iter14_reg    |   32|    0|   32|          0|
    |sext_ln582_35_reg_69878                   |   32|    0|   32|          0|
    |sext_ln582_35_reg_69878_pp2_iter14_reg    |   32|    0|   32|          0|
    |sext_ln582_36_reg_69925                   |   32|    0|   32|          0|
    |sext_ln582_36_reg_69925_pp2_iter14_reg    |   32|    0|   32|          0|
    |sext_ln582_37_reg_70683                   |   32|    0|   32|          0|
    |sext_ln582_37_reg_70683_pp2_iter15_reg    |   32|    0|   32|          0|
    |sext_ln582_38_reg_70730                   |   32|    0|   32|          0|
    |sext_ln582_38_reg_70730_pp2_iter15_reg    |   32|    0|   32|          0|
    |sext_ln582_39_reg_71561                   |   32|    0|   32|          0|
    |sext_ln582_39_reg_71561_pp2_iter16_reg    |   32|    0|   32|          0|
    |sext_ln582_3_reg_62648                    |   32|    0|   32|          0|
    |sext_ln582_3_reg_62648_pp2_iter6_reg      |   32|    0|   32|          0|
    |sext_ln582_40_reg_70838                   |   32|    0|   32|          0|
    |sext_ln582_40_reg_70838_pp2_iter15_reg    |   32|    0|   32|          0|
    |sext_ln582_41_reg_70885                   |   32|    0|   32|          0|
    |sext_ln582_41_reg_70885_pp2_iter15_reg    |   32|    0|   32|          0|
    |sext_ln582_42_reg_71686                   |   32|    0|   32|          0|
    |sext_ln582_42_reg_71686_pp2_iter16_reg    |   32|    0|   32|          0|
    |sext_ln582_43_reg_72496                   |   32|    0|   32|          0|
    |sext_ln582_43_reg_72496_pp2_iter17_reg    |   32|    0|   32|          0|
    |sext_ln582_44_reg_72543                   |   32|    0|   32|          0|
    |sext_ln582_44_reg_72543_pp2_iter17_reg    |   32|    0|   32|          0|
    |sext_ln582_45_reg_71855                   |   32|    0|   32|          0|
    |sext_ln582_45_reg_71855_pp2_iter16_reg    |   32|    0|   32|          0|
    |sext_ln582_46_reg_71902                   |   32|    0|   32|          0|
    |sext_ln582_46_reg_71902_pp2_iter16_reg    |   32|    0|   32|          0|
    |sext_ln582_47_reg_72668                   |   32|    0|   32|          0|
    |sext_ln582_47_reg_72668_pp2_iter17_reg    |   32|    0|   32|          0|
    |sext_ln582_48_reg_73409                   |   32|    0|   32|          0|
    |sext_ln582_48_reg_73409_pp2_iter18_reg    |   32|    0|   32|          0|
    |sext_ln582_49_reg_74134                   |   32|    0|   32|          0|
    |sext_ln582_49_reg_74134_pp2_iter19_reg    |   32|    0|   32|          0|
    |sext_ln582_4_reg_62695                    |   32|    0|   32|          0|
    |sext_ln582_4_reg_62695_pp2_iter6_reg      |   32|    0|   32|          0|
    |sext_ln582_50_reg_73517                   |   32|    0|   32|          0|
    |sext_ln582_50_reg_73517_pp2_iter18_reg    |   32|    0|   32|          0|
    |sext_ln582_51_reg_73564                   |   32|    0|   32|          0|
    |sext_ln582_51_reg_73564_pp2_iter18_reg    |   32|    0|   32|          0|
    |sext_ln582_52_reg_74259                   |   32|    0|   32|          0|
    |sext_ln582_52_reg_74259_pp2_iter19_reg    |   32|    0|   32|          0|
    |sext_ln582_53_reg_74999                   |   32|    0|   32|          0|
    |sext_ln582_53_reg_74999_pp2_iter20_reg    |   32|    0|   32|          0|
    |sext_ln582_54_reg_75046                   |   32|    0|   32|          0|
    |sext_ln582_54_reg_75046_pp2_iter20_reg    |   32|    0|   32|          0|
    |sext_ln582_55_reg_74430                   |   32|    0|   32|          0|
    |sext_ln582_55_reg_74430_pp2_iter19_reg    |   32|    0|   32|          0|
    |sext_ln582_56_reg_74477                   |   32|    0|   32|          0|
    |sext_ln582_56_reg_74477_pp2_iter19_reg    |   32|    0|   32|          0|
    |sext_ln582_57_reg_75171                   |   32|    0|   32|          0|
    |sext_ln582_57_reg_75171_pp2_iter20_reg    |   32|    0|   32|          0|
    |sext_ln582_58_reg_75844                   |   32|    0|   32|          0|
    |sext_ln582_58_reg_75844_pp2_iter21_reg    |   32|    0|   32|          0|
    |sext_ln582_59_reg_76443                   |   32|    0|   32|          0|
    |sext_ln582_59_reg_76443_pp2_iter22_reg    |   32|    0|   32|          0|
    |sext_ln582_5_reg_62742                    |   32|    0|   32|          0|
    |sext_ln582_5_reg_62742_pp2_iter6_reg      |   32|    0|   32|          0|
    |sext_ln582_60_reg_75952                   |   32|    0|   32|          0|
    |sext_ln582_60_reg_75952_pp2_iter21_reg    |   32|    0|   32|          0|
    |sext_ln582_61_reg_75999                   |   32|    0|   32|          0|
    |sext_ln582_61_reg_75999_pp2_iter21_reg    |   32|    0|   32|          0|
    |sext_ln582_62_reg_76568                   |   32|    0|   32|          0|
    |sext_ln582_62_reg_76568_pp2_iter22_reg    |   32|    0|   32|          0|
    |sext_ln582_63_reg_77032                   |   32|    0|   32|          0|
    |sext_ln582_63_reg_77032_pp2_iter23_reg    |   32|    0|   32|          0|
    |sext_ln582_64_reg_77079                   |   32|    0|   32|          0|
    |sext_ln582_64_reg_77079_pp2_iter23_reg    |   32|    0|   32|          0|
    |sext_ln582_6_reg_62789                    |   32|    0|   32|          0|
    |sext_ln582_6_reg_62789_pp2_iter6_reg      |   32|    0|   32|          0|
    |sext_ln582_7_reg_63604                    |   32|    0|   32|          0|
    |sext_ln582_7_reg_63604_pp2_iter7_reg      |   32|    0|   32|          0|
    |sext_ln582_8_reg_63651                    |   32|    0|   32|          0|
    |sext_ln582_8_reg_63651_pp2_iter7_reg      |   32|    0|   32|          0|
    |sext_ln582_9_reg_63698                    |   32|    0|   32|          0|
    |sext_ln582_9_reg_63698_pp2_iter7_reg      |   32|    0|   32|          0|
    |sext_ln582_reg_62469                      |   32|    0|   32|          0|
    |sext_ln727_10_reg_61127                   |   49|    0|   66|         17|
    |sext_ln727_11_reg_61132                   |   49|    0|   66|         17|
    |sext_ln727_12_reg_61137                   |   49|    0|   66|         17|
    |sext_ln727_13_reg_61142                   |   49|    0|   66|         17|
    |sext_ln727_14_reg_61147                   |   49|    0|   66|         17|
    |sext_ln727_15_reg_61152                   |   49|    0|   66|         17|
    |sext_ln727_16_reg_61157                   |   49|    0|   66|         17|
    |sext_ln727_17_reg_61162                   |   49|    0|   66|         17|
    |sext_ln727_18_reg_61167                   |   49|    0|   66|         17|
    |sext_ln727_19_reg_61172                   |   49|    0|   66|         17|
    |sext_ln727_1_reg_61082                    |   49|    0|   66|         17|
    |sext_ln727_20_reg_61177                   |   49|    0|   66|         17|
    |sext_ln727_21_reg_61182                   |   49|    0|   66|         17|
    |sext_ln727_22_reg_61187                   |   49|    0|   66|         17|
    |sext_ln727_23_reg_61192                   |   49|    0|   66|         17|
    |sext_ln727_24_reg_61197                   |   49|    0|   66|         17|
    |sext_ln727_25_reg_61202                   |   49|    0|   66|         17|
    |sext_ln727_26_reg_61207                   |   49|    0|   66|         17|
    |sext_ln727_27_reg_61212                   |   49|    0|   66|         17|
    |sext_ln727_28_reg_61217                   |   49|    0|   66|         17|
    |sext_ln727_29_reg_61222                   |   49|    0|   66|         17|
    |sext_ln727_2_reg_61087                    |   49|    0|   66|         17|
    |sext_ln727_30_reg_61227                   |   49|    0|   66|         17|
    |sext_ln727_31_reg_61232                   |   49|    0|   66|         17|
    |sext_ln727_32_reg_61237                   |   49|    0|   66|         17|
    |sext_ln727_33_reg_61242                   |   49|    0|   66|         17|
    |sext_ln727_34_reg_61247                   |   49|    0|   66|         17|
    |sext_ln727_35_reg_61252                   |   49|    0|   66|         17|
    |sext_ln727_36_reg_61257                   |   49|    0|   66|         17|
    |sext_ln727_37_reg_61262                   |   49|    0|   66|         17|
    |sext_ln727_38_reg_61267                   |   49|    0|   66|         17|
    |sext_ln727_39_reg_61272                   |   49|    0|   66|         17|
    |sext_ln727_3_reg_61092                    |   49|    0|   66|         17|
    |sext_ln727_40_reg_61277                   |   49|    0|   66|         17|
    |sext_ln727_41_reg_61282                   |   49|    0|   66|         17|
    |sext_ln727_42_reg_61287                   |   49|    0|   66|         17|
    |sext_ln727_43_reg_61292                   |   49|    0|   66|         17|
    |sext_ln727_44_reg_61297                   |   49|    0|   66|         17|
    |sext_ln727_45_reg_61302                   |   49|    0|   66|         17|
    |sext_ln727_46_reg_61307                   |   49|    0|   66|         17|
    |sext_ln727_47_reg_61312                   |   49|    0|   66|         17|
    |sext_ln727_48_reg_61317                   |   49|    0|   66|         17|
    |sext_ln727_49_reg_61322                   |   49|    0|   66|         17|
    |sext_ln727_4_reg_61097                    |   49|    0|   66|         17|
    |sext_ln727_50_reg_61327                   |   49|    0|   66|         17|
    |sext_ln727_51_reg_61332                   |   49|    0|   66|         17|
    |sext_ln727_52_reg_61337                   |   49|    0|   66|         17|
    |sext_ln727_53_reg_61342                   |   49|    0|   66|         17|
    |sext_ln727_54_reg_61347                   |   49|    0|   66|         17|
    |sext_ln727_55_reg_61352                   |   49|    0|   66|         17|
    |sext_ln727_56_reg_61357                   |   49|    0|   66|         17|
    |sext_ln727_57_reg_61362                   |   49|    0|   66|         17|
    |sext_ln727_58_reg_61367                   |   49|    0|   66|         17|
    |sext_ln727_59_reg_61372                   |   49|    0|   66|         17|
    |sext_ln727_5_reg_61102                    |   49|    0|   66|         17|
    |sext_ln727_60_reg_61377                   |   49|    0|   66|         17|
    |sext_ln727_61_reg_61382                   |   49|    0|   66|         17|
    |sext_ln727_62_reg_61387                   |   49|    0|   66|         17|
    |sext_ln727_63_reg_61392                   |   49|    0|   66|         17|
    |sext_ln727_6_reg_61107                    |   49|    0|   66|         17|
    |sext_ln727_7_reg_61112                    |   49|    0|   66|         17|
    |sext_ln727_8_reg_61117                    |   49|    0|   66|         17|
    |sext_ln727_9_reg_61122                    |   49|    0|   66|         17|
    |sext_ln727_reg_61077                      |   49|    0|   66|         17|
    |sh_amt_reg_60680                          |   12|    0|   12|          0|
    |sub_ln575_10_reg_63031                    |   12|    0|   12|          0|
    |sub_ln575_10_reg_63031_pp2_iter6_reg      |   12|    0|   12|          0|
    |sub_ln575_11_reg_63092                    |   12|    0|   12|          0|
    |sub_ln575_11_reg_63092_pp2_iter6_reg      |   12|    0|   12|          0|
    |sub_ln575_12_reg_63851                    |   12|    0|   12|          0|
    |sub_ln575_12_reg_63851_pp2_iter7_reg      |   12|    0|   12|          0|
    |sub_ln575_13_reg_63912                    |   12|    0|   12|          0|
    |sub_ln575_13_reg_63912_pp2_iter7_reg      |   12|    0|   12|          0|
    |sub_ln575_14_reg_63973                    |   12|    0|   12|          0|
    |sub_ln575_14_reg_63973_pp2_iter7_reg      |   12|    0|   12|          0|
    |sub_ln575_15_reg_64034                    |   12|    0|   12|          0|
    |sub_ln575_15_reg_64034_pp2_iter7_reg      |   12|    0|   12|          0|
    |sub_ln575_16_reg_64095                    |   12|    0|   12|          0|
    |sub_ln575_16_reg_64095_pp2_iter7_reg      |   12|    0|   12|          0|
    |sub_ln575_17_reg_64811                    |   12|    0|   12|          0|
    |sub_ln575_17_reg_64811_pp2_iter8_reg      |   12|    0|   12|          0|
    |sub_ln575_18_reg_64872                    |   12|    0|   12|          0|
    |sub_ln575_18_reg_64872_pp2_iter8_reg      |   12|    0|   12|          0|
    |sub_ln575_19_reg_65502                    |   12|    0|   12|          0|
    |sub_ln575_19_reg_65502_pp2_iter9_reg      |   12|    0|   12|          0|
    |sub_ln575_1_reg_61944                     |   12|    0|   12|          0|
    |sub_ln575_20_reg_65563                    |   12|    0|   12|          0|
    |sub_ln575_20_reg_65563_pp2_iter9_reg      |   12|    0|   12|          0|
    |sub_ln575_21_reg_65624                    |   12|    0|   12|          0|
    |sub_ln575_21_reg_65624_pp2_iter9_reg      |   12|    0|   12|          0|
    |sub_ln575_22_reg_66287                    |   12|    0|   12|          0|
    |sub_ln575_22_reg_66287_pp2_iter10_reg     |   12|    0|   12|          0|
    |sub_ln575_23_reg_66348                    |   12|    0|   12|          0|
    |sub_ln575_23_reg_66348_pp2_iter10_reg     |   12|    0|   12|          0|
    |sub_ln575_24_reg_66411                    |   12|    0|   12|          0|
    |sub_ln575_24_reg_66411_pp2_iter10_reg     |   12|    0|   12|          0|
    |sub_ln575_25_reg_66472                    |   12|    0|   12|          0|
    |sub_ln575_25_reg_66472_pp2_iter10_reg     |   12|    0|   12|          0|
    |sub_ln575_26_reg_66533                    |   12|    0|   12|          0|
    |sub_ln575_26_reg_66533_pp2_iter10_reg     |   12|    0|   12|          0|
    |sub_ln575_27_reg_67285                    |   12|    0|   12|          0|
    |sub_ln575_27_reg_67285_pp2_iter11_reg     |   12|    0|   12|          0|
    |sub_ln575_28_reg_67346                    |   12|    0|   12|          0|
    |sub_ln575_28_reg_67346_pp2_iter11_reg     |   12|    0|   12|          0|
    |sub_ln575_29_reg_68110                    |   12|    0|   12|          0|
    |sub_ln575_29_reg_68110_pp2_iter12_reg     |   12|    0|   12|          0|
    |sub_ln575_2_reg_62009                     |   12|    0|   12|          0|
    |sub_ln575_2_reg_62009_pp2_iter5_reg       |   12|    0|   12|          0|
    |sub_ln575_30_reg_67433                    |   12|    0|   12|          0|
    |sub_ln575_30_reg_67433_pp2_iter11_reg     |   12|    0|   12|          0|
    |sub_ln575_31_reg_67494                    |   12|    0|   12|          0|
    |sub_ln575_31_reg_67494_pp2_iter11_reg     |   12|    0|   12|          0|
    |sub_ln575_32_reg_68265                    |   12|    0|   12|          0|
    |sub_ln575_32_reg_68265_pp2_iter12_reg     |   12|    0|   12|          0|
    |sub_ln575_33_reg_69046                    |   12|    0|   12|          0|
    |sub_ln575_33_reg_69046_pp2_iter13_reg     |   12|    0|   12|          0|
    |sub_ln575_34_reg_69107                    |   12|    0|   12|          0|
    |sub_ln575_34_reg_69107_pp2_iter13_reg     |   12|    0|   12|          0|
    |sub_ln575_35_reg_69168                    |   12|    0|   12|          0|
    |sub_ln575_35_reg_69168_pp2_iter13_reg     |   12|    0|   12|          0|
    |sub_ln575_36_reg_69229                    |   12|    0|   12|          0|
    |sub_ln575_36_reg_69229_pp2_iter13_reg     |   12|    0|   12|          0|
    |sub_ln575_37_reg_69984                    |   12|    0|   12|          0|
    |sub_ln575_37_reg_69984_pp2_iter14_reg     |   12|    0|   12|          0|
    |sub_ln575_38_reg_70045                    |   12|    0|   12|          0|
    |sub_ln575_38_reg_70045_pp2_iter14_reg     |   12|    0|   12|          0|
    |sub_ln575_39_reg_70789                    |   12|    0|   12|          0|
    |sub_ln575_39_reg_70789_pp2_iter15_reg     |   12|    0|   12|          0|
    |sub_ln575_3_reg_62070                     |   12|    0|   12|          0|
    |sub_ln575_3_reg_62070_pp2_iter5_reg       |   12|    0|   12|          0|
    |sub_ln575_40_reg_70132                    |   12|    0|   12|          0|
    |sub_ln575_40_reg_70132_pp2_iter14_reg     |   12|    0|   12|          0|
    |sub_ln575_41_reg_70193                    |   12|    0|   12|          0|
    |sub_ln575_41_reg_70193_pp2_iter14_reg     |   12|    0|   12|          0|
    |sub_ln575_42_reg_70944                    |   12|    0|   12|          0|
    |sub_ln575_42_reg_70944_pp2_iter15_reg     |   12|    0|   12|          0|
    |sub_ln575_43_reg_71745                    |   12|    0|   12|          0|
    |sub_ln575_43_reg_71745_pp2_iter16_reg     |   12|    0|   12|          0|
    |sub_ln575_44_reg_71806                    |   12|    0|   12|          0|
    |sub_ln575_44_reg_71806_pp2_iter16_reg     |   12|    0|   12|          0|
    |sub_ln575_45_reg_71057                    |   12|    0|   12|          0|
    |sub_ln575_45_reg_71057_pp2_iter15_reg     |   12|    0|   12|          0|
    |sub_ln575_46_reg_71118                    |   12|    0|   12|          0|
    |sub_ln575_46_reg_71118_pp2_iter15_reg     |   12|    0|   12|          0|
    |sub_ln575_47_reg_71961                    |   12|    0|   12|          0|
    |sub_ln575_47_reg_71961_pp2_iter16_reg     |   12|    0|   12|          0|
    |sub_ln575_48_reg_72727                    |   12|    0|   12|          0|
    |sub_ln575_48_reg_72727_pp2_iter17_reg     |   12|    0|   12|          0|
    |sub_ln575_49_reg_73468                    |   12|    0|   12|          0|
    |sub_ln575_49_reg_73468_pp2_iter18_reg     |   12|    0|   12|          0|
    |sub_ln575_4_reg_62131                     |   12|    0|   12|          0|
    |sub_ln575_4_reg_62131_pp2_iter5_reg       |   12|    0|   12|          0|
    |sub_ln575_50_reg_72814                    |   12|    0|   12|          0|
    |sub_ln575_50_reg_72814_pp2_iter17_reg     |   12|    0|   12|          0|
    |sub_ln575_51_reg_72875                    |   12|    0|   12|          0|
    |sub_ln575_51_reg_72875_pp2_iter17_reg     |   12|    0|   12|          0|
    |sub_ln575_52_reg_73623                    |   12|    0|   12|          0|
    |sub_ln575_52_reg_73623_pp2_iter18_reg     |   12|    0|   12|          0|
    |sub_ln575_53_reg_74318                    |   12|    0|   12|          0|
    |sub_ln575_53_reg_74318_pp2_iter19_reg     |   12|    0|   12|          0|
    |sub_ln575_54_reg_74379                    |   12|    0|   12|          0|
    |sub_ln575_54_reg_74379_pp2_iter19_reg     |   12|    0|   12|          0|
    |sub_ln575_55_reg_73736                    |   12|    0|   12|          0|
    |sub_ln575_55_reg_73736_pp2_iter18_reg     |   12|    0|   12|          0|
    |sub_ln575_56_reg_73797                    |   12|    0|   12|          0|
    |sub_ln575_56_reg_73797_pp2_iter18_reg     |   12|    0|   12|          0|
    |sub_ln575_57_reg_74536                    |   12|    0|   12|          0|
    |sub_ln575_57_reg_74536_pp2_iter19_reg     |   12|    0|   12|          0|
    |sub_ln575_58_reg_75230                    |   12|    0|   12|          0|
    |sub_ln575_58_reg_75230_pp2_iter20_reg     |   12|    0|   12|          0|
    |sub_ln575_59_reg_75903                    |   12|    0|   12|          0|
    |sub_ln575_59_reg_75903_pp2_iter21_reg     |   12|    0|   12|          0|
    |sub_ln575_5_reg_62192                     |   12|    0|   12|          0|
    |sub_ln575_5_reg_62192_pp2_iter5_reg       |   12|    0|   12|          0|
    |sub_ln575_60_reg_75317                    |   12|    0|   12|          0|
    |sub_ln575_60_reg_75317_pp2_iter20_reg     |   12|    0|   12|          0|
    |sub_ln575_61_reg_75378                    |   12|    0|   12|          0|
    |sub_ln575_61_reg_75378_pp2_iter20_reg     |   12|    0|   12|          0|
    |sub_ln575_62_reg_76058                    |   12|    0|   12|          0|
    |sub_ln575_62_reg_76058_pp2_iter21_reg     |   12|    0|   12|          0|
    |sub_ln575_63_reg_76627                    |   12|    0|   12|          0|
    |sub_ln575_63_reg_76627_pp2_iter22_reg     |   12|    0|   12|          0|
    |sub_ln575_64_reg_76688                    |   12|    0|   12|          0|
    |sub_ln575_64_reg_76688_pp2_iter22_reg     |   12|    0|   12|          0|
    |sub_ln575_6_reg_62253                     |   12|    0|   12|          0|
    |sub_ln575_6_reg_62253_pp2_iter5_reg       |   12|    0|   12|          0|
    |sub_ln575_7_reg_62848                     |   12|    0|   12|          0|
    |sub_ln575_7_reg_62848_pp2_iter6_reg       |   12|    0|   12|          0|
    |sub_ln575_8_reg_62909                     |   12|    0|   12|          0|
    |sub_ln575_8_reg_62909_pp2_iter6_reg       |   12|    0|   12|          0|
    |sub_ln575_9_reg_62970                     |   12|    0|   12|          0|
    |sub_ln575_9_reg_62970_pp2_iter6_reg       |   12|    0|   12|          0|
    |sub_ln575_reg_61879                       |   12|    0|   12|          0|
    |sub_ln944_reg_78156                       |   32|    0|   32|          0|
    |tmp_100_reg_65858                         |    1|    0|    1|          0|
    |tmp_101_reg_65869                         |    1|    0|    1|          0|
    |tmp_102_reg_65875                         |    1|    0|    1|          0|
    |tmp_103_reg_61692                         |    1|    0|    1|          0|
    |tmp_105_reg_62617                         |    1|    0|    1|          0|
    |tmp_108_reg_62048                         |    1|    0|    1|          0|
    |tmp_108_reg_62048_pp2_iter5_reg           |    1|    0|    1|          0|
    |tmp_111_reg_66730                         |    1|    0|    1|          0|
    |tmp_112_reg_66741                         |    1|    0|    1|          0|
    |tmp_113_reg_66747                         |    1|    0|    1|          0|
    |tmp_114_reg_61718                         |    1|    0|    1|          0|
    |tmp_116_reg_62664                         |    1|    0|    1|          0|
    |tmp_119_reg_62109                         |    1|    0|    1|          0|
    |tmp_119_reg_62109_pp2_iter5_reg           |    1|    0|    1|          0|
    |tmp_122_reg_66753                         |    1|    0|    1|          0|
    |tmp_123_reg_66764                         |    1|    0|    1|          0|
    |tmp_124_reg_66770                         |    1|    0|    1|          0|
    |tmp_125_reg_61744                         |    1|    0|    1|          0|
    |tmp_127_reg_62711                         |    1|    0|    1|          0|
    |tmp_130_reg_62170                         |    1|    0|    1|          0|
    |tmp_130_reg_62170_pp2_iter5_reg           |    1|    0|    1|          0|
    |tmp_133_reg_66776                         |    1|    0|    1|          0|
    |tmp_134_reg_66787                         |    1|    0|    1|          0|
    |tmp_135_reg_66793                         |    1|    0|    1|          0|
    |tmp_136_reg_61770                         |    1|    0|    1|          0|
    |tmp_138_reg_62758                         |    1|    0|    1|          0|
    |tmp_141_reg_62231                         |    1|    0|    1|          0|
    |tmp_141_reg_62231_pp2_iter5_reg           |    1|    0|    1|          0|
    |tmp_147_reg_61796                         |    1|    0|    1|          0|
    |tmp_149_reg_62805                         |    1|    0|    1|          0|
    |tmp_152_reg_62292                         |    1|    0|    1|          0|
    |tmp_152_reg_62292_pp2_iter5_reg           |    1|    0|    1|          0|
    |tmp_158_reg_62302                         |    1|    0|    1|          0|
    |tmp_160_reg_63620                         |    1|    0|    1|          0|
    |tmp_163_reg_62887                         |    1|    0|    1|          0|
    |tmp_163_reg_62887_pp2_iter6_reg           |    1|    0|    1|          0|
    |tmp_169_reg_62328                         |    1|    0|    1|          0|
    |tmp_171_reg_63667                         |    1|    0|    1|          0|
    |tmp_174_reg_62948                         |    1|    0|    1|          0|
    |tmp_174_reg_62948_pp2_iter6_reg           |    1|    0|    1|          0|
    |tmp_180_reg_62354                         |    1|    0|    1|          0|
    |tmp_182_reg_63714                         |    1|    0|    1|          0|
    |tmp_185_reg_63009                         |    1|    0|    1|          0|
    |tmp_185_reg_63009_pp2_iter6_reg           |    1|    0|    1|          0|
    |tmp_189_reg_68503                         |    1|    0|    1|          0|
    |tmp_190_reg_68508                         |    1|    0|    1|          0|
    |tmp_191_reg_62380                         |    1|    0|    1|          0|
    |tmp_193_reg_63761                         |    1|    0|    1|          0|
    |tmp_196_reg_63070                         |    1|    0|    1|          0|
    |tmp_196_reg_63070_pp2_iter6_reg           |    1|    0|    1|          0|
    |tmp_200_reg_68536                         |    1|    0|    1|          0|
    |tmp_201_reg_68541                         |    1|    0|    1|          0|
    |tmp_202_reg_62406                         |    1|    0|    1|          0|
    |tmp_204_reg_63808                         |    1|    0|    1|          0|
    |tmp_207_reg_63131                         |    1|    0|    1|          0|
    |tmp_207_reg_63131_pp2_iter6_reg           |    1|    0|    1|          0|
    |tmp_211_reg_68569                         |    1|    0|    1|          0|
    |tmp_212_reg_68574                         |    1|    0|    1|          0|
    |tmp_213_reg_63141                         |    1|    0|    1|          0|
    |tmp_215_reg_64580                         |    1|    0|    1|          0|
    |tmp_218_reg_63890                         |    1|    0|    1|          0|
    |tmp_218_reg_63890_pp2_iter7_reg           |    1|    0|    1|          0|
    |tmp_222_reg_69426                         |    1|    0|    1|          0|
    |tmp_223_reg_69431                         |    1|    0|    1|          0|
    |tmp_224_reg_63167                         |    1|    0|    1|          0|
    |tmp_226_reg_64627                         |    1|    0|    1|          0|
    |tmp_229_reg_63951                         |    1|    0|    1|          0|
    |tmp_229_reg_63951_pp2_iter7_reg           |    1|    0|    1|          0|
    |tmp_233_reg_69459                         |    1|    0|    1|          0|
    |tmp_234_reg_69464                         |    1|    0|    1|          0|
    |tmp_235_reg_63193                         |    1|    0|    1|          0|
    |tmp_237_reg_64674                         |    1|    0|    1|          0|
    |tmp_240_reg_64012                         |    1|    0|    1|          0|
    |tmp_240_reg_64012_pp2_iter7_reg           |    1|    0|    1|          0|
    |tmp_243_reg_69486                         |    1|    0|    1|          0|
    |tmp_244_reg_69498                         |    1|    0|    1|          0|
    |tmp_245_reg_69504                         |    1|    0|    1|          0|
    |tmp_246_reg_63219                         |    1|    0|    1|          0|
    |tmp_248_reg_64721                         |    1|    0|    1|          0|
    |tmp_251_reg_64073                         |    1|    0|    1|          0|
    |tmp_251_reg_64073_pp2_iter7_reg           |    1|    0|    1|          0|
    |tmp_254_reg_69510                         |    1|    0|    1|          0|
    |tmp_255_reg_69522                         |    1|    0|    1|          0|
    |tmp_256_reg_69528                         |    1|    0|    1|          0|
    |tmp_257_reg_63245                         |    1|    0|    1|          0|
    |tmp_259_reg_64768                         |    1|    0|    1|          0|
    |tmp_262_reg_64134                         |    1|    0|    1|          0|
    |tmp_262_reg_64134_pp2_iter7_reg           |    1|    0|    1|          0|
    |tmp_265_reg_69534                         |    1|    0|    1|          0|
    |tmp_266_reg_69546                         |    1|    0|    1|          0|
    |tmp_267_reg_69552                         |    1|    0|    1|          0|
    |tmp_268_reg_64144                         |    1|    0|    1|          0|
    |tmp_270_reg_65412                         |    1|    0|    1|          0|
    |tmp_273_reg_64850                         |    1|    0|    1|          0|
    |tmp_273_reg_64850_pp2_iter8_reg           |    1|    0|    1|          0|
    |tmp_276_reg_70353                         |    1|    0|    1|          0|
    |tmp_277_reg_70365                         |    1|    0|    1|          0|
    |tmp_278_reg_70371                         |    1|    0|    1|          0|
    |tmp_279_reg_64170                         |    1|    0|    1|          0|
    |tmp_281_reg_65459                         |    1|    0|    1|          0|
    |tmp_284_reg_64911                         |    1|    0|    1|          0|
    |tmp_284_reg_64911_pp2_iter8_reg           |    1|    0|    1|          0|
    |tmp_287_reg_70377                         |    1|    0|    1|          0|
    |tmp_288_reg_70389                         |    1|    0|    1|          0|
    |tmp_289_reg_70395                         |    1|    0|    1|          0|
    |tmp_290_reg_64921                         |    1|    0|    1|          0|
    |tmp_292_reg_66150                         |    1|    0|    1|          0|
    |tmp_295_reg_65541                         |    1|    0|    1|          0|
    |tmp_295_reg_65541_pp2_iter9_reg           |    1|    0|    1|          0|
    |tmp_299_reg_71238                         |    1|    0|    1|          0|
    |tmp_300_reg_71243                         |    1|    0|    1|          0|
    |tmp_301_reg_64947                         |    1|    0|    1|          0|
    |tmp_303_reg_66197                         |    1|    0|    1|          0|
    |tmp_306_reg_65602                         |    1|    0|    1|          0|
    |tmp_306_reg_65602_pp2_iter9_reg           |    1|    0|    1|          0|
    |tmp_312_reg_64973                         |    1|    0|    1|          0|
    |tmp_314_reg_66244                         |    1|    0|    1|          0|
    |tmp_317_reg_65663                         |    1|    0|    1|          0|
    |tmp_317_reg_65663_pp2_iter9_reg           |    1|    0|    1|          0|
    |tmp_323_reg_65673                         |    1|    0|    1|          0|
    |tmp_325_reg_67054                         |    1|    0|    1|          0|
    |tmp_328_reg_66326                         |    1|    0|    1|          0|
    |tmp_328_reg_66326_pp2_iter10_reg          |    1|    0|    1|          0|
    |tmp_334_reg_65699                         |    1|    0|    1|          0|
    |tmp_336_reg_67101                         |    1|    0|    1|          0|
    |tmp_343_reg_72142                         |    1|    0|    1|          0|
    |tmp_344_reg_72147                         |    1|    0|    1|          0|
    |tmp_345_reg_65725                         |    1|    0|    1|          0|
    |tmp_347_reg_67148                         |    1|    0|    1|          0|
    |tmp_350_reg_66450                         |    1|    0|    1|          0|
    |tmp_350_reg_66450_pp2_iter10_reg          |    1|    0|    1|          0|
    |tmp_353_reg_72169                         |    1|    0|    1|          0|
    |tmp_354_reg_72181                         |    1|    0|    1|          0|
    |tmp_355_reg_72187                         |    1|    0|    1|          0|
    |tmp_356_reg_65751                         |    1|    0|    1|          0|
    |tmp_358_reg_67195                         |    1|    0|    1|          0|
    |tmp_361_reg_66511                         |    1|    0|    1|          0|
    |tmp_361_reg_66511_pp2_iter10_reg          |    1|    0|    1|          0|
    |tmp_365_reg_72199                         |    1|    0|    1|          0|
    |tmp_366_reg_72204                         |    1|    0|    1|          0|
    |tmp_367_reg_65777                         |    1|    0|    1|          0|
    |tmp_369_reg_67242                         |    1|    0|    1|          0|
    |tmp_372_reg_66572                         |    1|    0|    1|          0|
    |tmp_372_reg_66572_pp2_iter10_reg          |    1|    0|    1|          0|
    |tmp_376_reg_72232                         |    1|    0|    1|          0|
    |tmp_377_reg_72237                         |    1|    0|    1|          0|
    |tmp_378_reg_66582                         |    1|    0|    1|          0|
    |tmp_380_reg_68020                         |    1|    0|    1|          0|
    |tmp_383_reg_67324                         |    1|    0|    1|          0|
    |tmp_383_reg_67324_pp2_iter11_reg          |    1|    0|    1|          0|
    |tmp_387_reg_73036                         |    1|    0|    1|          0|
    |tmp_388_reg_73041                         |    1|    0|    1|          0|
    |tmp_389_reg_66608                         |    1|    0|    1|          0|
    |tmp_391_reg_68067                         |    1|    0|    1|          0|
    |tmp_394_reg_67385                         |    1|    0|    1|          0|
    |tmp_394_reg_67385_pp2_iter11_reg          |    1|    0|    1|          0|
    |tmp_397_reg_73063                         |    1|    0|    1|          0|
    |tmp_398_reg_73075                         |    1|    0|    1|          0|
    |tmp_399_reg_73081                         |    1|    0|    1|          0|
    |tmp_400_reg_67395                         |    1|    0|    1|          0|
    |tmp_402_reg_68878                         |    1|    0|    1|          0|
    |tmp_405_reg_68149                         |    1|    0|    1|          0|
    |tmp_405_reg_68149_pp2_iter12_reg          |    1|    0|    1|          0|
    |tmp_409_reg_73890                         |    1|    0|    1|          0|
    |tmp_410_reg_73895                         |    1|    0|    1|          0|
    |tmp_411_reg_66634                         |    1|    0|    1|          0|
    |tmp_413_reg_68175                         |    1|    0|    1|          0|
    |tmp_416_reg_67472                         |    1|    0|    1|          0|
    |tmp_416_reg_67472_pp2_iter11_reg          |    1|    0|    1|          0|
    |tmp_419_reg_73098                         |    1|    0|    1|          0|
    |tmp_420_reg_73110                         |    1|    0|    1|          0|
    |tmp_421_reg_73116                         |    1|    0|    1|          0|
    |tmp_422_reg_66660                         |    1|    0|    1|          0|
    |tmp_424_reg_68222                         |    1|    0|    1|          0|
    |tmp_427_reg_67533                         |    1|    0|    1|          0|
    |tmp_427_reg_67533_pp2_iter11_reg          |    1|    0|    1|          0|
    |tmp_430_reg_73122                         |    1|    0|    1|          0|
    |tmp_431_reg_73134                         |    1|    0|    1|          0|
    |tmp_432_reg_73140                         |    1|    0|    1|          0|
    |tmp_433_reg_67543                         |    1|    0|    1|          0|
    |tmp_435_reg_69003                         |    1|    0|    1|          0|
    |tmp_438_reg_68304                         |    1|    0|    1|          0|
    |tmp_438_reg_68304_pp2_iter12_reg          |    1|    0|    1|          0|
    |tmp_441_reg_73917                         |    1|    0|    1|          0|
    |tmp_442_reg_73929                         |    1|    0|    1|          0|
    |tmp_443_reg_73935                         |    1|    0|    1|          0|
    |tmp_444_reg_68314                         |    1|    0|    1|          0|
    |tmp_446_reg_69800                         |    1|    0|    1|          0|
    |tmp_449_reg_69085                         |    1|    0|    1|          0|
    |tmp_449_reg_69085_pp2_iter13_reg          |    1|    0|    1|          0|
    |tmp_453_reg_74681                         |    1|    0|    1|          0|
    |tmp_454_reg_74686                         |    1|    0|    1|          0|
    |tmp_455_reg_68340                         |    1|    0|    1|          0|
    |tmp_457_reg_69847                         |    1|    0|    1|          0|
    |tmp_460_reg_69146                         |    1|    0|    1|          0|
    |tmp_460_reg_69146_pp2_iter13_reg          |    1|    0|    1|          0|
    |tmp_463_reg_74708                         |    1|    0|    1|          0|
    |tmp_464_reg_74720                         |    1|    0|    1|          0|
    |tmp_465_reg_74726                         |    1|    0|    1|          0|
    |tmp_466_reg_68366                         |    1|    0|    1|          0|
    |tmp_468_reg_69894                         |    1|    0|    1|          0|
    |tmp_471_reg_69207                         |    1|    0|    1|          0|
    |tmp_471_reg_69207_pp2_iter13_reg          |    1|    0|    1|          0|
    |tmp_477_reg_68392                         |    1|    0|    1|          0|
    |tmp_479_reg_69941                         |    1|    0|    1|          0|
    |tmp_482_reg_69268                         |    1|    0|    1|          0|
    |tmp_482_reg_69268_pp2_iter13_reg          |    1|    0|    1|          0|
    |tmp_488_reg_69278                         |    1|    0|    1|          0|
    |tmp_490_reg_70699                         |    1|    0|    1|          0|
    |tmp_493_reg_70023                         |    1|    0|    1|          0|
    |tmp_493_reg_70023_pp2_iter14_reg          |    1|    0|    1|          0|
    |tmp_499_reg_69304                         |    1|    0|    1|          0|
    |tmp_501_reg_70746                         |    1|    0|    1|          0|
    |tmp_504_reg_70084                         |    1|    0|    1|          0|
    |tmp_504_reg_70084_pp2_iter14_reg          |    1|    0|    1|          0|
    |tmp_507_reg_75473                         |    1|    0|    1|          0|
    |tmp_508_reg_75485                         |    1|    0|    1|          0|
    |tmp_509_reg_75491                         |    1|    0|    1|          0|
    |tmp_510_reg_70094                         |    1|    0|    1|          0|
    |tmp_512_reg_71577                         |    1|    0|    1|          0|
    |tmp_515_reg_70828                         |    1|    0|    1|          0|
    |tmp_515_reg_70828_pp2_iter15_reg          |    1|    0|    1|          0|
    |tmp_519_reg_76165                         |    1|    0|    1|          0|
    |tmp_520_reg_76170                         |    1|    0|    1|          0|
    |tmp_521_reg_69330                         |    1|    0|    1|          0|
    |tmp_523_reg_70854                         |    1|    0|    1|          0|
    |tmp_526_reg_70171                         |    1|    0|    1|          0|
    |tmp_526_reg_70171_pp2_iter14_reg          |    1|    0|    1|          0|
    |tmp_530_reg_75514                         |    1|    0|    1|          0|
    |tmp_531_reg_75519                         |    1|    0|    1|          0|
    |tmp_532_reg_69356                         |    1|    0|    1|          0|
    |tmp_534_reg_70901                         |    1|    0|    1|          0|
    |tmp_537_reg_70232                         |    1|    0|    1|          0|
    |tmp_537_reg_70232_pp2_iter14_reg          |    1|    0|    1|          0|
    |tmp_541_reg_75547                         |    1|    0|    1|          0|
    |tmp_542_reg_75552                         |    1|    0|    1|          0|
    |tmp_543_reg_70242                         |    1|    0|    1|          0|
    |tmp_545_reg_71702                         |    1|    0|    1|          0|
    |tmp_548_reg_70983                         |    1|    0|    1|          0|
    |tmp_548_reg_70983_pp2_iter15_reg          |    1|    0|    1|          0|
    |tmp_552_reg_76198                         |    1|    0|    1|          0|
    |tmp_553_reg_76203                         |    1|    0|    1|          0|
    |tmp_554_reg_70993                         |    1|    0|    1|          0|
    |tmp_556_reg_72512                         |    1|    0|    1|          0|
    |tmp_559_reg_71784                         |    1|    0|    1|          0|
    |tmp_559_reg_71784_pp2_iter16_reg          |    1|    0|    1|          0|
    |tmp_563_reg_76743                         |    1|    0|    1|          0|
    |tmp_564_reg_76748                         |    1|    0|    1|          0|
    |tmp_565_reg_71019                         |    1|    0|    1|          0|
    |tmp_567_reg_72559                         |    1|    0|    1|          0|
    |tmp_570_reg_71845                         |    1|    0|    1|          0|
    |tmp_570_reg_71845_pp2_iter16_reg          |    1|    0|    1|          0|
    |tmp_573_reg_76770                         |    1|    0|    1|          0|
    |tmp_574_reg_76782                         |    1|    0|    1|          0|
    |tmp_575_reg_76788                         |    1|    0|    1|          0|
    |tmp_576_reg_70268                         |    1|    0|    1|          0|
    |tmp_578_reg_71871                         |    1|    0|    1|          0|
    |tmp_581_reg_71096                         |    1|    0|    1|          0|
    |tmp_581_reg_71096_pp2_iter15_reg          |    1|    0|    1|          0|
    |tmp_584_reg_76242                         |    1|    0|    1|          0|
    |tmp_585_reg_76254                         |    1|    0|    1|          0|
    |tmp_586_reg_76260                         |    1|    0|    1|          0|
    |tmp_587_reg_70294                         |    1|    0|    1|          0|
    |tmp_589_reg_71918                         |    1|    0|    1|          0|
    |tmp_592_reg_71157                         |    1|    0|    1|          0|
    |tmp_592_reg_71157_pp2_iter15_reg          |    1|    0|    1|          0|
    |tmp_595_reg_76266                         |    1|    0|    1|          0|
    |tmp_596_reg_76278                         |    1|    0|    1|          0|
    |tmp_597_reg_76284                         |    1|    0|    1|          0|
    |tmp_598_reg_71167                         |    1|    0|    1|          0|
    |tmp_5_reg_60251                           |    1|    0|    1|          0|
    |tmp_600_reg_72684                         |    1|    0|    1|          0|
    |tmp_603_reg_72000                         |    1|    0|    1|          0|
    |tmp_603_reg_72000_pp2_iter16_reg          |    1|    0|    1|          0|
    |tmp_606_reg_76794                         |    1|    0|    1|          0|
    |tmp_607_reg_76806                         |    1|    0|    1|          0|
    |tmp_608_reg_76812                         |    1|    0|    1|          0|
    |tmp_609_reg_72010                         |    1|    0|    1|          0|
    |tmp_611_reg_73425                         |    1|    0|    1|          0|
    |tmp_614_reg_72766                         |    1|    0|    1|          0|
    |tmp_614_reg_72766_pp2_iter17_reg          |    1|    0|    1|          0|
    |tmp_617_reg_77126                         |    1|    0|    1|          0|
    |tmp_618_reg_77138                         |    1|    0|    1|          0|
    |tmp_619_reg_77144                         |    1|    0|    1|          0|
    |tmp_620_reg_72776                         |    1|    0|    1|          0|
    |tmp_622_reg_74150                         |    1|    0|    1|          0|
    |tmp_625_reg_73507                         |    1|    0|    1|          0|
    |tmp_625_reg_73507_pp2_iter18_reg          |    1|    0|    1|          0|
    |tmp_629_reg_77414                         |    1|    0|    1|          0|
    |tmp_630_reg_77419                         |    1|    0|    1|          0|
    |tmp_631_reg_72036                         |    1|    0|    1|          0|
    |tmp_633_reg_73533                         |    1|    0|    1|          0|
    |tmp_636_reg_72853                         |    1|    0|    1|          0|
    |tmp_636_reg_72853_pp2_iter17_reg          |    1|    0|    1|          0|
    |tmp_640_reg_77167                         |    1|    0|    1|          0|
    |tmp_641_reg_77172                         |    1|    0|    1|          0|
    |tmp_642_reg_72062                         |    1|    0|    1|          0|
    |tmp_644_reg_73580                         |    1|    0|    1|          0|
    |tmp_647_reg_72914                         |    1|    0|    1|          0|
    |tmp_647_reg_72914_pp2_iter17_reg          |    1|    0|    1|          0|
    |tmp_651_reg_77200                         |    1|    0|    1|          0|
    |tmp_652_reg_77205                         |    1|    0|    1|          0|
    |tmp_653_reg_72924                         |    1|    0|    1|          0|
    |tmp_655_reg_74275                         |    1|    0|    1|          0|
    |tmp_658_reg_73662                         |    1|    0|    1|          0|
    |tmp_658_reg_73662_pp2_iter18_reg          |    1|    0|    1|          0|
    |tmp_662_reg_77447                         |    1|    0|    1|          0|
    |tmp_663_reg_77452                         |    1|    0|    1|          0|
    |tmp_664_reg_73672                         |    1|    0|    1|          0|
    |tmp_666_reg_75015                         |    1|    0|    1|          0|
    |tmp_669_reg_74357                         |    1|    0|    1|          0|
    |tmp_669_reg_74357_pp2_iter19_reg          |    1|    0|    1|          0|
    |tmp_673_reg_77626                         |    1|    0|    1|          0|
    |tmp_674_reg_77631                         |    1|    0|    1|          0|
    |tmp_675_reg_73698                         |    1|    0|    1|          0|
    |tmp_677_reg_75062                         |    1|    0|    1|          0|
    |tmp_683_reg_77653                         |    1|    0|    1|          0|
    |tmp_684_reg_77665                         |    1|    0|    1|          0|
    |tmp_685_reg_77671                         |    1|    0|    1|          0|
    |tmp_686_reg_72950                         |    1|    0|    1|          0|
    |tmp_688_reg_74446                         |    1|    0|    1|          0|
    |tmp_691_reg_73775                         |    1|    0|    1|          0|
    |tmp_691_reg_73775_pp2_iter18_reg          |    1|    0|    1|          0|
    |tmp_694_reg_77491                         |    1|    0|    1|          0|
    |tmp_695_reg_77503                         |    1|    0|    1|          0|
    |tmp_696_reg_77509                         |    1|    0|    1|          0|
    |tmp_697_reg_72976                         |    1|    0|    1|          0|
    |tmp_699_reg_74493                         |    1|    0|    1|          0|
    |tmp_702_reg_73836                         |    1|    0|    1|          0|
    |tmp_702_reg_73836_pp2_iter18_reg          |    1|    0|    1|          0|
    |tmp_705_reg_77515                         |    1|    0|    1|          0|
    |tmp_706_reg_77527                         |    1|    0|    1|          0|
    |tmp_707_reg_77533                         |    1|    0|    1|          0|
    |tmp_708_reg_73846                         |    1|    0|    1|          0|
    |tmp_710_reg_75187                         |    1|    0|    1|          0|
    |tmp_713_reg_74575                         |    1|    0|    1|          0|
    |tmp_713_reg_74575_pp2_iter19_reg          |    1|    0|    1|          0|
    |tmp_716_reg_77677                         |    1|    0|    1|          0|
    |tmp_717_reg_77689                         |    1|    0|    1|          0|
    |tmp_718_reg_77695                         |    1|    0|    1|          0|
    |tmp_719_reg_74585                         |    1|    0|    1|          0|
    |tmp_721_reg_75860                         |    1|    0|    1|          0|
    |tmp_724_reg_75269                         |    1|    0|    1|          0|
    |tmp_724_reg_75269_pp2_iter20_reg          |    1|    0|    1|          0|
    |tmp_727_reg_77749                         |    1|    0|    1|          0|
    |tmp_728_reg_77761                         |    1|    0|    1|          0|
    |tmp_729_reg_77767                         |    1|    0|    1|          0|
    |tmp_730_reg_75279                         |    1|    0|    1|          0|
    |tmp_732_reg_76459                         |    1|    0|    1|          0|
    |tmp_735_reg_75942                         |    1|    0|    1|          0|
    |tmp_735_reg_75942_pp2_iter21_reg          |    1|    0|    1|          0|
    |tmp_739_reg_77867                         |    1|    0|    1|          0|
    |tmp_73_reg_60721                          |    1|    0|    1|          0|
    |tmp_740_reg_77872                         |    1|    0|    1|          0|
    |tmp_741_reg_74611                         |    1|    0|    1|          0|
    |tmp_743_reg_75968                         |    1|    0|    1|          0|
    |tmp_746_reg_75356                         |    1|    0|    1|          0|
    |tmp_746_reg_75356_pp2_iter20_reg          |    1|    0|    1|          0|
    |tmp_749_reg_77784                         |    1|    0|    1|          0|
    |tmp_750_reg_77796                         |    1|    0|    1|          0|
    |tmp_751_reg_77801                         |    1|    0|    1|          0|
    |tmp_752_reg_74637                         |    1|    0|    1|          0|
    |tmp_754_reg_76015                         |    1|    0|    1|          0|
    |tmp_757_reg_75417                         |    1|    0|    1|          0|
    |tmp_757_reg_75417_pp2_iter20_reg          |    1|    0|    1|          0|
    |tmp_760_reg_77812                         |    1|    0|    1|          0|
    |tmp_761_reg_77824                         |    1|    0|    1|          0|
    |tmp_762_reg_77829                         |    1|    0|    1|          0|
    |tmp_763_reg_75427                         |    1|    0|    1|          0|
    |tmp_765_reg_76584                         |    1|    0|    1|          0|
    |tmp_768_reg_76097                         |    1|    0|    1|          0|
    |tmp_768_reg_76097_pp2_iter21_reg          |    1|    0|    1|          0|
    |tmp_771_reg_77894                         |    1|    0|    1|          0|
    |tmp_772_reg_77906                         |    1|    0|    1|          0|
    |tmp_773_reg_77911                         |    1|    0|    1|          0|
    |tmp_774_reg_76107                         |    1|    0|    1|          0|
    |tmp_776_reg_77048                         |    1|    0|    1|          0|
    |tmp_779_reg_76666                         |    1|    0|    1|          0|
    |tmp_779_reg_76666_pp2_iter22_reg          |    1|    0|    1|          0|
    |tmp_782_reg_77956                         |    1|    0|    1|          0|
    |tmp_783_reg_77968                         |    1|    0|    1|          0|
    |tmp_784_reg_77973                         |    1|    0|    1|          0|
    |tmp_785_reg_76133                         |    1|    0|    1|          0|
    |tmp_787_reg_77095                         |    1|    0|    1|          0|
    |tmp_78_reg_78169                          |   31|    0|   31|          0|
    |tmp_790_reg_76727                         |    1|    0|    1|          0|
    |tmp_790_reg_76727_pp2_iter22_reg          |    1|    0|    1|          0|
    |tmp_793_reg_77984                         |    1|    0|    1|          0|
    |tmp_794_reg_77996                         |    1|    0|    1|          0|
    |tmp_795_reg_78002                         |    1|    0|    1|          0|
    |tmp_796_reg_77939                         |    1|    0|    1|          0|
    |tmp_797_reg_77950                         |    1|    0|    1|          0|
    |tmp_798_reg_78008                         |    1|    0|    1|          0|
    |tmp_799_reg_78019                         |    1|    0|    1|          0|
    |tmp_800_reg_78031                         |    1|    0|    1|          0|
    |tmp_801_reg_78042                         |    1|    0|    1|          0|
    |tmp_802_reg_78048                         |    1|    0|    1|          0|
    |tmp_803_reg_78059                         |    1|    0|    1|          0|
    |tmp_804_reg_78072                         |    1|    0|    1|          0|
    |tmp_805_reg_78088                         |    1|    0|    1|          0|
    |tmp_806_reg_78083                         |    1|    0|    1|          0|
    |tmp_81_reg_61640                          |    1|    0|    1|          0|
    |tmp_83_reg_62485                          |    1|    0|    1|          0|
    |tmp_85_reg_63323                          |    1|    0|    1|          0|
    |tmp_86_reg_61922                          |    1|    0|    1|          0|
    |tmp_86_reg_61922_pp2_iter5_reg            |    1|    0|    1|          0|
    |tmp_89_reg_65835                          |    1|    0|    1|          0|
    |tmp_90_reg_65846                          |    1|    0|    1|          0|
    |tmp_91_reg_65852                          |    1|    0|    1|          0|
    |tmp_92_reg_61666                          |    1|    0|    1|          0|
    |tmp_94_reg_62551                          |    1|    0|    1|          0|
    |tmp_96_reg_63373                          |    1|    0|    1|          0|
    |tmp_97_reg_61987                          |    1|    0|    1|          0|
    |tmp_97_reg_61987_pp2_iter5_reg            |    1|    0|    1|          0|
    |tmp_V_2_reg_78149                         |   40|    0|   40|          0|
    |tmp_V_reg_78139                           |   40|    0|   40|          0|
    |trunc_ln225_reg_60639                     |    3|    0|    3|          0|
    |trunc_ln565_10_reg_62368                  |   52|    0|   52|          0|
    |trunc_ln565_11_reg_62394                  |   52|    0|   52|          0|
    |trunc_ln565_12_reg_62420                  |   52|    0|   52|          0|
    |trunc_ln565_13_reg_63155                  |   52|    0|   52|          0|
    |trunc_ln565_14_reg_63181                  |   52|    0|   52|          0|
    |trunc_ln565_15_reg_63207                  |   52|    0|   52|          0|
    |trunc_ln565_16_reg_63233                  |   52|    0|   52|          0|
    |trunc_ln565_17_reg_63259                  |   52|    0|   52|          0|
    |trunc_ln565_18_reg_64158                  |   52|    0|   52|          0|
    |trunc_ln565_19_reg_64184                  |   52|    0|   52|          0|
    |trunc_ln565_1_reg_61654                   |   52|    0|   52|          0|
    |trunc_ln565_20_reg_64935                  |   52|    0|   52|          0|
    |trunc_ln565_21_reg_64961                  |   52|    0|   52|          0|
    |trunc_ln565_22_reg_64987                  |   52|    0|   52|          0|
    |trunc_ln565_23_reg_65687                  |   52|    0|   52|          0|
    |trunc_ln565_24_reg_65713                  |   52|    0|   52|          0|
    |trunc_ln565_25_reg_65739                  |   52|    0|   52|          0|
    |trunc_ln565_26_reg_65765                  |   52|    0|   52|          0|
    |trunc_ln565_27_reg_65791                  |   52|    0|   52|          0|
    |trunc_ln565_28_reg_66596                  |   52|    0|   52|          0|
    |trunc_ln565_29_reg_66622                  |   52|    0|   52|          0|
    |trunc_ln565_2_reg_61680                   |   52|    0|   52|          0|
    |trunc_ln565_30_reg_67409                  |   52|    0|   52|          0|
    |trunc_ln565_31_reg_66648                  |   52|    0|   52|          0|
    |trunc_ln565_32_reg_66674                  |   52|    0|   52|          0|
    |trunc_ln565_33_reg_67557                  |   52|    0|   52|          0|
    |trunc_ln565_34_reg_68328                  |   52|    0|   52|          0|
    |trunc_ln565_35_reg_68354                  |   52|    0|   52|          0|
    |trunc_ln565_36_reg_68380                  |   52|    0|   52|          0|
    |trunc_ln565_37_reg_68406                  |   52|    0|   52|          0|
    |trunc_ln565_38_reg_69292                  |   52|    0|   52|          0|
    |trunc_ln565_39_reg_69318                  |   52|    0|   52|          0|
    |trunc_ln565_3_reg_61706                   |   52|    0|   52|          0|
    |trunc_ln565_40_reg_70108                  |   52|    0|   52|          0|
    |trunc_ln565_41_reg_69344                  |   52|    0|   52|          0|
    |trunc_ln565_42_reg_69370                  |   52|    0|   52|          0|
    |trunc_ln565_43_reg_70256                  |   52|    0|   52|          0|
    |trunc_ln565_44_reg_71007                  |   52|    0|   52|          0|
    |trunc_ln565_45_reg_71033                  |   52|    0|   52|          0|
    |trunc_ln565_46_reg_70282                  |   52|    0|   52|          0|
    |trunc_ln565_47_reg_70308                  |   52|    0|   52|          0|
    |trunc_ln565_48_reg_71181                  |   52|    0|   52|          0|
    |trunc_ln565_49_reg_72024                  |   52|    0|   52|          0|
    |trunc_ln565_4_reg_61732                   |   52|    0|   52|          0|
    |trunc_ln565_50_reg_72790                  |   52|    0|   52|          0|
    |trunc_ln565_51_reg_72050                  |   52|    0|   52|          0|
    |trunc_ln565_52_reg_72076                  |   52|    0|   52|          0|
    |trunc_ln565_53_reg_72938                  |   52|    0|   52|          0|
    |trunc_ln565_54_reg_73686                  |   52|    0|   52|          0|
    |trunc_ln565_55_reg_73712                  |   52|    0|   52|          0|
    |trunc_ln565_56_reg_72964                  |   52|    0|   52|          0|
    |trunc_ln565_57_reg_72990                  |   52|    0|   52|          0|
    |trunc_ln565_58_reg_73860                  |   52|    0|   52|          0|
    |trunc_ln565_59_reg_74599                  |   52|    0|   52|          0|
    |trunc_ln565_5_reg_61758                   |   52|    0|   52|          0|
    |trunc_ln565_60_reg_75293                  |   52|    0|   52|          0|
    |trunc_ln565_61_reg_74625                  |   52|    0|   52|          0|
    |trunc_ln565_62_reg_74651                  |   52|    0|   52|          0|
    |trunc_ln565_63_reg_75441                  |   52|    0|   52|          0|
    |trunc_ln565_64_reg_76121                  |   52|    0|   52|          0|
    |trunc_ln565_65_reg_76147                  |   52|    0|   52|          0|
    |trunc_ln565_6_reg_61784                   |   52|    0|   52|          0|
    |trunc_ln565_7_reg_61810                   |   52|    0|   52|          0|
    |trunc_ln565_8_reg_62316                   |   52|    0|   52|          0|
    |trunc_ln565_9_reg_62342                   |   52|    0|   52|          0|
    |trunc_ln583_10_reg_62991                  |   18|    0|   18|          0|
    |trunc_ln583_11_reg_63052                  |   18|    0|   18|          0|
    |trunc_ln583_12_reg_63113                  |   18|    0|   18|          0|
    |trunc_ln583_13_reg_63872                  |   18|    0|   18|          0|
    |trunc_ln583_14_reg_63933                  |   18|    0|   18|          0|
    |trunc_ln583_15_reg_63994                  |   18|    0|   18|          0|
    |trunc_ln583_16_reg_64055                  |   18|    0|   18|          0|
    |trunc_ln583_17_reg_64116                  |   18|    0|   18|          0|
    |trunc_ln583_18_reg_64832                  |   18|    0|   18|          0|
    |trunc_ln583_19_reg_64893                  |   18|    0|   18|          0|
    |trunc_ln583_1_reg_61899                   |   18|    0|   18|          0|
    |trunc_ln583_1_reg_61899_pp2_iter5_reg     |   18|    0|   18|          0|
    |trunc_ln583_20_reg_65523                  |   18|    0|   18|          0|
    |trunc_ln583_21_reg_65584                  |   18|    0|   18|          0|
    |trunc_ln583_22_reg_65645                  |   18|    0|   18|          0|
    |trunc_ln583_23_reg_66308                  |   18|    0|   18|          0|
    |trunc_ln583_24_reg_66369                  |   18|    0|   18|          0|
    |trunc_ln583_25_reg_66432                  |   18|    0|   18|          0|
    |trunc_ln583_26_reg_66493                  |   18|    0|   18|          0|
    |trunc_ln583_27_reg_66554                  |   18|    0|   18|          0|
    |trunc_ln583_28_reg_67306                  |   18|    0|   18|          0|
    |trunc_ln583_29_reg_67367                  |   18|    0|   18|          0|
    |trunc_ln583_2_reg_61964                   |   18|    0|   18|          0|
    |trunc_ln583_2_reg_61964_pp2_iter5_reg     |   18|    0|   18|          0|
    |trunc_ln583_30_reg_68131                  |   18|    0|   18|          0|
    |trunc_ln583_31_reg_67454                  |   18|    0|   18|          0|
    |trunc_ln583_32_reg_67515                  |   18|    0|   18|          0|
    |trunc_ln583_33_reg_68286                  |   18|    0|   18|          0|
    |trunc_ln583_34_reg_69067                  |   18|    0|   18|          0|
    |trunc_ln583_35_reg_69128                  |   18|    0|   18|          0|
    |trunc_ln583_36_reg_69189                  |   18|    0|   18|          0|
    |trunc_ln583_37_reg_69250                  |   18|    0|   18|          0|
    |trunc_ln583_38_reg_70005                  |   18|    0|   18|          0|
    |trunc_ln583_39_reg_70066                  |   18|    0|   18|          0|
    |trunc_ln583_3_reg_62030                   |   18|    0|   18|          0|
    |trunc_ln583_40_reg_70810                  |   18|    0|   18|          0|
    |trunc_ln583_41_reg_70153                  |   18|    0|   18|          0|
    |trunc_ln583_42_reg_70214                  |   18|    0|   18|          0|
    |trunc_ln583_43_reg_70965                  |   18|    0|   18|          0|
    |trunc_ln583_44_reg_71766                  |   18|    0|   18|          0|
    |trunc_ln583_45_reg_71827                  |   18|    0|   18|          0|
    |trunc_ln583_46_reg_71078                  |   18|    0|   18|          0|
    |trunc_ln583_47_reg_71139                  |   18|    0|   18|          0|
    |trunc_ln583_48_reg_71982                  |   18|    0|   18|          0|
    |trunc_ln583_49_reg_72748                  |   18|    0|   18|          0|
    |trunc_ln583_4_reg_62091                   |   18|    0|   18|          0|
    |trunc_ln583_50_reg_73489                  |   18|    0|   18|          0|
    |trunc_ln583_51_reg_72835                  |   18|    0|   18|          0|
    |trunc_ln583_52_reg_72896                  |   18|    0|   18|          0|
    |trunc_ln583_53_reg_73644                  |   18|    0|   18|          0|
    |trunc_ln583_54_reg_74339                  |   18|    0|   18|          0|
    |trunc_ln583_55_reg_74400                  |   18|    0|   18|          0|
    |trunc_ln583_56_reg_73757                  |   18|    0|   18|          0|
    |trunc_ln583_57_reg_73818                  |   18|    0|   18|          0|
    |trunc_ln583_58_reg_74557                  |   18|    0|   18|          0|
    |trunc_ln583_59_reg_75251                  |   18|    0|   18|          0|
    |trunc_ln583_5_reg_62152                   |   18|    0|   18|          0|
    |trunc_ln583_60_reg_75924                  |   18|    0|   18|          0|
    |trunc_ln583_61_reg_75338                  |   18|    0|   18|          0|
    |trunc_ln583_62_reg_75399                  |   18|    0|   18|          0|
    |trunc_ln583_63_reg_76079                  |   18|    0|   18|          0|
    |trunc_ln583_64_reg_76648                  |   18|    0|   18|          0|
    |trunc_ln583_65_reg_76709                  |   18|    0|   18|          0|
    |trunc_ln583_6_reg_62213                   |   18|    0|   18|          0|
    |trunc_ln583_7_reg_62274                   |   18|    0|   18|          0|
    |trunc_ln583_8_reg_62869                   |   18|    0|   18|          0|
    |trunc_ln583_9_reg_62930                   |   18|    0|   18|          0|
    |trunc_ln583_reg_60691                     |   16|    0|   16|          0|
    |trunc_ln943_reg_78185                     |    8|    0|    8|          0|
    |trunc_ln947_reg_78174                     |    6|    0|    6|          0|
    |urem_ln225_reg_60634                      |    7|    0|    7|          0|
    |xor_ln571_reg_60606                       |    1|    0|    1|          0|
    |xor_ln621_121_reg_74418                   |    1|    0|    1|          0|
    |xor_ln621_121_reg_74418_pp2_iter19_reg    |    1|    0|    1|          0|
    |xor_ln621_90_reg_66387                    |    1|    0|    1|          0|
    |xor_ln621_90_reg_66387_pp2_iter10_reg     |    1|    0|    1|          0|
    |xor_ln641_10_reg_64508                    |    1|    0|    1|          0|
    |xor_ln641_11_reg_64547                    |    1|    0|    1|          0|
    |xor_ln641_12_reg_65223                    |    1|    0|    1|          0|
    |xor_ln641_13_reg_65262                    |    1|    0|    1|          0|
    |xor_ln641_14_reg_65301                    |    1|    0|    1|          0|
    |xor_ln641_15_reg_65340                    |    1|    0|    1|          0|
    |xor_ln641_16_reg_65379                    |    1|    0|    1|          0|
    |xor_ln641_17_reg_66078                    |    1|    0|    1|          0|
    |xor_ln641_18_reg_66117                    |    1|    0|    1|          0|
    |xor_ln641_19_reg_66943                    |    1|    0|    1|          0|
    |xor_ln641_1_reg_63392                     |    1|    0|    1|          0|
    |xor_ln641_20_reg_66982                    |    1|    0|    1|          0|
    |xor_ln641_21_reg_67021                    |    1|    0|    1|          0|
    |xor_ln641_22_reg_67831                    |    1|    0|    1|          0|
    |xor_ln641_23_reg_67870                    |    1|    0|    1|          0|
    |xor_ln641_24_reg_67909                    |    1|    0|    1|          0|
    |xor_ln641_25_reg_67948                    |    1|    0|    1|          0|
    |xor_ln641_26_reg_67987                    |    1|    0|    1|          0|
    |xor_ln641_27_reg_68806                    |    1|    0|    1|          0|
    |xor_ln641_28_reg_68845                    |    1|    0|    1|          0|
    |xor_ln641_29_reg_69680                    |    1|    0|    1|          0|
    |xor_ln641_2_reg_63431                     |    1|    0|    1|          0|
    |xor_ln641_30_reg_68931                    |    1|    0|    1|          0|
    |xor_ln641_31_reg_68970                    |    1|    0|    1|          0|
    |xor_ln641_32_reg_69767                    |    1|    0|    1|          0|
    |xor_ln641_33_reg_70549                    |    1|    0|    1|          0|
    |xor_ln641_34_reg_70588                    |    1|    0|    1|          0|
    |xor_ln641_35_reg_70627                    |    1|    0|    1|          0|
    |xor_ln641_36_reg_70666                    |    1|    0|    1|          0|
    |xor_ln641_37_reg_71505                    |    1|    0|    1|          0|
    |xor_ln641_38_reg_71544                    |    1|    0|    1|          0|
    |xor_ln641_39_reg_72390                    |    1|    0|    1|          0|
    |xor_ln641_3_reg_63470                     |    1|    0|    1|          0|
    |xor_ln641_40_reg_71630                    |    1|    0|    1|          0|
    |xor_ln641_41_reg_71669                    |    1|    0|    1|          0|
    |xor_ln641_42_reg_72479                    |    1|    0|    1|          0|
    |xor_ln641_43_reg_73264                    |    1|    0|    1|          0|
    |xor_ln641_44_reg_73303                    |    1|    0|    1|          0|
    |xor_ln641_45_reg_72612                    |    1|    0|    1|          0|
    |xor_ln641_46_reg_72651                    |    1|    0|    1|          0|
    |xor_ln641_47_reg_73392                    |    1|    0|    1|          0|
    |xor_ln641_48_reg_74117                    |    1|    0|    1|          0|
    |xor_ln641_49_reg_74893                    |    1|    0|    1|          0|
    |xor_ln641_4_reg_63509                     |    1|    0|    1|          0|
    |xor_ln641_50_reg_74203                    |    1|    0|    1|          0|
    |xor_ln641_51_reg_74242                    |    1|    0|    1|          0|
    |xor_ln641_52_reg_74982                    |    1|    0|    1|          0|
    |xor_ln641_53_reg_75699                    |    1|    0|    1|          0|
    |xor_ln641_54_reg_75738                    |    1|    0|    1|          0|
    |xor_ln641_55_reg_75115                    |    1|    0|    1|          0|
    |xor_ln641_56_reg_75154                    |    1|    0|    1|          0|
    |xor_ln641_57_reg_75827                    |    1|    0|    1|          0|
    |xor_ln641_58_reg_76426                    |    1|    0|    1|          0|
    |xor_ln641_59_reg_76928                    |    1|    0|    1|          0|
    |xor_ln641_5_reg_63548                     |    1|    0|    1|          0|
    |xor_ln641_60_reg_76512                    |    1|    0|    1|          0|
    |xor_ln641_61_reg_76551                    |    1|    0|    1|          0|
    |xor_ln641_62_reg_77015                    |    1|    0|    1|          0|
    |xor_ln641_63_reg_77352                    |    1|    0|    1|          0|
    |xor_ln641_64_reg_77391                    |    1|    0|    1|          0|
    |xor_ln641_6_reg_63587                     |    1|    0|    1|          0|
    |xor_ln641_7_reg_64391                     |    1|    0|    1|          0|
    |xor_ln641_8_reg_64430                     |    1|    0|    1|          0|
    |xor_ln641_9_reg_64469                     |    1|    0|    1|          0|
    |xor_ln641_reg_63342                       |    1|    0|    1|          0|
    |xor_ln658_1_reg_60596                     |    1|    0|    1|          0|
    |xor_ln785_10_reg_68482                    |    1|    0|    1|          0|
    |xor_ln785_11_reg_68513                    |    1|    0|    1|          0|
    |xor_ln785_12_reg_68546                    |    1|    0|    1|          0|
    |xor_ln785_13_reg_68579                    |    1|    0|    1|          0|
    |xor_ln785_14_reg_69436                    |    1|    0|    1|          0|
    |xor_ln785_15_reg_69469                    |    1|    0|    1|          0|
    |xor_ln785_21_reg_71248                    |    1|    0|    1|          0|
    |xor_ln785_22_reg_71270                    |    1|    0|    1|          0|
    |xor_ln785_23_reg_71290                    |    1|    0|    1|          0|
    |xor_ln785_24_reg_72121                    |    1|    0|    1|          0|
    |xor_ln785_25_reg_72152                    |    1|    0|    1|          0|
    |xor_ln785_27_reg_72209                    |    1|    0|    1|          0|
    |xor_ln785_28_reg_72242                    |    1|    0|    1|          0|
    |xor_ln785_29_reg_73046                    |    1|    0|    1|          0|
    |xor_ln785_31_reg_73900                    |    1|    0|    1|          0|
    |xor_ln785_35_reg_74691                    |    1|    0|    1|          0|
    |xor_ln785_37_reg_74737                    |    1|    0|    1|          0|
    |xor_ln785_38_reg_74757                    |    1|    0|    1|          0|
    |xor_ln785_39_reg_75458                    |    1|    0|    1|          0|
    |xor_ln785_41_reg_76175                    |    1|    0|    1|          0|
    |xor_ln785_42_reg_75524                    |    1|    0|    1|          0|
    |xor_ln785_43_reg_75557                    |    1|    0|    1|          0|
    |xor_ln785_44_reg_76208                    |    1|    0|    1|          0|
    |xor_ln785_45_reg_76753                    |    1|    0|    1|          0|
    |xor_ln785_51_reg_77424                    |    1|    0|    1|          0|
    |xor_ln785_52_reg_77177                    |    1|    0|    1|          0|
    |xor_ln785_53_reg_77210                    |    1|    0|    1|          0|
    |xor_ln785_54_reg_77457                    |    1|    0|    1|          0|
    |xor_ln785_55_reg_77636                    |    1|    0|    1|          0|
    |xor_ln785_5_reg_67613                     |    1|    0|    1|          0|
    |xor_ln785_61_reg_77877                    |    1|    0|    1|          0|
    |xor_ln785_6_reg_67633                     |    1|    0|    1|          0|
    |xor_ln785_9_reg_68462                     |    1|    0|    1|          0|
    |y_V_0_10_reg_77161                        |   40|    0|   40|          0|
    |y_V_0_11_reg_77497                        |   40|    0|   40|          0|
    |y_V_0_12_reg_77790                        |   40|    0|   40|          0|
    |y_V_0_1_reg_67608                         |   40|    0|   40|          0|
    |y_V_0_2_reg_68530                         |   40|    0|   40|          0|
    |y_V_0_3_reg_69516                         |   40|    0|   40|          0|
    |y_V_0_4_reg_71265                         |   40|    0|   40|          0|
    |y_V_0_5_reg_72193                         |   40|    0|   40|          0|
    |y_V_0_6_reg_73104                         |   40|    0|   40|          0|
    |y_V_0_7_reg_74732                         |   40|    0|   40|          0|
    |y_V_0_8_reg_75508                         |   40|    0|   40|          0|
    |y_V_0_9_reg_76248                         |   40|    0|   40|          0|
    |y_V_0_reg_65841                           |   34|    0|   34|          0|
    |y_V_1_10_reg_77194                        |   40|    0|   40|          0|
    |y_V_1_11_reg_77521                        |   40|    0|   40|          0|
    |y_V_1_12_reg_77818                        |   40|    0|   40|          0|
    |y_V_1_1_reg_67628                         |   40|    0|   40|          0|
    |y_V_1_2_reg_68563                         |   40|    0|   40|          0|
    |y_V_1_3_reg_69540                         |   40|    0|   40|          0|
    |y_V_1_4_reg_71285                         |   40|    0|   40|          0|
    |y_V_1_5_reg_72226                         |   40|    0|   40|          0|
    |y_V_1_6_reg_73128                         |   40|    0|   40|          0|
    |y_V_1_7_reg_74752                         |   40|    0|   40|          0|
    |y_V_1_8_reg_75541                         |   40|    0|   40|          0|
    |y_V_1_9_reg_76272                         |   40|    0|   40|          0|
    |y_V_1_reg_65864                           |   34|    0|   34|          0|
    |y_V_2_10_reg_77441                        |   40|    0|   40|          0|
    |y_V_2_11_reg_77683                        |   40|    0|   40|          0|
    |y_V_2_12_reg_77900                        |   40|    0|   40|          0|
    |y_V_2_1_reg_68457                         |   40|    0|   40|          0|
    |y_V_2_2_reg_69420                         |   40|    0|   40|          0|
    |y_V_2_3_reg_70359                         |   40|    0|   40|          0|
    |y_V_2_4_reg_72116                         |   40|    0|   40|          0|
    |y_V_2_5_reg_73030                         |   40|    0|   40|          0|
    |y_V_2_6_reg_73923                         |   40|    0|   40|          0|
    |y_V_2_7_reg_75453                         |   40|    0|   40|          0|
    |y_V_2_8_reg_76192                         |   40|    0|   40|          0|
    |y_V_2_9_reg_76800                         |   40|    0|   40|          0|
    |y_V_2_reg_66736                           |   34|    0|   34|          0|
    |y_V_3_10_reg_77620                        |   40|    0|   40|          0|
    |y_V_3_11_reg_77755                        |   40|    0|   40|          0|
    |y_V_3_12_reg_77962                        |   40|    0|   40|          0|
    |y_V_3_1_reg_68477                         |   40|    0|   40|          0|
    |y_V_3_2_reg_69453                         |   40|    0|   40|          0|
    |y_V_3_3_reg_70383                         |   40|    0|   40|          0|
    |y_V_3_4_reg_72136                         |   40|    0|   40|          0|
    |y_V_3_5_reg_73069                         |   40|    0|   40|          0|
    |y_V_3_6_reg_74675                         |   40|    0|   40|          0|
    |y_V_3_7_reg_75479                         |   40|    0|   40|          0|
    |y_V_3_8_reg_76737                         |   40|    0|   40|          0|
    |y_V_3_9_reg_77132                         |   40|    0|   40|          0|
    |y_V_3_reg_66759                           |   34|    0|   34|          0|
    |y_V_4_10_reg_77659                        |   40|    0|   40|          0|
    |y_V_4_11_reg_77861                        |   40|    0|   40|          0|
    |y_V_4_12_reg_77990                        |   40|    0|   40|          0|
    |y_V_4_1_reg_68497                         |   40|    0|   40|          0|
    |y_V_4_2_reg_69492                         |   40|    0|   40|          0|
    |y_V_4_3_reg_71232                         |   40|    0|   40|          0|
    |y_V_4_4_reg_72175                         |   40|    0|   40|          0|
    |y_V_4_5_reg_73884                         |   40|    0|   40|          0|
    |y_V_4_6_reg_74714                         |   40|    0|   40|          0|
    |y_V_4_7_reg_76159                         |   40|    0|   40|          0|
    |y_V_4_8_reg_76776                         |   40|    0|   40|          0|
    |y_V_4_9_reg_77408                         |   40|    0|   40|          0|
    |y_V_4_reg_66782                           |   34|    0|   34|          0|
    |zext_ln455_10_reg_62958                   |   11|    0|   12|          1|
    |zext_ln455_11_reg_63019                   |   11|    0|   12|          1|
    |zext_ln455_12_reg_63080                   |   11|    0|   12|          1|
    |zext_ln455_13_reg_63839                   |   11|    0|   12|          1|
    |zext_ln455_14_reg_63900                   |   11|    0|   12|          1|
    |zext_ln455_15_reg_63961                   |   11|    0|   12|          1|
    |zext_ln455_16_reg_64022                   |   11|    0|   12|          1|
    |zext_ln455_17_reg_64083                   |   11|    0|   12|          1|
    |zext_ln455_18_reg_64799                   |   11|    0|   12|          1|
    |zext_ln455_19_reg_64860                   |   11|    0|   12|          1|
    |zext_ln455_1_reg_61867                    |   11|    0|   12|          1|
    |zext_ln455_20_reg_65490                   |   11|    0|   12|          1|
    |zext_ln455_21_reg_65551                   |   11|    0|   12|          1|
    |zext_ln455_22_reg_65612                   |   11|    0|   12|          1|
    |zext_ln455_23_reg_66275                   |   11|    0|   12|          1|
    |zext_ln455_24_reg_66336                   |   11|    0|   12|          1|
    |zext_ln455_25_reg_66399                   |   11|    0|   12|          1|
    |zext_ln455_26_reg_66460                   |   11|    0|   12|          1|
    |zext_ln455_27_reg_66521                   |   11|    0|   12|          1|
    |zext_ln455_28_reg_67273                   |   11|    0|   12|          1|
    |zext_ln455_29_reg_67334                   |   11|    0|   12|          1|
    |zext_ln455_2_reg_61932                    |   11|    0|   12|          1|
    |zext_ln455_30_reg_68098                   |   11|    0|   12|          1|
    |zext_ln455_31_reg_67421                   |   11|    0|   12|          1|
    |zext_ln455_32_reg_67482                   |   11|    0|   12|          1|
    |zext_ln455_33_reg_68253                   |   11|    0|   12|          1|
    |zext_ln455_34_reg_69034                   |   11|    0|   12|          1|
    |zext_ln455_35_reg_69095                   |   11|    0|   12|          1|
    |zext_ln455_36_reg_69156                   |   11|    0|   12|          1|
    |zext_ln455_37_reg_69217                   |   11|    0|   12|          1|
    |zext_ln455_38_reg_69972                   |   11|    0|   12|          1|
    |zext_ln455_39_reg_70033                   |   11|    0|   12|          1|
    |zext_ln455_3_reg_61997                    |   11|    0|   12|          1|
    |zext_ln455_40_reg_70777                   |   11|    0|   12|          1|
    |zext_ln455_41_reg_70120                   |   11|    0|   12|          1|
    |zext_ln455_42_reg_70181                   |   11|    0|   12|          1|
    |zext_ln455_43_reg_70932                   |   11|    0|   12|          1|
    |zext_ln455_44_reg_71733                   |   11|    0|   12|          1|
    |zext_ln455_45_reg_71794                   |   11|    0|   12|          1|
    |zext_ln455_46_reg_71045                   |   11|    0|   12|          1|
    |zext_ln455_47_reg_71106                   |   11|    0|   12|          1|
    |zext_ln455_48_reg_71949                   |   11|    0|   12|          1|
    |zext_ln455_49_reg_72715                   |   11|    0|   12|          1|
    |zext_ln455_4_reg_62058                    |   11|    0|   12|          1|
    |zext_ln455_50_reg_73456                   |   11|    0|   12|          1|
    |zext_ln455_51_reg_72802                   |   11|    0|   12|          1|
    |zext_ln455_52_reg_72863                   |   11|    0|   12|          1|
    |zext_ln455_53_reg_73611                   |   11|    0|   12|          1|
    |zext_ln455_54_reg_74306                   |   11|    0|   12|          1|
    |zext_ln455_55_reg_74367                   |   11|    0|   12|          1|
    |zext_ln455_56_reg_73724                   |   11|    0|   12|          1|
    |zext_ln455_57_reg_73785                   |   11|    0|   12|          1|
    |zext_ln455_58_reg_74524                   |   11|    0|   12|          1|
    |zext_ln455_59_reg_75218                   |   11|    0|   12|          1|
    |zext_ln455_5_reg_62119                    |   11|    0|   12|          1|
    |zext_ln455_60_reg_75891                   |   11|    0|   12|          1|
    |zext_ln455_61_reg_75305                   |   11|    0|   12|          1|
    |zext_ln455_62_reg_75366                   |   11|    0|   12|          1|
    |zext_ln455_63_reg_76046                   |   11|    0|   12|          1|
    |zext_ln455_64_reg_76615                   |   11|    0|   12|          1|
    |zext_ln455_65_reg_76676                   |   11|    0|   12|          1|
    |zext_ln455_6_reg_62180                    |   11|    0|   12|          1|
    |zext_ln455_7_reg_62241                    |   11|    0|   12|          1|
    |zext_ln455_8_reg_62836                    |   11|    0|   12|          1|
    |zext_ln455_9_reg_62897                    |   11|    0|   12|          1|
    |zext_ln635_10_reg_63734                   |   32|    0|   54|         22|
    |zext_ln635_11_reg_63781                   |   32|    0|   54|         22|
    |zext_ln635_12_reg_63828                   |   32|    0|   54|         22|
    |zext_ln635_13_reg_64600                   |   32|    0|   54|         22|
    |zext_ln635_14_reg_64647                   |   32|    0|   54|         22|
    |zext_ln635_15_reg_64694                   |   32|    0|   54|         22|
    |zext_ln635_16_reg_64741                   |   32|    0|   54|         22|
    |zext_ln635_17_reg_64788                   |   32|    0|   54|         22|
    |zext_ln635_18_reg_65432                   |   32|    0|   54|         22|
    |zext_ln635_19_reg_65479                   |   32|    0|   54|         22|
    |zext_ln635_1_reg_62524                    |   32|    0|   54|         22|
    |zext_ln635_20_reg_66170                   |   32|    0|   54|         22|
    |zext_ln635_21_reg_66217                   |   32|    0|   54|         22|
    |zext_ln635_22_reg_66264                   |   32|    0|   54|         22|
    |zext_ln635_23_reg_67074                   |   32|    0|   54|         22|
    |zext_ln635_24_reg_67121                   |   32|    0|   54|         22|
    |zext_ln635_25_reg_67168                   |   32|    0|   54|         22|
    |zext_ln635_26_reg_67215                   |   32|    0|   54|         22|
    |zext_ln635_27_reg_67262                   |   32|    0|   54|         22|
    |zext_ln635_28_reg_68040                   |   32|    0|   54|         22|
    |zext_ln635_29_reg_68087                   |   32|    0|   54|         22|
    |zext_ln635_2_reg_62590                    |   32|    0|   54|         22|
    |zext_ln635_30_reg_68898                   |   32|    0|   54|         22|
    |zext_ln635_31_reg_68195                   |   32|    0|   54|         22|
    |zext_ln635_32_reg_68242                   |   32|    0|   54|         22|
    |zext_ln635_33_reg_69023                   |   32|    0|   54|         22|
    |zext_ln635_34_reg_69820                   |   32|    0|   54|         22|
    |zext_ln635_35_reg_69867                   |   32|    0|   54|         22|
    |zext_ln635_36_reg_69914                   |   32|    0|   54|         22|
    |zext_ln635_37_reg_69961                   |   32|    0|   54|         22|
    |zext_ln635_38_reg_70719                   |   32|    0|   54|         22|
    |zext_ln635_39_reg_70766                   |   32|    0|   54|         22|
    |zext_ln635_3_reg_62637                    |   32|    0|   54|         22|
    |zext_ln635_40_reg_71597                   |   32|    0|   54|         22|
    |zext_ln635_41_reg_70874                   |   32|    0|   54|         22|
    |zext_ln635_42_reg_70921                   |   32|    0|   54|         22|
    |zext_ln635_43_reg_71722                   |   32|    0|   54|         22|
    |zext_ln635_44_reg_72532                   |   32|    0|   54|         22|
    |zext_ln635_45_reg_72579                   |   32|    0|   54|         22|
    |zext_ln635_46_reg_71891                   |   32|    0|   54|         22|
    |zext_ln635_47_reg_71938                   |   32|    0|   54|         22|
    |zext_ln635_48_reg_72704                   |   32|    0|   54|         22|
    |zext_ln635_49_reg_73445                   |   32|    0|   54|         22|
    |zext_ln635_4_reg_62684                    |   32|    0|   54|         22|
    |zext_ln635_50_reg_74170                   |   32|    0|   54|         22|
    |zext_ln635_51_reg_73553                   |   32|    0|   54|         22|
    |zext_ln635_52_reg_73600                   |   32|    0|   54|         22|
    |zext_ln635_53_reg_74295                   |   32|    0|   54|         22|
    |zext_ln635_54_reg_75035                   |   32|    0|   54|         22|
    |zext_ln635_55_reg_75082                   |   32|    0|   54|         22|
    |zext_ln635_56_reg_74466                   |   32|    0|   54|         22|
    |zext_ln635_57_reg_74513                   |   32|    0|   54|         22|
    |zext_ln635_58_reg_75207                   |   32|    0|   54|         22|
    |zext_ln635_59_reg_75880                   |   32|    0|   54|         22|
    |zext_ln635_5_reg_62731                    |   32|    0|   54|         22|
    |zext_ln635_60_reg_76479                   |   32|    0|   54|         22|
    |zext_ln635_61_reg_75988                   |   32|    0|   54|         22|
    |zext_ln635_62_reg_76035                   |   32|    0|   54|         22|
    |zext_ln635_63_reg_76604                   |   32|    0|   54|         22|
    |zext_ln635_64_reg_77068                   |   32|    0|   54|         22|
    |zext_ln635_65_reg_77115                   |   32|    0|   54|         22|
    |zext_ln635_6_reg_62778                    |   32|    0|   54|         22|
    |zext_ln635_7_reg_62825                    |   32|    0|   54|         22|
    |zext_ln635_8_reg_63640                    |   32|    0|   54|         22|
    |zext_ln635_9_reg_63687                    |   32|    0|   54|         22|
    |zext_ln635_reg_60761                      |   32|    0|   54|         22|
    |FIR_COEFFS_load_10_reg_61618              |   64|   32|   32|          0|
    |FIR_COEFFS_load_11_reg_61624              |   64|   32|   32|          0|
    |FIR_COEFFS_load_12_reg_61822              |   64|   32|   32|          0|
    |FIR_COEFFS_load_13_reg_61828              |   64|   32|   32|          0|
    |FIR_COEFFS_load_14_reg_61834              |   64|   32|   32|          0|
    |FIR_COEFFS_load_15_reg_61840              |   64|   32|   32|          0|
    |FIR_COEFFS_load_16_reg_61846              |   64|   32|   32|          0|
    |FIR_COEFFS_load_17_reg_62432              |   64|   32|   32|          0|
    |FIR_COEFFS_load_18_reg_62438              |   64|   32|   32|          0|
    |FIR_COEFFS_load_19_reg_63271              |   64|   32|   32|          0|
    |FIR_COEFFS_load_1_reg_61539               |   64|   32|   32|          0|
    |FIR_COEFFS_load_20_reg_63277              |   64|   32|   32|          0|
    |FIR_COEFFS_load_21_reg_63283              |   64|   32|   32|          0|
    |FIR_COEFFS_load_22_reg_64196              |   64|   32|   32|          0|
    |FIR_COEFFS_load_23_reg_64202              |   64|   32|   32|          0|
    |FIR_COEFFS_load_24_reg_64208              |   64|   32|   32|          0|
    |FIR_COEFFS_load_25_reg_64214              |   64|   32|   32|          0|
    |FIR_COEFFS_load_26_reg_64220              |   64|   32|   32|          0|
    |FIR_COEFFS_load_27_reg_64999              |   64|   32|   32|          0|
    |FIR_COEFFS_load_28_reg_65005              |   64|   32|   32|          0|
    |FIR_COEFFS_load_29_reg_65803              |   64|   32|   32|          0|
    |FIR_COEFFS_load_2_reg_61545               |   64|   32|   32|          0|
    |FIR_COEFFS_load_30_reg_65011              |   64|   32|   32|          0|
    |FIR_COEFFS_load_31_reg_65017              |   64|   32|   32|          0|
    |FIR_COEFFS_load_32_reg_65809              |   64|   32|   32|          0|
    |FIR_COEFFS_load_33_reg_66686              |   64|   32|   32|          0|
    |FIR_COEFFS_load_34_reg_66692              |   64|   32|   32|          0|
    |FIR_COEFFS_load_35_reg_66698              |   64|   32|   32|          0|
    |FIR_COEFFS_load_36_reg_66704              |   64|   32|   32|          0|
    |FIR_COEFFS_load_37_reg_67569              |   64|   32|   32|          0|
    |FIR_COEFFS_load_38_reg_67575              |   64|   32|   32|          0|
    |FIR_COEFFS_load_39_reg_68418              |   64|   32|   32|          0|
    |FIR_COEFFS_load_3_reg_61551               |   64|   32|   32|          0|
    |FIR_COEFFS_load_40_reg_67581              |   64|   32|   32|          0|
    |FIR_COEFFS_load_41_reg_67587              |   64|   32|   32|          0|
    |FIR_COEFFS_load_42_reg_68424              |   64|   32|   32|          0|
    |FIR_COEFFS_load_43_reg_69382              |   64|   32|   32|          0|
    |FIR_COEFFS_load_44_reg_69388              |   64|   32|   32|          0|
    |FIR_COEFFS_load_45_reg_68430              |   64|   32|   32|          0|
    |FIR_COEFFS_load_46_reg_68436              |   64|   32|   32|          0|
    |FIR_COEFFS_load_47_reg_69394              |   64|   32|   32|          0|
    |FIR_COEFFS_load_48_reg_70320              |   64|   32|   32|          0|
    |FIR_COEFFS_load_49_reg_71193              |   64|   32|   32|          0|
    |FIR_COEFFS_load_4_reg_61557               |   64|   32|   32|          0|
    |FIR_COEFFS_load_50_reg_70326              |   64|   32|   32|          0|
    |FIR_COEFFS_load_51_reg_70332              |   64|   32|   32|          0|
    |FIR_COEFFS_load_52_reg_71199              |   64|   32|   32|          0|
    |FIR_COEFFS_load_53_reg_72088              |   64|   32|   32|          0|
    |FIR_COEFFS_load_54_reg_72094              |   64|   32|   32|          0|
    |FIR_COEFFS_load_55_reg_71205              |   64|   32|   32|          0|
    |FIR_COEFFS_load_56_reg_71211              |   64|   32|   32|          0|
    |FIR_COEFFS_load_57_reg_72100              |   64|   32|   32|          0|
    |FIR_COEFFS_load_58_reg_73002              |   64|   32|   32|          0|
    |FIR_COEFFS_load_59_reg_73872              |   64|   32|   32|          0|
    |FIR_COEFFS_load_5_reg_61563               |   64|   32|   32|          0|
    |FIR_COEFFS_load_60_reg_73008              |   64|   32|   32|          0|
    |FIR_COEFFS_load_61_reg_73014              |   64|   32|   32|          0|
    |FIR_COEFFS_load_62_reg_73878              |   64|   32|   32|          0|
    |FIR_COEFFS_load_63_reg_74663              |   64|   32|   32|          0|
    |FIR_COEFFS_load_64_reg_74669              |   64|   32|   32|          0|
    |FIR_COEFFS_load_6_reg_61569               |   64|   32|   32|          0|
    |FIR_COEFFS_load_7_reg_61600               |   64|   32|   32|          0|
    |FIR_COEFFS_load_8_reg_61606               |   64|   32|   32|          0|
    |FIR_COEFFS_load_9_reg_61612               |   64|   32|   32|          0|
    |FIR_COEFFS_load_reg_61533                 |   64|   32|   32|          0|
    |add_ln273_reg_61411                       |   64|   32|    9|          0|
    |add_ln618_10_reg_63063                    |   64|   32|   12|          0|
    |add_ln618_11_reg_63124                    |   64|   32|   12|          0|
    |add_ln618_12_reg_63883                    |   64|   32|   12|          0|
    |add_ln618_13_reg_63944                    |   64|   32|   12|          0|
    |add_ln618_14_reg_64005                    |   64|   32|   12|          0|
    |add_ln618_15_reg_64066                    |   64|   32|   12|          0|
    |add_ln618_16_reg_64127                    |   64|   32|   12|          0|
    |add_ln618_17_reg_64843                    |   64|   32|   12|          0|
    |add_ln618_18_reg_64904                    |   64|   32|   12|          0|
    |add_ln618_19_reg_65534                    |   64|   32|   12|          0|
    |add_ln618_1_reg_61980                     |   64|   32|   12|          0|
    |add_ln618_20_reg_65595                    |   64|   32|   12|          0|
    |add_ln618_21_reg_65656                    |   64|   32|   12|          0|
    |add_ln618_22_reg_66319                    |   64|   32|   12|          0|
    |add_ln618_23_reg_66380                    |   64|   32|   12|          0|
    |add_ln618_24_reg_66443                    |   64|   32|   12|          0|
    |add_ln618_25_reg_66504                    |   64|   32|   12|          0|
    |add_ln618_26_reg_66565                    |   64|   32|   12|          0|
    |add_ln618_27_reg_67317                    |   64|   32|   12|          0|
    |add_ln618_28_reg_67378                    |   64|   32|   12|          0|
    |add_ln618_29_reg_68142                    |   64|   32|   12|          0|
    |add_ln618_2_reg_62041                     |   64|   32|   12|          0|
    |add_ln618_30_reg_67465                    |   64|   32|   12|          0|
    |add_ln618_31_reg_67526                    |   64|   32|   12|          0|
    |add_ln618_32_reg_68297                    |   64|   32|   12|          0|
    |add_ln618_33_reg_69078                    |   64|   32|   12|          0|
    |add_ln618_34_reg_69139                    |   64|   32|   12|          0|
    |add_ln618_35_reg_69200                    |   64|   32|   12|          0|
    |add_ln618_36_reg_69261                    |   64|   32|   12|          0|
    |add_ln618_37_reg_70016                    |   64|   32|   12|          0|
    |add_ln618_38_reg_70077                    |   64|   32|   12|          0|
    |add_ln618_39_reg_70821                    |   64|   32|   12|          0|
    |add_ln618_3_reg_62102                     |   64|   32|   12|          0|
    |add_ln618_40_reg_70164                    |   64|   32|   12|          0|
    |add_ln618_41_reg_70225                    |   64|   32|   12|          0|
    |add_ln618_42_reg_70976                    |   64|   32|   12|          0|
    |add_ln618_43_reg_71777                    |   64|   32|   12|          0|
    |add_ln618_44_reg_71838                    |   64|   32|   12|          0|
    |add_ln618_45_reg_71089                    |   64|   32|   12|          0|
    |add_ln618_46_reg_71150                    |   64|   32|   12|          0|
    |add_ln618_47_reg_71993                    |   64|   32|   12|          0|
    |add_ln618_48_reg_72759                    |   64|   32|   12|          0|
    |add_ln618_49_reg_73500                    |   64|   32|   12|          0|
    |add_ln618_4_reg_62163                     |   64|   32|   12|          0|
    |add_ln618_50_reg_72846                    |   64|   32|   12|          0|
    |add_ln618_51_reg_72907                    |   64|   32|   12|          0|
    |add_ln618_52_reg_73655                    |   64|   32|   12|          0|
    |add_ln618_53_reg_74350                    |   64|   32|   12|          0|
    |add_ln618_54_reg_74411                    |   64|   32|   12|          0|
    |add_ln618_55_reg_73768                    |   64|   32|   12|          0|
    |add_ln618_56_reg_73829                    |   64|   32|   12|          0|
    |add_ln618_57_reg_74568                    |   64|   32|   12|          0|
    |add_ln618_58_reg_75262                    |   64|   32|   12|          0|
    |add_ln618_59_reg_75935                    |   64|   32|   12|          0|
    |add_ln618_5_reg_62224                     |   64|   32|   12|          0|
    |add_ln618_60_reg_75349                    |   64|   32|   12|          0|
    |add_ln618_61_reg_75410                    |   64|   32|   12|          0|
    |add_ln618_62_reg_76090                    |   64|   32|   12|          0|
    |add_ln618_63_reg_76659                    |   64|   32|   12|          0|
    |add_ln618_64_reg_76720                    |   64|   32|   12|          0|
    |add_ln618_6_reg_62285                     |   64|   32|   12|          0|
    |add_ln618_7_reg_62880                     |   64|   32|   12|          0|
    |add_ln618_8_reg_62941                     |   64|   32|   12|          0|
    |add_ln618_9_reg_63002                     |   64|   32|   12|          0|
    |add_ln618_reg_61915                       |   64|   32|   12|          0|
    |icmp_ln1497_reg_78098                     |   64|   32|    1|          0|
    |icmp_ln224_reg_60620                      |   64|   32|    1|          0|
    |icmp_ln233_reg_61407                      |   64|   32|    1|          0|
    |icmp_ln571_10_reg_62373                   |   64|   32|    1|          0|
    |icmp_ln571_11_reg_62399                   |   64|   32|    1|          0|
    |icmp_ln571_12_reg_62425                   |   64|   32|    1|          0|
    |icmp_ln571_13_reg_63160                   |   64|   32|    1|          0|
    |icmp_ln571_14_reg_63186                   |   64|   32|    1|          0|
    |icmp_ln571_15_reg_63212                   |   64|   32|    1|          0|
    |icmp_ln571_16_reg_63238                   |   64|   32|    1|          0|
    |icmp_ln571_17_reg_63264                   |   64|   32|    1|          0|
    |icmp_ln571_18_reg_64163                   |   64|   32|    1|          0|
    |icmp_ln571_19_reg_64189                   |   64|   32|    1|          0|
    |icmp_ln571_1_reg_61659                    |   64|   32|    1|          0|
    |icmp_ln571_20_reg_64940                   |   64|   32|    1|          0|
    |icmp_ln571_21_reg_64966                   |   64|   32|    1|          0|
    |icmp_ln571_22_reg_64992                   |   64|   32|    1|          0|
    |icmp_ln571_23_reg_65692                   |   64|   32|    1|          0|
    |icmp_ln571_24_reg_65718                   |   64|   32|    1|          0|
    |icmp_ln571_25_reg_65744                   |   64|   32|    1|          0|
    |icmp_ln571_26_reg_65770                   |   64|   32|    1|          0|
    |icmp_ln571_27_reg_65796                   |   64|   32|    1|          0|
    |icmp_ln571_28_reg_66601                   |   64|   32|    1|          0|
    |icmp_ln571_29_reg_66627                   |   64|   32|    1|          0|
    |icmp_ln571_2_reg_61685                    |   64|   32|    1|          0|
    |icmp_ln571_30_reg_67414                   |   64|   32|    1|          0|
    |icmp_ln571_31_reg_66653                   |   64|   32|    1|          0|
    |icmp_ln571_32_reg_66679                   |   64|   32|    1|          0|
    |icmp_ln571_33_reg_67562                   |   64|   32|    1|          0|
    |icmp_ln571_34_reg_68333                   |   64|   32|    1|          0|
    |icmp_ln571_35_reg_68359                   |   64|   32|    1|          0|
    |icmp_ln571_36_reg_68385                   |   64|   32|    1|          0|
    |icmp_ln571_37_reg_68411                   |   64|   32|    1|          0|
    |icmp_ln571_38_reg_69297                   |   64|   32|    1|          0|
    |icmp_ln571_39_reg_69323                   |   64|   32|    1|          0|
    |icmp_ln571_3_reg_61711                    |   64|   32|    1|          0|
    |icmp_ln571_40_reg_70113                   |   64|   32|    1|          0|
    |icmp_ln571_41_reg_69349                   |   64|   32|    1|          0|
    |icmp_ln571_42_reg_69375                   |   64|   32|    1|          0|
    |icmp_ln571_43_reg_70261                   |   64|   32|    1|          0|
    |icmp_ln571_44_reg_71012                   |   64|   32|    1|          0|
    |icmp_ln571_45_reg_71038                   |   64|   32|    1|          0|
    |icmp_ln571_46_reg_70287                   |   64|   32|    1|          0|
    |icmp_ln571_47_reg_70313                   |   64|   32|    1|          0|
    |icmp_ln571_48_reg_71186                   |   64|   32|    1|          0|
    |icmp_ln571_49_reg_72029                   |   64|   32|    1|          0|
    |icmp_ln571_4_reg_61737                    |   64|   32|    1|          0|
    |icmp_ln571_50_reg_72795                   |   64|   32|    1|          0|
    |icmp_ln571_51_reg_72055                   |   64|   32|    1|          0|
    |icmp_ln571_52_reg_72081                   |   64|   32|    1|          0|
    |icmp_ln571_53_reg_72943                   |   64|   32|    1|          0|
    |icmp_ln571_54_reg_73691                   |   64|   32|    1|          0|
    |icmp_ln571_55_reg_73717                   |   64|   32|    1|          0|
    |icmp_ln571_56_reg_72969                   |   64|   32|    1|          0|
    |icmp_ln571_57_reg_72995                   |   64|   32|    1|          0|
    |icmp_ln571_58_reg_73865                   |   64|   32|    1|          0|
    |icmp_ln571_59_reg_74604                   |   64|   32|    1|          0|
    |icmp_ln571_5_reg_61763                    |   64|   32|    1|          0|
    |icmp_ln571_60_reg_75298                   |   64|   32|    1|          0|
    |icmp_ln571_61_reg_74630                   |   64|   32|    1|          0|
    |icmp_ln571_62_reg_74656                   |   64|   32|    1|          0|
    |icmp_ln571_63_reg_75446                   |   64|   32|    1|          0|
    |icmp_ln571_64_reg_76126                   |   64|   32|    1|          0|
    |icmp_ln571_65_reg_76152                   |   64|   32|    1|          0|
    |icmp_ln571_6_reg_61789                    |   64|   32|    1|          0|
    |icmp_ln571_7_reg_61815                    |   64|   32|    1|          0|
    |icmp_ln571_8_reg_62321                    |   64|   32|    1|          0|
    |icmp_ln571_9_reg_62347                    |   64|   32|    1|          0|
    |icmp_ln611_10_reg_63720                   |   64|   32|    1|          0|
    |icmp_ln611_11_reg_63767                   |   64|   32|    1|          0|
    |icmp_ln611_12_reg_63814                   |   64|   32|    1|          0|
    |icmp_ln611_13_reg_64586                   |   64|   32|    1|          0|
    |icmp_ln611_14_reg_64633                   |   64|   32|    1|          0|
    |icmp_ln611_15_reg_64680                   |   64|   32|    1|          0|
    |icmp_ln611_16_reg_64727                   |   64|   32|    1|          0|
    |icmp_ln611_17_reg_64774                   |   64|   32|    1|          0|
    |icmp_ln611_18_reg_65418                   |   64|   32|    1|          0|
    |icmp_ln611_19_reg_65465                   |   64|   32|    1|          0|
    |icmp_ln611_20_reg_66156                   |   64|   32|    1|          0|
    |icmp_ln611_21_reg_66203                   |   64|   32|    1|          0|
    |icmp_ln611_22_reg_66250                   |   64|   32|    1|          0|
    |icmp_ln611_23_reg_67060                   |   64|   32|    1|          0|
    |icmp_ln611_24_reg_67107                   |   64|   32|    1|          0|
    |icmp_ln611_25_reg_67154                   |   64|   32|    1|          0|
    |icmp_ln611_26_reg_67201                   |   64|   32|    1|          0|
    |icmp_ln611_27_reg_67248                   |   64|   32|    1|          0|
    |icmp_ln611_28_reg_68026                   |   64|   32|    1|          0|
    |icmp_ln611_29_reg_68073                   |   64|   32|    1|          0|
    |icmp_ln611_30_reg_68884                   |   64|   32|    1|          0|
    |icmp_ln611_31_reg_68181                   |   64|   32|    1|          0|
    |icmp_ln611_32_reg_68228                   |   64|   32|    1|          0|
    |icmp_ln611_33_reg_69009                   |   64|   32|    1|          0|
    |icmp_ln611_34_reg_69806                   |   64|   32|    1|          0|
    |icmp_ln611_35_reg_69853                   |   64|   32|    1|          0|
    |icmp_ln611_36_reg_69900                   |   64|   32|    1|          0|
    |icmp_ln611_37_reg_69947                   |   64|   32|    1|          0|
    |icmp_ln611_38_reg_70705                   |   64|   32|    1|          0|
    |icmp_ln611_39_reg_70752                   |   64|   32|    1|          0|
    |icmp_ln611_3_reg_62623                    |   64|   32|    1|          0|
    |icmp_ln611_40_reg_71583                   |   64|   32|    1|          0|
    |icmp_ln611_41_reg_70860                   |   64|   32|    1|          0|
    |icmp_ln611_42_reg_70907                   |   64|   32|    1|          0|
    |icmp_ln611_43_reg_71708                   |   64|   32|    1|          0|
    |icmp_ln611_44_reg_72518                   |   64|   32|    1|          0|
    |icmp_ln611_45_reg_72565                   |   64|   32|    1|          0|
    |icmp_ln611_46_reg_71877                   |   64|   32|    1|          0|
    |icmp_ln611_47_reg_71924                   |   64|   32|    1|          0|
    |icmp_ln611_48_reg_72690                   |   64|   32|    1|          0|
    |icmp_ln611_49_reg_73431                   |   64|   32|    1|          0|
    |icmp_ln611_4_reg_62670                    |   64|   32|    1|          0|
    |icmp_ln611_50_reg_74156                   |   64|   32|    1|          0|
    |icmp_ln611_51_reg_73539                   |   64|   32|    1|          0|
    |icmp_ln611_52_reg_73586                   |   64|   32|    1|          0|
    |icmp_ln611_53_reg_74281                   |   64|   32|    1|          0|
    |icmp_ln611_54_reg_75021                   |   64|   32|    1|          0|
    |icmp_ln611_55_reg_75068                   |   64|   32|    1|          0|
    |icmp_ln611_56_reg_74452                   |   64|   32|    1|          0|
    |icmp_ln611_57_reg_74499                   |   64|   32|    1|          0|
    |icmp_ln611_58_reg_75193                   |   64|   32|    1|          0|
    |icmp_ln611_59_reg_75866                   |   64|   32|    1|          0|
    |icmp_ln611_5_reg_62717                    |   64|   32|    1|          0|
    |icmp_ln611_60_reg_76465                   |   64|   32|    1|          0|
    |icmp_ln611_61_reg_75974                   |   64|   32|    1|          0|
    |icmp_ln611_62_reg_76021                   |   64|   32|    1|          0|
    |icmp_ln611_63_reg_76590                   |   64|   32|    1|          0|
    |icmp_ln611_64_reg_77054                   |   64|   32|    1|          0|
    |icmp_ln611_65_reg_77101                   |   64|   32|    1|          0|
    |icmp_ln611_6_reg_62764                    |   64|   32|    1|          0|
    |icmp_ln611_7_reg_62811                    |   64|   32|    1|          0|
    |icmp_ln611_8_reg_63626                    |   64|   32|    1|          0|
    |icmp_ln611_9_reg_63673                    |   64|   32|    1|          0|
    |k_1_reg_1925                              |   64|   32|    7|          0|
    |ret_V_reg_78113                           |   64|   32|   72|          0|
    |select_ln340_136_reg_78065                |   64|   32|   40|          0|
    |tmp_103_reg_61692                         |   64|   32|    1|          0|
    |tmp_114_reg_61718                         |   64|   32|    1|          0|
    |tmp_125_reg_61744                         |   64|   32|    1|          0|
    |tmp_136_reg_61770                         |   64|   32|    1|          0|
    |tmp_147_reg_61796                         |   64|   32|    1|          0|
    |tmp_158_reg_62302                         |   64|   32|    1|          0|
    |tmp_169_reg_62328                         |   64|   32|    1|          0|
    |tmp_180_reg_62354                         |   64|   32|    1|          0|
    |tmp_191_reg_62380                         |   64|   32|    1|          0|
    |tmp_202_reg_62406                         |   64|   32|    1|          0|
    |tmp_213_reg_63141                         |   64|   32|    1|          0|
    |tmp_224_reg_63167                         |   64|   32|    1|          0|
    |tmp_235_reg_63193                         |   64|   32|    1|          0|
    |tmp_246_reg_63219                         |   64|   32|    1|          0|
    |tmp_257_reg_63245                         |   64|   32|    1|          0|
    |tmp_268_reg_64144                         |   64|   32|    1|          0|
    |tmp_279_reg_64170                         |   64|   32|    1|          0|
    |tmp_290_reg_64921                         |   64|   32|    1|          0|
    |tmp_301_reg_64947                         |   64|   32|    1|          0|
    |tmp_312_reg_64973                         |   64|   32|    1|          0|
    |tmp_323_reg_65673                         |   64|   32|    1|          0|
    |tmp_334_reg_65699                         |   64|   32|    1|          0|
    |tmp_345_reg_65725                         |   64|   32|    1|          0|
    |tmp_356_reg_65751                         |   64|   32|    1|          0|
    |tmp_367_reg_65777                         |   64|   32|    1|          0|
    |tmp_378_reg_66582                         |   64|   32|    1|          0|
    |tmp_389_reg_66608                         |   64|   32|    1|          0|
    |tmp_400_reg_67395                         |   64|   32|    1|          0|
    |tmp_411_reg_66634                         |   64|   32|    1|          0|
    |tmp_422_reg_66660                         |   64|   32|    1|          0|
    |tmp_433_reg_67543                         |   64|   32|    1|          0|
    |tmp_444_reg_68314                         |   64|   32|    1|          0|
    |tmp_455_reg_68340                         |   64|   32|    1|          0|
    |tmp_466_reg_68366                         |   64|   32|    1|          0|
    |tmp_477_reg_68392                         |   64|   32|    1|          0|
    |tmp_488_reg_69278                         |   64|   32|    1|          0|
    |tmp_499_reg_69304                         |   64|   32|    1|          0|
    |tmp_510_reg_70094                         |   64|   32|    1|          0|
    |tmp_521_reg_69330                         |   64|   32|    1|          0|
    |tmp_532_reg_69356                         |   64|   32|    1|          0|
    |tmp_543_reg_70242                         |   64|   32|    1|          0|
    |tmp_554_reg_70993                         |   64|   32|    1|          0|
    |tmp_565_reg_71019                         |   64|   32|    1|          0|
    |tmp_576_reg_70268                         |   64|   32|    1|          0|
    |tmp_587_reg_70294                         |   64|   32|    1|          0|
    |tmp_598_reg_71167                         |   64|   32|    1|          0|
    |tmp_609_reg_72010                         |   64|   32|    1|          0|
    |tmp_620_reg_72776                         |   64|   32|    1|          0|
    |tmp_631_reg_72036                         |   64|   32|    1|          0|
    |tmp_642_reg_72062                         |   64|   32|    1|          0|
    |tmp_653_reg_72924                         |   64|   32|    1|          0|
    |tmp_664_reg_73672                         |   64|   32|    1|          0|
    |tmp_675_reg_73698                         |   64|   32|    1|          0|
    |tmp_686_reg_72950                         |   64|   32|    1|          0|
    |tmp_697_reg_72976                         |   64|   32|    1|          0|
    |tmp_708_reg_73846                         |   64|   32|    1|          0|
    |tmp_719_reg_74585                         |   64|   32|    1|          0|
    |tmp_730_reg_75279                         |   64|   32|    1|          0|
    |tmp_741_reg_74611                         |   64|   32|    1|          0|
    |tmp_752_reg_74637                         |   64|   32|    1|          0|
    |tmp_763_reg_75427                         |   64|   32|    1|          0|
    |tmp_774_reg_76107                         |   64|   32|    1|          0|
    |tmp_785_reg_76133                         |   64|   32|    1|          0|
    |tmp_805_reg_78088                         |   64|   32|    1|          0|
    |tmp_806_reg_78083                         |   64|   32|    1|          0|
    |tmp_81_reg_61640                          |   64|   32|    1|          0|
    |tmp_92_reg_61666                          |   64|   32|    1|          0|
    |trunc_ln583_10_reg_62991                  |   64|   32|   18|          0|
    |trunc_ln583_11_reg_63052                  |   64|   32|   18|          0|
    |trunc_ln583_12_reg_63113                  |   64|   32|   18|          0|
    |trunc_ln583_13_reg_63872                  |   64|   32|   18|          0|
    |trunc_ln583_14_reg_63933                  |   64|   32|   18|          0|
    |trunc_ln583_15_reg_63994                  |   64|   32|   18|          0|
    |trunc_ln583_16_reg_64055                  |   64|   32|   18|          0|
    |trunc_ln583_17_reg_64116                  |   64|   32|   18|          0|
    |trunc_ln583_18_reg_64832                  |   64|   32|   18|          0|
    |trunc_ln583_19_reg_64893                  |   64|   32|   18|          0|
    |trunc_ln583_20_reg_65523                  |   64|   32|   18|          0|
    |trunc_ln583_21_reg_65584                  |   64|   32|   18|          0|
    |trunc_ln583_22_reg_65645                  |   64|   32|   18|          0|
    |trunc_ln583_23_reg_66308                  |   64|   32|   18|          0|
    |trunc_ln583_24_reg_66369                  |   64|   32|   18|          0|
    |trunc_ln583_25_reg_66432                  |   64|   32|   18|          0|
    |trunc_ln583_26_reg_66493                  |   64|   32|   18|          0|
    |trunc_ln583_27_reg_66554                  |   64|   32|   18|          0|
    |trunc_ln583_28_reg_67306                  |   64|   32|   18|          0|
    |trunc_ln583_29_reg_67367                  |   64|   32|   18|          0|
    |trunc_ln583_30_reg_68131                  |   64|   32|   18|          0|
    |trunc_ln583_31_reg_67454                  |   64|   32|   18|          0|
    |trunc_ln583_32_reg_67515                  |   64|   32|   18|          0|
    |trunc_ln583_33_reg_68286                  |   64|   32|   18|          0|
    |trunc_ln583_34_reg_69067                  |   64|   32|   18|          0|
    |trunc_ln583_35_reg_69128                  |   64|   32|   18|          0|
    |trunc_ln583_36_reg_69189                  |   64|   32|   18|          0|
    |trunc_ln583_37_reg_69250                  |   64|   32|   18|          0|
    |trunc_ln583_38_reg_70005                  |   64|   32|   18|          0|
    |trunc_ln583_39_reg_70066                  |   64|   32|   18|          0|
    |trunc_ln583_3_reg_62030                   |   64|   32|   18|          0|
    |trunc_ln583_40_reg_70810                  |   64|   32|   18|          0|
    |trunc_ln583_41_reg_70153                  |   64|   32|   18|          0|
    |trunc_ln583_42_reg_70214                  |   64|   32|   18|          0|
    |trunc_ln583_43_reg_70965                  |   64|   32|   18|          0|
    |trunc_ln583_44_reg_71766                  |   64|   32|   18|          0|
    |trunc_ln583_45_reg_71827                  |   64|   32|   18|          0|
    |trunc_ln583_46_reg_71078                  |   64|   32|   18|          0|
    |trunc_ln583_47_reg_71139                  |   64|   32|   18|          0|
    |trunc_ln583_48_reg_71982                  |   64|   32|   18|          0|
    |trunc_ln583_49_reg_72748                  |   64|   32|   18|          0|
    |trunc_ln583_4_reg_62091                   |   64|   32|   18|          0|
    |trunc_ln583_50_reg_73489                  |   64|   32|   18|          0|
    |trunc_ln583_51_reg_72835                  |   64|   32|   18|          0|
    |trunc_ln583_52_reg_72896                  |   64|   32|   18|          0|
    |trunc_ln583_53_reg_73644                  |   64|   32|   18|          0|
    |trunc_ln583_54_reg_74339                  |   64|   32|   18|          0|
    |trunc_ln583_55_reg_74400                  |   64|   32|   18|          0|
    |trunc_ln583_56_reg_73757                  |   64|   32|   18|          0|
    |trunc_ln583_57_reg_73818                  |   64|   32|   18|          0|
    |trunc_ln583_58_reg_74557                  |   64|   32|   18|          0|
    |trunc_ln583_59_reg_75251                  |   64|   32|   18|          0|
    |trunc_ln583_5_reg_62152                   |   64|   32|   18|          0|
    |trunc_ln583_60_reg_75924                  |   64|   32|   18|          0|
    |trunc_ln583_61_reg_75338                  |   64|   32|   18|          0|
    |trunc_ln583_62_reg_75399                  |   64|   32|   18|          0|
    |trunc_ln583_63_reg_76079                  |   64|   32|   18|          0|
    |trunc_ln583_64_reg_76648                  |   64|   32|   18|          0|
    |trunc_ln583_65_reg_76709                  |   64|   32|   18|          0|
    |trunc_ln583_6_reg_62213                   |   64|   32|   18|          0|
    |trunc_ln583_7_reg_62274                   |   64|   32|   18|          0|
    |trunc_ln583_8_reg_62869                   |   64|   32|   18|          0|
    |trunc_ln583_9_reg_62930                   |   64|   32|   18|          0|
    +------------------------------------------+-----+-----+-----+-----------+
    |Total                                     |73765|12640|55427|       2622|
    +------------------------------------------+-----+-----+-----+-----------+



================================================================
== Interface
================================================================
* Summary: 
+--------------+-----+-----+------------+---------------+--------------+
|   RTL Ports  | Dir | Bits|  Protocol  | Source Object |    C Type    |
+--------------+-----+-----+------------+---------------+--------------+
|ap_clk        |   in|    1|  ap_ctrl_hs|  fir_multiband|  return value|
|ap_rst        |   in|    1|  ap_ctrl_hs|  fir_multiband|  return value|
|ap_start      |   in|    1|  ap_ctrl_hs|  fir_multiband|  return value|
|ap_done       |  out|    1|  ap_ctrl_hs|  fir_multiband|  return value|
|ap_idle       |  out|    1|  ap_ctrl_hs|  fir_multiband|  return value|
|ap_ready      |  out|    1|  ap_ctrl_hs|  fir_multiband|  return value|
|in_r          |   in|   32|     ap_none|           in_r|       pointer|
|out_r         |  out|   32|      ap_vld|          out_r|       pointer|
|out_r_ap_vld  |  out|    1|      ap_vld|          out_r|       pointer|
|length_r      |   in|   32|     ap_none|       length_r|        scalar|
+--------------+-----+-----+------------+---------------+--------------+

