

================================================================
== Vitis HLS Report for 'fir_multiband'
================================================================
* Date:           Wed Sep 30 17:28:57 2026

* Version:        2020.2 (Build 3064766 on Wed Nov 18 09:12:45 MST 2020)
* Project:        synth_proj
* Solution:       solution1 (Vivado IP Flow Target)
* Product family: zynq
* Target device:  xc7z020-clg400-1


================================================================
== Performance Estimates
================================================================
+ Timing: 
    * Summary: 
    +--------+----------+----------+------------+
    |  Clock |  Target  | Estimated| Uncertainty|
    +--------+----------+----------+------------+
    |ap_clk  |  10.00 ns|  6.965 ns|     2.70 ns|
    +--------+----------+----------+------------+

+ Latency: 
    * Summary: 
    +---------+---------+----------+----------+-----+-----+---------+
    |  Latency (cycles) |  Latency (absolute) |  Interval | Pipeline|
    |   min   |   max   |    min   |    max   | min | max |   Type  |
    +---------+---------+----------+----------+-----+-----+---------+
    |        ?|        ?|         ?|         ?|    ?|    ?|     none|
    +---------+---------+----------+----------+-----+-----+---------+

    + Detail: 
        * Instance: 
        N/A

        * Loop: 
        +----------------------+---------+---------+----------+-----------+-----------+------+----------+
        |                      |  Latency (cycles) | Iteration|  Initiation Interval  | Trip |          |
        |       Loop Name      |   min   |   max   |  Latency |  achieved |   target  | Count| Pipelined|
        +----------------------+---------+---------+----------+-----------+-----------+------+----------+
        |- VITIS_LOOP_263_3    |        ?|        ?|       455|          -|          -|     ?|        no|
        | + VITIS_LOOP_270_4   |      398|      398|        13|          2|          1|   194|       yes|
        | + VITIS_LOOP_281_5   |       17|       17|        10|          4|          1|     3|       yes|
        | + VITIS_LOOP_356_10  |       12|       12|        10|          1|          1|     4|       yes|
        +----------------------+---------+---------+----------+-----------+-----------+------+----------+



================================================================
== Utilization Estimates
================================================================
* Summary: 
+-----------------+---------+-----+--------+-------+-----+
|       Name      | BRAM_18K| DSP |   FF   |  LUT  | URAM|
+-----------------+---------+-----+--------+-------+-----+
|DSP              |        -|    -|       -|      -|    -|
|Expression       |        -|    -|       0|  11163|    -|
|FIFO             |        -|    -|       -|      -|    -|
|Instance         |        -|   65|     529|    720|    -|
|Memory           |       48|    -|     160|     50|    -|
|Multiplexer      |        -|    -|       -|   6788|    -|
|Register         |        -|    -|   16269|    320|    -|
+-----------------+---------+-----+--------+-------+-----+
|Total            |       48|   65|   16958|  19041|    0|
+-----------------+---------+-----+--------+-------+-----+
|Available        |      280|  220|  106400|  53200|    0|
+-----------------+---------+-----+--------+-------+-----+
|Utilization (%)  |       17|   29|      15|     35|    0|
+-----------------+---------+-----+--------+-------+-----+

+ Detail: 
    * Instance: 
    +-------------------------+---------------------+---------+----+-----+-----+-----+
    |         Instance        |        Module       | BRAM_18K| DSP|  FF | LUT | URAM|
    +-------------------------+---------------------+---------+----+-----+-----+-----+
    |mul_15s_16s_31_1_1_U1    |mul_15s_16s_31_1_1   |        0|   1|    0|    6|    0|
    |mul_15s_16s_31_1_1_U2    |mul_15s_16s_31_1_1   |        0|   1|    0|    6|    0|
    |mul_15s_16s_31_1_1_U3    |mul_15s_16s_31_1_1   |        0|   1|    0|    6|    0|
    |mul_15s_16s_31_1_1_U4    |mul_15s_16s_31_1_1   |        0|   1|    0|    6|    0|
    |mul_15s_16s_31_1_1_U6    |mul_15s_16s_31_1_1   |        0|   1|    0|    6|    0|
    |mul_15s_16s_31_1_1_U7    |mul_15s_16s_31_1_1   |        0|   1|    0|    6|    0|
    |mul_15s_16s_31_1_1_U8    |mul_15s_16s_31_1_1   |        0|   1|    0|    6|    0|
    |mul_15s_16s_31_1_1_U9    |mul_15s_16s_31_1_1   |        0|   1|    0|    6|    0|
    |mul_15s_16s_31_1_1_U10   |mul_15s_16s_31_1_1   |        0|   1|    0|    6|    0|
    |mul_15s_16s_31_1_1_U11   |mul_15s_16s_31_1_1   |        0|   1|    0|    6|    0|
    |mul_15s_16s_31_1_1_U12   |mul_15s_16s_31_1_1   |        0|   1|    0|    6|    0|
    |mul_15s_16s_31_1_1_U13   |mul_15s_16s_31_1_1   |        0|   1|    0|    6|    0|
    |mul_15s_16s_31_1_1_U14   |mul_15s_16s_31_1_1   |        0|   1|    0|    6|    0|
    |mul_15s_16s_31_1_1_U15   |mul_15s_16s_31_1_1   |        0|   1|    0|    6|    0|
    |mul_15s_16s_31_1_1_U16   |mul_15s_16s_31_1_1   |        0|   1|    0|    6|    0|
    |mul_15s_16s_31_1_1_U17   |mul_15s_16s_31_1_1   |        0|   1|    0|    6|    0|
    |mul_15s_16s_31_1_1_U18   |mul_15s_16s_31_1_1   |        0|   1|    0|    6|    0|
    |mul_15s_16s_31_1_1_U19   |mul_15s_16s_31_1_1   |        0|   1|    0|    6|    0|
    |mul_15s_16s_31_1_1_U20   |mul_15s_16s_31_1_1   |        0|   1|    0|    6|    0|
    |mul_15s_16s_31_1_1_U21   |mul_15s_16s_31_1_1   |        0|   1|    0|    6|    0|
    |mul_15s_16s_31_1_1_U22   |mul_15s_16s_31_1_1   |        0|   1|    0|    6|    0|
    |mul_15s_16s_31_1_1_U23   |mul_15s_16s_31_1_1   |        0|   1|    0|    6|    0|
    |mul_15s_16s_31_1_1_U24   |mul_15s_16s_31_1_1   |        0|   1|    0|    6|    0|
    |mul_15s_16s_31_1_1_U25   |mul_15s_16s_31_1_1   |        0|   1|    0|    6|    0|
    |mul_15s_16s_31_1_1_U26   |mul_15s_16s_31_1_1   |        0|   1|    0|    6|    0|
    |mul_15s_16s_31_1_1_U27   |mul_15s_16s_31_1_1   |        0|   1|    0|    6|    0|
    |mul_15s_16s_31_1_1_U28   |mul_15s_16s_31_1_1   |        0|   1|    0|    6|    0|
    |mul_15s_16s_31_1_1_U29   |mul_15s_16s_31_1_1   |        0|   1|    0|    6|    0|
    |mul_15s_16s_31_1_1_U30   |mul_15s_16s_31_1_1   |        0|   1|    0|    6|    0|
    |mul_15s_16s_31_1_1_U31   |mul_15s_16s_31_1_1   |        0|   1|    0|    6|    0|
    |mul_15s_16s_31_1_1_U32   |mul_15s_16s_31_1_1   |        0|   1|    0|    6|    0|
    |mul_15s_16s_31_1_1_U33   |mul_15s_16s_31_1_1   |        0|   1|    0|    6|    0|
    |mul_15s_16s_31_1_1_U34   |mul_15s_16s_31_1_1   |        0|   1|    0|    6|    0|
    |mul_15s_16s_31_1_1_U35   |mul_15s_16s_31_1_1   |        0|   1|    0|    6|    0|
    |mul_15s_16s_31_1_1_U36   |mul_15s_16s_31_1_1   |        0|   1|    0|    6|    0|
    |mul_15s_16s_31_1_1_U37   |mul_15s_16s_31_1_1   |        0|   1|    0|    6|    0|
    |mul_15s_16s_31_1_1_U38   |mul_15s_16s_31_1_1   |        0|   1|    0|    6|    0|
    |mul_15s_16s_31_1_1_U39   |mul_15s_16s_31_1_1   |        0|   1|    0|    6|    0|
    |mul_15s_16s_31_1_1_U40   |mul_15s_16s_31_1_1   |        0|   1|    0|    6|    0|
    |mul_15s_16s_31_1_1_U41   |mul_15s_16s_31_1_1   |        0|   1|    0|    6|    0|
    |mul_15s_16s_31_1_1_U42   |mul_15s_16s_31_1_1   |        0|   1|    0|    6|    0|
    |mul_15s_16s_31_1_1_U43   |mul_15s_16s_31_1_1   |        0|   1|    0|    6|    0|
    |mul_15s_16s_31_1_1_U44   |mul_15s_16s_31_1_1   |        0|   1|    0|    6|    0|
    |mul_15s_16s_31_1_1_U45   |mul_15s_16s_31_1_1   |        0|   1|    0|    6|    0|
    |mul_15s_16s_31_1_1_U46   |mul_15s_16s_31_1_1   |        0|   1|    0|    6|    0|
    |mul_15s_16s_31_1_1_U47   |mul_15s_16s_31_1_1   |        0|   1|    0|    6|    0|
    |mul_15s_16s_31_1_1_U48   |mul_15s_16s_31_1_1   |        0|   1|    0|    6|    0|
    |mul_15s_16s_31_1_1_U49   |mul_15s_16s_31_1_1   |        0|   1|    0|    6|    0|
    |mul_15s_16s_31_1_1_U50   |mul_15s_16s_31_1_1   |        0|   1|    0|    6|    0|
    |mul_15s_16s_31_1_1_U51   |mul_15s_16s_31_1_1   |        0|   1|    0|    6|    0|
    |mul_15s_16s_31_1_1_U52   |mul_15s_16s_31_1_1   |        0|   1|    0|    6|    0|
    |mul_15s_16s_31_1_1_U53   |mul_15s_16s_31_1_1   |        0|   1|    0|    6|    0|
    |mul_15s_16s_31_1_1_U54   |mul_15s_16s_31_1_1   |        0|   1|    0|    6|    0|
    |mul_15s_16s_31_1_1_U55   |mul_15s_16s_31_1_1   |        0|   1|    0|    6|    0|
    |mul_15s_16s_31_1_1_U56   |mul_15s_16s_31_1_1   |        0|   1|    0|    6|    0|
    |mul_15s_16s_31_1_1_U57   |mul_15s_16s_31_1_1   |        0|   1|    0|    6|    0|
    |mul_15s_16s_31_1_1_U58   |mul_15s_16s_31_1_1   |        0|   1|    0|    6|    0|
    |mul_15s_16s_31_1_1_U59   |mul_15s_16s_31_1_1   |        0|   1|    0|    6|    0|
    |mul_15s_16s_31_1_1_U60   |mul_15s_16s_31_1_1   |        0|   1|    0|    6|    0|
    |mul_15s_16s_31_1_1_U61   |mul_15s_16s_31_1_1   |        0|   1|    0|    6|    0|
    |mul_15s_16s_31_1_1_U62   |mul_15s_16s_31_1_1   |        0|   1|    0|    6|    0|
    |mul_15s_16s_31_1_1_U63   |mul_15s_16s_31_1_1   |        0|   1|    0|    6|    0|
    |mul_15s_16s_31_1_1_U64   |mul_15s_16s_31_1_1   |        0|   1|    0|    6|    0|
    |mul_25s_24s_49_1_1_U5    |mul_25s_24s_49_1_1   |        0|   1|    0|   47|    0|
    |mul_49s_24s_72_5_1_U65   |mul_49s_24s_72_5_1   |        0|   1|  334|   84|    0|
    |mux_42_24_1_1_U69        |mux_42_24_1_1        |        0|   0|    0|   20|    0|
    |mux_42_24_1_1_U70        |mux_42_24_1_1        |        0|   0|    0|   20|    0|
    |mux_42_40_1_1_U68        |mux_42_40_1_1        |        0|   0|    0|   20|    0|
    |mux_564_16_1_1_U67       |mux_564_16_1_1       |        0|   0|    0|   25|    0|
    |urem_8ns_4ns_8_12_1_U66  |urem_8ns_4ns_8_12_1  |        0|   0|  195|  126|    0|
    +-------------------------+---------------------+---------+----+-----+-----+-----+
    |Total                    |                     |        0|  65|  529|  720|    0|
    +-------------------------+---------------------+---------+----+-----+-----+-----+

    * DSP: 
    N/A

    * Memory: 
    +------------+----------+---------+----+----+-----+------+-----+------+-------------+
    |   Memory   |  Module  | BRAM_18K| FF | LUT| URAM| Words| Bits| Banks| W*Bits*Banks|
    +------------+----------+---------+----+----+-----+------+-----+------+-------------+
    |FIR_LP_V_U  |FIR_LP_V  |       48|   0|   0|    0|   585|   15|     1|         8775|
    |hist_V_4_U  |hist_V_4  |        0|  32|  10|    0|    39|   16|     1|          624|
    |hist_V_0_U  |hist_V_4  |        0|  32|  10|    0|    39|   16|     1|          624|
    |hist_V_1_U  |hist_V_4  |        0|  32|  10|    0|    39|   16|     1|          624|
    |hist_V_2_U  |hist_V_4  |        0|  32|  10|    0|    39|   16|     1|          624|
    |hist_V_3_U  |hist_V_4  |        0|  32|  10|    0|    39|   16|     1|          624|
    +------------+----------+---------+----+----+-----+------+-----+------+-------------+
    |Total       |          |       48| 160|  50|    0|   780|   95|     6|        11895|
    +------------+----------+---------+----+----+-----+------+-----+------+-------------+

    * FIFO: 
    N/A

    * Expression: 
    +----------------------------+----------+----+---+-----+------------+------------+
    |        Variable Name       | Operation| DSP| FF| LUT | Bitwidth P0| Bitwidth P1|
    +----------------------------+----------+----+---+-----+------------+------------+
    |acc_V_1_fu_29104_p2         |         +|   0|  0|   47|          40|          40|
    |add_ln1118_100_fu_24552_p2  |         +|   0|  0|   14|           9|           7|
    |add_ln1118_101_fu_24562_p2  |         +|   0|  0|   14|           9|           7|
    |add_ln1118_102_fu_24572_p2  |         +|   0|  0|   14|           9|           7|
    |add_ln1118_103_fu_24582_p2  |         +|   0|  0|   14|           9|           7|
    |add_ln1118_104_fu_24592_p2  |         +|   0|  0|   14|           9|           7|
    |add_ln1118_105_fu_24602_p2  |         +|   0|  0|   14|           9|           7|
    |add_ln1118_106_fu_24612_p2  |         +|   0|  0|   14|           9|           7|
    |add_ln1118_107_fu_24622_p2  |         +|   0|  0|   14|           9|           7|
    |add_ln1118_108_fu_24632_p2  |         +|   0|  0|   14|           9|           7|
    |add_ln1118_109_fu_24642_p2  |         +|   0|  0|   14|           9|           7|
    |add_ln1118_10_fu_23614_p2   |         +|   0|  0|   14|           9|           4|
    |add_ln1118_110_fu_24652_p2  |         +|   0|  0|   14|           9|           7|
    |add_ln1118_111_fu_24662_p2  |         +|   0|  0|   14|           9|           7|
    |add_ln1118_112_fu_24672_p2  |         +|   0|  0|   14|           9|           7|
    |add_ln1118_113_fu_24682_p2  |         +|   0|  0|   14|           9|           7|
    |add_ln1118_114_fu_24692_p2  |         +|   0|  0|   14|           9|           7|
    |add_ln1118_115_fu_24702_p2  |         +|   0|  0|   14|           9|           7|
    |add_ln1118_116_fu_24712_p2  |         +|   0|  0|   14|           9|           7|
    |add_ln1118_117_fu_24722_p2  |         +|   0|  0|   14|           9|           7|
    |add_ln1118_118_fu_24732_p2  |         +|   0|  0|   14|           9|           7|
    |add_ln1118_119_fu_24742_p2  |         +|   0|  0|   14|           9|           7|
    |add_ln1118_11_fu_23625_p2   |         +|   0|  0|   14|           9|           4|
    |add_ln1118_120_fu_24752_p2  |         +|   0|  0|   14|           9|           7|
    |add_ln1118_121_fu_24762_p2  |         +|   0|  0|   13|          10|           7|
    |add_ln1118_122_fu_24773_p2  |         +|   0|  0|   13|          10|           7|
    |add_ln1118_123_fu_24784_p2  |         +|   0|  0|   13|          10|           7|
    |add_ln1118_124_fu_24795_p2  |         +|   0|  0|   13|          10|           7|
    |add_ln1118_125_fu_24806_p2  |         +|   0|  0|   13|          10|           7|
    |add_ln1118_126_fu_24817_p2  |         +|   0|  0|   13|          10|           7|
    |add_ln1118_127_fu_24828_p2  |         +|   0|  0|   13|          10|           8|
    |add_ln1118_128_fu_24839_p2  |         +|   0|  0|   13|          10|           8|
    |add_ln1118_129_fu_24850_p2  |         +|   0|  0|   13|          10|           8|
    |add_ln1118_12_fu_23636_p2   |         +|   0|  0|   14|           9|           4|
    |add_ln1118_130_fu_24861_p2  |         +|   0|  0|   13|          10|           8|
    |add_ln1118_131_fu_24872_p2  |         +|   0|  0|   13|          10|           8|
    |add_ln1118_132_fu_24883_p2  |         +|   0|  0|   13|          10|           8|
    |add_ln1118_133_fu_24894_p2  |         +|   0|  0|   13|          10|           8|
    |add_ln1118_134_fu_24905_p2  |         +|   0|  0|   13|          10|           8|
    |add_ln1118_135_fu_24916_p2  |         +|   0|  0|   13|          10|           8|
    |add_ln1118_136_fu_24927_p2  |         +|   0|  0|   13|          10|           8|
    |add_ln1118_137_fu_24938_p2  |         +|   0|  0|   13|          10|           8|
    |add_ln1118_138_fu_24949_p2  |         +|   0|  0|   13|          10|           8|
    |add_ln1118_139_fu_24960_p2  |         +|   0|  0|   13|          10|           8|
    |add_ln1118_13_fu_23647_p2   |         +|   0|  0|   14|           9|           4|
    |add_ln1118_140_fu_24971_p2  |         +|   0|  0|   13|          10|           8|
    |add_ln1118_141_fu_24982_p2  |         +|   0|  0|   13|          10|           8|
    |add_ln1118_142_fu_24993_p2  |         +|   0|  0|   13|          10|           8|
    |add_ln1118_143_fu_25004_p2  |         +|   0|  0|   13|          10|           8|
    |add_ln1118_144_fu_25015_p2  |         +|   0|  0|   13|          10|           8|
    |add_ln1118_145_fu_25026_p2  |         +|   0|  0|   13|          10|           8|
    |add_ln1118_146_fu_25288_p2  |         +|   0|  0|   13|          10|           8|
    |add_ln1118_147_fu_25299_p2  |         +|   0|  0|   13|          10|           8|
    |add_ln1118_148_fu_25310_p2  |         +|   0|  0|   13|          10|           8|
    |add_ln1118_149_fu_25321_p2  |         +|   0|  0|   13|          10|           8|
    |add_ln1118_14_fu_23658_p2   |         +|   0|  0|   14|           9|           4|
    |add_ln1118_150_fu_25332_p2  |         +|   0|  0|   13|          10|           8|
    |add_ln1118_151_fu_25343_p2  |         +|   0|  0|   13|          10|           8|
    |add_ln1118_152_fu_25354_p2  |         +|   0|  0|   13|          10|           8|
    |add_ln1118_153_fu_25365_p2  |         +|   0|  0|   13|          10|           8|
    |add_ln1118_154_fu_25376_p2  |         +|   0|  0|   13|          10|           8|
    |add_ln1118_155_fu_25387_p2  |         +|   0|  0|   13|          10|           8|
    |add_ln1118_156_fu_25398_p2  |         +|   0|  0|   13|          10|           8|
    |add_ln1118_157_fu_25409_p2  |         +|   0|  0|   13|          10|           8|
    |add_ln1118_158_fu_25420_p2  |         +|   0|  0|   13|          10|           8|
    |add_ln1118_159_fu_25431_p2  |         +|   0|  0|   13|          10|           8|
    |add_ln1118_15_fu_23669_p2   |         +|   0|  0|   14|           9|           5|
    |add_ln1118_160_fu_25442_p2  |         +|   0|  0|   13|          10|           8|
    |add_ln1118_161_fu_25453_p2  |         +|   0|  0|   13|          10|           8|
    |add_ln1118_162_fu_25464_p2  |         +|   0|  0|   13|          10|           8|
    |add_ln1118_163_fu_25475_p2  |         +|   0|  0|   13|          10|           8|
    |add_ln1118_164_fu_25486_p2  |         +|   0|  0|   13|          10|           8|
    |add_ln1118_165_fu_25497_p2  |         +|   0|  0|   13|          10|           8|
    |add_ln1118_166_fu_25508_p2  |         +|   0|  0|   13|          10|           8|
    |add_ln1118_167_fu_25519_p2  |         +|   0|  0|   13|          10|           8|
    |add_ln1118_168_fu_25530_p2  |         +|   0|  0|   13|          10|           8|
    |add_ln1118_169_fu_25541_p2  |         +|   0|  0|   13|          10|           8|
    |add_ln1118_16_fu_23680_p2   |         +|   0|  0|   14|           9|           5|
    |add_ln1118_170_fu_25552_p2  |         +|   0|  0|   13|          10|           8|
    |add_ln1118_171_fu_25563_p2  |         +|   0|  0|   13|          10|           8|
    |add_ln1118_172_fu_25574_p2  |         +|   0|  0|   13|          10|           8|
    |add_ln1118_173_fu_25585_p2  |         +|   0|  0|   13|          10|           8|
    |add_ln1118_174_fu_25596_p2  |         +|   0|  0|   13|          10|           8|
    |add_ln1118_175_fu_25607_p2  |         +|   0|  0|   13|          10|           8|
    |add_ln1118_176_fu_25618_p2  |         +|   0|  0|   13|          10|           8|
    |add_ln1118_177_fu_25629_p2  |         +|   0|  0|   13|          10|           8|
    |add_ln1118_178_fu_25640_p2  |         +|   0|  0|   13|          10|           8|
    |add_ln1118_179_fu_25651_p2  |         +|   0|  0|   13|          10|           8|
    |add_ln1118_17_fu_23691_p2   |         +|   0|  0|   14|           9|           5|
    |add_ln1118_180_fu_25662_p2  |         +|   0|  0|   13|          10|           8|
    |add_ln1118_181_fu_25673_p2  |         +|   0|  0|   13|          10|           8|
    |add_ln1118_182_fu_25684_p2  |         +|   0|  0|   13|          10|           8|
    |add_ln1118_183_fu_25695_p2  |         +|   0|  0|   13|          10|           8|
    |add_ln1118_184_fu_25706_p2  |         +|   0|  0|   13|          10|           8|
    |add_ln1118_185_fu_25717_p2  |         +|   0|  0|   13|          10|           8|
    |add_ln1118_186_fu_25728_p2  |         +|   0|  0|   13|          10|           8|
    |add_ln1118_187_fu_25739_p2  |         +|   0|  0|   13|          10|           8|
    |add_ln1118_188_fu_25750_p2  |         +|   0|  0|   13|          10|           8|
    |add_ln1118_189_fu_25761_p2  |         +|   0|  0|   13|          10|           8|
    |add_ln1118_18_fu_23702_p2   |         +|   0|  0|   14|           9|           5|
    |add_ln1118_190_fu_25772_p2  |         +|   0|  0|   13|          10|           8|
    |add_ln1118_191_fu_25783_p2  |         +|   0|  0|   13|          10|           8|
    |add_ln1118_192_fu_25794_p2  |         +|   0|  0|   13|          10|           8|
    |add_ln1118_193_fu_25805_p2  |         +|   0|  0|   13|          10|           8|
    |add_ln1118_194_fu_25282_p2  |         +|   0|  0|   13|          10|           8|
    |add_ln1118_19_fu_23713_p2   |         +|   0|  0|   14|           9|           5|
    |add_ln1118_1_fu_23515_p2    |         +|   0|  0|   14|           9|           2|
    |add_ln1118_20_fu_23724_p2   |         +|   0|  0|   14|           9|           5|
    |add_ln1118_21_fu_23735_p2   |         +|   0|  0|   14|           9|           5|
    |add_ln1118_22_fu_23746_p2   |         +|   0|  0|   14|           9|           5|
    |add_ln1118_23_fu_23757_p2   |         +|   0|  0|   14|           9|           5|
    |add_ln1118_24_fu_23768_p2   |         +|   0|  0|   14|           9|           5|
    |add_ln1118_25_fu_23779_p2   |         +|   0|  0|   14|           9|           5|
    |add_ln1118_26_fu_23790_p2   |         +|   0|  0|   14|           9|           5|
    |add_ln1118_27_fu_23801_p2   |         +|   0|  0|   14|           9|           5|
    |add_ln1118_28_fu_23812_p2   |         +|   0|  0|   14|           9|           5|
    |add_ln1118_29_fu_23823_p2   |         +|   0|  0|   14|           9|           5|
    |add_ln1118_2_fu_23526_p2    |         +|   0|  0|   14|           9|           2|
    |add_ln1118_30_fu_23834_p2   |         +|   0|  0|   14|           9|           5|
    |add_ln1118_31_fu_23845_p2   |         +|   0|  0|   14|           9|           6|
    |add_ln1118_32_fu_23856_p2   |         +|   0|  0|   14|           9|           6|
    |add_ln1118_33_fu_23867_p2   |         +|   0|  0|   14|           9|           6|
    |add_ln1118_34_fu_23878_p2   |         +|   0|  0|   14|           9|           6|
    |add_ln1118_35_fu_23889_p2   |         +|   0|  0|   14|           9|           6|
    |add_ln1118_36_fu_23900_p2   |         +|   0|  0|   14|           9|           6|
    |add_ln1118_37_fu_23911_p2   |         +|   0|  0|   14|           9|           6|
    |add_ln1118_38_fu_23922_p2   |         +|   0|  0|   14|           9|           6|
    |add_ln1118_39_fu_23933_p2   |         +|   0|  0|   14|           9|           6|
    |add_ln1118_3_fu_23537_p2    |         +|   0|  0|   14|           9|           3|
    |add_ln1118_40_fu_23944_p2   |         +|   0|  0|   14|           9|           6|
    |add_ln1118_41_fu_23955_p2   |         +|   0|  0|   14|           9|           6|
    |add_ln1118_42_fu_23966_p2   |         +|   0|  0|   14|           9|           6|
    |add_ln1118_43_fu_23977_p2   |         +|   0|  0|   14|           9|           6|
    |add_ln1118_44_fu_23988_p2   |         +|   0|  0|   14|           9|           6|
    |add_ln1118_45_fu_23999_p2   |         +|   0|  0|   14|           9|           6|
    |add_ln1118_46_fu_24010_p2   |         +|   0|  0|   14|           9|           6|
    |add_ln1118_47_fu_24021_p2   |         +|   0|  0|   14|           9|           6|
    |add_ln1118_48_fu_24032_p2   |         +|   0|  0|   14|           9|           6|
    |add_ln1118_49_fu_24042_p2   |         +|   0|  0|   14|           9|           6|
    |add_ln1118_4_fu_23548_p2    |         +|   0|  0|   14|           9|           3|
    |add_ln1118_50_fu_24052_p2   |         +|   0|  0|   14|           9|           6|
    |add_ln1118_51_fu_24062_p2   |         +|   0|  0|   14|           9|           6|
    |add_ln1118_52_fu_24072_p2   |         +|   0|  0|   14|           9|           6|
    |add_ln1118_53_fu_24082_p2   |         +|   0|  0|   14|           9|           6|
    |add_ln1118_54_fu_24092_p2   |         +|   0|  0|   14|           9|           6|
    |add_ln1118_55_fu_24102_p2   |         +|   0|  0|   14|           9|           6|
    |add_ln1118_56_fu_24112_p2   |         +|   0|  0|   14|           9|           6|
    |add_ln1118_57_fu_24122_p2   |         +|   0|  0|   14|           9|           6|
    |add_ln1118_58_fu_24132_p2   |         +|   0|  0|   14|           9|           6|
    |add_ln1118_59_fu_24142_p2   |         +|   0|  0|   14|           9|           6|
    |add_ln1118_5_fu_23559_p2    |         +|   0|  0|   14|           9|           3|
    |add_ln1118_60_fu_24152_p2   |         +|   0|  0|   14|           9|           6|
    |add_ln1118_61_fu_24162_p2   |         +|   0|  0|   14|           9|           6|
    |add_ln1118_62_fu_24172_p2   |         +|   0|  0|   14|           9|           6|
    |add_ln1118_63_fu_24182_p2   |         +|   0|  0|   14|           9|           7|
    |add_ln1118_64_fu_24192_p2   |         +|   0|  0|   14|           9|           7|
    |add_ln1118_65_fu_24202_p2   |         +|   0|  0|   14|           9|           7|
    |add_ln1118_66_fu_24212_p2   |         +|   0|  0|   14|           9|           7|
    |add_ln1118_67_fu_24222_p2   |         +|   0|  0|   14|           9|           7|
    |add_ln1118_68_fu_24232_p2   |         +|   0|  0|   14|           9|           7|
    |add_ln1118_69_fu_24242_p2   |         +|   0|  0|   14|           9|           7|
    |add_ln1118_6_fu_23570_p2    |         +|   0|  0|   14|           9|           3|
    |add_ln1118_70_fu_24252_p2   |         +|   0|  0|   14|           9|           7|
    |add_ln1118_71_fu_24262_p2   |         +|   0|  0|   14|           9|           7|
    |add_ln1118_72_fu_24272_p2   |         +|   0|  0|   14|           9|           7|
    |add_ln1118_73_fu_24282_p2   |         +|   0|  0|   14|           9|           7|
    |add_ln1118_74_fu_24292_p2   |         +|   0|  0|   14|           9|           7|
    |add_ln1118_75_fu_24302_p2   |         +|   0|  0|   14|           9|           7|
    |add_ln1118_76_fu_24312_p2   |         +|   0|  0|   14|           9|           7|
    |add_ln1118_77_fu_24322_p2   |         +|   0|  0|   14|           9|           7|
    |add_ln1118_78_fu_24332_p2   |         +|   0|  0|   14|           9|           7|
    |add_ln1118_79_fu_24342_p2   |         +|   0|  0|   14|           9|           7|
    |add_ln1118_7_fu_23581_p2    |         +|   0|  0|   14|           9|           4|
    |add_ln1118_80_fu_24352_p2   |         +|   0|  0|   14|           9|           7|
    |add_ln1118_81_fu_24362_p2   |         +|   0|  0|   14|           9|           7|
    |add_ln1118_82_fu_24372_p2   |         +|   0|  0|   14|           9|           7|
    |add_ln1118_83_fu_24382_p2   |         +|   0|  0|   14|           9|           7|
    |add_ln1118_84_fu_24392_p2   |         +|   0|  0|   14|           9|           7|
    |add_ln1118_85_fu_24402_p2   |         +|   0|  0|   14|           9|           7|
    |add_ln1118_86_fu_24412_p2   |         +|   0|  0|   14|           9|           7|
    |add_ln1118_87_fu_24422_p2   |         +|   0|  0|   14|           9|           7|
    |add_ln1118_88_fu_24432_p2   |         +|   0|  0|   14|           9|           7|
    |add_ln1118_89_fu_24442_p2   |         +|   0|  0|   14|           9|           7|
    |add_ln1118_8_fu_23592_p2    |         +|   0|  0|   14|           9|           4|
    |add_ln1118_90_fu_24452_p2   |         +|   0|  0|   14|           9|           7|
    |add_ln1118_91_fu_24462_p2   |         +|   0|  0|   14|           9|           7|
    |add_ln1118_92_fu_24472_p2   |         +|   0|  0|   14|           9|           7|
    |add_ln1118_93_fu_24482_p2   |         +|   0|  0|   14|           9|           7|
    |add_ln1118_94_fu_24492_p2   |         +|   0|  0|   14|           9|           7|
    |add_ln1118_95_fu_24502_p2   |         +|   0|  0|   14|           9|           7|
    |add_ln1118_96_fu_24512_p2   |         +|   0|  0|   14|           9|           7|
    |add_ln1118_97_fu_24522_p2   |         +|   0|  0|   14|           9|           7|
    |add_ln1118_98_fu_24532_p2   |         +|   0|  0|   14|           9|           7|
    |add_ln1118_99_fu_24542_p2   |         +|   0|  0|   14|           9|           7|
    |add_ln1118_9_fu_23603_p2    |         +|   0|  0|   14|           9|           4|
    |add_ln1118_fu_23504_p2      |         +|   0|  0|   14|           9|           1|
    |add_ln263_fu_22788_p2       |         +|   0|  0|   39|          32|           1|
    |add_ln270_fu_22811_p2       |         +|   0|  0|   15|           8|           2|
    |add_ln281_fu_23483_p2       |         +|   0|  0|   10|           2|           1|
    |add_ln356_fu_28671_p2       |         +|   0|  0|   11|           3|           1|
    |add_ln703_100_fu_27490_p2   |         +|   0|  0|   40|          33|          33|
    |add_ln703_102_fu_26802_p2   |         +|   0|  0|   39|          32|          32|
    |add_ln703_103_fu_26189_p2   |         +|   0|  0|   38|          31|          31|
    |add_ln703_104_fu_26811_p2   |         +|   0|  0|   39|          32|          32|
    |add_ln703_105_fu_27506_p2   |         +|   0|  0|   40|          33|          33|
    |add_ln703_106_fu_27516_p2   |         +|   0|  0|   41|          34|          34|
    |add_ln703_107_fu_26195_p2   |         +|   0|  0|   38|          31|          31|
    |add_ln703_108_fu_26205_p2   |         +|   0|  0|   39|          32|          32|
    |add_ln703_109_fu_26211_p2   |         +|   0|  0|   38|          31|          31|
    |add_ln703_10_fu_28233_p2    |         +|   0|  0|   41|          34|          34|
    |add_ln703_110_fu_26221_p2   |         +|   0|  0|   39|          32|          32|
    |add_ln703_111_fu_26823_p2   |         +|   0|  0|   40|          33|          33|
    |add_ln703_112_fu_28011_p2   |         +|   0|  0|   38|          31|          31|
    |add_ln703_113_fu_28021_p2   |         +|   0|  0|   39|          32|          32|
    |add_ln703_114_fu_28027_p2   |         +|   0|  0|   38|          31|          31|
    |add_ln703_115_fu_28037_p2   |         +|   0|  0|   39|          32|          32|
    |add_ln703_116_fu_28336_p2   |         +|   0|  0|   40|          33|          33|
    |add_ln703_117_fu_28346_p2   |         +|   0|  0|   41|          34|          34|
    |add_ln703_118_fu_28521_p2   |         +|   0|  0|   42|          35|          35|
    |add_ln703_119_fu_28043_p2   |         +|   0|  0|   38|          31|          31|
    |add_ln703_11_fu_27261_p2    |         +|   0|  0|   38|          31|          31|
    |add_ln703_120_fu_28053_p2   |         +|   0|  0|   39|          32|          32|
    |add_ln703_121_fu_28059_p2   |         +|   0|  0|   38|          31|          31|
    |add_ln703_122_fu_28069_p2   |         +|   0|  0|   39|          32|          32|
    |add_ln703_123_fu_28358_p2   |         +|   0|  0|   40|          33|          33|
    |add_ln703_124_fu_27522_p2   |         +|   0|  0|   38|          31|          31|
    |add_ln703_125_fu_27532_p2   |         +|   0|  0|   39|          32|          32|
    |add_ln703_126_fu_27538_p2   |         +|   0|  0|   38|          31|          31|
    |add_ln703_127_fu_27548_p2   |         +|   0|  0|   39|          32|          32|
    |add_ln703_128_fu_28081_p2   |         +|   0|  0|   40|          33|          33|
    |add_ln703_129_fu_28371_p2   |         +|   0|  0|   41|          34|          34|
    |add_ln703_12_fu_27271_p2    |         +|   0|  0|   39|          32|          32|
    |add_ln703_130_fu_27554_p2   |         +|   0|  0|   38|          31|          31|
    |add_ln703_131_fu_27564_p2   |         +|   0|  0|   39|          32|          32|
    |add_ln703_132_fu_26829_p2   |         +|   0|  0|   38|          31|          31|
    |add_ln703_133_fu_26839_p2   |         +|   0|  0|   39|          32|          32|
    |add_ln703_134_fu_28093_p2   |         +|   0|  0|   40|          33|          33|
    |add_ln703_135_fu_26845_p2   |         +|   0|  0|   38|          31|          31|
    |add_ln703_136_fu_26855_p2   |         +|   0|  0|   39|          32|          32|
    |add_ln703_137_fu_26861_p2   |         +|   0|  0|   38|          31|          31|
    |add_ln703_138_fu_26871_p2   |         +|   0|  0|   38|          31|          31|
    |add_ln703_139_fu_26881_p2   |         +|   0|  0|   39|          32|          32|
    |add_ln703_140_fu_27576_p2   |         +|   0|  0|   40|          33|          33|
    |add_ln703_141_fu_28106_p2   |         +|   0|  0|   41|          34|          34|
    |add_ln703_142_fu_28537_p2   |         +|   0|  0|   42|          35|          35|
    |add_ln703_143_fu_28547_p2   |         +|   0|  0|   43|          36|          36|
    |add_ln703_144_fu_26227_p2   |         +|   0|  0|   38|          31|          31|
    |add_ln703_145_fu_26237_p2   |         +|   0|  0|   39|          32|          32|
    |add_ln703_146_fu_26243_p2   |         +|   0|  0|   38|          31|          31|
    |add_ln703_147_fu_26253_p2   |         +|   0|  0|   39|          32|          32|
    |add_ln703_148_fu_26893_p2   |         +|   0|  0|   40|          33|          33|
    |add_ln703_149_fu_26259_p2   |         +|   0|  0|   38|          31|          31|
    |add_ln703_14_fu_27281_p2    |         +|   0|  0|   39|          32|          32|
    |add_ln703_150_fu_26269_p2   |         +|   0|  0|   39|          32|          32|
    |add_ln703_151_fu_28112_p2   |         +|   0|  0|   38|          31|          31|
    |add_ln703_152_fu_28122_p2   |         +|   0|  0|   39|          32|          32|
    |add_ln703_153_fu_28386_p2   |         +|   0|  0|   40|          33|          33|
    |add_ln703_154_fu_28396_p2   |         +|   0|  0|   41|          34|          34|
    |add_ln703_155_fu_28128_p2   |         +|   0|  0|   38|          31|          31|
    |add_ln703_156_fu_28138_p2   |         +|   0|  0|   39|          32|          32|
    |add_ln703_157_fu_28144_p2   |         +|   0|  0|   38|          31|          31|
    |add_ln703_158_fu_28154_p2   |         +|   0|  0|   39|          32|          32|
    |add_ln703_159_fu_28408_p2   |         +|   0|  0|   40|          33|          33|
    |add_ln703_15_fu_27806_p2    |         +|   0|  0|   40|          33|          33|
    |add_ln703_160_fu_28160_p2   |         +|   0|  0|   38|          31|          31|
    |add_ln703_161_fu_28170_p2   |         +|   0|  0|   39|          32|          32|
    |add_ln703_162_fu_27582_p2   |         +|   0|  0|   38|          31|          31|
    |add_ln703_163_fu_27592_p2   |         +|   0|  0|   39|          32|          32|
    |add_ln703_164_fu_28424_p2   |         +|   0|  0|   40|          33|          33|
    |add_ln703_165_fu_28434_p2   |         +|   0|  0|   41|          34|          34|
    |add_ln703_166_fu_28559_p2   |         +|   0|  0|   42|          35|          35|
    |add_ln703_167_fu_27598_p2   |         +|   0|  0|   38|          31|          31|
    |add_ln703_168_fu_27608_p2   |         +|   0|  0|   39|          32|          32|
    |add_ln703_169_fu_27614_p2   |         +|   0|  0|   38|          31|          31|
    |add_ln703_16_fu_27287_p2    |         +|   0|  0|   38|          31|          31|
    |add_ln703_170_fu_27624_p2   |         +|   0|  0|   39|          32|          32|
    |add_ln703_171_fu_28182_p2   |         +|   0|  0|   40|          33|          33|
    |add_ln703_172_fu_26899_p2   |         +|   0|  0|   38|          31|          31|
    |add_ln703_173_fu_26909_p2   |         +|   0|  0|   39|          32|          32|
    |add_ln703_174_fu_26915_p2   |         +|   0|  0|   38|          31|          31|
    |add_ln703_175_fu_26925_p2   |         +|   0|  0|   39|          32|          32|
    |add_ln703_176_fu_27636_p2   |         +|   0|  0|   40|          33|          33|
    |add_ln703_177_fu_28195_p2   |         +|   0|  0|   41|          34|          34|
    |add_ln703_178_fu_26931_p2   |         +|   0|  0|   38|          31|          31|
    |add_ln703_179_fu_26941_p2   |         +|   0|  0|   39|          32|          32|
    |add_ln703_17_fu_27297_p2    |         +|   0|  0|   39|          32|          32|
    |add_ln703_180_fu_26275_p2   |         +|   0|  0|   38|          31|          31|
    |add_ln703_181_fu_26285_p2   |         +|   0|  0|   39|          32|          32|
    |add_ln703_182_fu_27648_p2   |         +|   0|  0|   40|          33|          33|
    |add_ln703_183_fu_26291_p2   |         +|   0|  0|   38|          31|          31|
    |add_ln703_184_fu_26301_p2   |         +|   0|  0|   39|          32|          32|
    |add_ln703_185_fu_26307_p2   |         +|   0|  0|   38|          31|          31|
    |add_ln703_186_fu_26317_p2   |         +|   0|  0|   38|          31|          31|
    |add_ln703_187_fu_26327_p2   |         +|   0|  0|   39|          32|          32|
    |add_ln703_188_fu_26953_p2   |         +|   0|  0|   40|          33|          33|
    |add_ln703_189_fu_27661_p2   |         +|   0|  0|   41|          34|          34|
    |add_ln703_18_fu_26109_p2    |         +|   0|  0|   38|          31|          31|
    |add_ln703_190_fu_28446_p2   |         +|   0|  0|   42|          35|          35|
    |add_ln703_191_fu_28572_p2   |         +|   0|  0|   43|          36|          36|
    |add_ln703_192_fu_28600_p2   |         +|   0|  0|   44|          37|          37|
    |add_ln703_19_fu_26119_p2    |         +|   0|  0|   39|          32|          32|
    |add_ln703_1_fu_27753_p2     |         +|   0|  0|   39|          32|          32|
    |add_ln703_20_fu_27822_p2    |         +|   0|  0|   40|          33|          33|
    |add_ln703_21_fu_27832_p2    |         +|   0|  0|   41|          34|          34|
    |add_ln703_22_fu_28458_p2    |         +|   0|  0|   42|          35|          35|
    |add_ln703_23_fu_26125_p2    |         +|   0|  0|   38|          31|          31|
    |add_ln703_24_fu_26135_p2    |         +|   0|  0|   39|          32|          32|
    |add_ln703_25_fu_26642_p2    |         +|   0|  0|   38|          31|          31|
    |add_ln703_26_fu_26652_p2    |         +|   0|  0|   39|          32|          32|
    |add_ln703_27_fu_27309_p2    |         +|   0|  0|   40|          33|          33|
    |add_ln703_28_fu_26658_p2    |         +|   0|  0|   38|          31|          31|
    |add_ln703_29_fu_26668_p2    |         +|   0|  0|   39|          32|          32|
    |add_ln703_2_fu_27759_p2     |         +|   0|  0|   38|          31|          31|
    |add_ln703_30_fu_26674_p2    |         +|   0|  0|   38|          31|          31|
    |add_ln703_31_fu_26684_p2    |         +|   0|  0|   39|          32|          32|
    |add_ln703_32_fu_27325_p2    |         +|   0|  0|   40|          33|          33|
    |add_ln703_33_fu_27335_p2    |         +|   0|  0|   41|          34|          34|
    |add_ln703_34_fu_26690_p2    |         +|   0|  0|   38|          31|          31|
    |add_ln703_35_fu_26700_p2    |         +|   0|  0|   39|          32|          32|
    |add_ln703_36_fu_26141_p2    |         +|   0|  0|   38|          31|          31|
    |add_ln703_37_fu_26151_p2    |         +|   0|  0|   39|          32|          32|
    |add_ln703_38_fu_27347_p2    |         +|   0|  0|   40|          33|          33|
    |add_ln703_39_fu_26157_p2    |         +|   0|  0|   38|          31|          31|
    |add_ln703_3_fu_27769_p2     |         +|   0|  0|   39|          32|          32|
    |add_ln703_40_fu_26167_p2    |         +|   0|  0|   39|          32|          32|
    |add_ln703_41_fu_26173_p2    |         +|   0|  0|   38|          31|          31|
    |add_ln703_42_fu_26183_p2    |         +|   0|  0|   39|          32|          32|
    |add_ln703_43_fu_26712_p2    |         +|   0|  0|   40|          33|          33|
    |add_ln703_44_fu_27360_p2    |         +|   0|  0|   41|          34|          34|
    |add_ln703_45_fu_27844_p2    |         +|   0|  0|   42|          35|          35|
    |add_ln703_46_fu_28471_p2    |         +|   0|  0|   43|          36|          36|
    |add_ln703_47_fu_26718_p2    |         +|   0|  0|   38|          31|          31|
    |add_ln703_48_fu_26728_p2    |         +|   0|  0|   39|          32|          32|
    |add_ln703_49_fu_26734_p2    |         +|   0|  0|   38|          31|          31|
    |add_ln703_4_fu_28207_p2     |         +|   0|  0|   40|          33|          33|
    |add_ln703_50_fu_26744_p2    |         +|   0|  0|   39|          32|          32|
    |add_ln703_51_fu_27372_p2    |         +|   0|  0|   40|          33|          33|
    |add_ln703_52_fu_26750_p2    |         +|   0|  0|   38|          31|          31|
    |add_ln703_53_fu_26760_p2    |         +|   0|  0|   39|          32|          32|
    |add_ln703_54_fu_27378_p2    |         +|   0|  0|   38|          31|          31|
    |add_ln703_55_fu_27388_p2    |         +|   0|  0|   39|          32|          32|
    |add_ln703_56_fu_27859_p2    |         +|   0|  0|   40|          33|          33|
    |add_ln703_57_fu_27869_p2    |         +|   0|  0|   41|          34|          34|
    |add_ln703_58_fu_27394_p2    |         +|   0|  0|   38|          31|          31|
    |add_ln703_59_fu_27404_p2    |         +|   0|  0|   39|          32|          32|
    |add_ln703_5_fu_27775_p2     |         +|   0|  0|   38|          31|          31|
    |add_ln703_60_fu_27410_p2    |         +|   0|  0|   38|          31|          31|
    |add_ln703_61_fu_27420_p2    |         +|   0|  0|   39|          32|          32|
    |add_ln703_62_fu_27881_p2    |         +|   0|  0|   40|          33|          33|
    |add_ln703_63_fu_27887_p2    |         +|   0|  0|   38|          31|          31|
    |add_ln703_64_fu_27897_p2    |         +|   0|  0|   39|          32|          32|
    |add_ln703_65_fu_27903_p2    |         +|   0|  0|   38|          31|          31|
    |add_ln703_66_fu_27913_p2    |         +|   0|  0|   39|          32|          32|
    |add_ln703_67_fu_28248_p2    |         +|   0|  0|   40|          33|          33|
    |add_ln703_68_fu_28258_p2    |         +|   0|  0|   41|          34|          34|
    |add_ln703_69_fu_28483_p2    |         +|   0|  0|   42|          35|          35|
    |add_ln703_6_fu_27785_p2     |         +|   0|  0|   39|          32|          32|
    |add_ln703_70_fu_27919_p2    |         +|   0|  0|   38|          31|          31|
    |add_ln703_71_fu_27929_p2    |         +|   0|  0|   39|          32|          32|
    |add_ln703_72_fu_27935_p2    |         +|   0|  0|   38|          31|          31|
    |add_ln703_73_fu_27945_p2    |         +|   0|  0|   39|          32|          32|
    |add_ln703_74_fu_28270_p2    |         +|   0|  0|   40|          33|          33|
    |add_ln703_75_fu_27951_p2    |         +|   0|  0|   38|          31|          31|
    |add_ln703_76_fu_27961_p2    |         +|   0|  0|   39|          32|          32|
    |add_ln703_77_fu_27967_p2    |         +|   0|  0|   38|          31|          31|
    |add_ln703_78_fu_27977_p2    |         +|   0|  0|   39|          32|          32|
    |add_ln703_79_fu_28286_p2    |         +|   0|  0|   40|          33|          33|
    |add_ln703_7_fu_27255_p2     |         +|   0|  0|   38|          31|          31|
    |add_ln703_80_fu_28296_p2    |         +|   0|  0|   41|          34|          34|
    |add_ln703_81_fu_27983_p2    |         +|   0|  0|   38|          31|          31|
    |add_ln703_82_fu_27993_p2    |         +|   0|  0|   39|          32|          32|
    |add_ln703_83_fu_27426_p2    |         +|   0|  0|   38|          31|          31|
    |add_ln703_84_fu_27436_p2    |         +|   0|  0|   39|          32|          32|
    |add_ln703_85_fu_28308_p2    |         +|   0|  0|   40|          33|          33|
    |add_ln703_86_fu_27442_p2    |         +|   0|  0|   38|          31|          31|
    |add_ln703_87_fu_27452_p2    |         +|   0|  0|   39|          32|          32|
    |add_ln703_88_fu_27458_p2    |         +|   0|  0|   38|          31|          31|
    |add_ln703_89_fu_27468_p2    |         +|   0|  0|   38|          31|          31|
    |add_ln703_8_fu_27794_p2     |         +|   0|  0|   39|          32|          32|
    |add_ln703_90_fu_27478_p2    |         +|   0|  0|   39|          32|          32|
    |add_ln703_91_fu_28005_p2    |         +|   0|  0|   40|          33|          33|
    |add_ln703_92_fu_28321_p2    |         +|   0|  0|   41|          34|          34|
    |add_ln703_93_fu_28499_p2    |         +|   0|  0|   42|          35|          35|
    |add_ln703_94_fu_28509_p2    |         +|   0|  0|   43|          36|          36|
    |add_ln703_95_fu_28584_p2    |         +|   0|  0|   44|          37|          37|
    |add_ln703_96_fu_26766_p2    |         +|   0|  0|   38|          31|          31|
    |add_ln703_97_fu_26776_p2    |         +|   0|  0|   39|          32|          32|
    |add_ln703_98_fu_26782_p2    |         +|   0|  0|   38|          31|          31|
    |add_ln703_99_fu_26792_p2    |         +|   0|  0|   39|          32|          32|
    |add_ln703_9_fu_28223_p2     |         +|   0|  0|   40|          33|          33|
    |add_ln703_fu_27743_p2       |         +|   0|  0|   38|          31|          31|
    |grp_fu_22428_p2             |         +|   0|  0|   38|          31|          31|
    |ret_V_fu_28934_p2           |         +|   0|  0|   56|          49|          49|
    |ylp_V_0_fu_28610_p2         |         +|   0|  0|   45|          38|          38|
    |band_V_1_fu_28641_p2        |         -|   0|  0|   47|          40|          40|
    |band_V_2_fu_28647_p2        |         -|   0|  0|   47|          40|          40|
    |band_V_3_fu_28665_p2        |         -|   0|  0|   47|          40|          40|
    |p_Val2_10_fu_28849_p2       |         -|   0|  0|   31|           1|          24|
    |ret_V_2_fu_28909_p2         |         -|   0|  0|   32|          25|          25|
    |overflow_1_fu_28752_p2      |       and|   0|  0|    2|           1|           1|
    |overflow_3_fu_29019_p2      |       and|   0|  0|    2|           1|           1|
    |overflow_fu_29164_p2        |       and|   0|  0|    2|           1|           1|
    |underflow_1_fu_28776_p2     |       and|   0|  0|    2|           1|           1|
    |underflow_2_fu_29035_p2     |       and|   0|  0|    2|           1|           1|
    |underflow_fu_29188_p2       |       and|   0|  0|    2|           1|           1|
    |icmp_ln1497_fu_28887_p2     |      icmp|   0|  0|   15|          24|          24|
    |icmp_ln239_fu_22681_p2      |      icmp|   0|  0|   18|          32|           1|
    |icmp_ln263_fu_22794_p2      |      icmp|   0|  0|   18|          32|          32|
    |icmp_ln270_fu_22799_p2      |      icmp|   0|  0|   11|           8|           1|
    |icmp_ln281_fu_23498_p2      |      icmp|   0|  0|    8|           2|           2|
    |icmp_ln356_fu_28677_p2      |      icmp|   0|  0|    9|           3|           4|
    |icmp_ln768_1_fu_28734_p2    |      icmp|   0|  0|   10|           6|           1|
    |icmp_ln768_2_fu_28998_p2    |      icmp|   0|  0|    9|           4|           1|
    |icmp_ln768_fu_29146_p2      |      icmp|   0|  0|   10|           7|           1|
    |icmp_ln786_1_fu_28764_p2    |      icmp|   0|  0|   10|           6|           2|
    |icmp_ln786_2_fu_29004_p2    |      icmp|   0|  0|    9|           4|           2|
    |icmp_ln786_fu_29176_p2      |      icmp|   0|  0|   10|           7|           2|
    |tobool98_fu_22687_p2        |      icmp|   0|  0|   18|          32|           1|
    |or_ln340_1_fu_29206_p2      |        or|   0|  0|    2|           1|           1|
    |or_ln340_2_fu_28782_p2      |        or|   0|  0|    2|           1|           1|
    |or_ln340_3_fu_28801_p2      |        or|   0|  0|    2|           1|           1|
    |or_ln340_4_fu_29040_p2      |        or|   0|  0|    2|           1|           1|
    |or_ln340_5_fu_29052_p2      |        or|   0|  0|    2|           1|           1|
    |or_ln340_fu_29194_p2        |        or|   0|  0|    2|           1|           1|
    |or_ln785_1_fu_28740_p2      |        or|   0|  0|    2|           1|           1|
    |or_ln785_2_fu_29010_p2      |        or|   0|  0|    2|           1|           1|
    |or_ln785_fu_29152_p2        |        or|   0|  0|    2|           1|           1|
    |or_ln786_1_fu_28770_p2      |        or|   0|  0|    2|           1|           1|
    |or_ln786_2_fu_29030_p2      |        or|   0|  0|    2|           1|           1|
    |or_ln786_fu_29182_p2        |        or|   0|  0|    2|           1|           1|
    |sign_V_fu_28947_p2          |        or|   0|  0|   24|          23|          24|
    |a_V_fu_28875_p3             |    select|   0|  0|   23|           1|          23|
    |out_r                       |    select|   0|  0|   16|           1|          16|
    |p_pn_fu_29098_p3            |    select|   0|  0|   40|           1|          40|
    |select_ln1497_fu_29080_p3   |    select|   0|  0|   24|           1|          24|
    |select_ln340_2_fu_28788_p3  |    select|   0|  0|   24|           1|          23|
    |select_ln340_4_fu_28867_p3  |    select|   0|  0|   23|           1|           2|
    |select_ln340_5_fu_29058_p3  |    select|   0|  0|   24|           1|          23|
    |select_ln340_6_fu_29072_p3  |    select|   0|  0|   24|           1|          24|
    |select_ln340_fu_29212_p3    |    select|   0|  0|   16|           1|          15|
    |select_ln388_1_fu_28806_p3  |    select|   0|  0|   25|           1|          25|
    |select_ln388_2_fu_29065_p3  |    select|   0|  0|   25|           1|          25|
    |select_ln388_fu_29220_p3    |    select|   0|  0|   17|           1|          17|
    |x_V_fu_28812_p3             |    select|   0|  0|   24|           1|          24|
    |ap_enable_pp0               |       xor|   0|  0|    2|           1|           2|
    |ap_enable_pp1               |       xor|   0|  0|    2|           1|           2|
    |ap_enable_pp2               |       xor|   0|  0|    2|           1|           2|
    |xor_ln340_1_fu_28796_p2     |       xor|   0|  0|    2|           1|           2|
    |xor_ln340_2_fu_29046_p2     |       xor|   0|  0|    2|           1|           2|
    |xor_ln340_fu_29200_p2       |       xor|   0|  0|    2|           1|           2|
    |xor_ln785_1_fu_28746_p2     |       xor|   0|  0|    2|           1|           2|
    |xor_ln785_2_fu_29014_p2     |       xor|   0|  0|    2|           1|           2|
    |xor_ln785_fu_29158_p2       |       xor|   0|  0|    2|           1|           2|
    |xor_ln786_1_fu_28758_p2     |       xor|   0|  0|    2|           1|           2|
    |xor_ln786_2_fu_29025_p2     |       xor|   0|  0|    2|           1|           2|
    |xor_ln786_fu_29170_p2       |       xor|   0|  0|    2|           1|           2|
    +----------------------------+----------+----+---+-----+------------+------------+
    |Total                       |          |   0|  0|11163|        8572|        8227|
    +----------------------------+----------+----+---+-----+------------+------------+

    * Multiplexer: 
    +-----------------------------------+-----+-----------+-----+-----------+
    |                Name               | LUT | Input Size| Bits| Total Bits|
    +-----------------------------------+-----+-----------+-----+-----------+
    |FIR_LP_V_address0                  |   25|          5|   10|         50|
    |FIR_LP_V_address1                  |   25|          5|   10|         50|
    |FIR_LP_V_address10                 |   25|          5|   10|         50|
    |FIR_LP_V_address11                 |   25|          5|   10|         50|
    |FIR_LP_V_address12                 |   25|          5|   10|         50|
    |FIR_LP_V_address13                 |   25|          5|   10|         50|
    |FIR_LP_V_address14                 |   25|          5|   10|         50|
    |FIR_LP_V_address15                 |   25|          5|   10|         50|
    |FIR_LP_V_address16                 |   25|          5|   10|         50|
    |FIR_LP_V_address17                 |   25|          5|   10|         50|
    |FIR_LP_V_address18                 |   25|          5|   10|         50|
    |FIR_LP_V_address19                 |   25|          5|   10|         50|
    |FIR_LP_V_address2                  |   25|          5|   10|         50|
    |FIR_LP_V_address20                 |   25|          5|   10|         50|
    |FIR_LP_V_address21                 |   25|          5|   10|         50|
    |FIR_LP_V_address22                 |   25|          5|   10|         50|
    |FIR_LP_V_address23                 |   25|          5|   10|         50|
    |FIR_LP_V_address24                 |   25|          5|   10|         50|
    |FIR_LP_V_address25                 |   25|          5|   10|         50|
    |FIR_LP_V_address26                 |   25|          5|   10|         50|
    |FIR_LP_V_address27                 |   25|          5|   10|         50|
    |FIR_LP_V_address28                 |   25|          5|   10|         50|
    |FIR_LP_V_address29                 |   25|          5|   10|         50|
    |FIR_LP_V_address3                  |   25|          5|   10|         50|
    |FIR_LP_V_address30                 |   25|          5|   10|         50|
    |FIR_LP_V_address31                 |   25|          5|   10|         50|
    |FIR_LP_V_address32                 |   25|          5|   10|         50|
    |FIR_LP_V_address33                 |   25|          5|   10|         50|
    |FIR_LP_V_address34                 |   25|          5|   10|         50|
    |FIR_LP_V_address35                 |   25|          5|   10|         50|
    |FIR_LP_V_address36                 |   25|          5|   10|         50|
    |FIR_LP_V_address37                 |   25|          5|   10|         50|
    |FIR_LP_V_address38                 |   25|          5|   10|         50|
    |FIR_LP_V_address39                 |   25|          5|   10|         50|
    |FIR_LP_V_address4                  |   25|          5|   10|         50|
    |FIR_LP_V_address40                 |   25|          5|   10|         50|
    |FIR_LP_V_address41                 |   25|          5|   10|         50|
    |FIR_LP_V_address42                 |   25|          5|   10|         50|
    |FIR_LP_V_address43                 |   25|          5|   10|         50|
    |FIR_LP_V_address44                 |   25|          5|   10|         50|
    |FIR_LP_V_address45                 |   25|          5|   10|         50|
    |FIR_LP_V_address46                 |   25|          5|   10|         50|
    |FIR_LP_V_address47                 |   25|          5|   10|         50|
    |FIR_LP_V_address48                 |   20|          4|   10|         40|
    |FIR_LP_V_address5                  |   25|          5|   10|         50|
    |FIR_LP_V_address6                  |   25|          5|   10|         50|
    |FIR_LP_V_address7                  |   25|          5|   10|         50|
    |FIR_LP_V_address8                  |   25|          5|   10|         50|
    |FIR_LP_V_address9                  |   25|          5|   10|         50|
    |acc_V_reg_3421                     |    9|          2|   40|         80|
    |ap_NS_fsm                          |  237|         55|    1|         55|
    |ap_enable_reg_pp0_iter6            |    9|          2|    1|          2|
    |ap_enable_reg_pp1_iter2            |    9|          2|    1|          2|
    |ap_enable_reg_pp2_iter8            |    9|          2|    1|          2|
    |ap_enable_reg_pp2_iter9            |   14|          3|    1|          3|
    |ap_phi_mux_b_phi_fu_3390_p4        |    9|          2|    2|          4|
    |ap_phi_mux_k_phi_fu_3378_p4        |    9|          2|    8|         16|
    |ap_phi_mux_phi_mul_phi_fu_3402_p4  |    9|          2|   10|         20|
    |b_reg_3386                         |    9|          2|    2|          4|
    |drc_ratio_address0                 |   14|          3|    2|          6|
    |drc_ratio_address1                 |   14|          3|    2|          6|
    |drc_thr_address0                   |   14|          3|    2|          6|
    |drc_thr_address1                   |   14|          3|    2|          6|
    |grp_fu_3433_p0                     |   20|          4|   15|         60|
    |grp_fu_3433_p1                     |   20|          4|   16|         64|
    |grp_fu_3434_p0                     |   20|          4|   15|         60|
    |grp_fu_3434_p1                     |   20|          4|   16|         64|
    |grp_fu_3435_p0                     |   20|          4|   15|         60|
    |grp_fu_3435_p1                     |   20|          4|   16|         64|
    |grp_fu_3436_p0                     |   20|          4|   15|         60|
    |grp_fu_3436_p1                     |   20|          4|   16|         64|
    |grp_fu_3437_p0                     |   25|          5|   25|        125|
    |grp_fu_3437_p1                     |   25|          5|   24|        120|
    |grp_fu_3438_p0                     |   20|          4|   15|         60|
    |grp_fu_3438_p1                     |   20|          4|   16|         64|
    |grp_fu_3439_p0                     |   20|          4|   15|         60|
    |grp_fu_3439_p1                     |   20|          4|   16|         64|
    |grp_fu_3440_p0                     |   20|          4|   15|         60|
    |grp_fu_3440_p1                     |   20|          4|   16|         64|
    |grp_fu_3441_p0                     |   20|          4|   15|         60|
    |grp_fu_3441_p1                     |   20|          4|   16|         64|
    |grp_fu_3442_p0                     |   20|          4|   15|         60|
    |grp_fu_3442_p1                     |   20|          4|   16|         64|
    |grp_fu_3443_p0                     |   20|          4|   15|         60|
    |grp_fu_3443_p1                     |   20|          4|   16|         64|
    |grp_fu_3444_p0                     |   20|          4|   15|         60|
    |grp_fu_3444_p1                     |   20|          4|   16|         64|
    |grp_fu_3445_p0                     |   25|          5|   15|         75|
    |grp_fu_3445_p1                     |   25|          5|   16|         80|
    |grp_fu_3446_p0                     |   20|          4|   15|         60|
    |grp_fu_3446_p1                     |   20|          4|   16|         64|
    |grp_fu_3447_p0                     |   20|          4|   15|         60|
    |grp_fu_3447_p1                     |   20|          4|   16|         64|
    |grp_fu_3448_p0                     |   20|          4|   15|         60|
    |grp_fu_3448_p1                     |   20|          4|   16|         64|
    |grp_fu_3449_p0                     |   20|          4|   15|         60|
    |grp_fu_3449_p1                     |   20|          4|   16|         64|
    |grp_fu_3450_p0                     |   20|          4|   15|         60|
    |grp_fu_3450_p1                     |   20|          4|   16|         64|
    |grp_fu_3451_p0                     |   20|          4|   15|         60|
    |grp_fu_3451_p1                     |   20|          4|   16|         64|
    |grp_fu_3452_p0                     |   20|          4|   15|         60|
    |grp_fu_3452_p1                     |   20|          4|   16|         64|
    |grp_fu_3453_p0                     |   20|          4|   15|         60|
    |grp_fu_3453_p1                     |   20|          4|   16|         64|
    |grp_fu_3454_p0                     |   20|          4|   15|         60|
    |grp_fu_3454_p1                     |   20|          4|   16|         64|
    |grp_fu_3455_p0                     |   20|          4|   15|         60|
    |grp_fu_3455_p1                     |   20|          4|   16|         64|
    |grp_fu_3456_p0                     |   20|          4|   15|         60|
    |grp_fu_3456_p1                     |   20|          4|   16|         64|
    |grp_fu_3457_p0                     |   20|          4|   15|         60|
    |grp_fu_3457_p1                     |   20|          4|   16|         64|
    |grp_fu_3458_p0                     |   25|          5|   15|         75|
    |grp_fu_3458_p1                     |   25|          5|   16|         80|
    |grp_fu_3459_p0                     |   20|          4|   15|         60|
    |grp_fu_3459_p1                     |   20|          4|   16|         64|
    |grp_fu_3460_p0                     |   25|          5|   15|         75|
    |grp_fu_3460_p1                     |   25|          5|   16|         80|
    |grp_fu_3461_p0                     |   20|          4|   15|         60|
    |grp_fu_3461_p1                     |   20|          4|   16|         64|
    |grp_fu_3462_p0                     |   20|          4|   15|         60|
    |grp_fu_3462_p1                     |   20|          4|   16|         64|
    |grp_fu_3463_p0                     |   20|          4|   15|         60|
    |grp_fu_3463_p1                     |   20|          4|   16|         64|
    |grp_fu_3464_p0                     |   20|          4|   15|         60|
    |grp_fu_3464_p1                     |   20|          4|   16|         64|
    |grp_fu_3465_p0                     |   20|          4|   15|         60|
    |grp_fu_3465_p1                     |   20|          4|   16|         64|
    |grp_fu_3466_p0                     |   20|          4|   15|         60|
    |grp_fu_3466_p1                     |   20|          4|   16|         64|
    |grp_fu_3467_p0                     |   20|          4|   15|         60|
    |grp_fu_3467_p1                     |   20|          4|   16|         64|
    |grp_fu_3468_p0                     |   20|          4|   15|         60|
    |grp_fu_3468_p1                     |   20|          4|   16|         64|
    |grp_fu_3469_p0                     |   20|          4|   15|         60|
    |grp_fu_3469_p1                     |   20|          4|   16|         64|
    |grp_fu_3470_p0                     |   20|          4|   15|         60|
    |grp_fu_3470_p1                     |   20|          4|   16|         64|
    |grp_fu_3471_p0                     |   20|          4|   15|         60|
    |grp_fu_3471_p1                     |   20|          4|   16|         64|
    |grp_fu_3472_p0                     |   20|          4|   15|         60|
    |grp_fu_3472_p1                     |   20|          4|   16|         64|
    |grp_fu_3473_p0                     |   20|          4|   15|         60|
    |grp_fu_3473_p1                     |   20|          4|   16|         64|
    |grp_fu_3474_p0                     |   20|          4|   15|         60|
    |grp_fu_3474_p1                     |   20|          4|   16|         64|
    |grp_fu_3475_p0                     |   20|          4|   15|         60|
    |grp_fu_3475_p1                     |   20|          4|   16|         64|
    |grp_fu_3476_p0                     |   20|          4|   15|         60|
    |grp_fu_3476_p1                     |   20|          4|   16|         64|
    |grp_fu_3477_p0                     |   20|          4|   15|         60|
    |grp_fu_3477_p1                     |   20|          4|   16|         64|
    |grp_fu_3478_p0                     |   25|          5|   15|         75|
    |grp_fu_3478_p1                     |   25|          5|   16|         80|
    |grp_fu_3479_p0                     |   20|          4|   15|         60|
    |grp_fu_3479_p1                     |   20|          4|   16|         64|
    |grp_fu_3480_p0                     |   20|          4|   15|         60|
    |grp_fu_3480_p1                     |   20|          4|   16|         64|
    |grp_fu_3481_p0                     |   20|          4|   15|         60|
    |grp_fu_3481_p1                     |   20|          4|   16|         64|
    |grp_fu_3482_p0                     |   20|          4|   15|         60|
    |grp_fu_3482_p1                     |   20|          4|   16|         64|
    |grp_fu_3483_p0                     |   20|          4|   15|         60|
    |grp_fu_3483_p1                     |   20|          4|   16|         64|
    |grp_fu_3484_p0                     |   20|          4|   15|         60|
    |grp_fu_3484_p1                     |   20|          4|   16|         64|
    |grp_fu_3485_p0                     |   20|          4|   15|         60|
    |grp_fu_3485_p1                     |   20|          4|   16|         64|
    |grp_fu_3486_p0                     |   20|          4|   15|         60|
    |grp_fu_3486_p1                     |   20|          4|   16|         64|
    |grp_fu_3487_p0                     |   20|          4|   15|         60|
    |grp_fu_3487_p1                     |   20|          4|   16|         64|
    |grp_fu_3488_p0                     |   20|          4|   15|         60|
    |grp_fu_3488_p1                     |   20|          4|   16|         64|
    |grp_fu_3489_p0                     |   20|          4|   15|         60|
    |grp_fu_3489_p1                     |   20|          4|   16|         64|
    |grp_fu_3490_p0                     |   25|          5|   15|         75|
    |grp_fu_3490_p1                     |   25|          5|   16|         80|
    |grp_fu_3491_p0                     |   20|          4|   15|         60|
    |grp_fu_3491_p1                     |   20|          4|   16|         64|
    |grp_fu_3492_p0                     |   20|          4|   15|         60|
    |grp_fu_3492_p1                     |   20|          4|   16|         64|
    |grp_fu_3493_p0                     |   20|          4|   15|         60|
    |grp_fu_3493_p1                     |   20|          4|   16|         64|
    |grp_fu_3494_p0                     |   20|          4|   15|         60|
    |grp_fu_3494_p1                     |   20|          4|   16|         64|
    |grp_fu_3495_p0                     |   20|          4|   15|         60|
    |grp_fu_3495_p1                     |   20|          4|   16|         64|
    |grp_fu_3496_p0                     |   20|          4|   15|         60|
    |grp_fu_3496_p1                     |   20|          4|   16|         64|
    |hist_V_0_address0                  |  113|         22|    6|        132|
    |hist_V_0_address1                  |  113|         22|    6|        132|
    |hist_V_0_d1                        |   20|          4|   16|         64|
    |hist_V_1_address0                  |  177|         40|    6|        240|
    |hist_V_1_address1                  |  177|         40|    6|        240|
    |hist_V_1_d1                        |   14|          3|   16|         48|
    |hist_V_2_address0                  |  177|         40|    6|        240|
    |hist_V_2_address1                  |  177|         40|    6|        240|
    |hist_V_2_d1                        |   14|          3|   16|         48|
    |hist_V_3_address0                  |  177|         40|    6|        240|
    |hist_V_3_address1                  |  177|         40|    6|        240|
    |hist_V_3_d1                        |   14|          3|   16|         48|
    |hist_V_4_address0                  |  177|         40|    6|        240|
    |hist_V_4_address1                  |  177|         40|    6|        240|
    |hist_V_4_d1                        |   14|          3|   16|         48|
    |i_reg_3410                         |    9|          2|    3|          6|
    |k_reg_3374                         |    9|          2|    8|         16|
    |phi_mul_reg_3398                   |    9|          2|   10|         20|
    |reg_13428                          |    9|          2|   31|         62|
    |reg_13432                          |    9|          2|   31|         62|
    |reg_13436                          |    9|          2|   31|         62|
    |reg_13440                          |    9|          2|   49|         98|
    |reg_13452                          |    9|          2|   31|         62|
    |reg_13456                          |    9|          2|   31|         62|
    |reg_13460                          |    9|          2|   31|         62|
    |reg_13464                          |    9|          2|   31|         62|
    |reg_13468                          |    9|          2|   31|         62|
    |reg_13472                          |    9|          2|   31|         62|
    |reg_13476                          |    9|          2|   31|         62|
    |reg_13480                          |    9|          2|   31|         62|
    |reg_13484                          |    9|          2|   31|         62|
    |reg_13488                          |    9|          2|   31|         62|
    |reg_13492                          |    9|          2|   31|         62|
    |reg_13496                          |    9|          2|   31|         62|
    |reg_13500                          |    9|          2|   31|         62|
    |reg_13504                          |    9|          2|   31|         62|
    |reg_13508                          |    9|          2|   31|         62|
    |reg_13513                          |    9|          2|   31|         62|
    |reg_13517                          |    9|          2|   31|         62|
    |reg_13521                          |    9|          2|   31|         62|
    |reg_13525                          |    9|          2|   31|         62|
    |reg_13537                          |    9|          2|   31|         62|
    |reg_13541                          |    9|          2|   31|         62|
    |reg_13545                          |    9|          2|   31|         62|
    |reg_13549                          |    9|          2|   31|         62|
    |reg_13553                          |    9|          2|   31|         62|
    |reg_13557                          |    9|          2|   31|         62|
    |reg_13561                          |    9|          2|   31|         62|
    |reg_13570                          |    9|          2|   31|         62|
    |reg_13574                          |    9|          2|   31|         62|
    |reg_13582                          |    9|          2|   31|         62|
    |reg_13590                          |    9|          2|   31|         62|
    |reg_13598                          |    9|          2|   31|         62|
    |reg_13602                          |    9|          2|   31|         62|
    |reg_13606                          |    9|          2|   31|         62|
    |reg_13610                          |    9|          2|   31|         62|
    |reg_17593                          |    9|          2|   31|         62|
    |reg_17601                          |    9|          2|   31|         62|
    |reg_22437                          |    9|          2|   15|         30|
    |reg_22442                          |    9|          2|   15|         30|
    |reg_22447                          |    9|          2|   15|         30|
    |reg_22452                          |    9|          2|   15|         30|
    |reg_22457                          |    9|          2|   15|         30|
    |reg_22462                          |    9|          2|   15|         30|
    |reg_22467                          |    9|          2|   15|         30|
    |reg_22472                          |    9|          2|   15|         30|
    |reg_22477                          |    9|          2|   15|         30|
    |reg_22482                          |    9|          2|   15|         30|
    |reg_22487                          |    9|          2|   15|         30|
    |reg_22492                          |    9|          2|   15|         30|
    |reg_22497                          |    9|          2|   15|         30|
    |reg_22502                          |    9|          2|   15|         30|
    |reg_22507                          |    9|          2|   15|         30|
    |reg_22512                          |    9|          2|   15|         30|
    |reg_22517                          |    9|          2|   15|         30|
    |reg_22522                          |    9|          2|   15|         30|
    |reg_22527                          |    9|          2|   15|         30|
    |reg_22532                          |    9|          2|   15|         30|
    |reg_22537                          |    9|          2|   15|         30|
    |reg_22542                          |    9|          2|   15|         30|
    |reg_22547                          |    9|          2|   15|         30|
    |reg_22552                          |    9|          2|   15|         30|
    |reg_22557                          |    9|          2|   15|         30|
    |reg_22562                          |    9|          2|   15|         30|
    |reg_22567                          |    9|          2|   15|         30|
    |reg_22572                          |    9|          2|   15|         30|
    |reg_22577                          |    9|          2|   15|         30|
    |reg_22582                          |    9|          2|   15|         30|
    |reg_22587                          |    9|          2|   15|         30|
    |reg_22592                          |    9|          2|   15|         30|
    |reg_22597                          |    9|          2|   15|         30|
    |reg_22602                          |    9|          2|   15|         30|
    |reg_22607                          |    9|          2|   15|         30|
    |reg_22612                          |    9|          2|   15|         30|
    |reg_22617                          |    9|          2|   15|         30|
    |reg_22622                          |    9|          2|   15|         30|
    |reg_22627                          |    9|          2|   15|         30|
    |reg_22632                          |    9|          2|   15|         30|
    |reg_22637                          |    9|          2|   15|         30|
    |reg_22642                          |    9|          2|   15|         30|
    |reg_22647                          |    9|          2|   15|         30|
    |reg_22652                          |    9|          2|   15|         30|
    |reg_22657                          |    9|          2|   15|         30|
    |reg_22662                          |    9|          2|   15|         30|
    |reg_22667                          |    9|          2|   15|         30|
    |reg_22672                          |    9|          2|   15|         30|
    |reg_3363                           |   14|          3|   32|         96|
    |reg_3757                           |    9|          2|   31|         62|
    |reg_4016                           |    9|          2|   31|         62|
    +-----------------------------------+-----+-----------+-----+-----------+
    |Total                              | 6788|       1423| 4800|      17522|
    +-----------------------------------+-----+-----------+-----+-----------+

    * Register: 
    +-------------------------------+-----+----+-----+-----------+
    |              Name             |  FF | LUT| Bits| Const Bits|
    +-------------------------------+-----+----+-----+-----------+
    |acc_V_reg_3421                 |   40|   0|   40|          0|
    |add_ln1118_194_reg_32153       |   10|   0|   10|          0|
    |add_ln263_reg_29384            |   32|   0|   32|          0|
    |add_ln270_reg_29397            |    8|   0|    8|          0|
    |add_ln281_reg_31332            |    2|   0|    2|          0|
    |add_ln703_102_reg_32518        |   32|   0|   32|          0|
    |add_ln703_103_reg_32423        |   31|   0|   31|          0|
    |add_ln703_104_reg_32523        |   32|   0|   32|          0|
    |add_ln703_106_reg_32638        |   34|   0|   34|          0|
    |add_ln703_108_reg_32428        |   32|   0|   32|          0|
    |add_ln703_10_reg_32823         |   34|   0|   34|          0|
    |add_ln703_110_reg_32433        |   32|   0|   32|          0|
    |add_ln703_111_reg_32528        |   33|   0|   33|          0|
    |add_ln703_113_reg_32768        |   32|   0|   32|          0|
    |add_ln703_115_reg_32773        |   32|   0|   32|          0|
    |add_ln703_117_reg_32843        |   34|   0|   34|          0|
    |add_ln703_120_reg_32778        |   32|   0|   32|          0|
    |add_ln703_122_reg_32783        |   32|   0|   32|          0|
    |add_ln703_125_reg_32643        |   32|   0|   32|          0|
    |add_ln703_127_reg_32648        |   32|   0|   32|          0|
    |add_ln703_128_reg_32788        |   33|   0|   33|          0|
    |add_ln703_129_reg_32848        |   34|   0|   34|          0|
    |add_ln703_12_reg_32578         |   32|   0|   32|          0|
    |add_ln703_131_reg_32653        |   32|   0|   32|          0|
    |add_ln703_133_reg_32533        |   32|   0|   32|          0|
    |add_ln703_136_reg_32538        |   32|   0|   32|          0|
    |add_ln703_139_reg_32543        |   32|   0|   32|          0|
    |add_ln703_140_reg_32658        |   33|   0|   33|          0|
    |add_ln703_141_reg_32793        |   34|   0|   34|          0|
    |add_ln703_143_reg_32878        |   36|   0|   36|          0|
    |add_ln703_145_reg_32438        |   32|   0|   32|          0|
    |add_ln703_147_reg_32443        |   32|   0|   32|          0|
    |add_ln703_148_reg_32548        |   33|   0|   33|          0|
    |add_ln703_14_reg_32583         |   32|   0|   32|          0|
    |add_ln703_150_reg_32448        |   32|   0|   32|          0|
    |add_ln703_152_reg_32798        |   32|   0|   32|          0|
    |add_ln703_154_reg_32853        |   34|   0|   34|          0|
    |add_ln703_156_reg_32803        |   32|   0|   32|          0|
    |add_ln703_158_reg_32808        |   32|   0|   32|          0|
    |add_ln703_161_reg_32813        |   32|   0|   32|          0|
    |add_ln703_163_reg_32663        |   32|   0|   32|          0|
    |add_ln703_165_reg_32858        |   34|   0|   34|          0|
    |add_ln703_168_reg_32668        |   32|   0|   32|          0|
    |add_ln703_170_reg_32673        |   32|   0|   32|          0|
    |add_ln703_173_reg_32553        |   32|   0|   32|          0|
    |add_ln703_175_reg_32558        |   32|   0|   32|          0|
    |add_ln703_176_reg_32678        |   33|   0|   33|          0|
    |add_ln703_177_reg_32818        |   34|   0|   34|          0|
    |add_ln703_179_reg_32563        |   32|   0|   32|          0|
    |add_ln703_17_reg_32588         |   32|   0|   32|          0|
    |add_ln703_181_reg_32453        |   32|   0|   32|          0|
    |add_ln703_184_reg_32458        |   32|   0|   32|          0|
    |add_ln703_187_reg_32463        |   32|   0|   32|          0|
    |add_ln703_188_reg_32568        |   33|   0|   33|          0|
    |add_ln703_189_reg_32683        |   34|   0|   34|          0|
    |add_ln703_190_reg_32863        |   35|   0|   35|          0|
    |add_ln703_191_reg_32883        |   36|   0|   36|          0|
    |add_ln703_19_reg_32398         |   32|   0|   32|          0|
    |add_ln703_1_reg_32688          |   32|   0|   32|          0|
    |add_ln703_21_reg_32708         |   34|   0|   34|          0|
    |add_ln703_24_reg_32403         |   32|   0|   32|          0|
    |add_ln703_26_reg_32468         |   32|   0|   32|          0|
    |add_ln703_29_reg_32473         |   32|   0|   32|          0|
    |add_ln703_31_reg_32478         |   32|   0|   32|          0|
    |add_ln703_33_reg_32593         |   34|   0|   34|          0|
    |add_ln703_35_reg_32483         |   32|   0|   32|          0|
    |add_ln703_37_reg_32408         |   32|   0|   32|          0|
    |add_ln703_3_reg_32693          |   32|   0|   32|          0|
    |add_ln703_40_reg_32413         |   32|   0|   32|          0|
    |add_ln703_42_reg_32418         |   32|   0|   32|          0|
    |add_ln703_43_reg_32488         |   33|   0|   33|          0|
    |add_ln703_44_reg_32598         |   34|   0|   34|          0|
    |add_ln703_45_reg_32713         |   35|   0|   35|          0|
    |add_ln703_46_reg_32868         |   36|   0|   36|          0|
    |add_ln703_48_reg_32493         |   32|   0|   32|          0|
    |add_ln703_50_reg_32498         |   32|   0|   32|          0|
    |add_ln703_51_reg_32603         |   33|   0|   33|          0|
    |add_ln703_53_reg_32503         |   32|   0|   32|          0|
    |add_ln703_55_reg_32608         |   32|   0|   32|          0|
    |add_ln703_57_reg_32718         |   34|   0|   34|          0|
    |add_ln703_59_reg_32613         |   32|   0|   32|          0|
    |add_ln703_61_reg_32618         |   32|   0|   32|          0|
    |add_ln703_62_reg_32723         |   33|   0|   33|          0|
    |add_ln703_64_reg_32728         |   32|   0|   32|          0|
    |add_ln703_66_reg_32733         |   32|   0|   32|          0|
    |add_ln703_68_reg_32828         |   34|   0|   34|          0|
    |add_ln703_6_reg_32698          |   32|   0|   32|          0|
    |add_ln703_71_reg_32738         |   32|   0|   32|          0|
    |add_ln703_73_reg_32743         |   32|   0|   32|          0|
    |add_ln703_76_reg_32748         |   32|   0|   32|          0|
    |add_ln703_78_reg_32753         |   32|   0|   32|          0|
    |add_ln703_7_reg_32573          |   31|   0|   31|          0|
    |add_ln703_80_reg_32833         |   34|   0|   34|          0|
    |add_ln703_82_reg_32758         |   32|   0|   32|          0|
    |add_ln703_84_reg_32623         |   32|   0|   32|          0|
    |add_ln703_87_reg_32628         |   32|   0|   32|          0|
    |add_ln703_8_reg_32703          |   32|   0|   32|          0|
    |add_ln703_90_reg_32633         |   32|   0|   32|          0|
    |add_ln703_91_reg_32763         |   33|   0|   33|          0|
    |add_ln703_92_reg_32838         |   34|   0|   34|          0|
    |add_ln703_94_reg_32873         |   36|   0|   36|          0|
    |add_ln703_97_reg_32508         |   32|   0|   32|          0|
    |add_ln703_99_reg_32513         |   32|   0|   32|          0|
    |ap_CS_fsm                      |   54|   0|   54|          0|
    |ap_enable_reg_pp0_iter0        |    1|   0|    1|          0|
    |ap_enable_reg_pp0_iter1        |    1|   0|    1|          0|
    |ap_enable_reg_pp0_iter2        |    1|   0|    1|          0|
    |ap_enable_reg_pp0_iter3        |    1|   0|    1|          0|
    |ap_enable_reg_pp0_iter4        |    1|   0|    1|          0|
    |ap_enable_reg_pp0_iter5        |    1|   0|    1|          0|
    |ap_enable_reg_pp0_iter6        |    1|   0|    1|          0|
    |ap_enable_reg_pp1_iter0        |    1|   0|    1|          0|
    |ap_enable_reg_pp1_iter1        |    1|   0|    1|          0|
    |ap_enable_reg_pp1_iter2        |    1|   0|    1|          0|
    |ap_enable_reg_pp2_iter0        |    1|   0|    1|          0|
    |ap_enable_reg_pp2_iter1        |    1|   0|    1|          0|
    |ap_enable_reg_pp2_iter2        |    1|   0|    1|          0|
    |ap_enable_reg_pp2_iter3        |    1|   0|    1|          0|
    |ap_enable_reg_pp2_iter4        |    1|   0|    1|          0|
    |ap_enable_reg_pp2_iter5        |    1|   0|    1|          0|
    |ap_enable_reg_pp2_iter6        |    1|   0|    1|          0|
    |ap_enable_reg_pp2_iter7        |    1|   0|    1|          0|
    |ap_enable_reg_pp2_iter8        |    1|   0|    1|          0|
    |ap_enable_reg_pp2_iter9        |    1|   0|    1|          0|
    |b_reg_3386                     |    2|   0|    2|          0|
    |band_V_0_fu_994                |   40|   0|   40|          0|
    |band_V_1_reg_32888             |   40|   0|   40|          0|
    |band_V_2_reg_32893             |   40|   0|   40|          0|
    |band_V_3_reg_32898             |   40|   0|   40|          0|
    |empty_17_reg_31337             |    9|   0|    9|          0|
    |hist_V_0_load_10_reg_29712     |   16|   0|   16|          0|
    |hist_V_0_load_11_reg_29737     |   16|   0|   16|          0|
    |hist_V_0_load_12_reg_29762     |   16|   0|   16|          0|
    |hist_V_0_load_13_reg_29787     |   16|   0|   16|          0|
    |hist_V_0_load_14_reg_29812     |   16|   0|   16|          0|
    |hist_V_0_load_15_reg_29837     |   16|   0|   16|          0|
    |hist_V_0_load_16_reg_29862     |   16|   0|   16|          0|
    |hist_V_0_load_17_reg_29887     |   16|   0|   16|          0|
    |hist_V_0_load_18_reg_29912     |   16|   0|   16|          0|
    |hist_V_0_load_19_reg_29937     |   16|   0|   16|          0|
    |hist_V_0_load_1_reg_29487      |   16|   0|   16|          0|
    |hist_V_0_load_20_reg_29962     |   16|   0|   16|          0|
    |hist_V_0_load_21_reg_29987     |   16|   0|   16|          0|
    |hist_V_0_load_22_reg_30012     |   16|   0|   16|          0|
    |hist_V_0_load_23_reg_30037     |   16|   0|   16|          0|
    |hist_V_0_load_24_reg_30062     |   16|   0|   16|          0|
    |hist_V_0_load_25_reg_30087     |   16|   0|   16|          0|
    |hist_V_0_load_26_reg_30112     |   16|   0|   16|          0|
    |hist_V_0_load_27_reg_30137     |   16|   0|   16|          0|
    |hist_V_0_load_28_reg_30162     |   16|   0|   16|          0|
    |hist_V_0_load_29_reg_30187     |   16|   0|   16|          0|
    |hist_V_0_load_2_reg_29512      |   16|   0|   16|          0|
    |hist_V_0_load_30_reg_30212     |   16|   0|   16|          0|
    |hist_V_0_load_31_reg_30237     |   16|   0|   16|          0|
    |hist_V_0_load_32_reg_30262     |   16|   0|   16|          0|
    |hist_V_0_load_33_reg_30287     |   16|   0|   16|          0|
    |hist_V_0_load_34_reg_30312     |   16|   0|   16|          0|
    |hist_V_0_load_35_reg_30337     |   16|   0|   16|          0|
    |hist_V_0_load_3_reg_29537      |   16|   0|   16|          0|
    |hist_V_0_load_4_reg_29562      |   16|   0|   16|          0|
    |hist_V_0_load_5_reg_29587      |   16|   0|   16|          0|
    |hist_V_0_load_6_reg_29612      |   16|   0|   16|          0|
    |hist_V_0_load_7_reg_29637      |   16|   0|   16|          0|
    |hist_V_0_load_8_reg_29662      |   16|   0|   16|          0|
    |hist_V_0_load_9_reg_29687      |   16|   0|   16|          0|
    |hist_V_0_load_reg_29462        |   16|   0|   16|          0|
    |hist_V_1_load_10_reg_29667     |   16|   0|   16|          0|
    |hist_V_1_load_11_reg_29692     |   16|   0|   16|          0|
    |hist_V_1_load_12_reg_29717     |   16|   0|   16|          0|
    |hist_V_1_load_13_reg_29742     |   16|   0|   16|          0|
    |hist_V_1_load_14_reg_29767     |   16|   0|   16|          0|
    |hist_V_1_load_15_reg_29792     |   16|   0|   16|          0|
    |hist_V_1_load_16_reg_29817     |   16|   0|   16|          0|
    |hist_V_1_load_17_reg_29842     |   16|   0|   16|          0|
    |hist_V_1_load_18_reg_29867     |   16|   0|   16|          0|
    |hist_V_1_load_19_reg_29892     |   16|   0|   16|          0|
    |hist_V_1_load_1_reg_29442      |   16|   0|   16|          0|
    |hist_V_1_load_20_reg_29917     |   16|   0|   16|          0|
    |hist_V_1_load_21_reg_29942     |   16|   0|   16|          0|
    |hist_V_1_load_22_reg_29967     |   16|   0|   16|          0|
    |hist_V_1_load_23_reg_29992     |   16|   0|   16|          0|
    |hist_V_1_load_24_reg_30017     |   16|   0|   16|          0|
    |hist_V_1_load_25_reg_30042     |   16|   0|   16|          0|
    |hist_V_1_load_26_reg_30067     |   16|   0|   16|          0|
    |hist_V_1_load_27_reg_30092     |   16|   0|   16|          0|
    |hist_V_1_load_28_reg_30117     |   16|   0|   16|          0|
    |hist_V_1_load_29_reg_30142     |   16|   0|   16|          0|
    |hist_V_1_load_2_reg_29467      |   16|   0|   16|          0|
    |hist_V_1_load_30_reg_30167     |   16|   0|   16|          0|
    |hist_V_1_load_31_reg_30192     |   16|   0|   16|          0|
    |hist_V_1_load_32_reg_30217     |   16|   0|   16|          0|
    |hist_V_1_load_33_reg_30242     |   16|   0|   16|          0|
    |hist_V_1_load_34_reg_30267     |   16|   0|   16|          0|
    |hist_V_1_load_35_reg_30292     |   16|   0|   16|          0|
    |hist_V_1_load_36_reg_30317     |   16|   0|   16|          0|
    |hist_V_1_load_37_reg_30342     |   16|   0|   16|          0|
    |hist_V_1_load_3_reg_29492      |   16|   0|   16|          0|
    |hist_V_1_load_4_reg_29517      |   16|   0|   16|          0|
    |hist_V_1_load_5_reg_29542      |   16|   0|   16|          0|
    |hist_V_1_load_6_reg_29567      |   16|   0|   16|          0|
    |hist_V_1_load_7_reg_29592      |   16|   0|   16|          0|
    |hist_V_1_load_8_reg_29617      |   16|   0|   16|          0|
    |hist_V_1_load_9_reg_29642      |   16|   0|   16|          0|
    |hist_V_2_load_10_reg_29697     |   16|   0|   16|          0|
    |hist_V_2_load_11_reg_29722     |   16|   0|   16|          0|
    |hist_V_2_load_12_reg_29747     |   16|   0|   16|          0|
    |hist_V_2_load_13_reg_29772     |   16|   0|   16|          0|
    |hist_V_2_load_14_reg_29797     |   16|   0|   16|          0|
    |hist_V_2_load_15_reg_29822     |   16|   0|   16|          0|
    |hist_V_2_load_16_reg_29847     |   16|   0|   16|          0|
    |hist_V_2_load_17_reg_29872     |   16|   0|   16|          0|
    |hist_V_2_load_18_reg_29897     |   16|   0|   16|          0|
    |hist_V_2_load_19_reg_29922     |   16|   0|   16|          0|
    |hist_V_2_load_1_reg_29472      |   16|   0|   16|          0|
    |hist_V_2_load_20_reg_29947     |   16|   0|   16|          0|
    |hist_V_2_load_21_reg_29972     |   16|   0|   16|          0|
    |hist_V_2_load_22_reg_29997     |   16|   0|   16|          0|
    |hist_V_2_load_23_reg_30022     |   16|   0|   16|          0|
    |hist_V_2_load_24_reg_30047     |   16|   0|   16|          0|
    |hist_V_2_load_25_reg_30072     |   16|   0|   16|          0|
    |hist_V_2_load_26_reg_30097     |   16|   0|   16|          0|
    |hist_V_2_load_27_reg_30122     |   16|   0|   16|          0|
    |hist_V_2_load_28_reg_30147     |   16|   0|   16|          0|
    |hist_V_2_load_29_reg_30172     |   16|   0|   16|          0|
    |hist_V_2_load_2_reg_29497      |   16|   0|   16|          0|
    |hist_V_2_load_30_reg_30197     |   16|   0|   16|          0|
    |hist_V_2_load_31_reg_30222     |   16|   0|   16|          0|
    |hist_V_2_load_32_reg_30247     |   16|   0|   16|          0|
    |hist_V_2_load_33_reg_30272     |   16|   0|   16|          0|
    |hist_V_2_load_34_reg_30297     |   16|   0|   16|          0|
    |hist_V_2_load_35_reg_30322     |   16|   0|   16|          0|
    |hist_V_2_load_36_reg_30347     |   16|   0|   16|          0|
    |hist_V_2_load_3_reg_29522      |   16|   0|   16|          0|
    |hist_V_2_load_4_reg_29547      |   16|   0|   16|          0|
    |hist_V_2_load_5_reg_29572      |   16|   0|   16|          0|
    |hist_V_2_load_6_reg_29597      |   16|   0|   16|          0|
    |hist_V_2_load_7_reg_29622      |   16|   0|   16|          0|
    |hist_V_2_load_8_reg_29647      |   16|   0|   16|          0|
    |hist_V_2_load_9_reg_29672      |   16|   0|   16|          0|
    |hist_V_2_load_reg_29447        |   16|   0|   16|          0|
    |hist_V_3_load_10_reg_29702     |   16|   0|   16|          0|
    |hist_V_3_load_11_reg_29727     |   16|   0|   16|          0|
    |hist_V_3_load_12_reg_29752     |   16|   0|   16|          0|
    |hist_V_3_load_13_reg_29777     |   16|   0|   16|          0|
    |hist_V_3_load_14_reg_29802     |   16|   0|   16|          0|
    |hist_V_3_load_15_reg_29827     |   16|   0|   16|          0|
    |hist_V_3_load_16_reg_29852     |   16|   0|   16|          0|
    |hist_V_3_load_17_reg_29877     |   16|   0|   16|          0|
    |hist_V_3_load_18_reg_29902     |   16|   0|   16|          0|
    |hist_V_3_load_19_reg_29927     |   16|   0|   16|          0|
    |hist_V_3_load_1_reg_29477      |   16|   0|   16|          0|
    |hist_V_3_load_20_reg_29952     |   16|   0|   16|          0|
    |hist_V_3_load_21_reg_29977     |   16|   0|   16|          0|
    |hist_V_3_load_22_reg_30002     |   16|   0|   16|          0|
    |hist_V_3_load_23_reg_30027     |   16|   0|   16|          0|
    |hist_V_3_load_24_reg_30052     |   16|   0|   16|          0|
    |hist_V_3_load_25_reg_30077     |   16|   0|   16|          0|
    |hist_V_3_load_26_reg_30102     |   16|   0|   16|          0|
    |hist_V_3_load_27_reg_30127     |   16|   0|   16|          0|
    |hist_V_3_load_28_reg_30152     |   16|   0|   16|          0|
    |hist_V_3_load_29_reg_30177     |   16|   0|   16|          0|
    |hist_V_3_load_2_reg_29502      |   16|   0|   16|          0|
    |hist_V_3_load_30_reg_30202     |   16|   0|   16|          0|
    |hist_V_3_load_31_reg_30227     |   16|   0|   16|          0|
    |hist_V_3_load_32_reg_30252     |   16|   0|   16|          0|
    |hist_V_3_load_33_reg_30277     |   16|   0|   16|          0|
    |hist_V_3_load_34_reg_30302     |   16|   0|   16|          0|
    |hist_V_3_load_35_reg_30327     |   16|   0|   16|          0|
    |hist_V_3_load_36_reg_30352     |   16|   0|   16|          0|
    |hist_V_3_load_3_reg_29527      |   16|   0|   16|          0|
    |hist_V_3_load_4_reg_29552      |   16|   0|   16|          0|
    |hist_V_3_load_5_reg_29577      |   16|   0|   16|          0|
    |hist_V_3_load_6_reg_29602      |   16|   0|   16|          0|
    |hist_V_3_load_7_reg_29627      |   16|   0|   16|          0|
    |hist_V_3_load_8_reg_29652      |   16|   0|   16|          0|
    |hist_V_3_load_9_reg_29677      |   16|   0|   16|          0|
    |hist_V_3_load_reg_29452        |   16|   0|   16|          0|
    |hist_V_4_load_10_reg_29707     |   16|   0|   16|          0|
    |hist_V_4_load_11_reg_29732     |   16|   0|   16|          0|
    |hist_V_4_load_12_reg_29757     |   16|   0|   16|          0|
    |hist_V_4_load_13_reg_29782     |   16|   0|   16|          0|
    |hist_V_4_load_14_reg_29807     |   16|   0|   16|          0|
    |hist_V_4_load_15_reg_29832     |   16|   0|   16|          0|
    |hist_V_4_load_16_reg_29857     |   16|   0|   16|          0|
    |hist_V_4_load_17_reg_29882     |   16|   0|   16|          0|
    |hist_V_4_load_18_reg_29907     |   16|   0|   16|          0|
    |hist_V_4_load_19_reg_29932     |   16|   0|   16|          0|
    |hist_V_4_load_1_reg_29482      |   16|   0|   16|          0|
    |hist_V_4_load_20_reg_29957     |   16|   0|   16|          0|
    |hist_V_4_load_21_reg_29982     |   16|   0|   16|          0|
    |hist_V_4_load_22_reg_30007     |   16|   0|   16|          0|
    |hist_V_4_load_23_reg_30032     |   16|   0|   16|          0|
    |hist_V_4_load_24_reg_30057     |   16|   0|   16|          0|
    |hist_V_4_load_25_reg_30082     |   16|   0|   16|          0|
    |hist_V_4_load_26_reg_30107     |   16|   0|   16|          0|
    |hist_V_4_load_27_reg_30132     |   16|   0|   16|          0|
    |hist_V_4_load_28_reg_30157     |   16|   0|   16|          0|
    |hist_V_4_load_29_reg_30182     |   16|   0|   16|          0|
    |hist_V_4_load_2_reg_29507      |   16|   0|   16|          0|
    |hist_V_4_load_30_reg_30207     |   16|   0|   16|          0|
    |hist_V_4_load_31_reg_30232     |   16|   0|   16|          0|
    |hist_V_4_load_32_reg_30257     |   16|   0|   16|          0|
    |hist_V_4_load_33_reg_30282     |   16|   0|   16|          0|
    |hist_V_4_load_34_reg_30307     |   16|   0|   16|          0|
    |hist_V_4_load_35_reg_30332     |   16|   0|   16|          0|
    |hist_V_4_load_36_reg_30357     |   16|   0|   16|          0|
    |hist_V_4_load_3_reg_29532      |   16|   0|   16|          0|
    |hist_V_4_load_4_reg_29557      |   16|   0|   16|          0|
    |hist_V_4_load_5_reg_29582      |   16|   0|   16|          0|
    |hist_V_4_load_6_reg_29607      |   16|   0|   16|          0|
    |hist_V_4_load_7_reg_29632      |   16|   0|   16|          0|
    |hist_V_4_load_8_reg_29657      |   16|   0|   16|          0|
    |hist_V_4_load_9_reg_29682      |   16|   0|   16|          0|
    |hist_V_4_load_reg_29457        |   16|   0|   16|          0|
    |i_reg_3410                     |    3|   0|    3|          0|
    |icmp_ln1497_reg_32959          |    1|   0|    1|          0|
    |icmp_ln239_reg_29247           |    1|   0|    1|          0|
    |icmp_ln270_reg_29393           |    1|   0|    1|          0|
    |icmp_ln281_reg_31414           |    1|   0|    1|          0|
    |icmp_ln356_reg_32908           |    1|   0|    1|          0|
    |icmp_ln768_2_reg_33007         |    1|   0|    1|          0|
    |icmp_ln786_2_reg_33012         |    1|   0|    1|          0|
    |k_reg_3374                     |    8|   0|    8|          0|
    |mul_ln1118_5_reg_13444         |   31|   0|   31|          0|
    |mul_ln1118_6_reg_13448         |   31|   0|   31|          0|
    |overflow_1_reg_32928           |    1|   0|    1|          0|
    |p_Result_4_reg_32989           |    1|   0|    1|          0|
    |p_Result_5_reg_33001           |    1|   0|    1|          0|
    |p_Val2_12_reg_32995            |   24|   0|   24|          0|
    |p_Val2_8_reg_32918             |   40|   0|   40|          0|
    |p_Val2_9_reg_32923             |   24|   0|   24|          0|
    |phi_mul_reg_3398               |   10|   0|   10|          0|
    |q_1_reg_29299                  |   16|   0|   16|          0|
    |q_2_reg_29304                  |   16|   0|   16|          0|
    |q_3_reg_29309                  |   16|   0|   16|          0|
    |q_reg_29294                    |   16|   0|   16|          0|
    |ratio_V_reg_32954              |   24|   0|   24|          0|
    |reg_13428                      |   31|   0|   31|          0|
    |reg_13432                      |   31|   0|   31|          0|
    |reg_13436                      |   31|   0|   31|          0|
    |reg_13440                      |   49|   0|   49|          0|
    |reg_13452                      |   31|   0|   31|          0|
    |reg_13456                      |   31|   0|   31|          0|
    |reg_13460                      |   31|   0|   31|          0|
    |reg_13464                      |   31|   0|   31|          0|
    |reg_13468                      |   31|   0|   31|          0|
    |reg_13472                      |   31|   0|   31|          0|
    |reg_13476                      |   31|   0|   31|          0|
    |reg_13480                      |   31|   0|   31|          0|
    |reg_13484                      |   31|   0|   31|          0|
    |reg_13488                      |   31|   0|   31|          0|
    |reg_13492                      |   31|   0|   31|          0|
    |reg_13496                      |   31|   0|   31|          0|
    |reg_13500                      |   31|   0|   31|          0|
    |reg_13504                      |   31|   0|   31|          0|
    |reg_13508                      |   31|   0|   31|          0|
    |reg_13513                      |   31|   0|   31|          0|
    |reg_13517                      |   31|   0|   31|          0|
    |reg_13521                      |   31|   0|   31|          0|
    |reg_13525                      |   31|   0|   31|          0|
    |reg_13529                      |   31|   0|   31|          0|
    |reg_13533                      |   31|   0|   31|          0|
    |reg_13537                      |   31|   0|   31|          0|
    |reg_13541                      |   31|   0|   31|          0|
    |reg_13545                      |   31|   0|   31|          0|
    |reg_13549                      |   31|   0|   31|          0|
    |reg_13553                      |   31|   0|   31|          0|
    |reg_13557                      |   31|   0|   31|          0|
    |reg_13561                      |   31|   0|   31|          0|
    |reg_13565                      |   31|   0|   31|          0|
    |reg_13570                      |   31|   0|   31|          0|
    |reg_13574                      |   31|   0|   31|          0|
    |reg_13578                      |   31|   0|   31|          0|
    |reg_13582                      |   31|   0|   31|          0|
    |reg_13586                      |   31|   0|   31|          0|
    |reg_13590                      |   31|   0|   31|          0|
    |reg_13594                      |   31|   0|   31|          0|
    |reg_13598                      |   31|   0|   31|          0|
    |reg_13602                      |   31|   0|   31|          0|
    |reg_13606                      |   31|   0|   31|          0|
    |reg_13610                      |   31|   0|   31|          0|
    |reg_17593                      |   31|   0|   31|          0|
    |reg_17597                      |   31|   0|   31|          0|
    |reg_17601                      |   31|   0|   31|          0|
    |reg_17607                      |   31|   0|   31|          0|
    |reg_17611                      |   31|   0|   31|          0|
    |reg_17624                      |   31|   0|   31|          0|
    |reg_17629                      |   31|   0|   31|          0|
    |reg_22437                      |   15|   0|   15|          0|
    |reg_22442                      |   15|   0|   15|          0|
    |reg_22447                      |   15|   0|   15|          0|
    |reg_22452                      |   15|   0|   15|          0|
    |reg_22457                      |   15|   0|   15|          0|
    |reg_22462                      |   15|   0|   15|          0|
    |reg_22467                      |   15|   0|   15|          0|
    |reg_22472                      |   15|   0|   15|          0|
    |reg_22477                      |   15|   0|   15|          0|
    |reg_22482                      |   15|   0|   15|          0|
    |reg_22487                      |   15|   0|   15|          0|
    |reg_22492                      |   15|   0|   15|          0|
    |reg_22497                      |   15|   0|   15|          0|
    |reg_22502                      |   15|   0|   15|          0|
    |reg_22507                      |   15|   0|   15|          0|
    |reg_22512                      |   15|   0|   15|          0|
    |reg_22517                      |   15|   0|   15|          0|
    |reg_22522                      |   15|   0|   15|          0|
    |reg_22527                      |   15|   0|   15|          0|
    |reg_22532                      |   15|   0|   15|          0|
    |reg_22537                      |   15|   0|   15|          0|
    |reg_22542                      |   15|   0|   15|          0|
    |reg_22547                      |   15|   0|   15|          0|
    |reg_22552                      |   15|   0|   15|          0|
    |reg_22557                      |   15|   0|   15|          0|
    |reg_22562                      |   15|   0|   15|          0|
    |reg_22567                      |   15|   0|   15|          0|
    |reg_22572                      |   15|   0|   15|          0|
    |reg_22577                      |   15|   0|   15|          0|
    |reg_22582                      |   15|   0|   15|          0|
    |reg_22587                      |   15|   0|   15|          0|
    |reg_22592                      |   15|   0|   15|          0|
    |reg_22597                      |   15|   0|   15|          0|
    |reg_22602                      |   15|   0|   15|          0|
    |reg_22607                      |   15|   0|   15|          0|
    |reg_22612                      |   15|   0|   15|          0|
    |reg_22617                      |   15|   0|   15|          0|
    |reg_22622                      |   15|   0|   15|          0|
    |reg_22627                      |   15|   0|   15|          0|
    |reg_22632                      |   15|   0|   15|          0|
    |reg_22637                      |   15|   0|   15|          0|
    |reg_22642                      |   15|   0|   15|          0|
    |reg_22647                      |   15|   0|   15|          0|
    |reg_22652                      |   15|   0|   15|          0|
    |reg_22657                      |   15|   0|   15|          0|
    |reg_22662                      |   15|   0|   15|          0|
    |reg_22667                      |   15|   0|   15|          0|
    |reg_22672                      |   15|   0|   15|          0|
    |reg_22677                      |   15|   0|   15|          0|
    |reg_3363                       |   32|   0|   32|          0|
    |reg_3757                       |   31|   0|   31|          0|
    |reg_4016                       |   31|   0|   31|          0|
    |ret_V_2_reg_32969              |   25|   0|   25|          0|
    |ret_V_reg_32974                |   49|   0|   49|          0|
    |select_ln340_2_reg_32939       |   24|   0|   24|          0|
    |sext_ln1116_100_reg_30857      |   31|   0|   31|          0|
    |sext_ln1116_101_reg_30862      |   31|   0|   31|          0|
    |sext_ln1116_102_reg_30867      |   31|   0|   31|          0|
    |sext_ln1116_103_reg_30872      |   31|   0|   31|          0|
    |sext_ln1116_104_reg_30877      |   31|   0|   31|          0|
    |sext_ln1116_105_reg_30882      |   31|   0|   31|          0|
    |sext_ln1116_106_reg_30887      |   31|   0|   31|          0|
    |sext_ln1116_107_reg_30892      |   31|   0|   31|          0|
    |sext_ln1116_108_reg_30897      |   31|   0|   31|          0|
    |sext_ln1116_109_reg_30902      |   31|   0|   31|          0|
    |sext_ln1116_10_reg_30407       |   31|   0|   31|          0|
    |sext_ln1116_110_reg_30907      |   31|   0|   31|          0|
    |sext_ln1116_111_reg_30912      |   31|   0|   31|          0|
    |sext_ln1116_112_reg_30917      |   31|   0|   31|          0|
    |sext_ln1116_113_reg_30922      |   31|   0|   31|          0|
    |sext_ln1116_114_reg_30927      |   31|   0|   31|          0|
    |sext_ln1116_115_reg_30932      |   31|   0|   31|          0|
    |sext_ln1116_116_reg_30937      |   31|   0|   31|          0|
    |sext_ln1116_117_reg_30942      |   31|   0|   31|          0|
    |sext_ln1116_118_reg_30947      |   31|   0|   31|          0|
    |sext_ln1116_119_reg_30952      |   31|   0|   31|          0|
    |sext_ln1116_11_reg_30412       |   31|   0|   31|          0|
    |sext_ln1116_120_reg_30957      |   31|   0|   31|          0|
    |sext_ln1116_121_reg_30962      |   31|   0|   31|          0|
    |sext_ln1116_122_reg_30967      |   31|   0|   31|          0|
    |sext_ln1116_123_reg_30972      |   31|   0|   31|          0|
    |sext_ln1116_124_reg_30977      |   31|   0|   31|          0|
    |sext_ln1116_125_reg_30982      |   31|   0|   31|          0|
    |sext_ln1116_126_reg_30987      |   31|   0|   31|          0|
    |sext_ln1116_127_reg_30992      |   31|   0|   31|          0|
    |sext_ln1116_128_reg_30997      |   31|   0|   31|          0|
    |sext_ln1116_129_reg_31002      |   31|   0|   31|          0|
    |sext_ln1116_12_reg_30417       |   31|   0|   31|          0|
    |sext_ln1116_130_reg_31007      |   31|   0|   31|          0|
    |sext_ln1116_131_reg_31012      |   31|   0|   31|          0|
    |sext_ln1116_132_reg_31017      |   31|   0|   31|          0|
    |sext_ln1116_133_reg_31022      |   31|   0|   31|          0|
    |sext_ln1116_134_reg_31027      |   31|   0|   31|          0|
    |sext_ln1116_135_reg_31032      |   31|   0|   31|          0|
    |sext_ln1116_136_reg_31037      |   31|   0|   31|          0|
    |sext_ln1116_137_reg_31042      |   31|   0|   31|          0|
    |sext_ln1116_138_reg_31047      |   31|   0|   31|          0|
    |sext_ln1116_139_reg_31052      |   31|   0|   31|          0|
    |sext_ln1116_13_reg_30422       |   31|   0|   31|          0|
    |sext_ln1116_140_reg_31057      |   31|   0|   31|          0|
    |sext_ln1116_141_reg_31062      |   31|   0|   31|          0|
    |sext_ln1116_142_reg_31067      |   31|   0|   31|          0|
    |sext_ln1116_143_reg_31072      |   31|   0|   31|          0|
    |sext_ln1116_144_reg_31077      |   31|   0|   31|          0|
    |sext_ln1116_145_reg_31082      |   31|   0|   31|          0|
    |sext_ln1116_146_reg_31087      |   31|   0|   31|          0|
    |sext_ln1116_147_reg_31092      |   31|   0|   31|          0|
    |sext_ln1116_148_reg_31097      |   31|   0|   31|          0|
    |sext_ln1116_149_reg_31102      |   31|   0|   31|          0|
    |sext_ln1116_14_reg_30427       |   31|   0|   31|          0|
    |sext_ln1116_150_reg_31107      |   31|   0|   31|          0|
    |sext_ln1116_151_reg_31112      |   31|   0|   31|          0|
    |sext_ln1116_152_reg_31117      |   31|   0|   31|          0|
    |sext_ln1116_153_reg_31122      |   31|   0|   31|          0|
    |sext_ln1116_154_reg_31127      |   31|   0|   31|          0|
    |sext_ln1116_155_reg_31132      |   31|   0|   31|          0|
    |sext_ln1116_156_reg_31137      |   31|   0|   31|          0|
    |sext_ln1116_157_reg_31142      |   31|   0|   31|          0|
    |sext_ln1116_158_reg_31147      |   31|   0|   31|          0|
    |sext_ln1116_159_reg_31152      |   31|   0|   31|          0|
    |sext_ln1116_15_reg_30432       |   31|   0|   31|          0|
    |sext_ln1116_160_reg_31157      |   31|   0|   31|          0|
    |sext_ln1116_161_reg_31162      |   31|   0|   31|          0|
    |sext_ln1116_162_reg_31167      |   31|   0|   31|          0|
    |sext_ln1116_163_reg_31172      |   31|   0|   31|          0|
    |sext_ln1116_164_reg_31177      |   31|   0|   31|          0|
    |sext_ln1116_165_reg_31182      |   31|   0|   31|          0|
    |sext_ln1116_166_reg_31187      |   31|   0|   31|          0|
    |sext_ln1116_167_reg_31192      |   31|   0|   31|          0|
    |sext_ln1116_168_reg_31197      |   31|   0|   31|          0|
    |sext_ln1116_169_reg_31202      |   31|   0|   31|          0|
    |sext_ln1116_16_reg_30437       |   31|   0|   31|          0|
    |sext_ln1116_170_reg_31207      |   31|   0|   31|          0|
    |sext_ln1116_171_reg_31212      |   31|   0|   31|          0|
    |sext_ln1116_172_reg_31217      |   31|   0|   31|          0|
    |sext_ln1116_173_reg_31222      |   31|   0|   31|          0|
    |sext_ln1116_174_reg_31227      |   31|   0|   31|          0|
    |sext_ln1116_175_reg_31232      |   31|   0|   31|          0|
    |sext_ln1116_176_reg_31237      |   31|   0|   31|          0|
    |sext_ln1116_177_reg_31242      |   31|   0|   31|          0|
    |sext_ln1116_178_reg_31247      |   31|   0|   31|          0|
    |sext_ln1116_179_reg_31252      |   31|   0|   31|          0|
    |sext_ln1116_17_reg_30442       |   31|   0|   31|          0|
    |sext_ln1116_180_reg_31257      |   31|   0|   31|          0|
    |sext_ln1116_181_reg_31262      |   31|   0|   31|          0|
    |sext_ln1116_182_reg_31267      |   31|   0|   31|          0|
    |sext_ln1116_183_reg_31272      |   31|   0|   31|          0|
    |sext_ln1116_184_reg_31277      |   31|   0|   31|          0|
    |sext_ln1116_185_reg_31282      |   31|   0|   31|          0|
    |sext_ln1116_186_reg_31287      |   31|   0|   31|          0|
    |sext_ln1116_187_reg_31292      |   31|   0|   31|          0|
    |sext_ln1116_188_reg_31297      |   31|   0|   31|          0|
    |sext_ln1116_189_reg_31302      |   31|   0|   31|          0|
    |sext_ln1116_18_reg_30447       |   31|   0|   31|          0|
    |sext_ln1116_190_reg_31307      |   31|   0|   31|          0|
    |sext_ln1116_191_reg_31312      |   31|   0|   31|          0|
    |sext_ln1116_192_reg_31317      |   31|   0|   31|          0|
    |sext_ln1116_193_reg_31322      |   31|   0|   31|          0|
    |sext_ln1116_19_reg_30452       |   31|   0|   31|          0|
    |sext_ln1116_1_reg_30362        |   31|   0|   31|          0|
    |sext_ln1116_20_reg_30457       |   31|   0|   31|          0|
    |sext_ln1116_21_reg_30462       |   31|   0|   31|          0|
    |sext_ln1116_22_reg_30467       |   31|   0|   31|          0|
    |sext_ln1116_23_reg_30472       |   31|   0|   31|          0|
    |sext_ln1116_24_reg_30477       |   31|   0|   31|          0|
    |sext_ln1116_25_reg_30482       |   31|   0|   31|          0|
    |sext_ln1116_26_reg_30487       |   31|   0|   31|          0|
    |sext_ln1116_27_reg_30492       |   31|   0|   31|          0|
    |sext_ln1116_28_reg_30497       |   31|   0|   31|          0|
    |sext_ln1116_29_reg_30502       |   31|   0|   31|          0|
    |sext_ln1116_2_reg_30367        |   31|   0|   31|          0|
    |sext_ln1116_30_reg_30507       |   31|   0|   31|          0|
    |sext_ln1116_31_reg_30512       |   31|   0|   31|          0|
    |sext_ln1116_32_reg_30517       |   31|   0|   31|          0|
    |sext_ln1116_33_reg_30522       |   31|   0|   31|          0|
    |sext_ln1116_34_reg_30527       |   31|   0|   31|          0|
    |sext_ln1116_35_reg_30532       |   31|   0|   31|          0|
    |sext_ln1116_36_reg_30537       |   31|   0|   31|          0|
    |sext_ln1116_37_reg_30542       |   31|   0|   31|          0|
    |sext_ln1116_38_reg_30547       |   31|   0|   31|          0|
    |sext_ln1116_39_reg_30552       |   31|   0|   31|          0|
    |sext_ln1116_3_reg_30372        |   31|   0|   31|          0|
    |sext_ln1116_40_reg_30557       |   31|   0|   31|          0|
    |sext_ln1116_41_reg_30562       |   31|   0|   31|          0|
    |sext_ln1116_42_reg_30567       |   31|   0|   31|          0|
    |sext_ln1116_43_reg_30572       |   31|   0|   31|          0|
    |sext_ln1116_44_reg_30577       |   31|   0|   31|          0|
    |sext_ln1116_45_reg_30582       |   31|   0|   31|          0|
    |sext_ln1116_46_reg_30587       |   31|   0|   31|          0|
    |sext_ln1116_47_reg_30592       |   31|   0|   31|          0|
    |sext_ln1116_48_reg_30597       |   31|   0|   31|          0|
    |sext_ln1116_49_reg_30602       |   31|   0|   31|          0|
    |sext_ln1116_4_reg_30377        |   31|   0|   31|          0|
    |sext_ln1116_50_reg_30607       |   31|   0|   31|          0|
    |sext_ln1116_51_reg_30612       |   31|   0|   31|          0|
    |sext_ln1116_52_reg_30617       |   31|   0|   31|          0|
    |sext_ln1116_53_reg_30622       |   31|   0|   31|          0|
    |sext_ln1116_54_reg_30627       |   31|   0|   31|          0|
    |sext_ln1116_55_reg_30632       |   31|   0|   31|          0|
    |sext_ln1116_56_reg_30637       |   31|   0|   31|          0|
    |sext_ln1116_57_reg_30642       |   31|   0|   31|          0|
    |sext_ln1116_58_reg_30647       |   31|   0|   31|          0|
    |sext_ln1116_59_reg_30652       |   31|   0|   31|          0|
    |sext_ln1116_5_reg_30382        |   31|   0|   31|          0|
    |sext_ln1116_60_reg_30657       |   31|   0|   31|          0|
    |sext_ln1116_61_reg_30662       |   31|   0|   31|          0|
    |sext_ln1116_62_reg_30667       |   31|   0|   31|          0|
    |sext_ln1116_63_reg_30672       |   31|   0|   31|          0|
    |sext_ln1116_64_reg_30677       |   31|   0|   31|          0|
    |sext_ln1116_65_reg_30682       |   31|   0|   31|          0|
    |sext_ln1116_66_reg_30687       |   31|   0|   31|          0|
    |sext_ln1116_67_reg_30692       |   31|   0|   31|          0|
    |sext_ln1116_68_reg_30697       |   31|   0|   31|          0|
    |sext_ln1116_69_reg_30702       |   31|   0|   31|          0|
    |sext_ln1116_6_reg_30387        |   31|   0|   31|          0|
    |sext_ln1116_70_reg_30707       |   31|   0|   31|          0|
    |sext_ln1116_71_reg_30712       |   31|   0|   31|          0|
    |sext_ln1116_72_reg_30717       |   31|   0|   31|          0|
    |sext_ln1116_73_reg_30722       |   31|   0|   31|          0|
    |sext_ln1116_74_reg_30727       |   31|   0|   31|          0|
    |sext_ln1116_75_reg_30732       |   31|   0|   31|          0|
    |sext_ln1116_76_reg_30737       |   31|   0|   31|          0|
    |sext_ln1116_77_reg_30742       |   31|   0|   31|          0|
    |sext_ln1116_78_reg_30747       |   31|   0|   31|          0|
    |sext_ln1116_79_reg_30752       |   31|   0|   31|          0|
    |sext_ln1116_7_reg_30392        |   31|   0|   31|          0|
    |sext_ln1116_80_reg_30757       |   31|   0|   31|          0|
    |sext_ln1116_81_reg_30762       |   31|   0|   31|          0|
    |sext_ln1116_82_reg_30767       |   31|   0|   31|          0|
    |sext_ln1116_83_reg_30772       |   31|   0|   31|          0|
    |sext_ln1116_84_reg_30777       |   31|   0|   31|          0|
    |sext_ln1116_85_reg_30782       |   31|   0|   31|          0|
    |sext_ln1116_86_reg_30787       |   31|   0|   31|          0|
    |sext_ln1116_87_reg_30792       |   31|   0|   31|          0|
    |sext_ln1116_88_reg_30797       |   31|   0|   31|          0|
    |sext_ln1116_89_reg_30802       |   31|   0|   31|          0|
    |sext_ln1116_8_reg_30397        |   31|   0|   31|          0|
    |sext_ln1116_90_reg_30807       |   31|   0|   31|          0|
    |sext_ln1116_91_reg_30812       |   31|   0|   31|          0|
    |sext_ln1116_92_reg_30817       |   31|   0|   31|          0|
    |sext_ln1116_93_reg_30822       |   31|   0|   31|          0|
    |sext_ln1116_94_reg_30827       |   31|   0|   31|          0|
    |sext_ln1116_95_reg_30832       |   31|   0|   31|          0|
    |sext_ln1116_96_reg_30837       |   31|   0|   31|          0|
    |sext_ln1116_97_reg_30842       |   31|   0|   31|          0|
    |sext_ln1116_98_reg_30847       |   31|   0|   31|          0|
    |sext_ln1116_99_reg_30852       |   31|   0|   31|          0|
    |sext_ln1116_9_reg_30402        |   31|   0|   31|          0|
    |sext_ln1116_reg_29379          |   31|   0|   31|          0|
    |sext_ln259_1_reg_29344         |   17|   0|   24|          7|
    |sext_ln259_2_reg_29354         |   17|   0|   24|          7|
    |sext_ln259_3_reg_29364         |   17|   0|   24|          7|
    |sext_ln259_reg_29334           |   17|   0|   24|          7|
    |sext_ln260_1_reg_29349         |   17|   0|   24|          7|
    |sext_ln260_2_reg_29359         |   17|   0|   24|          7|
    |sext_ln260_3_reg_29369         |   17|   0|   24|          7|
    |sext_ln260_reg_29339           |   17|   0|   24|          7|
    |sext_ln281_reg_31327           |   31|   0|   31|          0|
    |thr_V_reg_32949                |   24|   0|   24|          0|
    |thr_V_reg_32949_pp2_iter2_reg  |   24|   0|   24|          0|
    |tmp_10_reg_32964               |    1|   0|    1|          0|
    |tmp_1_reg_29403                |    6|   0|    6|          0|
    |tobool98_reg_29289             |    1|   0|    1|          0|
    |trunc_ln1265_reg_32912         |    2|   0|    2|          0|
    |trunc_ln271_reg_29413          |    3|   0|    3|          0|
    |underflow_1_reg_32933          |    1|   0|    1|          0|
    |urem_ln271_reg_29408           |    8|   0|    8|          0|
    |x_V_reg_32944                  |   24|   0|   24|          0|
    |ylp_V_1_0224_fu_998            |   40|   0|   40|          0|
    |ylp_V_2_0225_fu_1002           |   40|   0|   40|          0|
    |add_ln270_reg_29397            |   64|  32|    8|          0|
    |b_reg_3386                     |   64|  32|    2|          0|
    |icmp_ln1497_reg_32959          |   64|  32|    1|          0|
    |icmp_ln270_reg_29393           |   64|  32|    1|          0|
    |icmp_ln281_reg_31414           |   64|  32|    1|          0|
    |icmp_ln356_reg_32908           |   64|  32|    1|          0|
    |k_reg_3374                     |   64|  32|    8|          0|
    |p_Val2_8_reg_32918             |   64|  32|   40|          0|
    |tmp_10_reg_32964               |   64|  32|    1|          0|
    |x_V_reg_32944                  |   64|  32|   24|          0|
    +-------------------------------+-----+----+-----+-----------+
    |Total                          |16269| 320|15772|         56|
    +-------------------------------+-----+----+-----+-----------+



================================================================
== Interface
================================================================
* Summary: 
+--------------------+-----+-----+------------+---------------+--------------+
|      RTL Ports     | Dir | Bits|  Protocol  | Source Object |    C Type    |
+--------------------+-----+-----+------------+---------------+--------------+
|ap_clk              |   in|    1|  ap_ctrl_hs|  fir_multiband|  return value|
|ap_rst              |   in|    1|  ap_ctrl_hs|  fir_multiband|  return value|
|ap_start            |   in|    1|  ap_ctrl_hs|  fir_multiband|  return value|
|ap_done             |  out|    1|  ap_ctrl_hs|  fir_multiband|  return value|
|ap_idle             |  out|    1|  ap_ctrl_hs|  fir_multiband|  return value|
|ap_ready            |  out|    1|  ap_ctrl_hs|  fir_multiband|  return value|
|in_r                |   in|   16|     ap_none|           in_r|       pointer|
|out_r               |  out|   16|      ap_vld|          out_r|       pointer|
|out_r_ap_vld        |  out|    1|      ap_vld|          out_r|       pointer|
|length_r            |   in|   32|     ap_none|       length_r|        scalar|
|drc_thr_address0    |  out|    2|   ap_memory|        drc_thr|         array|
|drc_thr_ce0         |  out|    1|   ap_memory|        drc_thr|         array|
|drc_thr_q0          |   in|   16|   ap_memory|        drc_thr|         array|
|drc_thr_address1    |  out|    2|   ap_memory|        drc_thr|         array|
|drc_thr_ce1         |  out|    1|   ap_memory|        drc_thr|         array|
|drc_thr_q1          |   in|   16|   ap_memory|        drc_thr|         array|
|drc_ratio_address0  |  out|    2|   ap_memory|      drc_ratio|         array|
|drc_ratio_ce0       |  out|    1|   ap_memory|      drc_ratio|         array|
|drc_ratio_q0        |   in|   16|   ap_memory|      drc_ratio|         array|
|drc_ratio_address1  |  out|    2|   ap_memory|      drc_ratio|         array|
|drc_ratio_ce1       |  out|    1|   ap_memory|      drc_ratio|         array|
|drc_ratio_q1        |   in|   16|   ap_memory|      drc_ratio|         array|
|reset               |   in|   32|     ap_none|          reset|        scalar|
|bypass              |   in|   32|     ap_none|         bypass|        scalar|
+--------------------+-----+-----+------------+---------------+--------------+

