

================================================================
== Vitis HLS Report for 'fir_multiband'
================================================================
* Date:           Tue Sep 29 15:27:39 2026

* Version:        2020.2 (Build 3064766 on Wed Nov 18 09:12:45 MST 2020)
* Project:        synth_proj
* Solution:       solution1 (Vivado IP Flow Target)
* Product family: zynq
* Target device:  xc7z020-clg400-1


================================================================
== Performance Estimates
================================================================
+ Timing: 
    * Summary: 
    +--------+----------+----------+------------+
    |  Clock |  Target  | Estimated| Uncertainty|
    +--------+----------+----------+------------+
    |ap_clk  |  10.00 ns|  7.265 ns|     2.70 ns|
    +--------+----------+----------+------------+

+ Latency: 
    * Summary: 
    +---------+---------+----------+----------+-----+-----+---------+
    |  Latency (cycles) |  Latency (absolute) |  Interval | Pipeline|
    |   min   |   max   |    min   |    max   | min | max |   Type  |
    +---------+---------+----------+----------+-----+-----+---------+
    |        ?|        ?|         ?|         ?|    ?|    ?|     none|
    +---------+---------+----------+----------+-----+-----+---------+

    + Detail: 
        * Instance: 
        N/A

        * Loop: 
        +------------------------------------+---------+---------+----------+-----------+-----------+------+----------+
        |                                    |  Latency (cycles) | Iteration|  Initiation Interval  | Trip |          |
        |              Loop Name             |   min   |   max   |  Latency |  achieved |   target  | Count| Pipelined|
        +------------------------------------+---------+---------+----------+-----------+-----------+------+----------+
        |- VITIS_LOOP_50_1                   |       65|       65|         1|          1|          1|    65|       yes|
        |- VITIS_LOOP_54_2                   |        ?|        ?|      1805|          -|          -|     ?|        no|
        | + VITIS_LOOP_56_3                  |      192|      192|         4|          3|          1|    64|       yes|
        | + VITIS_LOOP_63_4_VITIS_LOOP_65_5  |     1608|     1608|        50|          6|          1|   260|       yes|
        +------------------------------------+---------+---------+----------+-----------+-----------+------+----------+



================================================================
== Utilization Estimates
================================================================
* Summary: 
+-----------------+---------+-----+--------+-------+-----+
|       Name      | BRAM_18K| DSP |   FF   |  LUT  | URAM|
+-----------------+---------+-----+--------+-------+-----+
|DSP              |        -|    -|       -|      -|    -|
|Expression       |        -|    -|       0|  14385|    -|
|FIFO             |        -|    -|       -|      -|    -|
|Instance         |        -|    5|     348|    992|    -|
|Memory           |        -|    -|       -|      -|    -|
|Multiplexer      |        -|    -|       -|   1574|    -|
|Register         |        -|    -|    6015|    288|    -|
+-----------------+---------+-----+--------+-------+-----+
|Total            |        0|    5|    6363|  17239|    0|
+-----------------+---------+-----+--------+-------+-----+
|Available        |      280|  220|  106400|  53200|    0|
+-----------------+---------+-----+--------+-------+-----+
|Utilization (%)  |        0|    2|       5|     32|    0|
+-----------------+---------+-----+--------+-------+-----+

+ Detail: 
    * Instance: 
    +-----------------------------------+--------------------------------+---------+----+-----+-----+-----+
    |              Instance             |             Module             | BRAM_18K| DSP|  FF | LUT | URAM|
    +-----------------------------------+--------------------------------+---------+----+-----+-----+-----+
    |fadd_32ns_32ns_32_5_full_dsp_1_U1  |fadd_32ns_32ns_32_5_full_dsp_1  |        0|   2|  205|  390|    0|
    |fcmp_32ns_32ns_1_2_no_dsp_1_U3     |fcmp_32ns_32ns_1_2_no_dsp_1     |        0|   0|    0|    0|    0|
    |fmul_32ns_32ns_32_4_max_dsp_1_U2   |fmul_32ns_32ns_32_4_max_dsp_1   |        0|   3|  143|  321|    0|
    |mux_657_32_1_1_U4                  |mux_657_32_1_1                  |        0|   0|    0|  281|    0|
    +-----------------------------------+--------------------------------+---------+----+-----+-----+-----+
    |Total                              |                                |        0|   5|  348|  992|    0|
    +-----------------------------------+--------------------------------+---------+----+-----+-----+-----+

    * DSP: 
    N/A

    * Memory: 
    N/A

    * FIFO: 
    N/A

    * Expression: 
    +-------------------------------+----------+----+---+-----+------------+------------+
    |         Variable Name         | Operation| DSP| FF| LUT | Bitwidth P0| Bitwidth P1|
    +-------------------------------+----------+----+---+-----+------------+------------+
    |add_ln50_fu_2167_p2            |         +|   0|  0|   14|           7|           1|
    |add_ln54_fu_3715_p2            |         +|   0|  0|   39|          32|           1|
    |add_ln56_fu_3732_p2            |         +|   0|  0|   14|           7|           2|
    |add_ln63_1_fu_5402_p2          |         +|   0|  0|   11|           3|           1|
    |add_ln63_fu_6436_p2            |         +|   0|  0|   14|           9|           1|
    |add_ln65_fu_6659_p2            |         +|   0|  0|   14|           7|           1|
    |and_ln36_fu_9834_p2            |       and|   0|  0|    2|           1|           1|
    |and_ln37_fu_9898_p2            |       and|   0|  0|    2|           1|           1|
    |icmp_ln36_1_fu_9822_p2         |      icmp|   0|  0|   15|          23|           1|
    |icmp_ln36_fu_9816_p2           |      icmp|   0|  0|   11|           8|           2|
    |icmp_ln37_1_fu_9880_p2         |      icmp|   0|  0|   15|          23|           1|
    |icmp_ln37_fu_9874_p2           |      icmp|   0|  0|   11|           8|           2|
    |icmp_ln50_fu_2557_p2           |      icmp|   0|  0|   10|           7|           7|
    |icmp_ln521_100_fu_6987_p2      |      icmp|   0|  0|   11|           9|           7|
    |icmp_ln521_101_fu_7014_p2      |      icmp|   0|  0|   11|           9|           7|
    |icmp_ln521_102_fu_7019_p2      |      icmp|   0|  0|   11|           9|           7|
    |icmp_ln521_103_fu_7046_p2      |      icmp|   0|  0|   11|           9|           7|
    |icmp_ln521_104_fu_7051_p2      |      icmp|   0|  0|   11|           9|           7|
    |icmp_ln521_105_fu_7078_p2      |      icmp|   0|  0|   11|           9|           7|
    |icmp_ln521_106_fu_7083_p2      |      icmp|   0|  0|   11|           9|           7|
    |icmp_ln521_107_fu_7088_p2      |      icmp|   0|  0|   11|           9|           7|
    |icmp_ln521_108_fu_7093_p2      |      icmp|   0|  0|   11|           9|           7|
    |icmp_ln521_109_fu_7135_p2      |      icmp|   0|  0|   11|           9|           7|
    |icmp_ln521_10_fu_5562_p2       |      icmp|   0|  0|   11|           9|           4|
    |icmp_ln521_110_fu_7140_p2      |      icmp|   0|  0|   11|           9|           7|
    |icmp_ln521_111_fu_7167_p2      |      icmp|   0|  0|   11|           9|           7|
    |icmp_ln521_112_fu_7172_p2      |      icmp|   0|  0|   11|           9|           7|
    |icmp_ln521_113_fu_7199_p2      |      icmp|   0|  0|   11|           9|           7|
    |icmp_ln521_114_fu_7204_p2      |      icmp|   0|  0|   11|           9|           7|
    |icmp_ln521_115_fu_7231_p2      |      icmp|   0|  0|   11|           9|           7|
    |icmp_ln521_116_fu_7236_p2      |      icmp|   0|  0|   11|           9|           7|
    |icmp_ln521_117_fu_7263_p2      |      icmp|   0|  0|   11|           9|           7|
    |icmp_ln521_118_fu_7268_p2      |      icmp|   0|  0|   11|           9|           7|
    |icmp_ln521_119_fu_7295_p2      |      icmp|   0|  0|   11|           9|           7|
    |icmp_ln521_11_fu_5605_p2       |      icmp|   0|  0|   11|           9|           4|
    |icmp_ln521_120_fu_7300_p2      |      icmp|   0|  0|   11|           9|           7|
    |icmp_ln521_121_fu_7305_p2      |      icmp|   0|  0|   11|           9|           7|
    |icmp_ln521_122_fu_7310_p2      |      icmp|   0|  0|   11|           9|           7|
    |icmp_ln521_123_fu_7352_p2      |      icmp|   0|  0|   11|           9|           7|
    |icmp_ln521_124_fu_7357_p2      |      icmp|   0|  0|   11|           9|           7|
    |icmp_ln521_125_fu_7384_p2      |      icmp|   0|  0|   11|           9|           7|
    |icmp_ln521_126_fu_7389_p2      |      icmp|   0|  0|   11|           9|           7|
    |icmp_ln521_127_fu_7416_p2      |      icmp|   0|  0|   11|           9|           7|
    |icmp_ln521_128_fu_7421_p2      |      icmp|   0|  0|   11|           9|           8|
    |icmp_ln521_129_fu_7448_p2      |      icmp|   0|  0|   11|           9|           8|
    |icmp_ln521_12_fu_5610_p2       |      icmp|   0|  0|   11|           9|           4|
    |icmp_ln521_130_fu_7453_p2      |      icmp|   0|  0|   11|           9|           8|
    |icmp_ln521_131_fu_7480_p2      |      icmp|   0|  0|   11|           9|           8|
    |icmp_ln521_132_fu_7485_p2      |      icmp|   0|  0|   11|           9|           8|
    |icmp_ln521_133_fu_7512_p2      |      icmp|   0|  0|   11|           9|           8|
    |icmp_ln521_134_fu_7517_p2      |      icmp|   0|  0|   11|           9|           8|
    |icmp_ln521_135_fu_7522_p2      |      icmp|   0|  0|   11|           9|           8|
    |icmp_ln521_136_fu_7527_p2      |      icmp|   0|  0|   11|           9|           8|
    |icmp_ln521_137_fu_7569_p2      |      icmp|   0|  0|   11|           9|           8|
    |icmp_ln521_138_fu_7574_p2      |      icmp|   0|  0|   11|           9|           8|
    |icmp_ln521_139_fu_7601_p2      |      icmp|   0|  0|   11|           9|           8|
    |icmp_ln521_13_fu_5637_p2       |      icmp|   0|  0|   11|           9|           4|
    |icmp_ln521_140_fu_7606_p2      |      icmp|   0|  0|   11|           9|           8|
    |icmp_ln521_141_fu_7633_p2      |      icmp|   0|  0|   11|           9|           8|
    |icmp_ln521_142_fu_7638_p2      |      icmp|   0|  0|   11|           9|           8|
    |icmp_ln521_143_fu_7665_p2      |      icmp|   0|  0|   11|           9|           8|
    |icmp_ln521_144_fu_7670_p2      |      icmp|   0|  0|   11|           9|           8|
    |icmp_ln521_145_fu_7697_p2      |      icmp|   0|  0|   11|           9|           8|
    |icmp_ln521_146_fu_7702_p2      |      icmp|   0|  0|   11|           9|           8|
    |icmp_ln521_147_fu_7729_p2      |      icmp|   0|  0|   11|           9|           8|
    |icmp_ln521_148_fu_7734_p2      |      icmp|   0|  0|   11|           9|           8|
    |icmp_ln521_149_fu_7739_p2      |      icmp|   0|  0|   11|           9|           8|
    |icmp_ln521_14_fu_5642_p2       |      icmp|   0|  0|   11|           9|           4|
    |icmp_ln521_150_fu_7744_p2      |      icmp|   0|  0|   11|           9|           8|
    |icmp_ln521_151_fu_7786_p2      |      icmp|   0|  0|   11|           9|           8|
    |icmp_ln521_152_fu_7791_p2      |      icmp|   0|  0|   11|           9|           8|
    |icmp_ln521_153_fu_7818_p2      |      icmp|   0|  0|   11|           9|           8|
    |icmp_ln521_154_fu_7823_p2      |      icmp|   0|  0|   11|           9|           8|
    |icmp_ln521_155_fu_7850_p2      |      icmp|   0|  0|   11|           9|           8|
    |icmp_ln521_156_fu_7855_p2      |      icmp|   0|  0|   11|           9|           8|
    |icmp_ln521_157_fu_7882_p2      |      icmp|   0|  0|   11|           9|           8|
    |icmp_ln521_158_fu_7887_p2      |      icmp|   0|  0|   11|           9|           8|
    |icmp_ln521_159_fu_7914_p2      |      icmp|   0|  0|   11|           9|           8|
    |icmp_ln521_15_fu_5669_p2       |      icmp|   0|  0|   11|           9|           4|
    |icmp_ln521_160_fu_7919_p2      |      icmp|   0|  0|   11|           9|           8|
    |icmp_ln521_161_fu_7946_p2      |      icmp|   0|  0|   11|           9|           8|
    |icmp_ln521_162_fu_7951_p2      |      icmp|   0|  0|   11|           9|           8|
    |icmp_ln521_163_fu_7956_p2      |      icmp|   0|  0|   11|           9|           8|
    |icmp_ln521_164_fu_7961_p2      |      icmp|   0|  0|   11|           9|           8|
    |icmp_ln521_165_fu_8003_p2      |      icmp|   0|  0|   11|           9|           8|
    |icmp_ln521_166_fu_8008_p2      |      icmp|   0|  0|   11|           9|           8|
    |icmp_ln521_167_fu_8035_p2      |      icmp|   0|  0|   11|           9|           8|
    |icmp_ln521_168_fu_8040_p2      |      icmp|   0|  0|   11|           9|           8|
    |icmp_ln521_169_fu_8067_p2      |      icmp|   0|  0|   11|           9|           8|
    |icmp_ln521_16_fu_5674_p2       |      icmp|   0|  0|   11|           9|           5|
    |icmp_ln521_170_fu_8072_p2      |      icmp|   0|  0|   11|           9|           8|
    |icmp_ln521_171_fu_8099_p2      |      icmp|   0|  0|   11|           9|           8|
    |icmp_ln521_172_fu_8104_p2      |      icmp|   0|  0|   11|           9|           8|
    |icmp_ln521_173_fu_8131_p2      |      icmp|   0|  0|   11|           9|           8|
    |icmp_ln521_174_fu_8136_p2      |      icmp|   0|  0|   11|           9|           8|
    |icmp_ln521_175_fu_8163_p2      |      icmp|   0|  0|   11|           9|           8|
    |icmp_ln521_176_fu_8168_p2      |      icmp|   0|  0|   11|           9|           8|
    |icmp_ln521_177_fu_8173_p2      |      icmp|   0|  0|   11|           9|           8|
    |icmp_ln521_178_fu_8178_p2      |      icmp|   0|  0|   11|           9|           8|
    |icmp_ln521_179_fu_8220_p2      |      icmp|   0|  0|   11|           9|           8|
    |icmp_ln521_17_fu_5701_p2       |      icmp|   0|  0|   11|           9|           5|
    |icmp_ln521_180_fu_8225_p2      |      icmp|   0|  0|   11|           9|           8|
    |icmp_ln521_181_fu_8252_p2      |      icmp|   0|  0|   11|           9|           8|
    |icmp_ln521_182_fu_8257_p2      |      icmp|   0|  0|   11|           9|           8|
    |icmp_ln521_183_fu_8284_p2      |      icmp|   0|  0|   11|           9|           8|
    |icmp_ln521_184_fu_8289_p2      |      icmp|   0|  0|   11|           9|           8|
    |icmp_ln521_185_fu_8316_p2      |      icmp|   0|  0|   11|           9|           8|
    |icmp_ln521_186_fu_8321_p2      |      icmp|   0|  0|   11|           9|           8|
    |icmp_ln521_187_fu_8348_p2      |      icmp|   0|  0|   11|           9|           8|
    |icmp_ln521_188_fu_8353_p2      |      icmp|   0|  0|   11|           9|           8|
    |icmp_ln521_189_fu_8380_p2      |      icmp|   0|  0|   11|           9|           8|
    |icmp_ln521_18_fu_5706_p2       |      icmp|   0|  0|   11|           9|           5|
    |icmp_ln521_190_fu_8385_p2      |      icmp|   0|  0|   11|           9|           8|
    |icmp_ln521_191_fu_8390_p2      |      icmp|   0|  0|   11|           9|           8|
    |icmp_ln521_192_fu_8395_p2      |      icmp|   0|  0|   11|           9|           8|
    |icmp_ln521_193_fu_8437_p2      |      icmp|   0|  0|   11|           9|           8|
    |icmp_ln521_194_fu_8442_p2      |      icmp|   0|  0|   11|           9|           8|
    |icmp_ln521_195_fu_8469_p2      |      icmp|   0|  0|   11|           9|           8|
    |icmp_ln521_196_fu_8474_p2      |      icmp|   0|  0|   11|           9|           8|
    |icmp_ln521_197_fu_8501_p2      |      icmp|   0|  0|   11|           9|           8|
    |icmp_ln521_198_fu_8506_p2      |      icmp|   0|  0|   11|           9|           8|
    |icmp_ln521_199_fu_8533_p2      |      icmp|   0|  0|   11|           9|           8|
    |icmp_ln521_19_fu_5733_p2       |      icmp|   0|  0|   11|           9|           5|
    |icmp_ln521_1_fu_5442_p2        |      icmp|   0|  0|   11|           9|           1|
    |icmp_ln521_200_fu_8538_p2      |      icmp|   0|  0|   11|           9|           8|
    |icmp_ln521_201_fu_8565_p2      |      icmp|   0|  0|   11|           9|           8|
    |icmp_ln521_202_fu_8570_p2      |      icmp|   0|  0|   11|           9|           8|
    |icmp_ln521_203_fu_8597_p2      |      icmp|   0|  0|   11|           9|           8|
    |icmp_ln521_204_fu_8602_p2      |      icmp|   0|  0|   11|           9|           8|
    |icmp_ln521_205_fu_8607_p2      |      icmp|   0|  0|   11|           9|           8|
    |icmp_ln521_206_fu_8612_p2      |      icmp|   0|  0|   11|           9|           8|
    |icmp_ln521_207_fu_8654_p2      |      icmp|   0|  0|   11|           9|           8|
    |icmp_ln521_208_fu_8659_p2      |      icmp|   0|  0|   11|           9|           8|
    |icmp_ln521_209_fu_8686_p2      |      icmp|   0|  0|   11|           9|           8|
    |icmp_ln521_20_fu_5738_p2       |      icmp|   0|  0|   11|           9|           5|
    |icmp_ln521_210_fu_8691_p2      |      icmp|   0|  0|   11|           9|           8|
    |icmp_ln521_211_fu_8718_p2      |      icmp|   0|  0|   11|           9|           8|
    |icmp_ln521_212_fu_8723_p2      |      icmp|   0|  0|   11|           9|           8|
    |icmp_ln521_213_fu_8750_p2      |      icmp|   0|  0|   11|           9|           8|
    |icmp_ln521_214_fu_8755_p2      |      icmp|   0|  0|   11|           9|           8|
    |icmp_ln521_215_fu_8782_p2      |      icmp|   0|  0|   11|           9|           8|
    |icmp_ln521_216_fu_8787_p2      |      icmp|   0|  0|   11|           9|           8|
    |icmp_ln521_217_fu_8814_p2      |      icmp|   0|  0|   11|           9|           8|
    |icmp_ln521_218_fu_8819_p2      |      icmp|   0|  0|   11|           9|           8|
    |icmp_ln521_219_fu_8824_p2      |      icmp|   0|  0|   11|           9|           8|
    |icmp_ln521_21_fu_5765_p2       |      icmp|   0|  0|   11|           9|           5|
    |icmp_ln521_220_fu_8829_p2      |      icmp|   0|  0|   11|           9|           8|
    |icmp_ln521_221_fu_8871_p2      |      icmp|   0|  0|   11|           9|           8|
    |icmp_ln521_222_fu_8876_p2      |      icmp|   0|  0|   11|           9|           8|
    |icmp_ln521_223_fu_8903_p2      |      icmp|   0|  0|   11|           9|           8|
    |icmp_ln521_224_fu_8908_p2      |      icmp|   0|  0|   11|           9|           8|
    |icmp_ln521_225_fu_8935_p2      |      icmp|   0|  0|   11|           9|           8|
    |icmp_ln521_226_fu_8940_p2      |      icmp|   0|  0|   11|           9|           8|
    |icmp_ln521_227_fu_8967_p2      |      icmp|   0|  0|   11|           9|           8|
    |icmp_ln521_228_fu_8972_p2      |      icmp|   0|  0|   11|           9|           8|
    |icmp_ln521_229_fu_8999_p2      |      icmp|   0|  0|   11|           9|           8|
    |icmp_ln521_22_fu_5770_p2       |      icmp|   0|  0|   11|           9|           5|
    |icmp_ln521_230_fu_9004_p2      |      icmp|   0|  0|   11|           9|           8|
    |icmp_ln521_231_fu_9031_p2      |      icmp|   0|  0|   11|           9|           8|
    |icmp_ln521_232_fu_9036_p2      |      icmp|   0|  0|   11|           9|           8|
    |icmp_ln521_233_fu_9041_p2      |      icmp|   0|  0|   11|           9|           8|
    |icmp_ln521_234_fu_9046_p2      |      icmp|   0|  0|   11|           9|           8|
    |icmp_ln521_235_fu_9088_p2      |      icmp|   0|  0|   11|           9|           8|
    |icmp_ln521_236_fu_9093_p2      |      icmp|   0|  0|   11|           9|           8|
    |icmp_ln521_237_fu_9120_p2      |      icmp|   0|  0|   11|           9|           8|
    |icmp_ln521_238_fu_9125_p2      |      icmp|   0|  0|   11|           9|           8|
    |icmp_ln521_239_fu_9152_p2      |      icmp|   0|  0|   11|           9|           8|
    |icmp_ln521_23_fu_5775_p2       |      icmp|   0|  0|   11|           9|           5|
    |icmp_ln521_240_fu_9157_p2      |      icmp|   0|  0|   11|           9|           8|
    |icmp_ln521_241_fu_9184_p2      |      icmp|   0|  0|   11|           9|           8|
    |icmp_ln521_242_fu_9189_p2      |      icmp|   0|  0|   11|           9|           8|
    |icmp_ln521_243_fu_9216_p2      |      icmp|   0|  0|   11|           9|           8|
    |icmp_ln521_244_fu_9221_p2      |      icmp|   0|  0|   11|           9|           8|
    |icmp_ln521_245_fu_9248_p2      |      icmp|   0|  0|   11|           9|           8|
    |icmp_ln521_246_fu_9253_p2      |      icmp|   0|  0|   11|           9|           8|
    |icmp_ln521_247_fu_9258_p2      |      icmp|   0|  0|   11|           9|           8|
    |icmp_ln521_248_fu_9263_p2      |      icmp|   0|  0|   11|           9|           8|
    |icmp_ln521_249_fu_9631_p2      |      icmp|   0|  0|   11|           9|           8|
    |icmp_ln521_24_fu_5780_p2       |      icmp|   0|  0|   11|           9|           5|
    |icmp_ln521_250_fu_9636_p2      |      icmp|   0|  0|   11|           9|           8|
    |icmp_ln521_251_fu_9663_p2      |      icmp|   0|  0|   11|           9|           8|
    |icmp_ln521_252_fu_9668_p2      |      icmp|   0|  0|   11|           9|           8|
    |icmp_ln521_253_fu_9695_p2      |      icmp|   0|  0|   11|           9|           8|
    |icmp_ln521_254_fu_9700_p2      |      icmp|   0|  0|   11|           9|           8|
    |icmp_ln521_255_fu_9727_p2      |      icmp|   0|  0|   11|           9|           8|
    |icmp_ln521_256_fu_9732_p2      |      icmp|   0|  0|   11|           9|          10|
    |icmp_ln521_257_fu_9759_p2      |      icmp|   0|  0|   11|           9|           9|
    |icmp_ln521_258_fu_9764_p2      |      icmp|   0|  0|   11|           9|           9|
    |icmp_ln521_25_fu_5822_p2       |      icmp|   0|  0|   11|           9|           5|
    |icmp_ln521_26_fu_5827_p2       |      icmp|   0|  0|   11|           9|           5|
    |icmp_ln521_27_fu_5854_p2       |      icmp|   0|  0|   11|           9|           5|
    |icmp_ln521_28_fu_5859_p2       |      icmp|   0|  0|   11|           9|           5|
    |icmp_ln521_29_fu_5886_p2       |      icmp|   0|  0|   11|           9|           5|
    |icmp_ln521_2_fu_5448_p2        |      icmp|   0|  0|   11|           9|           2|
    |icmp_ln521_30_fu_5891_p2       |      icmp|   0|  0|   11|           9|           5|
    |icmp_ln521_31_fu_5918_p2       |      icmp|   0|  0|   11|           9|           5|
    |icmp_ln521_32_fu_5923_p2       |      icmp|   0|  0|   11|           9|           6|
    |icmp_ln521_33_fu_5950_p2       |      icmp|   0|  0|   11|           9|           6|
    |icmp_ln521_34_fu_5955_p2       |      icmp|   0|  0|   11|           9|           6|
    |icmp_ln521_35_fu_5982_p2       |      icmp|   0|  0|   11|           9|           6|
    |icmp_ln521_36_fu_5987_p2       |      icmp|   0|  0|   11|           9|           6|
    |icmp_ln521_37_fu_5992_p2       |      icmp|   0|  0|   11|           9|           6|
    |icmp_ln521_38_fu_5997_p2       |      icmp|   0|  0|   11|           9|           6|
    |icmp_ln521_39_fu_6039_p2       |      icmp|   0|  0|   11|           9|           6|
    |icmp_ln521_3_fu_5476_p2        |      icmp|   0|  0|   11|           9|           2|
    |icmp_ln521_40_fu_6044_p2       |      icmp|   0|  0|   11|           9|           6|
    |icmp_ln521_41_fu_6071_p2       |      icmp|   0|  0|   11|           9|           6|
    |icmp_ln521_42_fu_6076_p2       |      icmp|   0|  0|   11|           9|           6|
    |icmp_ln521_43_fu_6103_p2       |      icmp|   0|  0|   11|           9|           6|
    |icmp_ln521_44_fu_6108_p2       |      icmp|   0|  0|   11|           9|           6|
    |icmp_ln521_45_fu_6135_p2       |      icmp|   0|  0|   11|           9|           6|
    |icmp_ln521_46_fu_6140_p2       |      icmp|   0|  0|   11|           9|           6|
    |icmp_ln521_47_fu_6167_p2       |      icmp|   0|  0|   11|           9|           6|
    |icmp_ln521_48_fu_6172_p2       |      icmp|   0|  0|   11|           9|           6|
    |icmp_ln521_49_fu_6199_p2       |      icmp|   0|  0|   11|           9|           6|
    |icmp_ln521_4_fu_5482_p2        |      icmp|   0|  0|   11|           9|           3|
    |icmp_ln521_50_fu_6204_p2       |      icmp|   0|  0|   11|           9|           6|
    |icmp_ln521_51_fu_6209_p2       |      icmp|   0|  0|   11|           9|           6|
    |icmp_ln521_52_fu_6214_p2       |      icmp|   0|  0|   11|           9|           6|
    |icmp_ln521_53_fu_6256_p2       |      icmp|   0|  0|   11|           9|           6|
    |icmp_ln521_54_fu_6261_p2       |      icmp|   0|  0|   11|           9|           6|
    |icmp_ln521_55_fu_6288_p2       |      icmp|   0|  0|   11|           9|           6|
    |icmp_ln521_56_fu_6293_p2       |      icmp|   0|  0|   11|           9|           6|
    |icmp_ln521_57_fu_6320_p2       |      icmp|   0|  0|   11|           9|           6|
    |icmp_ln521_58_fu_6325_p2       |      icmp|   0|  0|   11|           9|           6|
    |icmp_ln521_59_fu_6352_p2       |      icmp|   0|  0|   11|           9|           6|
    |icmp_ln521_5_fu_5510_p2        |      icmp|   0|  0|   11|           9|           3|
    |icmp_ln521_60_fu_6357_p2       |      icmp|   0|  0|   11|           9|           6|
    |icmp_ln521_61_fu_6384_p2       |      icmp|   0|  0|   11|           9|           6|
    |icmp_ln521_62_fu_6389_p2       |      icmp|   0|  0|   11|           9|           6|
    |icmp_ln521_63_fu_6416_p2       |      icmp|   0|  0|   11|           9|           6|
    |icmp_ln521_64_fu_6421_p2       |      icmp|   0|  0|   11|           9|           7|
    |icmp_ln521_65_fu_6426_p2       |      icmp|   0|  0|   11|           9|           7|
    |icmp_ln521_66_fu_6431_p2       |      icmp|   0|  0|   11|           9|           7|
    |icmp_ln521_67_fu_6479_p2       |      icmp|   0|  0|   11|           9|           7|
    |icmp_ln521_68_fu_6484_p2       |      icmp|   0|  0|   11|           9|           7|
    |icmp_ln521_69_fu_6511_p2       |      icmp|   0|  0|   11|           9|           7|
    |icmp_ln521_6_fu_5516_p2        |      icmp|   0|  0|   11|           9|           3|
    |icmp_ln521_70_fu_6516_p2       |      icmp|   0|  0|   11|           9|           7|
    |icmp_ln521_71_fu_6543_p2       |      icmp|   0|  0|   11|           9|           7|
    |icmp_ln521_72_fu_6548_p2       |      icmp|   0|  0|   11|           9|           7|
    |icmp_ln521_73_fu_6575_p2       |      icmp|   0|  0|   11|           9|           7|
    |icmp_ln521_74_fu_6580_p2       |      icmp|   0|  0|   11|           9|           7|
    |icmp_ln521_75_fu_6607_p2       |      icmp|   0|  0|   11|           9|           7|
    |icmp_ln521_76_fu_6612_p2       |      icmp|   0|  0|   11|           9|           7|
    |icmp_ln521_77_fu_6639_p2       |      icmp|   0|  0|   11|           9|           7|
    |icmp_ln521_78_fu_6644_p2       |      icmp|   0|  0|   11|           9|           7|
    |icmp_ln521_79_fu_6649_p2       |      icmp|   0|  0|   11|           9|           7|
    |icmp_ln521_7_fu_5544_p2        |      icmp|   0|  0|   11|           9|           3|
    |icmp_ln521_80_fu_6654_p2       |      icmp|   0|  0|   11|           9|           7|
    |icmp_ln521_81_fu_6701_p2       |      icmp|   0|  0|   11|           9|           7|
    |icmp_ln521_82_fu_6706_p2       |      icmp|   0|  0|   11|           9|           7|
    |icmp_ln521_83_fu_6733_p2       |      icmp|   0|  0|   11|           9|           7|
    |icmp_ln521_84_fu_6738_p2       |      icmp|   0|  0|   11|           9|           7|
    |icmp_ln521_85_fu_6765_p2       |      icmp|   0|  0|   11|           9|           7|
    |icmp_ln521_86_fu_6770_p2       |      icmp|   0|  0|   11|           9|           7|
    |icmp_ln521_87_fu_6797_p2       |      icmp|   0|  0|   11|           9|           7|
    |icmp_ln521_88_fu_6802_p2       |      icmp|   0|  0|   11|           9|           7|
    |icmp_ln521_89_fu_6829_p2       |      icmp|   0|  0|   11|           9|           7|
    |icmp_ln521_8_fu_5550_p2        |      icmp|   0|  0|   11|           9|           4|
    |icmp_ln521_90_fu_6834_p2       |      icmp|   0|  0|   11|           9|           7|
    |icmp_ln521_91_fu_6861_p2       |      icmp|   0|  0|   11|           9|           7|
    |icmp_ln521_92_fu_6866_p2       |      icmp|   0|  0|   11|           9|           7|
    |icmp_ln521_93_fu_6871_p2       |      icmp|   0|  0|   11|           9|           7|
    |icmp_ln521_94_fu_6876_p2       |      icmp|   0|  0|   11|           9|           7|
    |icmp_ln521_95_fu_6918_p2       |      icmp|   0|  0|   11|           9|           7|
    |icmp_ln521_96_fu_6923_p2       |      icmp|   0|  0|   11|           9|           7|
    |icmp_ln521_97_fu_6950_p2       |      icmp|   0|  0|   11|           9|           7|
    |icmp_ln521_98_fu_6955_p2       |      icmp|   0|  0|   11|           9|           7|
    |icmp_ln521_99_fu_6982_p2       |      icmp|   0|  0|   11|           9|           7|
    |icmp_ln521_9_fu_5556_p2        |      icmp|   0|  0|   11|           9|           4|
    |icmp_ln521_fu_5428_p2          |      icmp|   0|  0|   11|           9|           1|
    |icmp_ln54_fu_3721_p2           |      icmp|   0|  0|   18|          32|          32|
    |icmp_ln56_fu_3726_p2           |      icmp|   0|  0|   10|           7|           1|
    |icmp_ln57_10_fu_3908_p2        |      icmp|   0|  0|   10|           7|           4|
    |icmp_ln57_11_fu_3914_p2        |      icmp|   0|  0|   10|           7|           4|
    |icmp_ln57_12_fu_3920_p2        |      icmp|   0|  0|   10|           7|           4|
    |icmp_ln57_13_fu_3926_p2        |      icmp|   0|  0|   10|           7|           4|
    |icmp_ln57_14_fu_4019_p2        |      icmp|   0|  0|   10|           7|           4|
    |icmp_ln57_15_fu_4032_p2        |      icmp|   0|  0|   10|           7|           4|
    |icmp_ln57_16_fu_4045_p2        |      icmp|   0|  0|   10|           7|           5|
    |icmp_ln57_17_fu_4058_p2        |      icmp|   0|  0|   10|           7|           5|
    |icmp_ln57_18_fu_4071_p2        |      icmp|   0|  0|   10|           7|           5|
    |icmp_ln57_19_fu_4084_p2        |      icmp|   0|  0|   10|           7|           5|
    |icmp_ln57_1_fu_3782_p2         |      icmp|   0|  0|   10|           7|           1|
    |icmp_ln57_20_fu_4097_p2        |      icmp|   0|  0|   10|           7|           5|
    |icmp_ln57_21_fu_4110_p2        |      icmp|   0|  0|   10|           7|           5|
    |icmp_ln57_22_fu_4123_p2        |      icmp|   0|  0|   10|           7|           5|
    |icmp_ln57_23_fu_4136_p2        |      icmp|   0|  0|   10|           7|           5|
    |icmp_ln57_24_fu_4149_p2        |      icmp|   0|  0|   10|           7|           5|
    |icmp_ln57_25_fu_4162_p2        |      icmp|   0|  0|   10|           7|           5|
    |icmp_ln57_26_fu_4175_p2        |      icmp|   0|  0|   10|           7|           5|
    |icmp_ln57_27_fu_4188_p2        |      icmp|   0|  0|   10|           7|           5|
    |icmp_ln57_28_fu_4201_p2        |      icmp|   0|  0|   10|           7|           5|
    |icmp_ln57_29_fu_4214_p2        |      icmp|   0|  0|   10|           7|           5|
    |icmp_ln57_2_fu_3796_p2         |      icmp|   0|  0|   10|           7|           2|
    |icmp_ln57_30_fu_4227_p2        |      icmp|   0|  0|   10|           7|           5|
    |icmp_ln57_31_fu_4232_p2        |      icmp|   0|  0|   10|           7|           5|
    |icmp_ln57_32_fu_4237_p2        |      icmp|   0|  0|   10|           7|           6|
    |icmp_ln57_33_fu_4242_p2        |      icmp|   0|  0|   10|           7|           6|
    |icmp_ln57_34_fu_4334_p2        |      icmp|   0|  0|   10|           7|           6|
    |icmp_ln57_35_fu_4347_p2        |      icmp|   0|  0|   10|           7|           6|
    |icmp_ln57_36_fu_4360_p2        |      icmp|   0|  0|   10|           7|           6|
    |icmp_ln57_37_fu_4373_p2        |      icmp|   0|  0|   10|           7|           6|
    |icmp_ln57_38_fu_4386_p2        |      icmp|   0|  0|   10|           7|           6|
    |icmp_ln57_39_fu_4399_p2        |      icmp|   0|  0|   10|           7|           6|
    |icmp_ln57_3_fu_3810_p2         |      icmp|   0|  0|   10|           7|           2|
    |icmp_ln57_40_fu_4412_p2        |      icmp|   0|  0|   10|           7|           6|
    |icmp_ln57_41_fu_4425_p2        |      icmp|   0|  0|   10|           7|           6|
    |icmp_ln57_42_fu_4438_p2        |      icmp|   0|  0|   10|           7|           6|
    |icmp_ln57_43_fu_4451_p2        |      icmp|   0|  0|   10|           7|           6|
    |icmp_ln57_44_fu_4464_p2        |      icmp|   0|  0|   10|           7|           6|
    |icmp_ln57_45_fu_4477_p2        |      icmp|   0|  0|   10|           7|           6|
    |icmp_ln57_46_fu_4490_p2        |      icmp|   0|  0|   10|           7|           6|
    |icmp_ln57_47_fu_4503_p2        |      icmp|   0|  0|   10|           7|           6|
    |icmp_ln57_48_fu_4516_p2        |      icmp|   0|  0|   10|           7|           6|
    |icmp_ln57_49_fu_4529_p2        |      icmp|   0|  0|   10|           7|           6|
    |icmp_ln57_4_fu_3824_p2         |      icmp|   0|  0|   10|           7|           3|
    |icmp_ln57_50_fu_4542_p2        |      icmp|   0|  0|   10|           7|           6|
    |icmp_ln57_51_fu_4547_p2        |      icmp|   0|  0|   10|           7|           6|
    |icmp_ln57_52_fu_4604_p2        |      icmp|   0|  0|   10|           7|           6|
    |icmp_ln57_53_fu_4617_p2        |      icmp|   0|  0|   10|           7|           6|
    |icmp_ln57_54_fu_4630_p2        |      icmp|   0|  0|   10|           7|           6|
    |icmp_ln57_55_fu_4643_p2        |      icmp|   0|  0|   10|           7|           6|
    |icmp_ln57_56_fu_4656_p2        |      icmp|   0|  0|   10|           7|           6|
    |icmp_ln57_57_fu_4669_p2        |      icmp|   0|  0|   10|           7|           6|
    |icmp_ln57_58_fu_4682_p2        |      icmp|   0|  0|   10|           7|           6|
    |icmp_ln57_59_fu_4695_p2        |      icmp|   0|  0|   10|           7|           6|
    |icmp_ln57_5_fu_3838_p2         |      icmp|   0|  0|   10|           7|           3|
    |icmp_ln57_60_fu_4708_p2        |      icmp|   0|  0|   10|           7|           6|
    |icmp_ln57_61_fu_4721_p2        |      icmp|   0|  0|   10|           7|           6|
    |icmp_ln57_62_fu_4734_p2        |      icmp|   0|  0|   10|           7|           6|
    |icmp_ln57_6_fu_3852_p2         |      icmp|   0|  0|   10|           7|           3|
    |icmp_ln57_7_fu_3866_p2         |      icmp|   0|  0|   10|           7|           3|
    |icmp_ln57_8_fu_3880_p2         |      icmp|   0|  0|   10|           7|           4|
    |icmp_ln57_9_fu_3894_p2         |      icmp|   0|  0|   10|           7|           4|
    |icmp_ln57_fu_3768_p2           |      icmp|   0|  0|   10|           7|           1|
    |icmp_ln63_fu_5382_p2           |      icmp|   0|  0|   11|           9|           9|
    |icmp_ln65_fu_5388_p2           |      icmp|   0|  0|   10|           7|           7|
    |empty_13_fu_9777_p2            |        or|   0|  0|    2|           1|           1|
    |or_ln36_fu_9828_p2             |        or|   0|  0|    2|           1|           1|
    |or_ln37_fu_9894_p2             |        or|   0|  0|    2|           1|           1|
    |or_ln521_100_fu_8583_p2        |        or|   0|  0|    2|           1|           1|
    |or_ln521_101_fu_8624_p2        |        or|   0|  0|    2|           1|           1|
    |or_ln521_102_fu_8642_p2        |        or|   0|  0|    2|           1|           1|
    |or_ln521_103_fu_8672_p2        |        or|   0|  0|    2|           1|           1|
    |or_ln521_104_fu_8704_p2        |        or|   0|  0|    2|           1|           1|
    |or_ln521_105_fu_8736_p2        |        or|   0|  0|    2|           1|           1|
    |or_ln521_106_fu_8768_p2        |        or|   0|  0|    2|           1|           1|
    |or_ln521_107_fu_8800_p2        |        or|   0|  0|    2|           1|           1|
    |or_ln521_108_fu_8841_p2        |        or|   0|  0|    2|           1|           1|
    |or_ln521_109_fu_8859_p2        |        or|   0|  0|    2|           1|           1|
    |or_ln521_10_fu_5792_p2         |        or|   0|  0|    2|           1|           1|
    |or_ln521_110_fu_8889_p2        |        or|   0|  0|    2|           1|           1|
    |or_ln521_111_fu_8921_p2        |        or|   0|  0|    2|           1|           1|
    |or_ln521_112_fu_8953_p2        |        or|   0|  0|    2|           1|           1|
    |or_ln521_113_fu_8985_p2        |        or|   0|  0|    2|           1|           1|
    |or_ln521_114_fu_9017_p2        |        or|   0|  0|    2|           1|           1|
    |or_ln521_115_fu_9058_p2        |        or|   0|  0|    2|           1|           1|
    |or_ln521_116_fu_9076_p2        |        or|   0|  0|    2|           1|           1|
    |or_ln521_117_fu_9106_p2        |        or|   0|  0|    2|           1|           1|
    |or_ln521_118_fu_9138_p2        |        or|   0|  0|    2|           1|           1|
    |or_ln521_119_fu_9170_p2        |        or|   0|  0|    2|           1|           1|
    |or_ln521_11_fu_5810_p2         |        or|   0|  0|    2|           1|           1|
    |or_ln521_120_fu_9202_p2        |        or|   0|  0|    2|           1|           1|
    |or_ln521_121_fu_9234_p2        |        or|   0|  0|    2|           1|           1|
    |or_ln521_122_fu_9601_p2        |        or|   0|  0|    2|           1|           1|
    |or_ln521_123_fu_9619_p2        |        or|   0|  0|    2|           1|           1|
    |or_ln521_124_fu_9649_p2        |        or|   0|  0|    2|           1|           1|
    |or_ln521_125_fu_9681_p2        |        or|   0|  0|    2|           1|           1|
    |or_ln521_126_fu_9713_p2        |        or|   0|  0|    2|           1|           1|
    |or_ln521_127_fu_9745_p2        |        or|   0|  0|    2|           1|           1|
    |or_ln521_12_fu_5840_p2         |        or|   0|  0|    2|           1|           1|
    |or_ln521_13_fu_5872_p2         |        or|   0|  0|    2|           1|           1|
    |or_ln521_14_fu_5904_p2         |        or|   0|  0|    2|           1|           1|
    |or_ln521_15_fu_5936_p2         |        or|   0|  0|    2|           1|           1|
    |or_ln521_16_fu_5968_p2         |        or|   0|  0|    2|           1|           1|
    |or_ln521_17_fu_6009_p2         |        or|   0|  0|    2|           1|           1|
    |or_ln521_18_fu_6027_p2         |        or|   0|  0|    2|           1|           1|
    |or_ln521_19_fu_6057_p2         |        or|   0|  0|    2|           1|           1|
    |or_ln521_1_fu_5496_p2          |        or|   0|  0|    2|           1|           1|
    |or_ln521_20_fu_6089_p2         |        or|   0|  0|    2|           1|           1|
    |or_ln521_21_fu_6121_p2         |        or|   0|  0|    2|           1|           1|
    |or_ln521_22_fu_6153_p2         |        or|   0|  0|    2|           1|           1|
    |or_ln521_23_fu_6185_p2         |        or|   0|  0|    2|           1|           1|
    |or_ln521_24_fu_6226_p2         |        or|   0|  0|    2|           1|           1|
    |or_ln521_25_fu_6244_p2         |        or|   0|  0|    2|           1|           1|
    |or_ln521_26_fu_6274_p2         |        or|   0|  0|    2|           1|           1|
    |or_ln521_27_fu_6306_p2         |        or|   0|  0|    2|           1|           1|
    |or_ln521_28_fu_6338_p2         |        or|   0|  0|    2|           1|           1|
    |or_ln521_29_fu_6370_p2         |        or|   0|  0|    2|           1|           1|
    |or_ln521_2_fu_5530_p2          |        or|   0|  0|    2|           1|           1|
    |or_ln521_30_fu_6402_p2         |        or|   0|  0|    2|           1|           1|
    |or_ln521_31_fu_6449_p2         |        or|   0|  0|    2|           1|           1|
    |or_ln521_32_fu_6467_p2         |        or|   0|  0|    2|           1|           1|
    |or_ln521_33_fu_6497_p2         |        or|   0|  0|    2|           1|           1|
    |or_ln521_34_fu_6529_p2         |        or|   0|  0|    2|           1|           1|
    |or_ln521_35_fu_6561_p2         |        or|   0|  0|    2|           1|           1|
    |or_ln521_36_fu_6593_p2         |        or|   0|  0|    2|           1|           1|
    |or_ln521_37_fu_6625_p2         |        or|   0|  0|    2|           1|           1|
    |or_ln521_38_fu_6671_p2         |        or|   0|  0|    2|           1|           1|
    |or_ln521_39_fu_6689_p2         |        or|   0|  0|    2|           1|           1|
    |or_ln521_3_fu_5575_p2          |        or|   0|  0|    2|           1|           1|
    |or_ln521_40_fu_6719_p2         |        or|   0|  0|    2|           1|           1|
    |or_ln521_41_fu_6751_p2         |        or|   0|  0|    2|           1|           1|
    |or_ln521_42_fu_6783_p2         |        or|   0|  0|    2|           1|           1|
    |or_ln521_43_fu_6815_p2         |        or|   0|  0|    2|           1|           1|
    |or_ln521_44_fu_6847_p2         |        or|   0|  0|    2|           1|           1|
    |or_ln521_45_fu_6888_p2         |        or|   0|  0|    2|           1|           1|
    |or_ln521_46_fu_6906_p2         |        or|   0|  0|    2|           1|           1|
    |or_ln521_47_fu_6936_p2         |        or|   0|  0|    2|           1|           1|
    |or_ln521_48_fu_6968_p2         |        or|   0|  0|    2|           1|           1|
    |or_ln521_49_fu_7000_p2         |        or|   0|  0|    2|           1|           1|
    |or_ln521_4_fu_5593_p2          |        or|   0|  0|    2|           1|           1|
    |or_ln521_50_fu_7032_p2         |        or|   0|  0|    2|           1|           1|
    |or_ln521_51_fu_7064_p2         |        or|   0|  0|    2|           1|           1|
    |or_ln521_52_fu_7105_p2         |        or|   0|  0|    2|           1|           1|
    |or_ln521_53_fu_7123_p2         |        or|   0|  0|    2|           1|           1|
    |or_ln521_54_fu_7153_p2         |        or|   0|  0|    2|           1|           1|
    |or_ln521_55_fu_7185_p2         |        or|   0|  0|    2|           1|           1|
    |or_ln521_56_fu_7217_p2         |        or|   0|  0|    2|           1|           1|
    |or_ln521_57_fu_7249_p2         |        or|   0|  0|    2|           1|           1|
    |or_ln521_58_fu_7281_p2         |        or|   0|  0|    2|           1|           1|
    |or_ln521_59_fu_7322_p2         |        or|   0|  0|    2|           1|           1|
    |or_ln521_5_fu_5623_p2          |        or|   0|  0|    2|           1|           1|
    |or_ln521_60_fu_7340_p2         |        or|   0|  0|    2|           1|           1|
    |or_ln521_61_fu_7370_p2         |        or|   0|  0|    2|           1|           1|
    |or_ln521_62_fu_7402_p2         |        or|   0|  0|    2|           1|           1|
    |or_ln521_63_fu_7434_p2         |        or|   0|  0|    2|           1|           1|
    |or_ln521_64_fu_7466_p2         |        or|   0|  0|    2|           1|           1|
    |or_ln521_65_fu_7498_p2         |        or|   0|  0|    2|           1|           1|
    |or_ln521_66_fu_7539_p2         |        or|   0|  0|    2|           1|           1|
    |or_ln521_67_fu_7557_p2         |        or|   0|  0|    2|           1|           1|
    |or_ln521_68_fu_7587_p2         |        or|   0|  0|    2|           1|           1|
    |or_ln521_69_fu_7619_p2         |        or|   0|  0|    2|           1|           1|
    |or_ln521_6_fu_5655_p2          |        or|   0|  0|    2|           1|           1|
    |or_ln521_70_fu_7651_p2         |        or|   0|  0|    2|           1|           1|
    |or_ln521_71_fu_7683_p2         |        or|   0|  0|    2|           1|           1|
    |or_ln521_72_fu_7715_p2         |        or|   0|  0|    2|           1|           1|
    |or_ln521_73_fu_7756_p2         |        or|   0|  0|    2|           1|           1|
    |or_ln521_74_fu_7774_p2         |        or|   0|  0|    2|           1|           1|
    |or_ln521_75_fu_7804_p2         |        or|   0|  0|    2|           1|           1|
    |or_ln521_76_fu_7836_p2         |        or|   0|  0|    2|           1|           1|
    |or_ln521_77_fu_7868_p2         |        or|   0|  0|    2|           1|           1|
    |or_ln521_78_fu_7900_p2         |        or|   0|  0|    2|           1|           1|
    |or_ln521_79_fu_7932_p2         |        or|   0|  0|    2|           1|           1|
    |or_ln521_7_fu_5687_p2          |        or|   0|  0|    2|           1|           1|
    |or_ln521_80_fu_7973_p2         |        or|   0|  0|    2|           1|           1|
    |or_ln521_81_fu_7991_p2         |        or|   0|  0|    2|           1|           1|
    |or_ln521_82_fu_8021_p2         |        or|   0|  0|    2|           1|           1|
    |or_ln521_83_fu_8053_p2         |        or|   0|  0|    2|           1|           1|
    |or_ln521_84_fu_8085_p2         |        or|   0|  0|    2|           1|           1|
    |or_ln521_85_fu_8117_p2         |        or|   0|  0|    2|           1|           1|
    |or_ln521_86_fu_8149_p2         |        or|   0|  0|    2|           1|           1|
    |or_ln521_87_fu_8190_p2         |        or|   0|  0|    2|           1|           1|
    |or_ln521_88_fu_8208_p2         |        or|   0|  0|    2|           1|           1|
    |or_ln521_89_fu_8238_p2         |        or|   0|  0|    2|           1|           1|
    |or_ln521_8_fu_5719_p2          |        or|   0|  0|    2|           1|           1|
    |or_ln521_90_fu_8270_p2         |        or|   0|  0|    2|           1|           1|
    |or_ln521_91_fu_8302_p2         |        or|   0|  0|    2|           1|           1|
    |or_ln521_92_fu_8334_p2         |        or|   0|  0|    2|           1|           1|
    |or_ln521_93_fu_8366_p2         |        or|   0|  0|    2|           1|           1|
    |or_ln521_94_fu_8407_p2         |        or|   0|  0|    2|           1|           1|
    |or_ln521_95_fu_8425_p2         |        or|   0|  0|    2|           1|           1|
    |or_ln521_96_fu_8455_p2         |        or|   0|  0|    2|           1|           1|
    |or_ln521_97_fu_8487_p2         |        or|   0|  0|    2|           1|           1|
    |or_ln521_98_fu_8519_p2         |        or|   0|  0|    2|           1|           1|
    |or_ln521_99_fu_8551_p2         |        or|   0|  0|    2|           1|           1|
    |or_ln521_9_fu_5751_p2          |        or|   0|  0|    2|           1|           1|
    |or_ln521_fu_5462_p2            |        or|   0|  0|    2|           1|           1|
    |a_fu_9849_p3                   |    select|   0|  0|   32|           1|          32|
    |hist_1_fu_4739_p3              |    select|   0|  0|   32|           1|          32|
    |merge_i_fu_9783_p3             |    select|   0|  0|   32|           1|          32|
    |select_ln37_fu_9903_p3         |    select|   0|  0|   32|           1|          32|
    |select_ln521_100_fu_7006_p3    |    select|   0|  0|   32|           1|          32|
    |select_ln521_101_fu_7024_p3    |    select|   0|  0|   30|           1|          30|
    |select_ln521_102_fu_7038_p3    |    select|   0|  0|   32|           1|          32|
    |select_ln521_103_fu_7056_p3    |    select|   0|  0|   32|           1|          30|
    |select_ln521_104_fu_7070_p3    |    select|   0|  0|   32|           1|          32|
    |select_ln521_105_fu_7098_p3    |    select|   0|  0|   30|           1|          30|
    |select_ln521_106_fu_7109_p3    |    select|   0|  0|   32|           1|          32|
    |select_ln521_107_fu_7116_p3    |    select|   0|  0|   32|           1|          30|
    |select_ln521_108_fu_7127_p3    |    select|   0|  0|   32|           1|          32|
    |select_ln521_109_fu_7145_p3    |    select|   0|  0|   30|           1|          30|
    |select_ln521_10_fu_5597_p3     |    select|   0|  0|   32|           1|          32|
    |select_ln521_110_fu_7159_p3    |    select|   0|  0|   32|           1|          32|
    |select_ln521_111_fu_7177_p3    |    select|   0|  0|   32|           1|          30|
    |select_ln521_112_fu_7191_p3    |    select|   0|  0|   32|           1|          32|
    |select_ln521_113_fu_7209_p3    |    select|   0|  0|   30|           1|          30|
    |select_ln521_114_fu_7223_p3    |    select|   0|  0|   32|           1|          32|
    |select_ln521_115_fu_7241_p3    |    select|   0|  0|   32|           1|          30|
    |select_ln521_116_fu_7255_p3    |    select|   0|  0|   32|           1|          32|
    |select_ln521_117_fu_7273_p3    |    select|   0|  0|   30|           1|          30|
    |select_ln521_118_fu_7287_p3    |    select|   0|  0|   32|           1|          32|
    |select_ln521_119_fu_7315_p3    |    select|   0|  0|   32|           1|          30|
    |select_ln521_11_fu_5615_p3     |    select|   0|  0|   30|           1|          30|
    |select_ln521_120_fu_7326_p3    |    select|   0|  0|   32|           1|          32|
    |select_ln521_121_fu_7333_p3    |    select|   0|  0|   30|           1|          30|
    |select_ln521_122_fu_7344_p3    |    select|   0|  0|   32|           1|          32|
    |select_ln521_123_fu_7362_p3    |    select|   0|  0|   32|           1|          30|
    |select_ln521_124_fu_7376_p3    |    select|   0|  0|   32|           1|          32|
    |select_ln521_125_fu_7394_p3    |    select|   0|  0|   30|           1|          30|
    |select_ln521_126_fu_7408_p3    |    select|   0|  0|   32|           1|          32|
    |select_ln521_127_fu_7426_p3    |    select|   0|  0|   32|           1|          30|
    |select_ln521_128_fu_7440_p3    |    select|   0|  0|   32|           1|          32|
    |select_ln521_129_fu_7458_p3    |    select|   0|  0|   30|           1|          30|
    |select_ln521_12_fu_5629_p3     |    select|   0|  0|   32|           1|          32|
    |select_ln521_130_fu_7472_p3    |    select|   0|  0|   32|           1|          32|
    |select_ln521_131_fu_7490_p3    |    select|   0|  0|   30|           1|          30|
    |select_ln521_132_fu_7504_p3    |    select|   0|  0|   32|           1|          32|
    |select_ln521_133_fu_7532_p3    |    select|   0|  0|   30|           1|          30|
    |select_ln521_134_fu_7543_p3    |    select|   0|  0|   32|           1|          32|
    |select_ln521_135_fu_7550_p3    |    select|   0|  0|   32|           1|          30|
    |select_ln521_136_fu_7561_p3    |    select|   0|  0|   32|           1|          32|
    |select_ln521_137_fu_7579_p3    |    select|   0|  0|   30|           1|          30|
    |select_ln521_138_fu_7593_p3    |    select|   0|  0|   32|           1|          32|
    |select_ln521_139_fu_7611_p3    |    select|   0|  0|   32|           1|          30|
    |select_ln521_13_fu_5647_p3     |    select|   0|  0|   32|           1|          32|
    |select_ln521_140_fu_7625_p3    |    select|   0|  0|   32|           1|          32|
    |select_ln521_141_fu_7643_p3    |    select|   0|  0|   30|           1|          30|
    |select_ln521_142_fu_7657_p3    |    select|   0|  0|   32|           1|          32|
    |select_ln521_143_fu_7675_p3    |    select|   0|  0|   32|           1|          30|
    |select_ln521_144_fu_7689_p3    |    select|   0|  0|   32|           1|          32|
    |select_ln521_145_fu_7707_p3    |    select|   0|  0|   30|           1|          30|
    |select_ln521_146_fu_7721_p3    |    select|   0|  0|   32|           1|          32|
    |select_ln521_147_fu_7749_p3    |    select|   0|  0|   32|           1|          30|
    |select_ln521_148_fu_7760_p3    |    select|   0|  0|   32|           1|          32|
    |select_ln521_149_fu_7767_p3    |    select|   0|  0|   30|           1|          30|
    |select_ln521_14_fu_5661_p3     |    select|   0|  0|   32|           1|          32|
    |select_ln521_150_fu_7778_p3    |    select|   0|  0|   32|           1|          32|
    |select_ln521_151_fu_7796_p3    |    select|   0|  0|   32|           1|          30|
    |select_ln521_152_fu_7810_p3    |    select|   0|  0|   32|           1|          32|
    |select_ln521_153_fu_7828_p3    |    select|   0|  0|   30|           1|          30|
    |select_ln521_154_fu_7842_p3    |    select|   0|  0|   32|           1|          32|
    |select_ln521_155_fu_7860_p3    |    select|   0|  0|   32|           1|          30|
    |select_ln521_156_fu_7874_p3    |    select|   0|  0|   32|           1|          32|
    |select_ln521_157_fu_7892_p3    |    select|   0|  0|   30|           1|          30|
    |select_ln521_158_fu_7906_p3    |    select|   0|  0|   32|           1|          32|
    |select_ln521_159_fu_7924_p3    |    select|   0|  0|   32|           1|          30|
    |select_ln521_15_fu_5679_p3     |    select|   0|  0|   30|           1|          30|
    |select_ln521_160_fu_7938_p3    |    select|   0|  0|   32|           1|          32|
    |select_ln521_161_fu_7966_p3    |    select|   0|  0|   30|           1|          30|
    |select_ln521_162_fu_7977_p3    |    select|   0|  0|   32|           1|          32|
    |select_ln521_163_fu_7984_p3    |    select|   0|  0|   32|           1|          30|
    |select_ln521_164_fu_7995_p3    |    select|   0|  0|   32|           1|          32|
    |select_ln521_165_fu_8013_p3    |    select|   0|  0|   30|           1|          30|
    |select_ln521_166_fu_8027_p3    |    select|   0|  0|   32|           1|          32|
    |select_ln521_167_fu_8045_p3    |    select|   0|  0|   32|           1|          30|
    |select_ln521_168_fu_8059_p3    |    select|   0|  0|   32|           1|          32|
    |select_ln521_169_fu_8077_p3    |    select|   0|  0|   30|           1|          30|
    |select_ln521_16_fu_5693_p3     |    select|   0|  0|   32|           1|          32|
    |select_ln521_170_fu_8091_p3    |    select|   0|  0|   32|           1|          32|
    |select_ln521_171_fu_8109_p3    |    select|   0|  0|   32|           1|          30|
    |select_ln521_172_fu_8123_p3    |    select|   0|  0|   32|           1|          32|
    |select_ln521_173_fu_8141_p3    |    select|   0|  0|   30|           1|          30|
    |select_ln521_174_fu_8155_p3    |    select|   0|  0|   32|           1|          32|
    |select_ln521_175_fu_8183_p3    |    select|   0|  0|   32|           1|          30|
    |select_ln521_176_fu_8194_p3    |    select|   0|  0|   32|           1|          32|
    |select_ln521_177_fu_8201_p3    |    select|   0|  0|   30|           1|          30|
    |select_ln521_178_fu_8212_p3    |    select|   0|  0|   32|           1|          32|
    |select_ln521_179_fu_8230_p3    |    select|   0|  0|   32|           1|          30|
    |select_ln521_17_fu_5711_p3     |    select|   0|  0|   32|           1|          32|
    |select_ln521_180_fu_8244_p3    |    select|   0|  0|   32|           1|          32|
    |select_ln521_181_fu_8262_p3    |    select|   0|  0|   30|           1|          30|
    |select_ln521_182_fu_8276_p3    |    select|   0|  0|   32|           1|          32|
    |select_ln521_183_fu_8294_p3    |    select|   0|  0|   32|           1|          30|
    |select_ln521_184_fu_8308_p3    |    select|   0|  0|   32|           1|          32|
    |select_ln521_185_fu_8326_p3    |    select|   0|  0|   30|           1|          30|
    |select_ln521_186_fu_8340_p3    |    select|   0|  0|   32|           1|          32|
    |select_ln521_187_fu_8358_p3    |    select|   0|  0|   32|           1|          30|
    |select_ln521_188_fu_8372_p3    |    select|   0|  0|   32|           1|          32|
    |select_ln521_189_fu_8400_p3    |    select|   0|  0|   33|           1|          33|
    |select_ln521_18_fu_5725_p3     |    select|   0|  0|   32|           1|          32|
    |select_ln521_190_fu_8411_p3    |    select|   0|  0|   32|           1|          32|
    |select_ln521_191_fu_8418_p3    |    select|   0|  0|   32|           1|          30|
    |select_ln521_192_fu_8429_p3    |    select|   0|  0|   32|           1|          32|
    |select_ln521_193_fu_8447_p3    |    select|   0|  0|   32|           1|          32|
    |select_ln521_194_fu_8461_p3    |    select|   0|  0|   32|           1|          32|
    |select_ln521_195_fu_8479_p3    |    select|   0|  0|   32|           1|          30|
    |select_ln521_196_fu_8493_p3    |    select|   0|  0|   32|           1|          32|
    |select_ln521_197_fu_8511_p3    |    select|   0|  0|   32|           1|          32|
    |select_ln521_198_fu_8525_p3    |    select|   0|  0|   32|           1|          32|
    |select_ln521_199_fu_8543_p3    |    select|   0|  0|   32|           1|          30|
    |select_ln521_19_fu_5743_p3     |    select|   0|  0|   30|           1|          30|
    |select_ln521_1_fu_5454_p3      |    select|   0|  0|   32|           1|          32|
    |select_ln521_200_fu_8557_p3    |    select|   0|  0|   32|           1|          32|
    |select_ln521_201_fu_8575_p3    |    select|   0|  0|   32|           1|          32|
    |select_ln521_202_fu_8589_p3    |    select|   0|  0|   32|           1|          32|
    |select_ln521_203_fu_8617_p3    |    select|   0|  0|   32|           1|          30|
    |select_ln521_204_fu_8628_p3    |    select|   0|  0|   32|           1|          32|
    |select_ln521_205_fu_8635_p3    |    select|   0|  0|   32|           1|          32|
    |select_ln521_206_fu_8646_p3    |    select|   0|  0|   32|           1|          32|
    |select_ln521_207_fu_8664_p3    |    select|   0|  0|   32|           1|          30|
    |select_ln521_208_fu_8678_p3    |    select|   0|  0|   32|           1|          32|
    |select_ln521_209_fu_8696_p3    |    select|   0|  0|   32|           1|          32|
    |select_ln521_20_fu_5757_p3     |    select|   0|  0|   32|           1|          32|
    |select_ln521_210_fu_8710_p3    |    select|   0|  0|   32|           1|          32|
    |select_ln521_211_fu_8728_p3    |    select|   0|  0|   32|           1|          30|
    |select_ln521_212_fu_8742_p3    |    select|   0|  0|   32|           1|          32|
    |select_ln521_213_fu_8760_p3    |    select|   0|  0|   32|           1|          32|
    |select_ln521_214_fu_8774_p3    |    select|   0|  0|   32|           1|          32|
    |select_ln521_215_fu_8792_p3    |    select|   0|  0|   32|           1|          30|
    |select_ln521_216_fu_8806_p3    |    select|   0|  0|   32|           1|          32|
    |select_ln521_217_fu_8834_p3    |    select|   0|  0|   32|           1|          32|
    |select_ln521_218_fu_8845_p3    |    select|   0|  0|   32|           1|          32|
    |select_ln521_219_fu_8852_p3    |    select|   0|  0|   32|           1|          30|
    |select_ln521_21_fu_5785_p3     |    select|   0|  0|   32|           1|          32|
    |select_ln521_220_fu_8863_p3    |    select|   0|  0|   32|           1|          32|
    |select_ln521_221_fu_8881_p3    |    select|   0|  0|   32|           1|          32|
    |select_ln521_222_fu_8895_p3    |    select|   0|  0|   32|           1|          32|
    |select_ln521_223_fu_8913_p3    |    select|   0|  0|   32|           1|          30|
    |select_ln521_224_fu_8927_p3    |    select|   0|  0|   32|           1|          32|
    |select_ln521_225_fu_8945_p3    |    select|   0|  0|   32|           1|          32|
    |select_ln521_226_fu_8959_p3    |    select|   0|  0|   32|           1|          32|
    |select_ln521_227_fu_8977_p3    |    select|   0|  0|   33|           1|          30|
    |select_ln521_228_fu_8991_p3    |    select|   0|  0|   32|           1|          32|
    |select_ln521_229_fu_9009_p3    |    select|   0|  0|   32|           1|          32|
    |select_ln521_22_fu_5796_p3     |    select|   0|  0|   32|           1|          32|
    |select_ln521_230_fu_9023_p3    |    select|   0|  0|   32|           1|          32|
    |select_ln521_231_fu_9051_p3    |    select|   0|  0|   30|           1|          30|
    |select_ln521_232_fu_9062_p3    |    select|   0|  0|   32|           1|          32|
    |select_ln521_233_fu_9069_p3    |    select|   0|  0|   32|           1|          32|
    |select_ln521_234_fu_9080_p3    |    select|   0|  0|   32|           1|          32|
    |select_ln521_235_fu_9098_p3    |    select|   0|  0|   30|           1|          30|
    |select_ln521_236_fu_9112_p3    |    select|   0|  0|   32|           1|          32|
    |select_ln521_237_fu_9130_p3    |    select|   0|  0|   32|           1|          32|
    |select_ln521_238_fu_9144_p3    |    select|   0|  0|   32|           1|          32|
    |select_ln521_239_fu_9162_p3    |    select|   0|  0|   30|           1|          30|
    |select_ln521_23_fu_5803_p3     |    select|   0|  0|   30|           1|          30|
    |select_ln521_240_fu_9176_p3    |    select|   0|  0|   32|           1|          32|
    |select_ln521_241_fu_9194_p3    |    select|   0|  0|   32|           1|          32|
    |select_ln521_242_fu_9208_p3    |    select|   0|  0|   32|           1|          32|
    |select_ln521_243_fu_9226_p3    |    select|   0|  0|   30|           1|          30|
    |select_ln521_244_fu_9240_p3    |    select|   0|  0|   32|           1|          32|
    |select_ln521_245_fu_9594_p3    |    select|   0|  0|   32|           1|          32|
    |select_ln521_246_fu_9605_p3    |    select|   0|  0|   32|           1|          32|
    |select_ln521_247_fu_9612_p3    |    select|   0|  0|   30|           1|          30|
    |select_ln521_248_fu_9623_p3    |    select|   0|  0|   32|           1|          32|
    |select_ln521_249_fu_9641_p3    |    select|   0|  0|   32|           1|          32|
    |select_ln521_24_fu_5814_p3     |    select|   0|  0|   32|           1|          32|
    |select_ln521_250_fu_9655_p3    |    select|   0|  0|   32|           1|          32|
    |select_ln521_251_fu_9673_p3    |    select|   0|  0|   30|           1|          30|
    |select_ln521_252_fu_9687_p3    |    select|   0|  0|   32|           1|          32|
    |select_ln521_253_fu_9705_p3    |    select|   0|  0|   32|           1|          32|
    |select_ln521_254_fu_9719_p3    |    select|   0|  0|   32|           1|          32|
    |select_ln521_255_fu_9737_p3    |    select|   0|  0|   30|           1|          30|
    |select_ln521_256_fu_9751_p3    |    select|   0|  0|   32|           1|          32|
    |select_ln521_257_i_fu_9769_p3  |    select|   0|  0|   32|           1|          32|
    |select_ln521_25_fu_5832_p3     |    select|   0|  0|   32|           1|          32|
    |select_ln521_26_fu_5846_p3     |    select|   0|  0|   32|           1|          32|
    |select_ln521_27_fu_5864_p3     |    select|   0|  0|   30|           1|          30|
    |select_ln521_28_fu_5878_p3     |    select|   0|  0|   32|           1|          32|
    |select_ln521_29_fu_5896_p3     |    select|   0|  0|   32|           1|          32|
    |select_ln521_2_fu_5468_p3      |    select|   0|  0|   32|           1|          32|
    |select_ln521_30_fu_5910_p3     |    select|   0|  0|   32|           1|          32|
    |select_ln521_31_fu_5928_p3     |    select|   0|  0|   30|           1|          30|
    |select_ln521_32_fu_5942_p3     |    select|   0|  0|   32|           1|          32|
    |select_ln521_33_fu_5960_p3     |    select|   0|  0|   32|           1|          32|
    |select_ln521_34_fu_5974_p3     |    select|   0|  0|   32|           1|          32|
    |select_ln521_35_fu_6002_p3     |    select|   0|  0|   33|           1|          30|
    |select_ln521_36_fu_6013_p3     |    select|   0|  0|   32|           1|          32|
    |select_ln521_37_fu_6020_p3     |    select|   0|  0|   32|           1|          32|
    |select_ln521_38_fu_6031_p3     |    select|   0|  0|   32|           1|          32|
    |select_ln521_39_fu_6049_p3     |    select|   0|  0|   32|           1|          30|
    |select_ln521_3_fu_5488_p3      |    select|   0|  0|   30|           1|          30|
    |select_ln521_40_fu_6063_p3     |    select|   0|  0|   32|           1|          32|
    |select_ln521_41_fu_6081_p3     |    select|   0|  0|   32|           1|          32|
    |select_ln521_42_fu_6095_p3     |    select|   0|  0|   32|           1|          32|
    |select_ln521_43_fu_6113_p3     |    select|   0|  0|   32|           1|          30|
    |select_ln521_44_fu_6127_p3     |    select|   0|  0|   32|           1|          32|
    |select_ln521_45_fu_6145_p3     |    select|   0|  0|   32|           1|          32|
    |select_ln521_46_fu_6159_p3     |    select|   0|  0|   32|           1|          32|
    |select_ln521_47_fu_6177_p3     |    select|   0|  0|   32|           1|          30|
    |select_ln521_48_fu_6191_p3     |    select|   0|  0|   32|           1|          32|
    |select_ln521_49_fu_6219_p3     |    select|   0|  0|   32|           1|          32|
    |select_ln521_4_fu_5502_p3      |    select|   0|  0|   32|           1|          32|
    |select_ln521_50_fu_6230_p3     |    select|   0|  0|   32|           1|          32|
    |select_ln521_51_fu_6237_p3     |    select|   0|  0|   32|           1|          30|
    |select_ln521_52_fu_6248_p3     |    select|   0|  0|   32|           1|          32|
    |select_ln521_53_fu_6266_p3     |    select|   0|  0|   32|           1|          32|
    |select_ln521_54_fu_6280_p3     |    select|   0|  0|   32|           1|          32|
    |select_ln521_55_fu_6298_p3     |    select|   0|  0|   32|           1|          30|
    |select_ln521_56_fu_6312_p3     |    select|   0|  0|   32|           1|          32|
    |select_ln521_57_fu_6330_p3     |    select|   0|  0|   32|           1|          32|
    |select_ln521_58_fu_6344_p3     |    select|   0|  0|   32|           1|          32|
    |select_ln521_59_fu_6362_p3     |    select|   0|  0|   32|           1|          30|
    |select_ln521_5_fu_5522_p3      |    select|   0|  0|   32|           1|          32|
    |select_ln521_60_fu_6376_p3     |    select|   0|  0|   32|           1|          32|
    |select_ln521_61_fu_6394_p3     |    select|   0|  0|   32|           1|          32|
    |select_ln521_62_fu_6408_p3     |    select|   0|  0|   32|           1|          32|
    |select_ln521_63_fu_6442_p3     |    select|   0|  0|   32|           1|          30|
    |select_ln521_64_fu_6453_p3     |    select|   0|  0|   32|           1|          32|
    |select_ln521_65_fu_6460_p3     |    select|   0|  0|   32|           1|          32|
    |select_ln521_66_fu_6471_p3     |    select|   0|  0|   32|           1|          32|
    |select_ln521_67_fu_6489_p3     |    select|   0|  0|   32|           1|          30|
    |select_ln521_68_fu_6503_p3     |    select|   0|  0|   32|           1|          32|
    |select_ln521_69_fu_6521_p3     |    select|   0|  0|   33|           1|          33|
    |select_ln521_6_fu_5536_p3      |    select|   0|  0|   32|           1|          32|
    |select_ln521_70_fu_6535_p3     |    select|   0|  0|   32|           1|          32|
    |select_ln521_71_fu_6553_p3     |    select|   0|  0|   32|           1|          30|
    |select_ln521_72_fu_6567_p3     |    select|   0|  0|   32|           1|          32|
    |select_ln521_73_fu_6585_p3     |    select|   0|  0|   30|           1|          30|
    |select_ln521_74_fu_6599_p3     |    select|   0|  0|   32|           1|          32|
    |select_ln521_75_fu_6617_p3     |    select|   0|  0|   32|           1|          30|
    |select_ln521_76_fu_6631_p3     |    select|   0|  0|   32|           1|          32|
    |select_ln521_77_fu_6664_p3     |    select|   0|  0|   30|           1|          30|
    |select_ln521_78_fu_6675_p3     |    select|   0|  0|   32|           1|          32|
    |select_ln521_79_fu_6682_p3     |    select|   0|  0|   32|           1|          30|
    |select_ln521_7_fu_5568_p3      |    select|   0|  0|   30|           1|          30|
    |select_ln521_80_fu_6693_p3     |    select|   0|  0|   32|           1|          32|
    |select_ln521_81_fu_6711_p3     |    select|   0|  0|   30|           1|          30|
    |select_ln521_82_fu_6725_p3     |    select|   0|  0|   32|           1|          32|
    |select_ln521_83_fu_6743_p3     |    select|   0|  0|   32|           1|          30|
    |select_ln521_84_fu_6757_p3     |    select|   0|  0|   32|           1|          32|
    |select_ln521_85_fu_6775_p3     |    select|   0|  0|   30|           1|          30|
    |select_ln521_86_fu_6789_p3     |    select|   0|  0|   32|           1|          32|
    |select_ln521_87_fu_6807_p3     |    select|   0|  0|   32|           1|          30|
    |select_ln521_88_fu_6821_p3     |    select|   0|  0|   32|           1|          32|
    |select_ln521_89_fu_6839_p3     |    select|   0|  0|   30|           1|          30|
    |select_ln521_8_fu_5579_p3      |    select|   0|  0|   32|           1|          32|
    |select_ln521_90_fu_6853_p3     |    select|   0|  0|   32|           1|          32|
    |select_ln521_91_fu_6881_p3     |    select|   0|  0|   32|           1|          30|
    |select_ln521_92_fu_6892_p3     |    select|   0|  0|   32|           1|          32|
    |select_ln521_93_fu_6899_p3     |    select|   0|  0|   30|           1|          30|
    |select_ln521_94_fu_6910_p3     |    select|   0|  0|   32|           1|          32|
    |select_ln521_95_fu_6928_p3     |    select|   0|  0|   32|           1|          30|
    |select_ln521_96_fu_6942_p3     |    select|   0|  0|   32|           1|          32|
    |select_ln521_97_fu_6960_p3     |    select|   0|  0|   30|           1|          30|
    |select_ln521_98_fu_6974_p3     |    select|   0|  0|   32|           1|          32|
    |select_ln521_99_fu_6992_p3     |    select|   0|  0|   32|           1|          30|
    |select_ln521_9_fu_5586_p3      |    select|   0|  0|   32|           1|          32|
    |select_ln521_fu_5434_p3        |    select|   0|  0|   30|           1|          30|
    |select_ln57_10_fu_3992_p3      |    select|   0|  0|   32|           1|          32|
    |select_ln57_11_fu_3998_p3      |    select|   0|  0|   32|           1|          32|
    |select_ln57_12_fu_4005_p3      |    select|   0|  0|   32|           1|          32|
    |select_ln57_13_fu_4012_p3      |    select|   0|  0|   32|           1|          32|
    |select_ln57_14_fu_4024_p3      |    select|   0|  0|   32|           1|          32|
    |select_ln57_15_fu_4037_p3      |    select|   0|  0|   32|           1|          32|
    |select_ln57_16_fu_4050_p3      |    select|   0|  0|   32|           1|          32|
    |select_ln57_17_fu_4063_p3      |    select|   0|  0|   32|           1|          32|
    |select_ln57_18_fu_4076_p3      |    select|   0|  0|   32|           1|          32|
    |select_ln57_19_fu_4089_p3      |    select|   0|  0|   32|           1|          32|
    |select_ln57_1_fu_3788_p3       |    select|   0|  0|   32|           1|          32|
    |select_ln57_20_fu_4102_p3      |    select|   0|  0|   32|           1|          32|
    |select_ln57_21_fu_4115_p3      |    select|   0|  0|   32|           1|          32|
    |select_ln57_22_fu_4128_p3      |    select|   0|  0|   32|           1|          32|
    |select_ln57_23_fu_4141_p3      |    select|   0|  0|   32|           1|          32|
    |select_ln57_24_fu_4154_p3      |    select|   0|  0|   32|           1|          32|
    |select_ln57_25_fu_4167_p3      |    select|   0|  0|   32|           1|          32|
    |select_ln57_26_fu_4180_p3      |    select|   0|  0|   32|           1|          32|
    |select_ln57_27_fu_4193_p3      |    select|   0|  0|   32|           1|          32|
    |select_ln57_28_fu_4206_p3      |    select|   0|  0|   32|           1|          32|
    |select_ln57_29_fu_4219_p3      |    select|   0|  0|   32|           1|          32|
    |select_ln57_2_fu_3802_p3       |    select|   0|  0|   32|           1|          32|
    |select_ln57_30_fu_4307_p3      |    select|   0|  0|   32|           1|          32|
    |select_ln57_31_fu_4313_p3      |    select|   0|  0|   32|           1|          32|
    |select_ln57_32_fu_4320_p3      |    select|   0|  0|   32|           1|          32|
    |select_ln57_33_fu_4327_p3      |    select|   0|  0|   32|           1|          32|
    |select_ln57_34_fu_4339_p3      |    select|   0|  0|   32|           1|          32|
    |select_ln57_35_fu_4352_p3      |    select|   0|  0|   32|           1|          32|
    |select_ln57_36_fu_4365_p3      |    select|   0|  0|   32|           1|          32|
    |select_ln57_37_fu_4378_p3      |    select|   0|  0|   32|           1|          32|
    |select_ln57_38_fu_4391_p3      |    select|   0|  0|   32|           1|          32|
    |select_ln57_39_fu_4404_p3      |    select|   0|  0|   32|           1|          32|
    |select_ln57_3_fu_3816_p3       |    select|   0|  0|   32|           1|          32|
    |select_ln57_40_fu_4417_p3      |    select|   0|  0|   32|           1|          32|
    |select_ln57_41_fu_4430_p3      |    select|   0|  0|   32|           1|          32|
    |select_ln57_42_fu_4443_p3      |    select|   0|  0|   32|           1|          32|
    |select_ln57_43_fu_4456_p3      |    select|   0|  0|   32|           1|          32|
    |select_ln57_44_fu_4469_p3      |    select|   0|  0|   32|           1|          32|
    |select_ln57_45_fu_4482_p3      |    select|   0|  0|   32|           1|          32|
    |select_ln57_46_fu_4495_p3      |    select|   0|  0|   32|           1|          32|
    |select_ln57_47_fu_4508_p3      |    select|   0|  0|   32|           1|          32|
    |select_ln57_48_fu_4521_p3      |    select|   0|  0|   32|           1|          32|
    |select_ln57_49_fu_4534_p3      |    select|   0|  0|   32|           1|          32|
    |select_ln57_4_fu_3830_p3       |    select|   0|  0|   32|           1|          32|
    |select_ln57_50_fu_4591_p3      |    select|   0|  0|   32|           1|          32|
    |select_ln57_51_fu_4597_p3      |    select|   0|  0|   32|           1|          32|
    |select_ln57_52_fu_4609_p3      |    select|   0|  0|   32|           1|          32|
    |select_ln57_53_fu_4622_p3      |    select|   0|  0|   32|           1|          32|
    |select_ln57_54_fu_4635_p3      |    select|   0|  0|   32|           1|          32|
    |select_ln57_55_fu_4648_p3      |    select|   0|  0|   32|           1|          32|
    |select_ln57_56_fu_4661_p3      |    select|   0|  0|   32|           1|          32|
    |select_ln57_57_fu_4674_p3      |    select|   0|  0|   32|           1|          32|
    |select_ln57_58_fu_4687_p3      |    select|   0|  0|   32|           1|          32|
    |select_ln57_59_fu_4700_p3      |    select|   0|  0|   32|           1|          32|
    |select_ln57_5_fu_3844_p3       |    select|   0|  0|   32|           1|          32|
    |select_ln57_60_fu_4713_p3      |    select|   0|  0|   32|           1|          32|
    |select_ln57_61_fu_4726_p3      |    select|   0|  0|   32|           1|          32|
    |select_ln57_6_fu_3858_p3       |    select|   0|  0|   32|           1|          32|
    |select_ln57_7_fu_3872_p3       |    select|   0|  0|   32|           1|          32|
    |select_ln57_8_fu_3886_p3       |    select|   0|  0|   32|           1|          32|
    |select_ln57_9_fu_3900_p3       |    select|   0|  0|   32|           1|          32|
    |select_ln57_fu_3774_p3         |    select|   0|  0|   32|           1|          32|
    |select_ln62_1_fu_9791_p3       |    select|   0|  0|   32|           1|           1|
    |select_ln62_2_fu_5408_p3       |    select|   0|  0|    3|           1|           3|
    |select_ln62_fu_5394_p3         |    select|   0|  0|    7|           1|           1|
    |select_ln63_fu_9911_p3         |    select|   0|  0|   32|           1|          32|
    |sign_fu_9886_p3                |    select|   0|  0|   32|           1|          32|
    |ap_enable_pp1                  |       xor|   0|  0|    2|           1|           2|
    |ap_enable_pp2                  |       xor|   0|  0|    2|           1|           2|
    |xor_ln36_fu_9840_p2            |       xor|   0|  0|   33|          32|          33|
    +-------------------------------+----------+----+---+-----+------------+------------+
    |Total                          |          |   0|  0|14385|        3457|       12628|
    +-------------------------------+----------+----+---+-----+------------+------------+

    * Multiplexer: 
    +------------------------------------------+----+-----------+-----+-----------+
    |                   Name                   | LUT| Input Size| Bits| Total Bits|
    +------------------------------------------+----+-----------+-----+-----------+
    |acc_reg_2131                              |   9|          2|   32|         64|
    |ap_NS_fsm                                 |  65|         16|    1|         16|
    |ap_enable_reg_pp1_iter1                   |   9|          2|    1|          2|
    |ap_enable_reg_pp2_iter8                   |   9|          2|    1|          2|
    |ap_phi_mux_b_phi_fu_2101_p4               |   9|          2|    3|          6|
    |ap_phi_mux_indvar_flatten_phi_fu_2089_p4  |   9|          2|    9|         18|
    |ap_phi_mux_k_1_phi_fu_2077_p4             |   9|          2|    7|         14|
    |ap_phi_mux_k_2_phi_fu_2112_p4             |   9|          2|    7|         14|
    |ap_phi_mux_y_phi_fu_2123_p4               |   9|          2|   32|         64|
    |ap_sig_allocacmp_hist_64_10_load          |   9|          2|   32|         64|
    |ap_sig_allocacmp_hist_64_1_load           |   9|          2|   32|         64|
    |ap_sig_allocacmp_hist_64_3_load           |   9|          2|   32|         64|
    |ap_sig_allocacmp_hist_64_4_load           |   9|          2|   32|         64|
    |ap_sig_allocacmp_hist_64_5_load           |   9|          2|   32|         64|
    |ap_sig_allocacmp_hist_64_6_load           |   9|          2|   32|         64|
    |ap_sig_allocacmp_hist_64_7_load           |   9|          2|   32|         64|
    |ap_sig_allocacmp_hist_64_8_load           |   9|          2|   32|         64|
    |ap_sig_allocacmp_hist_64_9_load           |   9|          2|   32|         64|
    |ap_sig_allocacmp_hist_64_load             |   9|          2|   32|         64|
    |b_reg_2097                                |   9|          2|    3|          6|
    |grp_fu_2143_p0                            |  25|          5|   32|        160|
    |grp_fu_2143_p1                            |  25|          5|   32|        160|
    |grp_fu_2150_p0                            |  20|          4|   32|        128|
    |grp_fu_2150_p1                            |  20|          4|   32|        128|
    |grp_fu_2155_opcode                        |  14|          3|    5|         15|
    |grp_fu_2155_p0                            |  14|          3|   32|         96|
    |grp_fu_2155_p1                            |  14|          3|   32|         96|
    |hist_64_100_fu_1910                       |   9|          2|   32|         64|
    |hist_64_101_fu_1914                       |   9|          2|   32|         64|
    |hist_64_102_fu_1918                       |   9|          2|   32|         64|
    |hist_64_103_fu_1922                       |   9|          2|   32|         64|
    |hist_64_104_fu_1926                       |   9|          2|   32|         64|
    |hist_64_105_fu_1930                       |   9|          2|   32|         64|
    |hist_64_106_fu_1934                       |   9|          2|   32|         64|
    |hist_64_107_fu_1938                       |   9|          2|   32|         64|
    |hist_64_108_fu_1942                       |   9|          2|   32|         64|
    |hist_64_109_fu_1946                       |   9|          2|   32|         64|
    |hist_64_10_fu_1550                        |   9|          2|   32|         64|
    |hist_64_110_fu_1950                       |   9|          2|   32|         64|
    |hist_64_111_fu_1954                       |   9|          2|   32|         64|
    |hist_64_112_fu_1958                       |   9|          2|   32|         64|
    |hist_64_113_fu_1962                       |   9|          2|   32|         64|
    |hist_64_114_fu_1966                       |   9|          2|   32|         64|
    |hist_64_115_fu_1970                       |   9|          2|   32|         64|
    |hist_64_116_fu_1974                       |   9|          2|   32|         64|
    |hist_64_117_fu_1978                       |   9|          2|   32|         64|
    |hist_64_118_fu_1982                       |   9|          2|   32|         64|
    |hist_64_119_fu_1986                       |   9|          2|   32|         64|
    |hist_64_11_fu_1554                        |   9|          2|   32|         64|
    |hist_64_120_fu_1990                       |   9|          2|   32|         64|
    |hist_64_121_fu_1994                       |   9|          2|   32|         64|
    |hist_64_122_fu_1998                       |   9|          2|   32|         64|
    |hist_64_123_fu_2002                       |   9|          2|   32|         64|
    |hist_64_124_fu_2006                       |   9|          2|   32|         64|
    |hist_64_125_fu_2010                       |   9|          2|   32|         64|
    |hist_64_126_fu_2014                       |   9|          2|   32|         64|
    |hist_64_12_fu_1558                        |   9|          2|   32|         64|
    |hist_64_13_fu_1562                        |   9|          2|   32|         64|
    |hist_64_14_fu_1566                        |   9|          2|   32|         64|
    |hist_64_15_fu_1570                        |   9|          2|   32|         64|
    |hist_64_16_fu_1574                        |   9|          2|   32|         64|
    |hist_64_17_fu_1578                        |   9|          2|   32|         64|
    |hist_64_18_fu_1582                        |   9|          2|   32|         64|
    |hist_64_19_fu_1586                        |   9|          2|   32|         64|
    |hist_64_1_fu_1518                         |   9|          2|   32|         64|
    |hist_64_20_fu_1590                        |   9|          2|   32|         64|
    |hist_64_21_fu_1594                        |   9|          2|   32|         64|
    |hist_64_22_fu_1598                        |   9|          2|   32|         64|
    |hist_64_23_fu_1602                        |   9|          2|   32|         64|
    |hist_64_24_fu_1606                        |   9|          2|   32|         64|
    |hist_64_25_fu_1610                        |   9|          2|   32|         64|
    |hist_64_26_fu_1614                        |   9|          2|   32|         64|
    |hist_64_27_fu_1618                        |   9|          2|   32|         64|
    |hist_64_28_fu_1622                        |   9|          2|   32|         64|
    |hist_64_29_fu_1626                        |   9|          2|   32|         64|
    |hist_64_2_fu_2018                         |   9|          2|   32|         64|
    |hist_64_30_fu_1630                        |   9|          2|   32|         64|
    |hist_64_31_fu_1634                        |   9|          2|   32|         64|
    |hist_64_32_fu_1638                        |   9|          2|   32|         64|
    |hist_64_33_fu_1642                        |   9|          2|   32|         64|
    |hist_64_34_fu_1646                        |   9|          2|   32|         64|
    |hist_64_35_fu_1650                        |   9|          2|   32|         64|
    |hist_64_36_fu_1654                        |   9|          2|   32|         64|
    |hist_64_37_fu_1658                        |   9|          2|   32|         64|
    |hist_64_38_fu_1662                        |   9|          2|   32|         64|
    |hist_64_39_fu_1666                        |   9|          2|   32|         64|
    |hist_64_3_fu_1522                         |   9|          2|   32|         64|
    |hist_64_40_fu_1670                        |   9|          2|   32|         64|
    |hist_64_41_fu_1674                        |   9|          2|   32|         64|
    |hist_64_42_fu_1678                        |   9|          2|   32|         64|
    |hist_64_43_fu_1682                        |   9|          2|   32|         64|
    |hist_64_44_fu_1686                        |   9|          2|   32|         64|
    |hist_64_45_fu_1690                        |   9|          2|   32|         64|
    |hist_64_46_fu_1694                        |   9|          2|   32|         64|
    |hist_64_47_fu_1698                        |   9|          2|   32|         64|
    |hist_64_48_fu_1702                        |   9|          2|   32|         64|
    |hist_64_49_fu_1706                        |   9|          2|   32|         64|
    |hist_64_4_fu_1526                         |   9|          2|   32|         64|
    |hist_64_50_fu_1710                        |   9|          2|   32|         64|
    |hist_64_51_fu_1714                        |   9|          2|   32|         64|
    |hist_64_52_fu_1718                        |   9|          2|   32|         64|
    |hist_64_53_fu_1722                        |   9|          2|   32|         64|
    |hist_64_54_fu_1726                        |   9|          2|   32|         64|
    |hist_64_55_fu_1730                        |   9|          2|   32|         64|
    |hist_64_56_fu_1734                        |   9|          2|   32|         64|
    |hist_64_57_fu_1738                        |   9|          2|   32|         64|
    |hist_64_58_fu_1742                        |   9|          2|   32|         64|
    |hist_64_59_fu_1746                        |   9|          2|   32|         64|
    |hist_64_5_fu_1530                         |   9|          2|   32|         64|
    |hist_64_60_fu_1750                        |   9|          2|   32|         64|
    |hist_64_61_fu_1754                        |   9|          2|   32|         64|
    |hist_64_62_fu_1758                        |   9|          2|   32|         64|
    |hist_64_63_fu_1762                        |   9|          2|   32|         64|
    |hist_64_64_fu_1766                        |   9|          2|   32|         64|
    |hist_64_65_fu_1770                        |   9|          2|   32|         64|
    |hist_64_66_fu_1774                        |   9|          2|   32|         64|
    |hist_64_67_fu_1778                        |   9|          2|   32|         64|
    |hist_64_68_fu_1782                        |   9|          2|   32|         64|
    |hist_64_69_fu_1786                        |   9|          2|   32|         64|
    |hist_64_6_fu_1534                         |   9|          2|   32|         64|
    |hist_64_70_fu_1790                        |   9|          2|   32|         64|
    |hist_64_71_fu_1794                        |   9|          2|   32|         64|
    |hist_64_72_fu_1798                        |   9|          2|   32|         64|
    |hist_64_73_fu_1802                        |   9|          2|   32|         64|
    |hist_64_74_fu_1806                        |   9|          2|   32|         64|
    |hist_64_75_fu_1810                        |   9|          2|   32|         64|
    |hist_64_76_fu_1814                        |   9|          2|   32|         64|
    |hist_64_77_fu_1818                        |   9|          2|   32|         64|
    |hist_64_78_fu_1822                        |   9|          2|   32|         64|
    |hist_64_79_fu_1826                        |   9|          2|   32|         64|
    |hist_64_7_fu_1538                         |   9|          2|   32|         64|
    |hist_64_80_fu_1830                        |   9|          2|   32|         64|
    |hist_64_81_fu_1834                        |   9|          2|   32|         64|
    |hist_64_82_fu_1838                        |   9|          2|   32|         64|
    |hist_64_83_fu_1842                        |   9|          2|   32|         64|
    |hist_64_84_fu_1846                        |   9|          2|   32|         64|
    |hist_64_85_fu_1850                        |   9|          2|   32|         64|
    |hist_64_86_fu_1854                        |   9|          2|   32|         64|
    |hist_64_87_fu_1858                        |   9|          2|   32|         64|
    |hist_64_88_fu_1862                        |   9|          2|   32|         64|
    |hist_64_89_fu_1866                        |   9|          2|   32|         64|
    |hist_64_8_fu_1542                         |   9|          2|   32|         64|
    |hist_64_90_fu_1870                        |   9|          2|   32|         64|
    |hist_64_91_fu_1874                        |   9|          2|   32|         64|
    |hist_64_92_fu_1878                        |   9|          2|   32|         64|
    |hist_64_93_fu_1882                        |   9|          2|   32|         64|
    |hist_64_94_fu_1886                        |   9|          2|   32|         64|
    |hist_64_95_fu_1890                        |   9|          2|   32|         64|
    |hist_64_96_fu_1894                        |   9|          2|   32|         64|
    |hist_64_97_fu_1898                        |   9|          2|   32|         64|
    |hist_64_98_fu_1902                        |   9|          2|   32|         64|
    |hist_64_99_fu_1906                        |   9|          2|   32|         64|
    |hist_64_9_fu_1546                         |   9|          2|   32|         64|
    |hist_64_fu_1514                           |   9|          2|   32|         64|
    |hist_load263533_reg_2052                  |   9|          2|   32|         64|
    |indvar_flatten_reg_2085                   |   9|          2|    9|         18|
    |k_1_reg_2073                              |   9|          2|    7|         14|
    |k_2_reg_2108                              |   9|          2|    7|         14|
    |k_reg_2041                                |   9|          2|    7|         14|
    |n_reg_2062                                |   9|          2|   32|         64|
    |y_reg_2119                                |   9|          2|   32|         64|
    +------------------------------------------+----+-----------+-----+-----------+
    |Total                                     |1574|        349| 4803|      10009|
    +------------------------------------------+----+-----------+-----+-----------+

    * Register: 
    +----------------------------+----+----+-----+-----------+
    |            Name            | FF | LUT| Bits| Const Bits|
    +----------------------------+----+----+-----+-----------+
    |a_reg_13171                 |  32|   0|   32|          0|
    |acc_reg_2131                |  32|   0|   32|          0|
    |add_ln54_reg_12239          |  32|   0|   32|          0|
    |add_ln56_reg_12252          |   7|   0|    7|          0|
    |add_ln63_reg_12779          |   9|   0|    9|          0|
    |add_ln65_reg_12811          |   7|   0|    7|          0|
    |and_ln36_reg_13165          |   1|   0|    1|          0|
    |ap_CS_fsm                   |  15|   0|   15|          0|
    |ap_enable_reg_pp1_iter0     |   1|   0|    1|          0|
    |ap_enable_reg_pp1_iter1     |   1|   0|    1|          0|
    |ap_enable_reg_pp2_iter0     |   1|   0|    1|          0|
    |ap_enable_reg_pp2_iter1     |   1|   0|    1|          0|
    |ap_enable_reg_pp2_iter2     |   1|   0|    1|          0|
    |ap_enable_reg_pp2_iter3     |   1|   0|    1|          0|
    |ap_enable_reg_pp2_iter4     |   1|   0|    1|          0|
    |ap_enable_reg_pp2_iter5     |   1|   0|    1|          0|
    |ap_enable_reg_pp2_iter6     |   1|   0|    1|          0|
    |ap_enable_reg_pp2_iter7     |   1|   0|    1|          0|
    |ap_enable_reg_pp2_iter8     |   1|   0|    1|          0|
    |b_reg_2097                  |   3|   0|    3|          0|
    |bitcast_ln36_reg_13160      |  32|   0|   32|          0|
    |hist_0_reg_12233            |  32|   0|   32|          0|
    |hist_64_100_fu_1910         |  32|   0|   32|          0|
    |hist_64_101_fu_1914         |  32|   0|   32|          0|
    |hist_64_102_fu_1918         |  32|   0|   32|          0|
    |hist_64_103_fu_1922         |  32|   0|   32|          0|
    |hist_64_104_fu_1926         |  32|   0|   32|          0|
    |hist_64_105_fu_1930         |  32|   0|   32|          0|
    |hist_64_106_fu_1934         |  32|   0|   32|          0|
    |hist_64_107_fu_1938         |  32|   0|   32|          0|
    |hist_64_108_fu_1942         |  32|   0|   32|          0|
    |hist_64_109_fu_1946         |  32|   0|   32|          0|
    |hist_64_10_fu_1550          |  32|   0|   32|          0|
    |hist_64_110_fu_1950         |  32|   0|   32|          0|
    |hist_64_111_fu_1954         |  32|   0|   32|          0|
    |hist_64_112_fu_1958         |  32|   0|   32|          0|
    |hist_64_113_fu_1962         |  32|   0|   32|          0|
    |hist_64_114_fu_1966         |  32|   0|   32|          0|
    |hist_64_115_fu_1970         |  32|   0|   32|          0|
    |hist_64_116_fu_1974         |  32|   0|   32|          0|
    |hist_64_117_fu_1978         |  32|   0|   32|          0|
    |hist_64_118_fu_1982         |  32|   0|   32|          0|
    |hist_64_119_fu_1986         |  32|   0|   32|          0|
    |hist_64_11_fu_1554          |  32|   0|   32|          0|
    |hist_64_120_fu_1990         |  32|   0|   32|          0|
    |hist_64_121_fu_1994         |  32|   0|   32|          0|
    |hist_64_122_fu_1998         |  32|   0|   32|          0|
    |hist_64_123_fu_2002         |  32|   0|   32|          0|
    |hist_64_124_fu_2006         |  32|   0|   32|          0|
    |hist_64_125_fu_2010         |  32|   0|   32|          0|
    |hist_64_126_fu_2014         |  32|   0|   32|          0|
    |hist_64_12_fu_1558          |  32|   0|   32|          0|
    |hist_64_13_fu_1562          |  32|   0|   32|          0|
    |hist_64_14_fu_1566          |  32|   0|   32|          0|
    |hist_64_15_fu_1570          |  32|   0|   32|          0|
    |hist_64_16_fu_1574          |  32|   0|   32|          0|
    |hist_64_17_fu_1578          |  32|   0|   32|          0|
    |hist_64_18_fu_1582          |  32|   0|   32|          0|
    |hist_64_19_fu_1586          |  32|   0|   32|          0|
    |hist_64_1_fu_1518           |  32|   0|   32|          0|
    |hist_64_20_fu_1590          |  32|   0|   32|          0|
    |hist_64_21_fu_1594          |  32|   0|   32|          0|
    |hist_64_22_fu_1598          |  32|   0|   32|          0|
    |hist_64_23_fu_1602          |  32|   0|   32|          0|
    |hist_64_24_fu_1606          |  32|   0|   32|          0|
    |hist_64_25_fu_1610          |  32|   0|   32|          0|
    |hist_64_26_fu_1614          |  32|   0|   32|          0|
    |hist_64_27_fu_1618          |  32|   0|   32|          0|
    |hist_64_28_fu_1622          |  32|   0|   32|          0|
    |hist_64_29_fu_1626          |  32|   0|   32|          0|
    |hist_64_2_fu_2018           |  32|   0|   32|          0|
    |hist_64_30_fu_1630          |  32|   0|   32|          0|
    |hist_64_31_fu_1634          |  32|   0|   32|          0|
    |hist_64_32_fu_1638          |  32|   0|   32|          0|
    |hist_64_33_fu_1642          |  32|   0|   32|          0|
    |hist_64_34_fu_1646          |  32|   0|   32|          0|
    |hist_64_35_fu_1650          |  32|   0|   32|          0|
    |hist_64_36_fu_1654          |  32|   0|   32|          0|
    |hist_64_37_fu_1658          |  32|   0|   32|          0|
    |hist_64_38_fu_1662          |  32|   0|   32|          0|
    |hist_64_39_fu_1666          |  32|   0|   32|          0|
    |hist_64_3_fu_1522           |  32|   0|   32|          0|
    |hist_64_40_fu_1670          |  32|   0|   32|          0|
    |hist_64_41_fu_1674          |  32|   0|   32|          0|
    |hist_64_42_fu_1678          |  32|   0|   32|          0|
    |hist_64_43_fu_1682          |  32|   0|   32|          0|
    |hist_64_44_fu_1686          |  32|   0|   32|          0|
    |hist_64_45_fu_1690          |  32|   0|   32|          0|
    |hist_64_46_fu_1694          |  32|   0|   32|          0|
    |hist_64_47_fu_1698          |  32|   0|   32|          0|
    |hist_64_48_fu_1702          |  32|   0|   32|          0|
    |hist_64_49_fu_1706          |  32|   0|   32|          0|
    |hist_64_4_fu_1526           |  32|   0|   32|          0|
    |hist_64_50_fu_1710          |  32|   0|   32|          0|
    |hist_64_51_fu_1714          |  32|   0|   32|          0|
    |hist_64_52_fu_1718          |  32|   0|   32|          0|
    |hist_64_53_fu_1722          |  32|   0|   32|          0|
    |hist_64_54_fu_1726          |  32|   0|   32|          0|
    |hist_64_55_fu_1730          |  32|   0|   32|          0|
    |hist_64_56_fu_1734          |  32|   0|   32|          0|
    |hist_64_57_fu_1738          |  32|   0|   32|          0|
    |hist_64_58_fu_1742          |  32|   0|   32|          0|
    |hist_64_59_fu_1746          |  32|   0|   32|          0|
    |hist_64_5_fu_1530           |  32|   0|   32|          0|
    |hist_64_60_fu_1750          |  32|   0|   32|          0|
    |hist_64_61_fu_1754          |  32|   0|   32|          0|
    |hist_64_62_fu_1758          |  32|   0|   32|          0|
    |hist_64_63_fu_1762          |  32|   0|   32|          0|
    |hist_64_64_fu_1766          |  32|   0|   32|          0|
    |hist_64_65_fu_1770          |  32|   0|   32|          0|
    |hist_64_66_fu_1774          |  32|   0|   32|          0|
    |hist_64_67_fu_1778          |  32|   0|   32|          0|
    |hist_64_68_fu_1782          |  32|   0|   32|          0|
    |hist_64_69_fu_1786          |  32|   0|   32|          0|
    |hist_64_6_fu_1534           |  32|   0|   32|          0|
    |hist_64_70_fu_1790          |  32|   0|   32|          0|
    |hist_64_71_fu_1794          |  32|   0|   32|          0|
    |hist_64_72_fu_1798          |  32|   0|   32|          0|
    |hist_64_73_fu_1802          |  32|   0|   32|          0|
    |hist_64_74_fu_1806          |  32|   0|   32|          0|
    |hist_64_75_fu_1810          |  32|   0|   32|          0|
    |hist_64_76_fu_1814          |  32|   0|   32|          0|
    |hist_64_77_fu_1818          |  32|   0|   32|          0|
    |hist_64_78_fu_1822          |  32|   0|   32|          0|
    |hist_64_79_fu_1826          |  32|   0|   32|          0|
    |hist_64_7_fu_1538           |  32|   0|   32|          0|
    |hist_64_80_fu_1830          |  32|   0|   32|          0|
    |hist_64_81_fu_1834          |  32|   0|   32|          0|
    |hist_64_82_fu_1838          |  32|   0|   32|          0|
    |hist_64_83_fu_1842          |  32|   0|   32|          0|
    |hist_64_84_fu_1846          |  32|   0|   32|          0|
    |hist_64_85_fu_1850          |  32|   0|   32|          0|
    |hist_64_86_fu_1854          |  32|   0|   32|          0|
    |hist_64_87_fu_1858          |  32|   0|   32|          0|
    |hist_64_88_fu_1862          |  32|   0|   32|          0|
    |hist_64_89_fu_1866          |  32|   0|   32|          0|
    |hist_64_8_fu_1542           |  32|   0|   32|          0|
    |hist_64_90_fu_1870          |  32|   0|   32|          0|
    |hist_64_91_fu_1874          |  32|   0|   32|          0|
    |hist_64_92_fu_1878          |  32|   0|   32|          0|
    |hist_64_93_fu_1882          |  32|   0|   32|          0|
    |hist_64_94_fu_1886          |  32|   0|   32|          0|
    |hist_64_95_fu_1890          |  32|   0|   32|          0|
    |hist_64_96_fu_1894          |  32|   0|   32|          0|
    |hist_64_97_fu_1898          |  32|   0|   32|          0|
    |hist_64_98_fu_1902          |  32|   0|   32|          0|
    |hist_64_99_fu_1906          |  32|   0|   32|          0|
    |hist_64_9_fu_1546           |  32|   0|   32|          0|
    |hist_64_fu_1514             |  32|   0|   32|          0|
    |hist_load263533_reg_2052    |  32|   0|   32|          0|
    |icmp_ln37_1_reg_13183       |   1|   0|    1|          0|
    |icmp_ln37_reg_13178         |   1|   0|    1|          0|
    |icmp_ln521_105_reg_12848    |   1|   0|    1|          0|
    |icmp_ln521_106_reg_12853    |   1|   0|    1|          0|
    |icmp_ln521_107_reg_12859    |   1|   0|    1|          0|
    |icmp_ln521_108_reg_12864    |   1|   0|    1|          0|
    |icmp_ln521_10_reg_12665     |   1|   0|    1|          0|
    |icmp_ln521_119_reg_12875    |   1|   0|    1|          0|
    |icmp_ln521_120_reg_12880    |   1|   0|    1|          0|
    |icmp_ln521_121_reg_12886    |   1|   0|    1|          0|
    |icmp_ln521_122_reg_12891    |   1|   0|    1|          0|
    |icmp_ln521_133_reg_12902    |   1|   0|    1|          0|
    |icmp_ln521_134_reg_12907    |   1|   0|    1|          0|
    |icmp_ln521_135_reg_12913    |   1|   0|    1|          0|
    |icmp_ln521_136_reg_12918    |   1|   0|    1|          0|
    |icmp_ln521_147_reg_12929    |   1|   0|    1|          0|
    |icmp_ln521_148_reg_12934    |   1|   0|    1|          0|
    |icmp_ln521_149_reg_12940    |   1|   0|    1|          0|
    |icmp_ln521_150_reg_12945    |   1|   0|    1|          0|
    |icmp_ln521_161_reg_12956    |   1|   0|    1|          0|
    |icmp_ln521_162_reg_12961    |   1|   0|    1|          0|
    |icmp_ln521_163_reg_12967    |   1|   0|    1|          0|
    |icmp_ln521_164_reg_12972    |   1|   0|    1|          0|
    |icmp_ln521_175_reg_12983    |   1|   0|    1|          0|
    |icmp_ln521_176_reg_12988    |   1|   0|    1|          0|
    |icmp_ln521_177_reg_12994    |   1|   0|    1|          0|
    |icmp_ln521_178_reg_12999    |   1|   0|    1|          0|
    |icmp_ln521_189_reg_13010    |   1|   0|    1|          0|
    |icmp_ln521_190_reg_13015    |   1|   0|    1|          0|
    |icmp_ln521_191_reg_13021    |   1|   0|    1|          0|
    |icmp_ln521_192_reg_13026    |   1|   0|    1|          0|
    |icmp_ln521_203_reg_13037    |   1|   0|    1|          0|
    |icmp_ln521_204_reg_13042    |   1|   0|    1|          0|
    |icmp_ln521_205_reg_13048    |   1|   0|    1|          0|
    |icmp_ln521_206_reg_13053    |   1|   0|    1|          0|
    |icmp_ln521_217_reg_13064    |   1|   0|    1|          0|
    |icmp_ln521_218_reg_13069    |   1|   0|    1|          0|
    |icmp_ln521_219_reg_13075    |   1|   0|    1|          0|
    |icmp_ln521_21_reg_12676     |   1|   0|    1|          0|
    |icmp_ln521_220_reg_13080    |   1|   0|    1|          0|
    |icmp_ln521_22_reg_12681     |   1|   0|    1|          0|
    |icmp_ln521_231_reg_13091    |   1|   0|    1|          0|
    |icmp_ln521_232_reg_13096    |   1|   0|    1|          0|
    |icmp_ln521_233_reg_13102    |   1|   0|    1|          0|
    |icmp_ln521_234_reg_13107    |   1|   0|    1|          0|
    |icmp_ln521_23_reg_12687     |   1|   0|    1|          0|
    |icmp_ln521_245_reg_13118    |   1|   0|    1|          0|
    |icmp_ln521_246_reg_13123    |   1|   0|    1|          0|
    |icmp_ln521_247_reg_13129    |   1|   0|    1|          0|
    |icmp_ln521_248_reg_13134    |   1|   0|    1|          0|
    |icmp_ln521_24_reg_12692     |   1|   0|    1|          0|
    |icmp_ln521_35_reg_12703     |   1|   0|    1|          0|
    |icmp_ln521_36_reg_12708     |   1|   0|    1|          0|
    |icmp_ln521_37_reg_12714     |   1|   0|    1|          0|
    |icmp_ln521_38_reg_12719     |   1|   0|    1|          0|
    |icmp_ln521_49_reg_12730     |   1|   0|    1|          0|
    |icmp_ln521_50_reg_12735     |   1|   0|    1|          0|
    |icmp_ln521_51_reg_12741     |   1|   0|    1|          0|
    |icmp_ln521_52_reg_12746     |   1|   0|    1|          0|
    |icmp_ln521_63_reg_12757     |   1|   0|    1|          0|
    |icmp_ln521_64_reg_12762     |   1|   0|    1|          0|
    |icmp_ln521_65_reg_12768     |   1|   0|    1|          0|
    |icmp_ln521_66_reg_12773     |   1|   0|    1|          0|
    |icmp_ln521_77_reg_12789     |   1|   0|    1|          0|
    |icmp_ln521_78_reg_12794     |   1|   0|    1|          0|
    |icmp_ln521_79_reg_12800     |   1|   0|    1|          0|
    |icmp_ln521_7_reg_12649      |   1|   0|    1|          0|
    |icmp_ln521_80_reg_12805     |   1|   0|    1|          0|
    |icmp_ln521_8_reg_12654      |   1|   0|    1|          0|
    |icmp_ln521_91_reg_12821     |   1|   0|    1|          0|
    |icmp_ln521_92_reg_12826     |   1|   0|    1|          0|
    |icmp_ln521_93_reg_12832     |   1|   0|    1|          0|
    |icmp_ln521_94_reg_12837     |   1|   0|    1|          0|
    |icmp_ln521_9_reg_12660      |   1|   0|    1|          0|
    |icmp_ln56_reg_12248         |   1|   0|    1|          0|
    |icmp_ln57_10_reg_12311      |   1|   0|    1|          0|
    |icmp_ln57_11_reg_12316      |   1|   0|    1|          0|
    |icmp_ln57_12_reg_12321      |   1|   0|    1|          0|
    |icmp_ln57_13_reg_12326      |   1|   0|    1|          0|
    |icmp_ln57_30_reg_12336      |   1|   0|    1|          0|
    |icmp_ln57_31_reg_12341      |   1|   0|    1|          0|
    |icmp_ln57_32_reg_12346      |   1|   0|    1|          0|
    |icmp_ln57_33_reg_12351      |   1|   0|    1|          0|
    |icmp_ln57_50_reg_12361      |   1|   0|    1|          0|
    |icmp_ln57_51_reg_12366      |   1|   0|    1|          0|
    |icmp_ln63_reg_12371         |   1|   0|    1|          0|
    |icmp_ln65_reg_12375         |   1|   0|    1|          0|
    |indvar_flatten_reg_2085     |   9|   0|    9|          0|
    |k_1_reg_2073                |   7|   0|    7|          0|
    |k_2_reg_2108                |   7|   0|    7|          0|
    |k_reg_2041                  |   7|   0|    7|          0|
    |merge_i_reg_13145           |  31|   0|   32|          1|
    |mul_i_dup_reg_13203         |  32|   0|   32|          0|
    |mul_reg_13155               |  32|   0|   32|          0|
    |n_reg_2062                  |  32|   0|   32|          0|
    |or_ln_reg_12392             |   9|   0|    9|          0|
    |reg_2162                    |  32|   0|   32|          0|
    |select_ln37_reg_13213       |  32|   0|   32|          0|
    |select_ln521_104_reg_12843  |  31|   0|   32|          1|
    |select_ln521_118_reg_12870  |  31|   0|   32|          1|
    |select_ln521_132_reg_12897  |  31|   0|   32|          1|
    |select_ln521_146_reg_12924  |  31|   0|   32|          1|
    |select_ln521_160_reg_12951  |  31|   0|   32|          1|
    |select_ln521_174_reg_12978  |  31|   0|   32|          1|
    |select_ln521_188_reg_13005  |  31|   0|   32|          1|
    |select_ln521_202_reg_13032  |  31|   0|   32|          1|
    |select_ln521_20_reg_12671   |  27|   0|   32|          5|
    |select_ln521_216_reg_13059  |  31|   0|   32|          1|
    |select_ln521_230_reg_13086  |  31|   0|   32|          1|
    |select_ln521_244_reg_13113  |  31|   0|   32|          1|
    |select_ln521_34_reg_12698   |  28|   0|   32|          4|
    |select_ln521_48_reg_12725   |  31|   0|   32|          1|
    |select_ln521_62_reg_12752   |  31|   0|   32|          1|
    |select_ln521_6_reg_12644    |  26|   0|   32|          6|
    |select_ln521_76_reg_12784   |  31|   0|   32|          1|
    |select_ln521_90_reg_12816   |  31|   0|   32|          1|
    |select_ln57_29_reg_12331    |  32|   0|   32|          0|
    |select_ln57_49_reg_12356    |  32|   0|   32|          0|
    |select_ln57_9_reg_12306     |  32|   0|   32|          0|
    |select_ln62_1_reg_13150     |  32|   0|   32|          0|
    |select_ln62_2_reg_12387     |   3|   0|    3|          0|
    |select_ln62_reg_12381       |   7|   0|    7|          0|
    |sub4_i_dup_reg_13198        |  32|   0|   32|          0|
    |tmp_3_dup_reg_13188         |   1|   0|    1|          0|
    |tmp_4_reg_13140             |  32|   0|   32|          0|
    |y_1_reg_13193               |  32|   0|   32|          0|
    |y_reg_2119                  |  32|   0|   32|          0|
    |and_ln36_reg_13165          |  64|  32|    1|          0|
    |icmp_ln37_1_reg_13183       |  64|  32|    1|          0|
    |icmp_ln37_reg_13178         |  64|  32|    1|          0|
    |icmp_ln63_reg_12371         |  64|  32|    1|          0|
    |icmp_ln65_reg_12375         |  64|  32|    1|          0|
    |or_ln_reg_12392             |  64|  32|    9|          0|
    |select_ln62_reg_12381       |  64|  32|    7|          0|
    |tmp_3_dup_reg_13188         |  64|  32|    1|          0|
    |y_reg_2119                  |  64|  32|   32|          0|
    +----------------------------+----+----+-----+-----------+
    |Total                       |6015| 288| 5524|         31|
    +----------------------------+----+----+-----+-----------+



================================================================
== Interface
================================================================
* Summary: 
+--------------+-----+-----+------------+---------------+--------------+
|   RTL Ports  | Dir | Bits|  Protocol  | Source Object |    C Type    |
+--------------+-----+-----+------------+---------------+--------------+
|ap_clk        |   in|    1|  ap_ctrl_hs|  fir_multiband|  return value|
|ap_rst        |   in|    1|  ap_ctrl_hs|  fir_multiband|  return value|
|ap_start      |   in|    1|  ap_ctrl_hs|  fir_multiband|  return value|
|ap_done       |  out|    1|  ap_ctrl_hs|  fir_multiband|  return value|
|ap_idle       |  out|    1|  ap_ctrl_hs|  fir_multiband|  return value|
|ap_ready      |  out|    1|  ap_ctrl_hs|  fir_multiband|  return value|
|in_r          |   in|   32|     ap_none|           in_r|       pointer|
|out_r         |  out|   32|      ap_vld|          out_r|       pointer|
|out_r_ap_vld  |  out|    1|      ap_vld|          out_r|       pointer|
|length_r      |   in|   32|     ap_none|       length_r|        scalar|
+--------------+-----+-----+------------+---------------+--------------+

