

================================================================
== Vitis HLS Report for 'fir_multiband'
================================================================
* Date:           Wed Sep 30 17:31:26 2026

* Version:        2020.2 (Build 3064766 on Wed Nov 18 09:12:45 MST 2020)
* Project:        synth_proj
* Solution:       solution1 (Vivado IP Flow Target)
* Product family: zynq
* Target device:  xc7z020-clg400-1


================================================================
== Performance Estimates
================================================================
+ Timing: 
    * Summary: 
    +--------+----------+----------+------------+
    |  Clock |  Target  | Estimated| Uncertainty|
    +--------+----------+----------+------------+
    |ap_clk  |  10.00 ns|  6.965 ns|     2.70 ns|
    +--------+----------+----------+------------+

+ Latency: 
    * Summary: 
    +---------+---------+----------+----------+-----+-----+---------+
    |  Latency (cycles) |  Latency (absolute) |  Interval | Pipeline|
    |   min   |   max   |    min   |    max   | min | max |   Type  |
    +---------+---------+----------+----------+-----+-----+---------+
    |        ?|        ?|         ?|         ?|    ?|    ?|     none|
    +---------+---------+----------+----------+-----+-----+---------+

    + Detail: 
        * Instance: 
        N/A

        * Loop: 
        +----------------------+---------+---------+----------+-----------+-----------+------+----------+
        |                      |  Latency (cycles) | Iteration|  Initiation Interval  | Trip |          |
        |       Loop Name      |   min   |   max   |  Latency |  achieved |   target  | Count| Pipelined|
        +----------------------+---------+---------+----------+-----------+-----------+------+----------+
        |- VITIS_LOOP_263_3    |        ?|        ?|       482|          -|          -|     ?|        no|
        | + VITIS_LOOP_270_4   |      398|      398|        13|          2|          1|   194|       yes|
        | + VITIS_LOOP_281_5   |       44|       44|        19|         13|          1|     3|       yes|
        | + VITIS_LOOP_356_10  |       12|       12|        10|          1|          1|     4|       yes|
        +----------------------+---------+---------+----------+-----------+-----------+------+----------+



================================================================
== Utilization Estimates
================================================================
* Summary: 
+-----------------+---------+-----+--------+-------+-----+
|       Name      | BRAM_18K| DSP |   FF   |  LUT  | URAM|
+-----------------+---------+-----+--------+-------+-----+
|DSP              |        -|    -|       -|      -|    -|
|Expression       |        -|    -|       0|  11011|    -|
|FIFO             |        -|    -|       -|      -|    -|
|Instance         |        -|   17|     529|    432|    -|
|Memory           |       14|    -|     160|     50|    -|
|Multiplexer      |        -|    -|       -|   5363|    -|
|Register         |        -|    -|   15194|    256|    -|
+-----------------+---------+-----+--------+-------+-----+
|Total            |       14|   17|   15883|  17112|    0|
+-----------------+---------+-----+--------+-------+-----+
|Available        |      280|  220|  106400|  53200|    0|
+-----------------+---------+-----+--------+-------+-----+
|Utilization (%)  |        5|    7|      14|     32|    0|
+-----------------+---------+-----+--------+-------+-----+

+ Detail: 
    * Instance: 
    +-------------------------+---------------------+---------+----+-----+-----+-----+
    |         Instance        |        Module       | BRAM_18K| DSP|  FF | LUT | URAM|
    +-------------------------+---------------------+---------+----+-----+-----+-----+
    |mul_15s_16s_31_1_1_U1    |mul_15s_16s_31_1_1   |        0|   1|    0|    6|    0|
    |mul_15s_16s_31_1_1_U2    |mul_15s_16s_31_1_1   |        0|   1|    0|    6|    0|
    |mul_15s_16s_31_1_1_U3    |mul_15s_16s_31_1_1   |        0|   1|    0|    6|    0|
    |mul_15s_16s_31_1_1_U4    |mul_15s_16s_31_1_1   |        0|   1|    0|    6|    0|
    |mul_15s_16s_31_1_1_U5    |mul_15s_16s_31_1_1   |        0|   1|    0|    6|    0|
    |mul_15s_16s_31_1_1_U6    |mul_15s_16s_31_1_1   |        0|   1|    0|    6|    0|
    |mul_15s_16s_31_1_1_U7    |mul_15s_16s_31_1_1   |        0|   1|    0|    6|    0|
    |mul_15s_16s_31_1_1_U8    |mul_15s_16s_31_1_1   |        0|   1|    0|    6|    0|
    |mul_15s_16s_31_1_1_U9    |mul_15s_16s_31_1_1   |        0|   1|    0|    6|    0|
    |mul_15s_16s_31_1_1_U10   |mul_15s_16s_31_1_1   |        0|   1|    0|    6|    0|
    |mul_15s_16s_31_1_1_U11   |mul_15s_16s_31_1_1   |        0|   1|    0|    6|    0|
    |mul_15s_16s_31_1_1_U12   |mul_15s_16s_31_1_1   |        0|   1|    0|    6|    0|
    |mul_15s_16s_31_1_1_U13   |mul_15s_16s_31_1_1   |        0|   1|    0|    6|    0|
    |mul_15s_16s_31_1_1_U14   |mul_15s_16s_31_1_1   |        0|   1|    0|    6|    0|
    |mul_15s_16s_31_1_1_U15   |mul_15s_16s_31_1_1   |        0|   1|    0|    6|    0|
    |mul_25s_24s_49_1_1_U16   |mul_25s_24s_49_1_1   |        0|   1|    0|   47|    0|
    |mul_49s_24s_72_5_1_U17   |mul_49s_24s_72_5_1   |        0|   1|  334|   84|    0|
    |mux_42_24_1_1_U21        |mux_42_24_1_1        |        0|   0|    0|   20|    0|
    |mux_42_24_1_1_U22        |mux_42_24_1_1        |        0|   0|    0|   20|    0|
    |mux_42_40_1_1_U20        |mux_42_40_1_1        |        0|   0|    0|   20|    0|
    |mux_564_16_1_1_U19       |mux_564_16_1_1       |        0|   0|    0|   25|    0|
    |urem_8ns_4ns_8_12_1_U18  |urem_8ns_4ns_8_12_1  |        0|   0|  195|  126|    0|
    +-------------------------+---------------------+---------+----+-----+-----+-----+
    |Total                    |                     |        0|  17|  529|  432|    0|
    +-------------------------+---------------------+---------+----+-----+-----+-----+

    * DSP: 
    N/A

    * Memory: 
    +------------+----------+---------+----+----+-----+------+-----+------+-------------+
    |   Memory   |  Module  | BRAM_18K| FF | LUT| URAM| Words| Bits| Banks| W*Bits*Banks|
    +------------+----------+---------+----+----+-----+------+-----+------+-------------+
    |FIR_LP_V_U  |FIR_LP_V  |       14|   0|   0|    0|   585|   15|     1|         8775|
    |hist_V_4_U  |hist_V_4  |        0|  32|  10|    0|    39|   16|     1|          624|
    |hist_V_0_U  |hist_V_4  |        0|  32|  10|    0|    39|   16|     1|          624|
    |hist_V_1_U  |hist_V_4  |        0|  32|  10|    0|    39|   16|     1|          624|
    |hist_V_2_U  |hist_V_4  |        0|  32|  10|    0|    39|   16|     1|          624|
    |hist_V_3_U  |hist_V_4  |        0|  32|  10|    0|    39|   16|     1|          624|
    +------------+----------+---------+----+----+-----+------+-----+------+-------------+
    |Total       |          |       14| 160|  50|    0|   780|   95|     6|        11895|
    +------------+----------+---------+----+----+-----+------+-----+------+-------------+

    * FIFO: 
    N/A

    * Expression: 
    +----------------------------+----------+----+---+-----+------------+------------+
    |        Variable Name       | Operation| DSP| FF| LUT | Bitwidth P0| Bitwidth P1|
    +----------------------------+----------+----+---+-----+------------+------------+
    |acc_V_1_fu_13348_p2         |         +|   0|  0|   47|          40|          40|
    |add_ln1118_100_fu_9371_p2   |         +|   0|  0|   14|           9|           7|
    |add_ln1118_101_fu_9381_p2   |         +|   0|  0|   14|           9|           7|
    |add_ln1118_102_fu_9391_p2   |         +|   0|  0|   14|           9|           7|
    |add_ln1118_103_fu_9401_p2   |         +|   0|  0|   14|           9|           7|
    |add_ln1118_104_fu_9628_p2   |         +|   0|  0|   14|           9|           7|
    |add_ln1118_105_fu_9638_p2   |         +|   0|  0|   14|           9|           7|
    |add_ln1118_106_fu_9648_p2   |         +|   0|  0|   14|           9|           7|
    |add_ln1118_107_fu_9658_p2   |         +|   0|  0|   14|           9|           7|
    |add_ln1118_108_fu_9668_p2   |         +|   0|  0|   14|           9|           7|
    |add_ln1118_109_fu_9678_p2   |         +|   0|  0|   14|           9|           7|
    |add_ln1118_10_fu_7949_p2    |         +|   0|  0|   14|           9|           4|
    |add_ln1118_110_fu_9688_p2   |         +|   0|  0|   14|           9|           7|
    |add_ln1118_111_fu_9698_p2   |         +|   0|  0|   14|           9|           7|
    |add_ln1118_112_fu_9708_p2   |         +|   0|  0|   14|           9|           7|
    |add_ln1118_113_fu_9718_p2   |         +|   0|  0|   14|           9|           7|
    |add_ln1118_114_fu_9728_p2   |         +|   0|  0|   14|           9|           7|
    |add_ln1118_115_fu_9738_p2   |         +|   0|  0|   14|           9|           7|
    |add_ln1118_116_fu_9748_p2   |         +|   0|  0|   14|           9|           7|
    |add_ln1118_117_fu_9758_p2   |         +|   0|  0|   14|           9|           7|
    |add_ln1118_118_fu_9768_p2   |         +|   0|  0|   14|           9|           7|
    |add_ln1118_119_fu_9968_p2   |         +|   0|  0|   14|           9|           7|
    |add_ln1118_11_fu_7960_p2    |         +|   0|  0|   14|           9|           4|
    |add_ln1118_120_fu_9978_p2   |         +|   0|  0|   14|           9|           7|
    |add_ln1118_121_fu_9988_p2   |         +|   0|  0|   13|          10|           7|
    |add_ln1118_122_fu_9999_p2   |         +|   0|  0|   13|          10|           7|
    |add_ln1118_123_fu_10010_p2  |         +|   0|  0|   13|          10|           7|
    |add_ln1118_124_fu_10021_p2  |         +|   0|  0|   13|          10|           7|
    |add_ln1118_125_fu_10032_p2  |         +|   0|  0|   13|          10|           7|
    |add_ln1118_126_fu_10043_p2  |         +|   0|  0|   13|          10|           7|
    |add_ln1118_127_fu_10054_p2  |         +|   0|  0|   13|          10|           8|
    |add_ln1118_128_fu_10065_p2  |         +|   0|  0|   13|          10|           8|
    |add_ln1118_129_fu_10076_p2  |         +|   0|  0|   13|          10|           8|
    |add_ln1118_12_fu_7971_p2    |         +|   0|  0|   14|           9|           4|
    |add_ln1118_130_fu_10087_p2  |         +|   0|  0|   13|          10|           8|
    |add_ln1118_131_fu_10098_p2  |         +|   0|  0|   13|          10|           8|
    |add_ln1118_132_fu_10109_p2  |         +|   0|  0|   13|          10|           8|
    |add_ln1118_133_fu_10120_p2  |         +|   0|  0|   13|          10|           8|
    |add_ln1118_134_fu_10323_p2  |         +|   0|  0|   13|          10|           8|
    |add_ln1118_135_fu_10334_p2  |         +|   0|  0|   13|          10|           8|
    |add_ln1118_136_fu_10345_p2  |         +|   0|  0|   13|          10|           8|
    |add_ln1118_137_fu_10356_p2  |         +|   0|  0|   13|          10|           8|
    |add_ln1118_138_fu_10367_p2  |         +|   0|  0|   13|          10|           8|
    |add_ln1118_139_fu_10378_p2  |         +|   0|  0|   13|          10|           8|
    |add_ln1118_13_fu_7982_p2    |         +|   0|  0|   14|           9|           4|
    |add_ln1118_140_fu_10389_p2  |         +|   0|  0|   13|          10|           8|
    |add_ln1118_141_fu_10400_p2  |         +|   0|  0|   13|          10|           8|
    |add_ln1118_142_fu_10411_p2  |         +|   0|  0|   13|          10|           8|
    |add_ln1118_143_fu_10422_p2  |         +|   0|  0|   13|          10|           8|
    |add_ln1118_144_fu_10433_p2  |         +|   0|  0|   13|          10|           8|
    |add_ln1118_145_fu_10444_p2  |         +|   0|  0|   13|          10|           8|
    |add_ln1118_146_fu_10455_p2  |         +|   0|  0|   13|          10|           8|
    |add_ln1118_147_fu_10466_p2  |         +|   0|  0|   13|          10|           8|
    |add_ln1118_148_fu_10477_p2  |         +|   0|  0|   13|          10|           8|
    |add_ln1118_149_fu_10744_p2  |         +|   0|  0|   13|          10|           8|
    |add_ln1118_14_fu_7993_p2    |         +|   0|  0|   14|           9|           4|
    |add_ln1118_150_fu_10755_p2  |         +|   0|  0|   13|          10|           8|
    |add_ln1118_151_fu_10766_p2  |         +|   0|  0|   13|          10|           8|
    |add_ln1118_152_fu_10777_p2  |         +|   0|  0|   13|          10|           8|
    |add_ln1118_153_fu_10788_p2  |         +|   0|  0|   13|          10|           8|
    |add_ln1118_154_fu_10799_p2  |         +|   0|  0|   13|          10|           8|
    |add_ln1118_155_fu_10810_p2  |         +|   0|  0|   13|          10|           8|
    |add_ln1118_156_fu_10821_p2  |         +|   0|  0|   13|          10|           8|
    |add_ln1118_157_fu_10832_p2  |         +|   0|  0|   13|          10|           8|
    |add_ln1118_158_fu_10843_p2  |         +|   0|  0|   13|          10|           8|
    |add_ln1118_159_fu_10854_p2  |         +|   0|  0|   13|          10|           8|
    |add_ln1118_15_fu_8003_p2    |         +|   0|  0|   14|           9|           5|
    |add_ln1118_160_fu_10865_p2  |         +|   0|  0|   13|          10|           8|
    |add_ln1118_161_fu_10876_p2  |         +|   0|  0|   13|          10|           8|
    |add_ln1118_162_fu_10887_p2  |         +|   0|  0|   13|          10|           8|
    |add_ln1118_163_fu_10898_p2  |         +|   0|  0|   13|          10|           8|
    |add_ln1118_164_fu_11139_p2  |         +|   0|  0|   13|          10|           8|
    |add_ln1118_165_fu_11150_p2  |         +|   0|  0|   13|          10|           8|
    |add_ln1118_166_fu_11161_p2  |         +|   0|  0|   13|          10|           8|
    |add_ln1118_167_fu_11172_p2  |         +|   0|  0|   13|          10|           8|
    |add_ln1118_168_fu_11183_p2  |         +|   0|  0|   13|          10|           8|
    |add_ln1118_169_fu_11194_p2  |         +|   0|  0|   13|          10|           8|
    |add_ln1118_16_fu_8013_p2    |         +|   0|  0|   14|           9|           5|
    |add_ln1118_170_fu_11205_p2  |         +|   0|  0|   13|          10|           8|
    |add_ln1118_171_fu_11216_p2  |         +|   0|  0|   13|          10|           8|
    |add_ln1118_172_fu_11227_p2  |         +|   0|  0|   13|          10|           8|
    |add_ln1118_173_fu_11238_p2  |         +|   0|  0|   13|          10|           8|
    |add_ln1118_174_fu_11249_p2  |         +|   0|  0|   13|          10|           8|
    |add_ln1118_175_fu_11260_p2  |         +|   0|  0|   13|          10|           8|
    |add_ln1118_176_fu_11271_p2  |         +|   0|  0|   13|          10|           8|
    |add_ln1118_177_fu_11282_p2  |         +|   0|  0|   13|          10|           8|
    |add_ln1118_178_fu_11293_p2  |         +|   0|  0|   13|          10|           8|
    |add_ln1118_179_fu_11529_p2  |         +|   0|  0|   13|          10|           8|
    |add_ln1118_17_fu_8023_p2    |         +|   0|  0|   14|           9|           5|
    |add_ln1118_180_fu_11540_p2  |         +|   0|  0|   13|          10|           8|
    |add_ln1118_181_fu_11551_p2  |         +|   0|  0|   13|          10|           8|
    |add_ln1118_182_fu_11562_p2  |         +|   0|  0|   13|          10|           8|
    |add_ln1118_183_fu_11573_p2  |         +|   0|  0|   13|          10|           8|
    |add_ln1118_184_fu_11584_p2  |         +|   0|  0|   13|          10|           8|
    |add_ln1118_185_fu_11595_p2  |         +|   0|  0|   13|          10|           8|
    |add_ln1118_186_fu_11606_p2  |         +|   0|  0|   13|          10|           8|
    |add_ln1118_187_fu_11617_p2  |         +|   0|  0|   13|          10|           8|
    |add_ln1118_188_fu_11628_p2  |         +|   0|  0|   13|          10|           8|
    |add_ln1118_189_fu_11639_p2  |         +|   0|  0|   13|          10|           8|
    |add_ln1118_18_fu_8033_p2    |         +|   0|  0|   14|           9|           5|
    |add_ln1118_190_fu_11650_p2  |         +|   0|  0|   13|          10|           8|
    |add_ln1118_191_fu_11661_p2  |         +|   0|  0|   13|          10|           8|
    |add_ln1118_192_fu_11672_p2  |         +|   0|  0|   13|          10|           8|
    |add_ln1118_193_fu_11683_p2  |         +|   0|  0|   13|          10|           8|
    |add_ln1118_194_fu_11523_p2  |         +|   0|  0|   13|          10|           8|
    |add_ln1118_19_fu_8043_p2    |         +|   0|  0|   14|           9|           5|
    |add_ln1118_1_fu_7850_p2     |         +|   0|  0|   14|           9|           2|
    |add_ln1118_20_fu_8053_p2    |         +|   0|  0|   14|           9|           5|
    |add_ln1118_21_fu_8063_p2    |         +|   0|  0|   14|           9|           5|
    |add_ln1118_22_fu_8073_p2    |         +|   0|  0|   14|           9|           5|
    |add_ln1118_23_fu_8083_p2    |         +|   0|  0|   14|           9|           5|
    |add_ln1118_24_fu_8093_p2    |         +|   0|  0|   14|           9|           5|
    |add_ln1118_25_fu_8103_p2    |         +|   0|  0|   14|           9|           5|
    |add_ln1118_26_fu_8113_p2    |         +|   0|  0|   14|           9|           5|
    |add_ln1118_27_fu_8123_p2    |         +|   0|  0|   14|           9|           5|
    |add_ln1118_28_fu_8133_p2    |         +|   0|  0|   14|           9|           5|
    |add_ln1118_29_fu_8143_p2    |         +|   0|  0|   14|           9|           5|
    |add_ln1118_2_fu_7861_p2     |         +|   0|  0|   14|           9|           2|
    |add_ln1118_30_fu_8153_p2    |         +|   0|  0|   14|           9|           5|
    |add_ln1118_31_fu_8163_p2    |         +|   0|  0|   14|           9|           6|
    |add_ln1118_32_fu_8173_p2    |         +|   0|  0|   14|           9|           6|
    |add_ln1118_33_fu_8183_p2    |         +|   0|  0|   14|           9|           6|
    |add_ln1118_34_fu_8193_p2    |         +|   0|  0|   14|           9|           6|
    |add_ln1118_35_fu_8203_p2    |         +|   0|  0|   14|           9|           6|
    |add_ln1118_36_fu_8213_p2    |         +|   0|  0|   14|           9|           6|
    |add_ln1118_37_fu_8223_p2    |         +|   0|  0|   14|           9|           6|
    |add_ln1118_38_fu_8233_p2    |         +|   0|  0|   14|           9|           6|
    |add_ln1118_39_fu_8243_p2    |         +|   0|  0|   14|           9|           6|
    |add_ln1118_3_fu_7872_p2     |         +|   0|  0|   14|           9|           3|
    |add_ln1118_40_fu_8253_p2    |         +|   0|  0|   14|           9|           6|
    |add_ln1118_41_fu_8263_p2    |         +|   0|  0|   14|           9|           6|
    |add_ln1118_42_fu_8273_p2    |         +|   0|  0|   14|           9|           6|
    |add_ln1118_43_fu_8283_p2    |         +|   0|  0|   14|           9|           6|
    |add_ln1118_44_fu_8368_p2    |         +|   0|  0|   14|           9|           6|
    |add_ln1118_45_fu_8378_p2    |         +|   0|  0|   14|           9|           6|
    |add_ln1118_46_fu_8388_p2    |         +|   0|  0|   14|           9|           6|
    |add_ln1118_47_fu_8398_p2    |         +|   0|  0|   14|           9|           6|
    |add_ln1118_48_fu_8408_p2    |         +|   0|  0|   14|           9|           6|
    |add_ln1118_49_fu_8418_p2    |         +|   0|  0|   14|           9|           6|
    |add_ln1118_4_fu_7883_p2     |         +|   0|  0|   14|           9|           3|
    |add_ln1118_50_fu_8428_p2    |         +|   0|  0|   14|           9|           6|
    |add_ln1118_51_fu_8438_p2    |         +|   0|  0|   14|           9|           6|
    |add_ln1118_52_fu_8448_p2    |         +|   0|  0|   14|           9|           6|
    |add_ln1118_53_fu_8458_p2    |         +|   0|  0|   14|           9|           6|
    |add_ln1118_54_fu_8468_p2    |         +|   0|  0|   14|           9|           6|
    |add_ln1118_55_fu_8478_p2    |         +|   0|  0|   14|           9|           6|
    |add_ln1118_56_fu_8488_p2    |         +|   0|  0|   14|           9|           6|
    |add_ln1118_57_fu_8498_p2    |         +|   0|  0|   14|           9|           6|
    |add_ln1118_58_fu_8508_p2    |         +|   0|  0|   14|           9|           6|
    |add_ln1118_59_fu_8599_p2    |         +|   0|  0|   14|           9|           6|
    |add_ln1118_5_fu_7894_p2     |         +|   0|  0|   14|           9|           3|
    |add_ln1118_60_fu_8609_p2    |         +|   0|  0|   14|           9|           6|
    |add_ln1118_61_fu_8619_p2    |         +|   0|  0|   14|           9|           6|
    |add_ln1118_62_fu_8629_p2    |         +|   0|  0|   14|           9|           6|
    |add_ln1118_63_fu_8639_p2    |         +|   0|  0|   14|           9|           7|
    |add_ln1118_64_fu_8649_p2    |         +|   0|  0|   14|           9|           7|
    |add_ln1118_65_fu_8659_p2    |         +|   0|  0|   14|           9|           7|
    |add_ln1118_66_fu_8669_p2    |         +|   0|  0|   14|           9|           7|
    |add_ln1118_67_fu_8679_p2    |         +|   0|  0|   14|           9|           7|
    |add_ln1118_68_fu_8689_p2    |         +|   0|  0|   14|           9|           7|
    |add_ln1118_69_fu_8699_p2    |         +|   0|  0|   14|           9|           7|
    |add_ln1118_6_fu_7905_p2     |         +|   0|  0|   14|           9|           3|
    |add_ln1118_70_fu_8709_p2    |         +|   0|  0|   14|           9|           7|
    |add_ln1118_71_fu_8719_p2    |         +|   0|  0|   14|           9|           7|
    |add_ln1118_72_fu_8729_p2    |         +|   0|  0|   14|           9|           7|
    |add_ln1118_73_fu_8739_p2    |         +|   0|  0|   14|           9|           7|
    |add_ln1118_74_fu_8936_p2    |         +|   0|  0|   14|           9|           7|
    |add_ln1118_75_fu_8946_p2    |         +|   0|  0|   14|           9|           7|
    |add_ln1118_76_fu_8956_p2    |         +|   0|  0|   14|           9|           7|
    |add_ln1118_77_fu_8966_p2    |         +|   0|  0|   14|           9|           7|
    |add_ln1118_78_fu_8976_p2    |         +|   0|  0|   14|           9|           7|
    |add_ln1118_79_fu_8986_p2    |         +|   0|  0|   14|           9|           7|
    |add_ln1118_7_fu_7916_p2     |         +|   0|  0|   14|           9|           4|
    |add_ln1118_80_fu_8996_p2    |         +|   0|  0|   14|           9|           7|
    |add_ln1118_81_fu_9006_p2    |         +|   0|  0|   14|           9|           7|
    |add_ln1118_82_fu_9016_p2    |         +|   0|  0|   14|           9|           7|
    |add_ln1118_83_fu_9026_p2    |         +|   0|  0|   14|           9|           7|
    |add_ln1118_84_fu_9036_p2    |         +|   0|  0|   14|           9|           7|
    |add_ln1118_85_fu_9046_p2    |         +|   0|  0|   14|           9|           7|
    |add_ln1118_86_fu_9056_p2    |         +|   0|  0|   14|           9|           7|
    |add_ln1118_87_fu_9066_p2    |         +|   0|  0|   14|           9|           7|
    |add_ln1118_88_fu_9076_p2    |         +|   0|  0|   14|           9|           7|
    |add_ln1118_89_fu_9261_p2    |         +|   0|  0|   14|           9|           7|
    |add_ln1118_8_fu_7927_p2     |         +|   0|  0|   14|           9|           4|
    |add_ln1118_90_fu_9271_p2    |         +|   0|  0|   14|           9|           7|
    |add_ln1118_91_fu_9281_p2    |         +|   0|  0|   14|           9|           7|
    |add_ln1118_92_fu_9291_p2    |         +|   0|  0|   14|           9|           7|
    |add_ln1118_93_fu_9301_p2    |         +|   0|  0|   14|           9|           7|
    |add_ln1118_94_fu_9311_p2    |         +|   0|  0|   14|           9|           7|
    |add_ln1118_95_fu_9321_p2    |         +|   0|  0|   14|           9|           7|
    |add_ln1118_96_fu_9331_p2    |         +|   0|  0|   14|           9|           7|
    |add_ln1118_97_fu_9341_p2    |         +|   0|  0|   14|           9|           7|
    |add_ln1118_98_fu_9351_p2    |         +|   0|  0|   14|           9|           7|
    |add_ln1118_99_fu_9361_p2    |         +|   0|  0|   14|           9|           7|
    |add_ln1118_9_fu_7938_p2     |         +|   0|  0|   14|           9|           4|
    |add_ln1118_fu_7839_p2       |         +|   0|  0|   14|           9|           1|
    |add_ln263_fu_7123_p2        |         +|   0|  0|   39|          32|           1|
    |add_ln270_fu_7146_p2        |         +|   0|  0|   15|           8|           2|
    |add_ln281_fu_7818_p2        |         +|   0|  0|   10|           2|           1|
    |add_ln356_fu_12915_p2       |         +|   0|  0|   11|           3|           1|
    |add_ln703_100_fu_11094_p2   |         +|   0|  0|   40|          33|          33|
    |add_ln703_101_fu_9893_p2    |         +|   0|  0|   38|          31|          31|
    |add_ln703_102_fu_9903_p2    |         +|   0|  0|   39|          32|          32|
    |add_ln703_103_fu_9550_p2    |         +|   0|  0|   38|          31|          31|
    |add_ln703_104_fu_9560_p2    |         +|   0|  0|   39|          32|          32|
    |add_ln703_105_fu_10280_p2   |         +|   0|  0|   40|          33|          33|
    |add_ln703_106_fu_11107_p2   |         +|   0|  0|   41|          34|          34|
    |add_ln703_107_fu_9213_p2    |         +|   0|  0|   38|          31|          31|
    |add_ln703_108_fu_9223_p2    |         +|   0|  0|   39|          32|          32|
    |add_ln703_109_fu_8892_p2    |         +|   0|  0|   38|          31|          31|
    |add_ln703_10_fu_12579_p2    |         +|   0|  0|   41|          34|          34|
    |add_ln703_110_fu_8902_p2    |         +|   0|  0|   39|          32|          32|
    |add_ln703_111_fu_9572_p2    |         +|   0|  0|   40|          33|          33|
    |add_ln703_112_fu_12471_p2   |         +|   0|  0|   38|          31|          31|
    |add_ln703_113_fu_12481_p2   |         +|   0|  0|   39|          32|          32|
    |add_ln703_114_fu_12487_p2   |         +|   0|  0|   38|          31|          31|
    |add_ln703_115_fu_12497_p2   |         +|   0|  0|   39|          32|          32|
    |add_ln703_116_fu_12644_p2   |         +|   0|  0|   40|          33|          33|
    |add_ln703_117_fu_12654_p2   |         +|   0|  0|   41|          34|          34|
    |add_ln703_118_fu_12778_p2   |         +|   0|  0|   42|          35|          35|
    |add_ln703_119_fu_12326_p2   |         +|   0|  0|   38|          31|          31|
    |add_ln703_11_fu_11000_p2    |         +|   0|  0|   38|          31|          31|
    |add_ln703_120_fu_12336_p2   |         +|   0|  0|   39|          32|          32|
    |add_ln703_121_fu_12064_p2   |         +|   0|  0|   38|          31|          31|
    |add_ln703_122_fu_12074_p2   |         +|   0|  0|   39|          32|          32|
    |add_ln703_123_fu_12509_p2   |         +|   0|  0|   40|          33|          33|
    |add_ln703_124_fu_11853_p2   |         +|   0|  0|   38|          31|          31|
    |add_ln703_125_fu_11863_p2   |         +|   0|  0|   39|          32|          32|
    |add_ln703_126_fu_11466_p2   |         +|   0|  0|   38|          31|          31|
    |add_ln703_127_fu_11476_p2   |         +|   0|  0|   39|          32|          32|
    |add_ln703_128_fu_12086_p2   |         +|   0|  0|   40|          33|          33|
    |add_ln703_129_fu_12522_p2   |         +|   0|  0|   41|          34|          34|
    |add_ln703_12_fu_11010_p2    |         +|   0|  0|   39|          32|          32|
    |add_ln703_130_fu_11113_p2   |         +|   0|  0|   38|          31|          31|
    |add_ln703_131_fu_11123_p2   |         +|   0|  0|   39|          32|          32|
    |add_ln703_132_fu_10694_p2   |         +|   0|  0|   38|          31|          31|
    |add_ln703_133_fu_10704_p2   |         +|   0|  0|   39|          32|          32|
    |add_ln703_134_fu_11488_p2   |         +|   0|  0|   40|          33|          33|
    |add_ln703_135_fu_10286_p2   |         +|   0|  0|   38|          31|          31|
    |add_ln703_136_fu_10296_p2   |         +|   0|  0|   39|          32|          32|
    |add_ln703_137_fu_9909_p2    |         +|   0|  0|   38|          31|          31|
    |add_ln703_138_fu_9578_p2    |         +|   0|  0|   38|          31|          31|
    |add_ln703_139_fu_9922_p2    |         +|   0|  0|   39|          32|          32|
    |add_ln703_13_fu_11399_p2    |         +|   0|  0|   38|          31|          31|
    |add_ln703_140_fu_10716_p2   |         +|   0|  0|   40|          33|          33|
    |add_ln703_141_fu_11501_p2   |         +|   0|  0|   41|          34|          34|
    |add_ln703_142_fu_12666_p2   |         +|   0|  0|   42|          35|          35|
    |add_ln703_143_fu_12791_p2   |         +|   0|  0|   43|          36|          36|
    |add_ln703_145_fu_9588_p2    |         +|   0|  0|   39|          32|          32|
    |add_ln703_146_fu_9229_p2    |         +|   0|  0|   38|          31|          31|
    |add_ln703_147_fu_9239_p2    |         +|   0|  0|   39|          32|          32|
    |add_ln703_148_fu_9934_p2    |         +|   0|  0|   40|          33|          33|
    |add_ln703_149_fu_8593_p2    |         +|   0|  0|   38|          31|          31|
    |add_ln703_14_fu_11409_p2    |         +|   0|  0|   39|          32|          32|
    |add_ln703_150_fu_8911_p2    |         +|   0|  0|   39|          32|          32|
    |add_ln703_151_fu_12528_p2   |         +|   0|  0|   38|          31|          31|
    |add_ln703_152_fu_12538_p2   |         +|   0|  0|   39|          32|          32|
    |add_ln703_153_fu_12681_p2   |         +|   0|  0|   40|          33|          33|
    |add_ln703_154_fu_12691_p2   |         +|   0|  0|   41|          34|          34|
    |add_ln703_155_fu_12544_p2   |         +|   0|  0|   38|          31|          31|
    |add_ln703_156_fu_12554_p2   |         +|   0|  0|   39|          32|          32|
    |add_ln703_157_fu_12092_p2   |         +|   0|  0|   38|          31|          31|
    |add_ln703_158_fu_12345_p2   |         +|   0|  0|   39|          32|          32|
    |add_ln703_159_fu_12703_p2   |         +|   0|  0|   40|          33|          33|
    |add_ln703_15_fu_11791_p2    |         +|   0|  0|   40|          33|          33|
    |add_ln703_160_fu_11869_p2   |         +|   0|  0|   38|          31|          31|
    |add_ln703_161_fu_12101_p2   |         +|   0|  0|   39|          32|          32|
    |add_ln703_163_fu_11878_p2   |         +|   0|  0|   39|          32|          32|
    |add_ln703_164_fu_12114_p2   |         +|   0|  0|   40|          33|          33|
    |add_ln703_165_fu_12716_p2   |         +|   0|  0|   41|          34|          34|
    |add_ln703_166_fu_12803_p2   |         +|   0|  0|   42|          35|          35|
    |add_ln703_167_fu_11507_p2   |         +|   0|  0|   38|          31|          31|
    |add_ln703_168_fu_11517_p2   |         +|   0|  0|   39|          32|          32|
    |add_ln703_16_fu_11797_p2    |         +|   0|  0|   38|          31|          31|
    |add_ln703_170_fu_11133_p2   |         +|   0|  0|   39|          32|          32|
    |add_ln703_171_fu_11890_p2   |         +|   0|  0|   40|          33|          33|
    |add_ln703_173_fu_10725_p2   |         +|   0|  0|   39|          32|          32|
    |add_ln703_174_fu_9940_p2    |         +|   0|  0|   38|          31|          31|
    |add_ln703_175_fu_10305_p2   |         +|   0|  0|   39|          32|          32|
    |add_ln703_176_fu_10738_p2   |         +|   0|  0|   40|          33|          33|
    |add_ln703_177_fu_11903_p2   |         +|   0|  0|   41|          34|          34|
    |add_ln703_178_fu_9594_p2    |         +|   0|  0|   38|          31|          31|
    |add_ln703_179_fu_9949_p2    |         +|   0|  0|   39|          32|          32|
    |add_ln703_17_fu_11807_p2    |         +|   0|  0|   39|          32|          32|
    |add_ln703_180_fu_9600_p2    |         +|   0|  0|   38|          31|          31|
    |add_ln703_181_fu_9610_p2    |         +|   0|  0|   39|          32|          32|
    |add_ln703_182_fu_9962_p2    |         +|   0|  0|   40|          33|          33|
    |add_ln703_183_fu_9245_p2    |         +|   0|  0|   38|          31|          31|
    |add_ln703_184_fu_9255_p2    |         +|   0|  0|   39|          32|          32|
    |add_ln703_185_fu_8917_p2    |         +|   0|  0|   38|          31|          31|
    |add_ln703_187_fu_8930_p2    |         +|   0|  0|   39|          32|          32|
    |add_ln703_188_fu_9622_p2    |         +|   0|  0|   40|          33|          33|
    |add_ln703_189_fu_10317_p2   |         +|   0|  0|   41|          34|          34|
    |add_ln703_18_fu_8844_p2     |         +|   0|  0|   38|          31|          31|
    |add_ln703_190_fu_12126_p2   |         +|   0|  0|   42|          35|          35|
    |add_ln703_191_fu_12816_p2   |         +|   0|  0|   43|          36|          36|
    |add_ln703_192_fu_12844_p2   |         +|   0|  0|   44|          37|          37|
    |add_ln703_19_fu_8854_p2     |         +|   0|  0|   39|          32|          32|
    |add_ln703_1_fu_12387_p2     |         +|   0|  0|   39|          32|          32|
    |add_ln703_20_fu_12022_p2    |         +|   0|  0|   40|          33|          33|
    |add_ln703_21_fu_12032_p2    |         +|   0|  0|   41|          34|          34|
    |add_ln703_22_fu_12728_p2    |         +|   0|  0|   42|          35|          35|
    |add_ln703_23_fu_9181_p2     |         +|   0|  0|   38|          31|          31|
    |add_ln703_24_fu_9191_p2     |         +|   0|  0|   39|          32|          32|
    |add_ln703_25_fu_9506_p2     |         +|   0|  0|   38|          31|          31|
    |add_ln703_26_fu_9516_p2     |         +|   0|  0|   39|          32|          32|
    |add_ln703_27_fu_9871_p2     |         +|   0|  0|   40|          33|          33|
    |add_ln703_28_fu_9877_p2     |         +|   0|  0|   38|          31|          31|
    |add_ln703_29_fu_9887_p2     |         +|   0|  0|   39|          32|          32|
    |add_ln703_2_fu_12231_p2     |         +|   0|  0|   38|          31|          31|
    |add_ln703_30_fu_10226_p2    |         +|   0|  0|   38|          31|          31|
    |add_ln703_31_fu_10236_p2    |         +|   0|  0|   39|          32|          32|
    |add_ln703_32_fu_10602_p2    |         +|   0|  0|   40|          33|          33|
    |add_ln703_33_fu_10612_p2    |         +|   0|  0|   41|          34|          34|
    |add_ln703_34_fu_10618_p2    |         +|   0|  0|   38|          31|          31|
    |add_ln703_35_fu_10628_p2    |         +|   0|  0|   39|          32|          32|
    |add_ln703_36_fu_8860_p2     |         +|   0|  0|   38|          31|          31|
    |add_ln703_37_fu_8870_p2     |         +|   0|  0|   39|          32|          32|
    |add_ln703_38_fu_11022_p2    |         +|   0|  0|   40|          33|          33|
    |add_ln703_39_fu_8876_p2     |         +|   0|  0|   38|          31|          31|
    |add_ln703_3_fu_12241_p2     |         +|   0|  0|   39|          32|          32|
    |add_ln703_40_fu_8886_p2     |         +|   0|  0|   39|          32|          32|
    |add_ln703_41_fu_9197_p2     |         +|   0|  0|   38|          31|          31|
    |add_ln703_42_fu_9207_p2     |         +|   0|  0|   39|          32|          32|
    |add_ln703_43_fu_9528_p2     |         +|   0|  0|   40|          33|          33|
    |add_ln703_44_fu_11035_p2    |         +|   0|  0|   41|          34|          34|
    |add_ln703_45_fu_11421_p2    |         +|   0|  0|   42|          35|          35|
    |add_ln703_46_fu_12741_p2    |         +|   0|  0|   43|          36|          36|
    |add_ln703_47_fu_9534_p2     |         +|   0|  0|   38|          31|          31|
    |add_ln703_48_fu_9544_p2     |         +|   0|  0|   39|          32|          32|
    |add_ln703_49_fu_10242_p2    |         +|   0|  0|   38|          31|          31|
    |add_ln703_4_fu_12566_p2     |         +|   0|  0|   40|          33|          33|
    |add_ln703_50_fu_10252_p2    |         +|   0|  0|   39|          32|          32|
    |add_ln703_51_fu_10640_p2    |         +|   0|  0|   40|          33|          33|
    |add_ln703_52_fu_10646_p2    |         +|   0|  0|   38|          31|          31|
    |add_ln703_53_fu_10656_p2    |         +|   0|  0|   39|          32|          32|
    |add_ln703_54_fu_10662_p2    |         +|   0|  0|   38|          31|          31|
    |add_ln703_55_fu_10672_p2    |         +|   0|  0|   39|          32|          32|
    |add_ln703_56_fu_11050_p2    |         +|   0|  0|   40|          33|          33|
    |add_ln703_57_fu_11060_p2    |         +|   0|  0|   41|          34|          34|
    |add_ln703_58_fu_11066_p2    |         +|   0|  0|   38|          31|          31|
    |add_ln703_59_fu_11076_p2    |         +|   0|  0|   39|          32|          32|
    |add_ln703_5_fu_12247_p2     |         +|   0|  0|   38|          31|          31|
    |add_ln703_61_fu_11431_p2    |         +|   0|  0|   39|          32|          32|
    |add_ln703_62_fu_11819_p2    |         +|   0|  0|   40|          33|          33|
    |add_ln703_63_fu_12038_p2    |         +|   0|  0|   38|          31|          31|
    |add_ln703_64_fu_12048_p2    |         +|   0|  0|   39|          32|          32|
    |add_ln703_65_fu_12263_p2    |         +|   0|  0|   38|          31|          31|
    |add_ln703_66_fu_12273_p2    |         +|   0|  0|   39|          32|          32|
    |add_ln703_67_fu_12414_p2    |         +|   0|  0|   40|          33|          33|
    |add_ln703_68_fu_12424_p2    |         +|   0|  0|   41|          34|          34|
    |add_ln703_69_fu_12591_p2    |         +|   0|  0|   42|          35|          35|
    |add_ln703_6_fu_12257_p2     |         +|   0|  0|   39|          32|          32|
    |add_ln703_70_fu_12279_p2    |         +|   0|  0|   38|          31|          31|
    |add_ln703_71_fu_12289_p2    |         +|   0|  0|   39|          32|          32|
    |add_ln703_72_fu_12430_p2    |         +|   0|  0|   38|          31|          31|
    |add_ln703_73_fu_12440_p2    |         +|   0|  0|   39|          32|          32|
    |add_ln703_74_fu_12603_p2    |         +|   0|  0|   40|          33|          33|
    |add_ln703_75_fu_12446_p2    |         +|   0|  0|   38|          31|          31|
    |add_ln703_76_fu_12456_p2    |         +|   0|  0|   39|          32|          32|
    |add_ln703_77_fu_12295_p2    |         +|   0|  0|   38|          31|          31|
    |add_ln703_78_fu_12465_p2    |         +|   0|  0|   39|          32|          32|
    |add_ln703_79_fu_12619_p2    |         +|   0|  0|   40|          33|          33|
    |add_ln703_7_fu_10587_p2     |         +|   0|  0|   38|          31|          31|
    |add_ln703_80_fu_12629_p2    |         +|   0|  0|   41|          34|          34|
    |add_ln703_82_fu_12058_p2    |         +|   0|  0|   39|          32|          32|
    |add_ln703_83_fu_11825_p2    |         +|   0|  0|   38|          31|          31|
    |add_ln703_84_fu_11835_p2    |         +|   0|  0|   39|          32|          32|
    |add_ln703_85_fu_12307_p2    |         +|   0|  0|   40|          33|          33|
    |add_ln703_86_fu_11437_p2    |         +|   0|  0|   38|          31|          31|
    |add_ln703_87_fu_11447_p2    |         +|   0|  0|   39|          32|          32|
    |add_ln703_89_fu_11082_p2    |         +|   0|  0|   38|          31|          31|
    |add_ln703_8_fu_12007_p2     |         +|   0|  0|   39|          32|          32|
    |add_ln703_90_fu_11460_p2    |         +|   0|  0|   39|          32|          32|
    |add_ln703_91_fu_11847_p2    |         +|   0|  0|   40|          33|          33|
    |add_ln703_92_fu_12320_p2    |         +|   0|  0|   41|          34|          34|
    |add_ln703_93_fu_12756_p2    |         +|   0|  0|   42|          35|          35|
    |add_ln703_94_fu_12766_p2    |         +|   0|  0|   43|          36|          36|
    |add_ln703_95_fu_12828_p2    |         +|   0|  0|   44|          37|          37|
    |add_ln703_96_fu_10678_p2    |         +|   0|  0|   38|          31|          31|
    |add_ln703_97_fu_10688_p2    |         +|   0|  0|   39|          32|          32|
    |add_ln703_98_fu_10258_p2    |         +|   0|  0|   38|          31|          31|
    |add_ln703_99_fu_10268_p2    |         +|   0|  0|   39|          32|          32|
    |add_ln703_9_fu_12399_p2     |         +|   0|  0|   40|          33|          33|
    |grp_fu_6929_p2              |         +|   0|  0|   38|          31|          31|
    |grp_fu_6935_p2              |         +|   0|  0|   38|          31|          31|
    |grp_fu_6941_p2              |         +|   0|  0|   38|          31|          31|
    |grp_fu_6947_p2              |         +|   0|  0|   38|          31|          31|
    |ret_V_fu_13178_p2           |         +|   0|  0|   56|          49|          49|
    |ylp_V_0_fu_12854_p2         |         +|   0|  0|   45|          38|          38|
    |band_V_1_fu_12885_p2        |         -|   0|  0|   47|          40|          40|
    |band_V_2_fu_12891_p2        |         -|   0|  0|   47|          40|          40|
    |band_V_3_fu_12909_p2        |         -|   0|  0|   47|          40|          40|
    |p_Val2_10_fu_13093_p2       |         -|   0|  0|   31|           1|          24|
    |ret_V_2_fu_13153_p2         |         -|   0|  0|   32|          25|          25|
    |overflow_1_fu_12996_p2      |       and|   0|  0|    2|           1|           1|
    |overflow_3_fu_13263_p2      |       and|   0|  0|    2|           1|           1|
    |overflow_fu_13408_p2        |       and|   0|  0|    2|           1|           1|
    |underflow_1_fu_13020_p2     |       and|   0|  0|    2|           1|           1|
    |underflow_2_fu_13279_p2     |       and|   0|  0|    2|           1|           1|
    |underflow_fu_13432_p2       |       and|   0|  0|    2|           1|           1|
    |icmp_ln1497_fu_13131_p2     |      icmp|   0|  0|   15|          24|          24|
    |icmp_ln239_fu_7016_p2       |      icmp|   0|  0|   18|          32|           1|
    |icmp_ln263_fu_7129_p2       |      icmp|   0|  0|   18|          32|          32|
    |icmp_ln270_fu_7134_p2       |      icmp|   0|  0|   11|           8|           1|
    |icmp_ln281_fu_7833_p2       |      icmp|   0|  0|    8|           2|           2|
    |icmp_ln356_fu_12921_p2      |      icmp|   0|  0|    9|           3|           4|
    |icmp_ln768_1_fu_12978_p2    |      icmp|   0|  0|   10|           6|           1|
    |icmp_ln768_2_fu_13242_p2    |      icmp|   0|  0|    9|           4|           1|
    |icmp_ln768_fu_13390_p2      |      icmp|   0|  0|   10|           7|           1|
    |icmp_ln786_1_fu_13008_p2    |      icmp|   0|  0|   10|           6|           2|
    |icmp_ln786_2_fu_13248_p2    |      icmp|   0|  0|    9|           4|           2|
    |icmp_ln786_fu_13420_p2      |      icmp|   0|  0|   10|           7|           2|
    |tobool98_fu_7022_p2         |      icmp|   0|  0|   18|          32|           1|
    |or_ln340_1_fu_13450_p2      |        or|   0|  0|    2|           1|           1|
    |or_ln340_2_fu_13026_p2      |        or|   0|  0|    2|           1|           1|
    |or_ln340_3_fu_13045_p2      |        or|   0|  0|    2|           1|           1|
    |or_ln340_4_fu_13284_p2      |        or|   0|  0|    2|           1|           1|
    |or_ln340_5_fu_13296_p2      |        or|   0|  0|    2|           1|           1|
    |or_ln340_fu_13438_p2        |        or|   0|  0|    2|           1|           1|
    |or_ln785_1_fu_12984_p2      |        or|   0|  0|    2|           1|           1|
    |or_ln785_2_fu_13254_p2      |        or|   0|  0|    2|           1|           1|
    |or_ln785_fu_13396_p2        |        or|   0|  0|    2|           1|           1|
    |or_ln786_1_fu_13014_p2      |        or|   0|  0|    2|           1|           1|
    |or_ln786_2_fu_13274_p2      |        or|   0|  0|    2|           1|           1|
    |or_ln786_fu_13426_p2        |        or|   0|  0|    2|           1|           1|
    |sign_V_fu_13191_p2          |        or|   0|  0|   24|          23|          24|
    |a_V_fu_13119_p3             |    select|   0|  0|   23|           1|          23|
    |out_r                       |    select|   0|  0|   16|           1|          16|
    |p_pn_fu_13342_p3            |    select|   0|  0|   40|           1|          40|
    |select_ln1497_fu_13324_p3   |    select|   0|  0|   24|           1|          24|
    |select_ln340_2_fu_13032_p3  |    select|   0|  0|   24|           1|          23|
    |select_ln340_4_fu_13111_p3  |    select|   0|  0|   23|           1|           2|
    |select_ln340_5_fu_13302_p3  |    select|   0|  0|   24|           1|          23|
    |select_ln340_6_fu_13316_p3  |    select|   0|  0|   24|           1|          24|
    |select_ln340_fu_13456_p3    |    select|   0|  0|   16|           1|          15|
    |select_ln388_1_fu_13050_p3  |    select|   0|  0|   25|           1|          25|
    |select_ln388_2_fu_13309_p3  |    select|   0|  0|   25|           1|          25|
    |select_ln388_fu_13464_p3    |    select|   0|  0|   17|           1|          17|
    |x_V_fu_13056_p3             |    select|   0|  0|   24|           1|          24|
    |ap_enable_pp0               |       xor|   0|  0|    2|           1|           2|
    |ap_enable_pp1               |       xor|   0|  0|    2|           1|           2|
    |ap_enable_pp2               |       xor|   0|  0|    2|           1|           2|
    |xor_ln340_1_fu_13040_p2     |       xor|   0|  0|    2|           1|           2|
    |xor_ln340_2_fu_13290_p2     |       xor|   0|  0|    2|           1|           2|
    |xor_ln340_fu_13444_p2       |       xor|   0|  0|    2|           1|           2|
    |xor_ln785_1_fu_12990_p2     |       xor|   0|  0|    2|           1|           2|
    |xor_ln785_2_fu_13258_p2     |       xor|   0|  0|    2|           1|           2|
    |xor_ln785_fu_13402_p2       |       xor|   0|  0|    2|           1|           2|
    |xor_ln786_1_fu_13002_p2     |       xor|   0|  0|    2|           1|           2|
    |xor_ln786_2_fu_13269_p2     |       xor|   0|  0|    2|           1|           2|
    |xor_ln786_fu_13414_p2       |       xor|   0|  0|    2|           1|           2|
    +----------------------------+----------+----+---+-----+------------+------------+
    |Total                       |          |   0|  0|11011|        8448|        8103|
    +----------------------------+----------+----+---+-----+------------+------------+

    * Multiplexer: 
    +-----------------------------------+-----+-----------+-----+-----------+
    |                Name               | LUT | Input Size| Bits| Total Bits|
    +-----------------------------------+-----+-----------+-----+-----------+
    |FIR_LP_V_address0                  |   65|         14|   10|        140|
    |FIR_LP_V_address1                  |   65|         14|   10|        140|
    |FIR_LP_V_address10                 |   65|         14|   10|        140|
    |FIR_LP_V_address11                 |   65|         14|   10|        140|
    |FIR_LP_V_address12                 |   65|         14|   10|        140|
    |FIR_LP_V_address13                 |   65|         14|   10|        140|
    |FIR_LP_V_address14                 |   65|         14|   10|        140|
    |FIR_LP_V_address2                  |   65|         14|   10|        140|
    |FIR_LP_V_address3                  |   65|         14|   10|        140|
    |FIR_LP_V_address4                  |   65|         14|   10|        140|
    |FIR_LP_V_address5                  |   65|         14|   10|        140|
    |FIR_LP_V_address6                  |   65|         14|   10|        140|
    |FIR_LP_V_address7                  |   65|         14|   10|        140|
    |FIR_LP_V_address8                  |   65|         14|   10|        140|
    |FIR_LP_V_address9                  |   65|         14|   10|        140|
    |acc_V_reg_3285                     |    9|          2|   40|         80|
    |ap_NS_fsm                          |  273|         64|    1|         64|
    |ap_enable_reg_pp0_iter6            |    9|          2|    1|          2|
    |ap_enable_reg_pp1_iter1            |    9|          2|    1|          2|
    |ap_enable_reg_pp2_iter8            |    9|          2|    1|          2|
    |ap_enable_reg_pp2_iter9            |   14|          3|    1|          3|
    |ap_phi_mux_b_phi_fu_3254_p4        |    9|          2|    2|          4|
    |ap_phi_mux_k_phi_fu_3242_p4        |    9|          2|    8|         16|
    |ap_phi_mux_phi_mul_phi_fu_3266_p4  |    9|          2|   10|         20|
    |b_reg_3250                         |    9|          2|    2|          4|
    |drc_ratio_address0                 |   14|          3|    2|          6|
    |drc_ratio_address1                 |   14|          3|    2|          6|
    |drc_thr_address0                   |   14|          3|    2|          6|
    |drc_thr_address1                   |   14|          3|    2|          6|
    |grp_fu_3297_p0                     |   65|         13|   15|        195|
    |grp_fu_3297_p1                     |   65|         13|   16|        208|
    |grp_fu_3298_p0                     |   65|         14|   15|        210|
    |grp_fu_3298_p1                     |   65|         14|   16|        224|
    |grp_fu_3299_p0                     |   65|         13|   15|        195|
    |grp_fu_3299_p1                     |   65|         13|   16|        208|
    |grp_fu_3300_p0                     |   65|         13|   15|        195|
    |grp_fu_3300_p1                     |   65|         13|   16|        208|
    |grp_fu_3301_p0                     |   65|         13|   15|        195|
    |grp_fu_3301_p1                     |   65|         13|   16|        208|
    |grp_fu_3302_p0                     |   65|         13|   15|        195|
    |grp_fu_3302_p1                     |   65|         13|   16|        208|
    |grp_fu_3303_p0                     |   65|         13|   15|        195|
    |grp_fu_3303_p1                     |   65|         13|   16|        208|
    |grp_fu_3304_p0                     |   65|         14|   15|        210|
    |grp_fu_3304_p1                     |   65|         14|   16|        224|
    |grp_fu_3305_p0                     |   65|         13|   15|        195|
    |grp_fu_3305_p1                     |   65|         13|   16|        208|
    |grp_fu_3306_p0                     |   65|         13|   15|        195|
    |grp_fu_3306_p1                     |   65|         13|   16|        208|
    |grp_fu_3307_p0                     |   65|         14|   15|        210|
    |grp_fu_3307_p1                     |   65|         14|   16|        224|
    |grp_fu_3308_p0                     |   65|         14|   15|        210|
    |grp_fu_3308_p1                     |   65|         14|   16|        224|
    |grp_fu_3309_p0                     |   65|         13|   15|        195|
    |grp_fu_3309_p1                     |   65|         13|   16|        208|
    |grp_fu_3310_p0                     |   65|         13|   15|        195|
    |grp_fu_3310_p1                     |   65|         13|   16|        208|
    |grp_fu_3311_p0                     |   65|         14|   15|        210|
    |grp_fu_3311_p1                     |   65|         14|   16|        224|
    |grp_fu_3312_p0                     |   65|         14|   25|        350|
    |grp_fu_3312_p1                     |   65|         14|   24|        336|
    |hist_V_0_address0                  |  113|         22|    6|        132|
    |hist_V_0_address1                  |  113|         22|    6|        132|
    |hist_V_0_d1                        |   20|          4|   16|         64|
    |hist_V_1_address0                  |  177|         40|    6|        240|
    |hist_V_1_address1                  |  177|         40|    6|        240|
    |hist_V_1_d1                        |   14|          3|   16|         48|
    |hist_V_2_address0                  |  177|         40|    6|        240|
    |hist_V_2_address1                  |  177|         40|    6|        240|
    |hist_V_2_d1                        |   14|          3|   16|         48|
    |hist_V_3_address0                  |  177|         40|    6|        240|
    |hist_V_3_address1                  |  177|         40|    6|        240|
    |hist_V_3_d1                        |   14|          3|   16|         48|
    |hist_V_4_address0                  |  177|         40|    6|        240|
    |hist_V_4_address1                  |  177|         40|    6|        240|
    |hist_V_4_d1                        |   14|          3|   16|         48|
    |i_reg_3274                         |    9|          2|    3|          6|
    |k_reg_3238                         |    9|          2|    8|         16|
    |phi_mul_reg_3262                   |    9|          2|   10|         20|
    |reg_3227                           |   20|          4|   32|        128|
    |reg_3381                           |   14|          3|   49|        147|
    |reg_4199                           |   14|          3|   31|         93|
    |reg_4211                           |   14|          3|   31|         93|
    |reg_4275                           |   20|          4|   31|        124|
    |reg_4279                           |    9|          2|   31|         62|
    |reg_4283                           |    9|          2|   31|         62|
    |reg_4287                           |   14|          3|   31|         93|
    |reg_4291                           |   25|          5|   31|        155|
    |reg_4311                           |    9|          2|   31|         62|
    +-----------------------------------+-----+-----------+-----+-----------+
    |Total                              | 5363|       1150| 1229|      12708|
    +-----------------------------------+-----+-----------+-----+-----------+

    * Register: 
    +------------------------------------+-----+----+-----+-----------+
    |                Name                |  FF | LUT| Bits| Const Bits|
    +------------------------------------+-----+----+-----+-----------+
    |acc_V_reg_3285                      |   40|   0|   40|          0|
    |add_ln1118_194_reg_16921            |   10|   0|   10|          0|
    |add_ln263_reg_13628                 |   32|   0|   32|          0|
    |add_ln270_reg_13641                 |    8|   0|    8|          0|
    |add_ln281_reg_15576                 |    2|   0|    2|          0|
    |add_ln703_102_reg_16421             |   32|   0|   32|          0|
    |add_ln703_104_reg_16301             |   32|   0|   32|          0|
    |add_ln703_105_reg_16536             |   33|   0|   33|          0|
    |add_ln703_106_reg_16786             |   34|   0|   34|          0|
    |add_ln703_108_reg_16196             |   32|   0|   32|          0|
    |add_ln703_10_reg_17186              |   34|   0|   34|          0|
    |add_ln703_110_reg_16096             |   32|   0|   32|          0|
    |add_ln703_111_reg_16306             |   33|   0|   33|          0|
    |add_ln703_113_reg_17161             |   32|   0|   32|          0|
    |add_ln703_115_reg_17166             |   32|   0|   32|          0|
    |add_ln703_117_reg_17201             |   34|   0|   34|          0|
    |add_ln703_120_reg_17121             |   32|   0|   32|          0|
    |add_ln703_122_reg_17066             |   32|   0|   32|          0|
    |add_ln703_125_reg_17026             |   32|   0|   32|          0|
    |add_ln703_127_reg_16901             |   32|   0|   32|          0|
    |add_ln703_128_reg_17071             |   33|   0|   33|          0|
    |add_ln703_129_reg_17171             |   34|   0|   34|          0|
    |add_ln703_12_reg_16761              |   32|   0|   32|          0|
    |add_ln703_131_reg_16791             |   32|   0|   32|          0|
    |add_ln703_133_reg_16671             |   32|   0|   32|          0|
    |add_ln703_136_reg_16541             |   32|   0|   32|          0|
    |add_ln703_138_reg_16311             |   31|   0|   31|          0|
    |add_ln703_139_reg_16426             |   32|   0|   32|          0|
    |add_ln703_140_reg_16676             |   33|   0|   33|          0|
    |add_ln703_141_reg_16906             |   34|   0|   34|          0|
    |add_ln703_142_reg_17206             |   35|   0|   35|          0|
    |add_ln703_143_reg_17231             |   36|   0|   36|          0|
    |add_ln703_145_reg_16316             |   32|   0|   32|          0|
    |add_ln703_147_reg_16201             |   32|   0|   32|          0|
    |add_ln703_148_reg_16431             |   33|   0|   33|          0|
    |add_ln703_149_reg_15996             |   31|   0|   31|          0|
    |add_ln703_14_reg_16876              |   32|   0|   32|          0|
    |add_ln703_150_reg_16101             |   32|   0|   32|          0|
    |add_ln703_152_reg_17176             |   32|   0|   32|          0|
    |add_ln703_154_reg_17211             |   34|   0|   34|          0|
    |add_ln703_156_reg_17181             |   32|   0|   32|          0|
    |add_ln703_157_reg_17076             |   31|   0|   31|          0|
    |add_ln703_158_reg_17126             |   32|   0|   32|          0|
    |add_ln703_15_reg_17001              |   33|   0|   33|          0|
    |add_ln703_160_reg_17031             |   31|   0|   31|          0|
    |add_ln703_162_reg_16911             |   31|   0|   31|          0|
    |add_ln703_163_reg_17036             |   32|   0|   32|          0|
    |add_ln703_164_reg_17081             |   33|   0|   33|          0|
    |add_ln703_165_reg_17216             |   34|   0|   34|          0|
    |add_ln703_168_reg_16916             |   32|   0|   32|          0|
    |add_ln703_170_reg_16796             |   32|   0|   32|          0|
    |add_ln703_172_reg_16546             |   31|   0|   31|          0|
    |add_ln703_174_reg_16436             |   31|   0|   31|          0|
    |add_ln703_175_reg_16551             |   32|   0|   32|          0|
    |add_ln703_176_reg_16681             |   33|   0|   33|          0|
    |add_ln703_177_reg_17041             |   34|   0|   34|          0|
    |add_ln703_178_reg_16321             |   31|   0|   31|          0|
    |add_ln703_17_reg_17006              |   32|   0|   32|          0|
    |add_ln703_181_reg_16326             |   32|   0|   32|          0|
    |add_ln703_182_reg_16441             |   33|   0|   33|          0|
    |add_ln703_184_reg_16206             |   32|   0|   32|          0|
    |add_ln703_186_reg_16001             |   31|   0|   31|          0|
    |add_ln703_187_reg_16106             |   32|   0|   32|          0|
    |add_ln703_188_reg_16331             |   33|   0|   33|          0|
    |add_ln703_189_reg_16556             |   34|   0|   34|          0|
    |add_ln703_190_reg_17086             |   35|   0|   35|          0|
    |add_ln703_191_reg_17236             |   36|   0|   36|          0|
    |add_ln703_19_reg_16081              |   32|   0|   32|          0|
    |add_ln703_1_reg_17131               |   32|   0|   32|          0|
    |add_ln703_21_reg_17051              |   34|   0|   34|          0|
    |add_ln703_24_reg_16186              |   32|   0|   32|          0|
    |add_ln703_26_reg_16286              |   32|   0|   32|          0|
    |add_ln703_27_reg_16411              |   33|   0|   33|          0|
    |add_ln703_29_reg_16416              |   32|   0|   32|          0|
    |add_ln703_31_reg_16521              |   32|   0|   32|          0|
    |add_ln703_33_reg_16641              |   34|   0|   34|          0|
    |add_ln703_35_reg_16646              |   32|   0|   32|          0|
    |add_ln703_37_reg_16086              |   32|   0|   32|          0|
    |add_ln703_3_reg_17091               |   32|   0|   32|          0|
    |add_ln703_40_reg_16091              |   32|   0|   32|          0|
    |add_ln703_42_reg_16191              |   32|   0|   32|          0|
    |add_ln703_43_reg_16291              |   33|   0|   33|          0|
    |add_ln703_44_reg_16766              |   34|   0|   34|          0|
    |add_ln703_45_reg_16881              |   35|   0|   35|          0|
    |add_ln703_46_reg_17221              |   36|   0|   36|          0|
    |add_ln703_48_reg_16296              |   32|   0|   32|          0|
    |add_ln703_50_reg_16526              |   32|   0|   32|          0|
    |add_ln703_51_reg_16651              |   33|   0|   33|          0|
    |add_ln703_53_reg_16656              |   32|   0|   32|          0|
    |add_ln703_55_reg_16661              |   32|   0|   32|          0|
    |add_ln703_57_reg_16771              |   34|   0|   34|          0|
    |add_ln703_59_reg_16776              |   32|   0|   32|          0|
    |add_ln703_61_reg_16886              |   32|   0|   32|          0|
    |add_ln703_62_reg_17011              |   33|   0|   33|          0|
    |add_ln703_64_reg_17056              |   32|   0|   32|          0|
    |add_ln703_66_reg_17101              |   32|   0|   32|          0|
    |add_ln703_68_reg_17141              |   34|   0|   34|          0|
    |add_ln703_69_reg_17191              |   35|   0|   35|          0|
    |add_ln703_6_reg_17096               |   32|   0|   32|          0|
    |add_ln703_71_reg_17106              |   32|   0|   32|          0|
    |add_ln703_73_reg_17146              |   32|   0|   32|          0|
    |add_ln703_76_reg_17151              |   32|   0|   32|          0|
    |add_ln703_77_reg_17111              |   31|   0|   31|          0|
    |add_ln703_78_reg_17156              |   32|   0|   32|          0|
    |add_ln703_7_reg_16636               |   31|   0|   31|          0|
    |add_ln703_80_reg_17196              |   34|   0|   34|          0|
    |add_ln703_82_reg_17061              |   32|   0|   32|          0|
    |add_ln703_84_reg_17016              |   32|   0|   32|          0|
    |add_ln703_87_reg_16891              |   32|   0|   32|          0|
    |add_ln703_89_reg_16781              |   31|   0|   31|          0|
    |add_ln703_8_reg_17046               |   32|   0|   32|          0|
    |add_ln703_90_reg_16896              |   32|   0|   32|          0|
    |add_ln703_91_reg_17021              |   33|   0|   33|          0|
    |add_ln703_92_reg_17116              |   34|   0|   34|          0|
    |add_ln703_94_reg_17226              |   36|   0|   36|          0|
    |add_ln703_97_reg_16666              |   32|   0|   32|          0|
    |add_ln703_99_reg_16531              |   32|   0|   32|          0|
    |add_ln703_9_reg_17136               |   33|   0|   33|          0|
    |ap_CS_fsm                           |   63|   0|   63|          0|
    |ap_enable_reg_pp0_iter0             |    1|   0|    1|          0|
    |ap_enable_reg_pp0_iter1             |    1|   0|    1|          0|
    |ap_enable_reg_pp0_iter2             |    1|   0|    1|          0|
    |ap_enable_reg_pp0_iter3             |    1|   0|    1|          0|
    |ap_enable_reg_pp0_iter4             |    1|   0|    1|          0|
    |ap_enable_reg_pp0_iter5             |    1|   0|    1|          0|
    |ap_enable_reg_pp0_iter6             |    1|   0|    1|          0|
    |ap_enable_reg_pp1_iter0             |    1|   0|    1|          0|
    |ap_enable_reg_pp1_iter1             |    1|   0|    1|          0|
    |ap_enable_reg_pp2_iter0             |    1|   0|    1|          0|
    |ap_enable_reg_pp2_iter1             |    1|   0|    1|          0|
    |ap_enable_reg_pp2_iter2             |    1|   0|    1|          0|
    |ap_enable_reg_pp2_iter3             |    1|   0|    1|          0|
    |ap_enable_reg_pp2_iter4             |    1|   0|    1|          0|
    |ap_enable_reg_pp2_iter5             |    1|   0|    1|          0|
    |ap_enable_reg_pp2_iter6             |    1|   0|    1|          0|
    |ap_enable_reg_pp2_iter7             |    1|   0|    1|          0|
    |ap_enable_reg_pp2_iter8             |    1|   0|    1|          0|
    |ap_enable_reg_pp2_iter9             |    1|   0|    1|          0|
    |b_reg_3250                          |    2|   0|    2|          0|
    |b_reg_3250_pp1_iter1_reg            |    2|   0|    2|          0|
    |band_V_0_fu_994                     |   40|   0|   40|          0|
    |band_V_1_reg_17241                  |   40|   0|   40|          0|
    |band_V_2_reg_17246                  |   40|   0|   40|          0|
    |band_V_3_reg_17251                  |   40|   0|   40|          0|
    |empty_17_reg_15581                  |    9|   0|    9|          0|
    |hist_V_0_load_10_reg_13956          |   16|   0|   16|          0|
    |hist_V_0_load_11_reg_13981          |   16|   0|   16|          0|
    |hist_V_0_load_12_reg_14006          |   16|   0|   16|          0|
    |hist_V_0_load_13_reg_14031          |   16|   0|   16|          0|
    |hist_V_0_load_14_reg_14056          |   16|   0|   16|          0|
    |hist_V_0_load_15_reg_14081          |   16|   0|   16|          0|
    |hist_V_0_load_16_reg_14106          |   16|   0|   16|          0|
    |hist_V_0_load_17_reg_14131          |   16|   0|   16|          0|
    |hist_V_0_load_18_reg_14156          |   16|   0|   16|          0|
    |hist_V_0_load_19_reg_14181          |   16|   0|   16|          0|
    |hist_V_0_load_1_reg_13731           |   16|   0|   16|          0|
    |hist_V_0_load_20_reg_14206          |   16|   0|   16|          0|
    |hist_V_0_load_21_reg_14231          |   16|   0|   16|          0|
    |hist_V_0_load_22_reg_14256          |   16|   0|   16|          0|
    |hist_V_0_load_23_reg_14281          |   16|   0|   16|          0|
    |hist_V_0_load_24_reg_14306          |   16|   0|   16|          0|
    |hist_V_0_load_25_reg_14331          |   16|   0|   16|          0|
    |hist_V_0_load_26_reg_14356          |   16|   0|   16|          0|
    |hist_V_0_load_27_reg_14381          |   16|   0|   16|          0|
    |hist_V_0_load_28_reg_14406          |   16|   0|   16|          0|
    |hist_V_0_load_29_reg_14431          |   16|   0|   16|          0|
    |hist_V_0_load_2_reg_13756           |   16|   0|   16|          0|
    |hist_V_0_load_30_reg_14456          |   16|   0|   16|          0|
    |hist_V_0_load_31_reg_14481          |   16|   0|   16|          0|
    |hist_V_0_load_32_reg_14506          |   16|   0|   16|          0|
    |hist_V_0_load_33_reg_14531          |   16|   0|   16|          0|
    |hist_V_0_load_34_reg_14556          |   16|   0|   16|          0|
    |hist_V_0_load_35_reg_14581          |   16|   0|   16|          0|
    |hist_V_0_load_3_reg_13781           |   16|   0|   16|          0|
    |hist_V_0_load_4_reg_13806           |   16|   0|   16|          0|
    |hist_V_0_load_5_reg_13831           |   16|   0|   16|          0|
    |hist_V_0_load_6_reg_13856           |   16|   0|   16|          0|
    |hist_V_0_load_7_reg_13881           |   16|   0|   16|          0|
    |hist_V_0_load_8_reg_13906           |   16|   0|   16|          0|
    |hist_V_0_load_9_reg_13931           |   16|   0|   16|          0|
    |hist_V_0_load_reg_13706             |   16|   0|   16|          0|
    |hist_V_1_load_10_reg_13911          |   16|   0|   16|          0|
    |hist_V_1_load_11_reg_13936          |   16|   0|   16|          0|
    |hist_V_1_load_12_reg_13961          |   16|   0|   16|          0|
    |hist_V_1_load_13_reg_13986          |   16|   0|   16|          0|
    |hist_V_1_load_14_reg_14011          |   16|   0|   16|          0|
    |hist_V_1_load_15_reg_14036          |   16|   0|   16|          0|
    |hist_V_1_load_16_reg_14061          |   16|   0|   16|          0|
    |hist_V_1_load_17_reg_14086          |   16|   0|   16|          0|
    |hist_V_1_load_18_reg_14111          |   16|   0|   16|          0|
    |hist_V_1_load_19_reg_14136          |   16|   0|   16|          0|
    |hist_V_1_load_1_reg_13686           |   16|   0|   16|          0|
    |hist_V_1_load_20_reg_14161          |   16|   0|   16|          0|
    |hist_V_1_load_21_reg_14186          |   16|   0|   16|          0|
    |hist_V_1_load_22_reg_14211          |   16|   0|   16|          0|
    |hist_V_1_load_23_reg_14236          |   16|   0|   16|          0|
    |hist_V_1_load_24_reg_14261          |   16|   0|   16|          0|
    |hist_V_1_load_25_reg_14286          |   16|   0|   16|          0|
    |hist_V_1_load_26_reg_14311          |   16|   0|   16|          0|
    |hist_V_1_load_27_reg_14336          |   16|   0|   16|          0|
    |hist_V_1_load_28_reg_14361          |   16|   0|   16|          0|
    |hist_V_1_load_29_reg_14386          |   16|   0|   16|          0|
    |hist_V_1_load_2_reg_13711           |   16|   0|   16|          0|
    |hist_V_1_load_30_reg_14411          |   16|   0|   16|          0|
    |hist_V_1_load_31_reg_14436          |   16|   0|   16|          0|
    |hist_V_1_load_32_reg_14461          |   16|   0|   16|          0|
    |hist_V_1_load_33_reg_14486          |   16|   0|   16|          0|
    |hist_V_1_load_34_reg_14511          |   16|   0|   16|          0|
    |hist_V_1_load_35_reg_14536          |   16|   0|   16|          0|
    |hist_V_1_load_36_reg_14561          |   16|   0|   16|          0|
    |hist_V_1_load_37_reg_14586          |   16|   0|   16|          0|
    |hist_V_1_load_3_reg_13736           |   16|   0|   16|          0|
    |hist_V_1_load_4_reg_13761           |   16|   0|   16|          0|
    |hist_V_1_load_5_reg_13786           |   16|   0|   16|          0|
    |hist_V_1_load_6_reg_13811           |   16|   0|   16|          0|
    |hist_V_1_load_7_reg_13836           |   16|   0|   16|          0|
    |hist_V_1_load_8_reg_13861           |   16|   0|   16|          0|
    |hist_V_1_load_9_reg_13886           |   16|   0|   16|          0|
    |hist_V_2_load_10_reg_13941          |   16|   0|   16|          0|
    |hist_V_2_load_11_reg_13966          |   16|   0|   16|          0|
    |hist_V_2_load_12_reg_13991          |   16|   0|   16|          0|
    |hist_V_2_load_13_reg_14016          |   16|   0|   16|          0|
    |hist_V_2_load_14_reg_14041          |   16|   0|   16|          0|
    |hist_V_2_load_15_reg_14066          |   16|   0|   16|          0|
    |hist_V_2_load_16_reg_14091          |   16|   0|   16|          0|
    |hist_V_2_load_17_reg_14116          |   16|   0|   16|          0|
    |hist_V_2_load_18_reg_14141          |   16|   0|   16|          0|
    |hist_V_2_load_19_reg_14166          |   16|   0|   16|          0|
    |hist_V_2_load_1_reg_13716           |   16|   0|   16|          0|
    |hist_V_2_load_20_reg_14191          |   16|   0|   16|          0|
    |hist_V_2_load_21_reg_14216          |   16|   0|   16|          0|
    |hist_V_2_load_22_reg_14241          |   16|   0|   16|          0|
    |hist_V_2_load_23_reg_14266          |   16|   0|   16|          0|
    |hist_V_2_load_24_reg_14291          |   16|   0|   16|          0|
    |hist_V_2_load_25_reg_14316          |   16|   0|   16|          0|
    |hist_V_2_load_26_reg_14341          |   16|   0|   16|          0|
    |hist_V_2_load_27_reg_14366          |   16|   0|   16|          0|
    |hist_V_2_load_28_reg_14391          |   16|   0|   16|          0|
    |hist_V_2_load_29_reg_14416          |   16|   0|   16|          0|
    |hist_V_2_load_2_reg_13741           |   16|   0|   16|          0|
    |hist_V_2_load_30_reg_14441          |   16|   0|   16|          0|
    |hist_V_2_load_31_reg_14466          |   16|   0|   16|          0|
    |hist_V_2_load_32_reg_14491          |   16|   0|   16|          0|
    |hist_V_2_load_33_reg_14516          |   16|   0|   16|          0|
    |hist_V_2_load_34_reg_14541          |   16|   0|   16|          0|
    |hist_V_2_load_35_reg_14566          |   16|   0|   16|          0|
    |hist_V_2_load_36_reg_14591          |   16|   0|   16|          0|
    |hist_V_2_load_3_reg_13766           |   16|   0|   16|          0|
    |hist_V_2_load_4_reg_13791           |   16|   0|   16|          0|
    |hist_V_2_load_5_reg_13816           |   16|   0|   16|          0|
    |hist_V_2_load_6_reg_13841           |   16|   0|   16|          0|
    |hist_V_2_load_7_reg_13866           |   16|   0|   16|          0|
    |hist_V_2_load_8_reg_13891           |   16|   0|   16|          0|
    |hist_V_2_load_9_reg_13916           |   16|   0|   16|          0|
    |hist_V_2_load_reg_13691             |   16|   0|   16|          0|
    |hist_V_3_load_10_reg_13946          |   16|   0|   16|          0|
    |hist_V_3_load_11_reg_13971          |   16|   0|   16|          0|
    |hist_V_3_load_12_reg_13996          |   16|   0|   16|          0|
    |hist_V_3_load_13_reg_14021          |   16|   0|   16|          0|
    |hist_V_3_load_14_reg_14046          |   16|   0|   16|          0|
    |hist_V_3_load_15_reg_14071          |   16|   0|   16|          0|
    |hist_V_3_load_16_reg_14096          |   16|   0|   16|          0|
    |hist_V_3_load_17_reg_14121          |   16|   0|   16|          0|
    |hist_V_3_load_18_reg_14146          |   16|   0|   16|          0|
    |hist_V_3_load_19_reg_14171          |   16|   0|   16|          0|
    |hist_V_3_load_1_reg_13721           |   16|   0|   16|          0|
    |hist_V_3_load_20_reg_14196          |   16|   0|   16|          0|
    |hist_V_3_load_21_reg_14221          |   16|   0|   16|          0|
    |hist_V_3_load_22_reg_14246          |   16|   0|   16|          0|
    |hist_V_3_load_23_reg_14271          |   16|   0|   16|          0|
    |hist_V_3_load_24_reg_14296          |   16|   0|   16|          0|
    |hist_V_3_load_25_reg_14321          |   16|   0|   16|          0|
    |hist_V_3_load_26_reg_14346          |   16|   0|   16|          0|
    |hist_V_3_load_27_reg_14371          |   16|   0|   16|          0|
    |hist_V_3_load_28_reg_14396          |   16|   0|   16|          0|
    |hist_V_3_load_29_reg_14421          |   16|   0|   16|          0|
    |hist_V_3_load_2_reg_13746           |   16|   0|   16|          0|
    |hist_V_3_load_30_reg_14446          |   16|   0|   16|          0|
    |hist_V_3_load_31_reg_14471          |   16|   0|   16|          0|
    |hist_V_3_load_32_reg_14496          |   16|   0|   16|          0|
    |hist_V_3_load_33_reg_14521          |   16|   0|   16|          0|
    |hist_V_3_load_34_reg_14546          |   16|   0|   16|          0|
    |hist_V_3_load_35_reg_14571          |   16|   0|   16|          0|
    |hist_V_3_load_36_reg_14596          |   16|   0|   16|          0|
    |hist_V_3_load_3_reg_13771           |   16|   0|   16|          0|
    |hist_V_3_load_4_reg_13796           |   16|   0|   16|          0|
    |hist_V_3_load_5_reg_13821           |   16|   0|   16|          0|
    |hist_V_3_load_6_reg_13846           |   16|   0|   16|          0|
    |hist_V_3_load_7_reg_13871           |   16|   0|   16|          0|
    |hist_V_3_load_8_reg_13896           |   16|   0|   16|          0|
    |hist_V_3_load_9_reg_13921           |   16|   0|   16|          0|
    |hist_V_3_load_reg_13696             |   16|   0|   16|          0|
    |hist_V_4_load_10_reg_13951          |   16|   0|   16|          0|
    |hist_V_4_load_11_reg_13976          |   16|   0|   16|          0|
    |hist_V_4_load_12_reg_14001          |   16|   0|   16|          0|
    |hist_V_4_load_13_reg_14026          |   16|   0|   16|          0|
    |hist_V_4_load_14_reg_14051          |   16|   0|   16|          0|
    |hist_V_4_load_15_reg_14076          |   16|   0|   16|          0|
    |hist_V_4_load_16_reg_14101          |   16|   0|   16|          0|
    |hist_V_4_load_17_reg_14126          |   16|   0|   16|          0|
    |hist_V_4_load_18_reg_14151          |   16|   0|   16|          0|
    |hist_V_4_load_19_reg_14176          |   16|   0|   16|          0|
    |hist_V_4_load_1_reg_13726           |   16|   0|   16|          0|
    |hist_V_4_load_20_reg_14201          |   16|   0|   16|          0|
    |hist_V_4_load_21_reg_14226          |   16|   0|   16|          0|
    |hist_V_4_load_22_reg_14251          |   16|   0|   16|          0|
    |hist_V_4_load_23_reg_14276          |   16|   0|   16|          0|
    |hist_V_4_load_24_reg_14301          |   16|   0|   16|          0|
    |hist_V_4_load_25_reg_14326          |   16|   0|   16|          0|
    |hist_V_4_load_26_reg_14351          |   16|   0|   16|          0|
    |hist_V_4_load_27_reg_14376          |   16|   0|   16|          0|
    |hist_V_4_load_28_reg_14401          |   16|   0|   16|          0|
    |hist_V_4_load_29_reg_14426          |   16|   0|   16|          0|
    |hist_V_4_load_2_reg_13751           |   16|   0|   16|          0|
    |hist_V_4_load_30_reg_14451          |   16|   0|   16|          0|
    |hist_V_4_load_31_reg_14476          |   16|   0|   16|          0|
    |hist_V_4_load_32_reg_14501          |   16|   0|   16|          0|
    |hist_V_4_load_33_reg_14526          |   16|   0|   16|          0|
    |hist_V_4_load_34_reg_14551          |   16|   0|   16|          0|
    |hist_V_4_load_35_reg_14576          |   16|   0|   16|          0|
    |hist_V_4_load_36_reg_14601          |   16|   0|   16|          0|
    |hist_V_4_load_3_reg_13776           |   16|   0|   16|          0|
    |hist_V_4_load_4_reg_13801           |   16|   0|   16|          0|
    |hist_V_4_load_5_reg_13826           |   16|   0|   16|          0|
    |hist_V_4_load_6_reg_13851           |   16|   0|   16|          0|
    |hist_V_4_load_7_reg_13876           |   16|   0|   16|          0|
    |hist_V_4_load_8_reg_13901           |   16|   0|   16|          0|
    |hist_V_4_load_9_reg_13926           |   16|   0|   16|          0|
    |hist_V_4_load_reg_13701             |   16|   0|   16|          0|
    |i_reg_3274                          |    3|   0|    3|          0|
    |icmp_ln1497_reg_17312               |    1|   0|    1|          0|
    |icmp_ln239_reg_13491                |    1|   0|    1|          0|
    |icmp_ln270_reg_13637                |    1|   0|    1|          0|
    |icmp_ln281_reg_15692                |    1|   0|    1|          0|
    |icmp_ln281_reg_15692_pp1_iter1_reg  |    1|   0|    1|          0|
    |icmp_ln356_reg_17261                |    1|   0|    1|          0|
    |icmp_ln768_2_reg_17360              |    1|   0|    1|          0|
    |icmp_ln786_2_reg_17365              |    1|   0|    1|          0|
    |k_reg_3238                          |    8|   0|    8|          0|
    |mul_ln1118_5_reg_4179               |   31|   0|   31|          0|
    |mul_ln1118_6_reg_4183               |   31|   0|   31|          0|
    |mul_ln1118_reg_4168                 |   31|   0|   31|          0|
    |overflow_1_reg_17281                |    1|   0|    1|          0|
    |p_Result_4_reg_17342                |    1|   0|    1|          0|
    |p_Result_5_reg_17354                |    1|   0|    1|          0|
    |p_Val2_12_reg_17348                 |   24|   0|   24|          0|
    |p_Val2_8_reg_17271                  |   40|   0|   40|          0|
    |p_Val2_9_reg_17276                  |   24|   0|   24|          0|
    |phi_mul_reg_3262                    |   10|   0|   10|          0|
    |q_1_reg_13543                       |   16|   0|   16|          0|
    |q_2_reg_13548                       |   16|   0|   16|          0|
    |q_3_reg_13553                       |   16|   0|   16|          0|
    |q_reg_13538                         |   16|   0|   16|          0|
    |ratio_V_reg_17307                   |   24|   0|   24|          0|
    |reg_3227                            |   32|   0|   32|          0|
    |reg_3381                            |   49|   0|   49|          0|
    |reg_3448                            |   31|   0|   31|          0|
    |reg_4174                            |   31|   0|   31|          0|
    |reg_4187                            |   31|   0|   31|          0|
    |reg_4191                            |   31|   0|   31|          0|
    |reg_4195                            |   31|   0|   31|          0|
    |reg_4199                            |   31|   0|   31|          0|
    |reg_4203                            |   31|   0|   31|          0|
    |reg_4207                            |   31|   0|   31|          0|
    |reg_4211                            |   31|   0|   31|          0|
    |reg_4215                            |   31|   0|   31|          0|
    |reg_4275                            |   31|   0|   31|          0|
    |reg_4279                            |   31|   0|   31|          0|
    |reg_4283                            |   31|   0|   31|          0|
    |reg_4287                            |   31|   0|   31|          0|
    |reg_4291                            |   31|   0|   31|          0|
    |reg_4295                            |   31|   0|   31|          0|
    |reg_4299                            |   31|   0|   31|          0|
    |reg_4303                            |   31|   0|   31|          0|
    |reg_4307                            |   31|   0|   31|          0|
    |reg_4311                            |   31|   0|   31|          0|
    |reg_4315                            |   31|   0|   31|          0|
    |reg_6956                            |   15|   0|   15|          0|
    |reg_6960                            |   15|   0|   15|          0|
    |reg_6964                            |   15|   0|   15|          0|
    |reg_6968                            |   15|   0|   15|          0|
    |reg_6972                            |   15|   0|   15|          0|
    |reg_6976                            |   15|   0|   15|          0|
    |reg_6980                            |   15|   0|   15|          0|
    |reg_6984                            |   15|   0|   15|          0|
    |reg_6988                            |   15|   0|   15|          0|
    |reg_6992                            |   15|   0|   15|          0|
    |reg_6996                            |   15|   0|   15|          0|
    |reg_7000                            |   15|   0|   15|          0|
    |reg_7004                            |   15|   0|   15|          0|
    |reg_7008                            |   15|   0|   15|          0|
    |reg_7012                            |   15|   0|   15|          0|
    |ret_V_2_reg_17322                   |   25|   0|   25|          0|
    |ret_V_reg_17327                     |   49|   0|   49|          0|
    |select_ln340_2_reg_17292            |   24|   0|   24|          0|
    |sext_ln1116_100_reg_15101           |   31|   0|   31|          0|
    |sext_ln1116_101_reg_15106           |   31|   0|   31|          0|
    |sext_ln1116_102_reg_15111           |   31|   0|   31|          0|
    |sext_ln1116_103_reg_15116           |   31|   0|   31|          0|
    |sext_ln1116_104_reg_15121           |   31|   0|   31|          0|
    |sext_ln1116_105_reg_15126           |   31|   0|   31|          0|
    |sext_ln1116_106_reg_15131           |   31|   0|   31|          0|
    |sext_ln1116_107_reg_15136           |   31|   0|   31|          0|
    |sext_ln1116_108_reg_15141           |   31|   0|   31|          0|
    |sext_ln1116_109_reg_15146           |   31|   0|   31|          0|
    |sext_ln1116_10_reg_14651            |   31|   0|   31|          0|
    |sext_ln1116_110_reg_15151           |   31|   0|   31|          0|
    |sext_ln1116_111_reg_15156           |   31|   0|   31|          0|
    |sext_ln1116_112_reg_15161           |   31|   0|   31|          0|
    |sext_ln1116_113_reg_15166           |   31|   0|   31|          0|
    |sext_ln1116_114_reg_15171           |   31|   0|   31|          0|
    |sext_ln1116_115_reg_15176           |   31|   0|   31|          0|
    |sext_ln1116_116_reg_15181           |   31|   0|   31|          0|
    |sext_ln1116_117_reg_15186           |   31|   0|   31|          0|
    |sext_ln1116_118_reg_15191           |   31|   0|   31|          0|
    |sext_ln1116_119_reg_15196           |   31|   0|   31|          0|
    |sext_ln1116_11_reg_14656            |   31|   0|   31|          0|
    |sext_ln1116_120_reg_15201           |   31|   0|   31|          0|
    |sext_ln1116_121_reg_15206           |   31|   0|   31|          0|
    |sext_ln1116_122_reg_15211           |   31|   0|   31|          0|
    |sext_ln1116_123_reg_15216           |   31|   0|   31|          0|
    |sext_ln1116_124_reg_15221           |   31|   0|   31|          0|
    |sext_ln1116_125_reg_15226           |   31|   0|   31|          0|
    |sext_ln1116_126_reg_15231           |   31|   0|   31|          0|
    |sext_ln1116_127_reg_15236           |   31|   0|   31|          0|
    |sext_ln1116_128_reg_15241           |   31|   0|   31|          0|
    |sext_ln1116_129_reg_15246           |   31|   0|   31|          0|
    |sext_ln1116_12_reg_14661            |   31|   0|   31|          0|
    |sext_ln1116_130_reg_15251           |   31|   0|   31|          0|
    |sext_ln1116_131_reg_15256           |   31|   0|   31|          0|
    |sext_ln1116_132_reg_15261           |   31|   0|   31|          0|
    |sext_ln1116_133_reg_15266           |   31|   0|   31|          0|
    |sext_ln1116_134_reg_15271           |   31|   0|   31|          0|
    |sext_ln1116_135_reg_15276           |   31|   0|   31|          0|
    |sext_ln1116_136_reg_15281           |   31|   0|   31|          0|
    |sext_ln1116_137_reg_15286           |   31|   0|   31|          0|
    |sext_ln1116_138_reg_15291           |   31|   0|   31|          0|
    |sext_ln1116_139_reg_15296           |   31|   0|   31|          0|
    |sext_ln1116_13_reg_14666            |   31|   0|   31|          0|
    |sext_ln1116_140_reg_15301           |   31|   0|   31|          0|
    |sext_ln1116_141_reg_15306           |   31|   0|   31|          0|
    |sext_ln1116_142_reg_15311           |   31|   0|   31|          0|
    |sext_ln1116_143_reg_15316           |   31|   0|   31|          0|
    |sext_ln1116_144_reg_15321           |   31|   0|   31|          0|
    |sext_ln1116_145_reg_15326           |   31|   0|   31|          0|
    |sext_ln1116_146_reg_15331           |   31|   0|   31|          0|
    |sext_ln1116_147_reg_15336           |   31|   0|   31|          0|
    |sext_ln1116_148_reg_15341           |   31|   0|   31|          0|
    |sext_ln1116_149_reg_15346           |   31|   0|   31|          0|
    |sext_ln1116_14_reg_14671            |   31|   0|   31|          0|
    |sext_ln1116_150_reg_15351           |   31|   0|   31|          0|
    |sext_ln1116_151_reg_15356           |   31|   0|   31|          0|
    |sext_ln1116_152_reg_15361           |   31|   0|   31|          0|
    |sext_ln1116_153_reg_15366           |   31|   0|   31|          0|
    |sext_ln1116_154_reg_15371           |   31|   0|   31|          0|
    |sext_ln1116_155_reg_15376           |   31|   0|   31|          0|
    |sext_ln1116_156_reg_15381           |   31|   0|   31|          0|
    |sext_ln1116_157_reg_15386           |   31|   0|   31|          0|
    |sext_ln1116_158_reg_15391           |   31|   0|   31|          0|
    |sext_ln1116_159_reg_15396           |   31|   0|   31|          0|
    |sext_ln1116_15_reg_14676            |   31|   0|   31|          0|
    |sext_ln1116_160_reg_15401           |   31|   0|   31|          0|
    |sext_ln1116_161_reg_15406           |   31|   0|   31|          0|
    |sext_ln1116_162_reg_15411           |   31|   0|   31|          0|
    |sext_ln1116_163_reg_15416           |   31|   0|   31|          0|
    |sext_ln1116_164_reg_15421           |   31|   0|   31|          0|
    |sext_ln1116_165_reg_15426           |   31|   0|   31|          0|
    |sext_ln1116_166_reg_15431           |   31|   0|   31|          0|
    |sext_ln1116_167_reg_15436           |   31|   0|   31|          0|
    |sext_ln1116_168_reg_15441           |   31|   0|   31|          0|
    |sext_ln1116_169_reg_15446           |   31|   0|   31|          0|
    |sext_ln1116_16_reg_14681            |   31|   0|   31|          0|
    |sext_ln1116_170_reg_15451           |   31|   0|   31|          0|
    |sext_ln1116_171_reg_15456           |   31|   0|   31|          0|
    |sext_ln1116_172_reg_15461           |   31|   0|   31|          0|
    |sext_ln1116_173_reg_15466           |   31|   0|   31|          0|
    |sext_ln1116_174_reg_15471           |   31|   0|   31|          0|
    |sext_ln1116_175_reg_15476           |   31|   0|   31|          0|
    |sext_ln1116_176_reg_15481           |   31|   0|   31|          0|
    |sext_ln1116_177_reg_15486           |   31|   0|   31|          0|
    |sext_ln1116_178_reg_15491           |   31|   0|   31|          0|
    |sext_ln1116_179_reg_15496           |   31|   0|   31|          0|
    |sext_ln1116_17_reg_14686            |   31|   0|   31|          0|
    |sext_ln1116_180_reg_15501           |   31|   0|   31|          0|
    |sext_ln1116_181_reg_15506           |   31|   0|   31|          0|
    |sext_ln1116_182_reg_15511           |   31|   0|   31|          0|
    |sext_ln1116_183_reg_15516           |   31|   0|   31|          0|
    |sext_ln1116_184_reg_15521           |   31|   0|   31|          0|
    |sext_ln1116_185_reg_15526           |   31|   0|   31|          0|
    |sext_ln1116_186_reg_15531           |   31|   0|   31|          0|
    |sext_ln1116_187_reg_15536           |   31|   0|   31|          0|
    |sext_ln1116_188_reg_15541           |   31|   0|   31|          0|
    |sext_ln1116_189_reg_15546           |   31|   0|   31|          0|
    |sext_ln1116_18_reg_14691            |   31|   0|   31|          0|
    |sext_ln1116_190_reg_15551           |   31|   0|   31|          0|
    |sext_ln1116_191_reg_15556           |   31|   0|   31|          0|
    |sext_ln1116_192_reg_15561           |   31|   0|   31|          0|
    |sext_ln1116_193_reg_15566           |   31|   0|   31|          0|
    |sext_ln1116_19_reg_14696            |   31|   0|   31|          0|
    |sext_ln1116_1_reg_14606             |   31|   0|   31|          0|
    |sext_ln1116_20_reg_14701            |   31|   0|   31|          0|
    |sext_ln1116_21_reg_14706            |   31|   0|   31|          0|
    |sext_ln1116_22_reg_14711            |   31|   0|   31|          0|
    |sext_ln1116_23_reg_14716            |   31|   0|   31|          0|
    |sext_ln1116_24_reg_14721            |   31|   0|   31|          0|
    |sext_ln1116_25_reg_14726            |   31|   0|   31|          0|
    |sext_ln1116_26_reg_14731            |   31|   0|   31|          0|
    |sext_ln1116_27_reg_14736            |   31|   0|   31|          0|
    |sext_ln1116_28_reg_14741            |   31|   0|   31|          0|
    |sext_ln1116_29_reg_14746            |   31|   0|   31|          0|
    |sext_ln1116_2_reg_14611             |   31|   0|   31|          0|
    |sext_ln1116_30_reg_14751            |   31|   0|   31|          0|
    |sext_ln1116_31_reg_14756            |   31|   0|   31|          0|
    |sext_ln1116_32_reg_14761            |   31|   0|   31|          0|
    |sext_ln1116_33_reg_14766            |   31|   0|   31|          0|
    |sext_ln1116_34_reg_14771            |   31|   0|   31|          0|
    |sext_ln1116_35_reg_14776            |   31|   0|   31|          0|
    |sext_ln1116_36_reg_14781            |   31|   0|   31|          0|
    |sext_ln1116_37_reg_14786            |   31|   0|   31|          0|
    |sext_ln1116_38_reg_14791            |   31|   0|   31|          0|
    |sext_ln1116_39_reg_14796            |   31|   0|   31|          0|
    |sext_ln1116_3_reg_14616             |   31|   0|   31|          0|
    |sext_ln1116_40_reg_14801            |   31|   0|   31|          0|
    |sext_ln1116_41_reg_14806            |   31|   0|   31|          0|
    |sext_ln1116_42_reg_14811            |   31|   0|   31|          0|
    |sext_ln1116_43_reg_14816            |   31|   0|   31|          0|
    |sext_ln1116_44_reg_14821            |   31|   0|   31|          0|
    |sext_ln1116_45_reg_14826            |   31|   0|   31|          0|
    |sext_ln1116_46_reg_14831            |   31|   0|   31|          0|
    |sext_ln1116_47_reg_14836            |   31|   0|   31|          0|
    |sext_ln1116_48_reg_14841            |   31|   0|   31|          0|
    |sext_ln1116_49_reg_14846            |   31|   0|   31|          0|
    |sext_ln1116_4_reg_14621             |   31|   0|   31|          0|
    |sext_ln1116_50_reg_14851            |   31|   0|   31|          0|
    |sext_ln1116_51_reg_14856            |   31|   0|   31|          0|
    |sext_ln1116_52_reg_14861            |   31|   0|   31|          0|
    |sext_ln1116_53_reg_14866            |   31|   0|   31|          0|
    |sext_ln1116_54_reg_14871            |   31|   0|   31|          0|
    |sext_ln1116_55_reg_14876            |   31|   0|   31|          0|
    |sext_ln1116_56_reg_14881            |   31|   0|   31|          0|
    |sext_ln1116_57_reg_14886            |   31|   0|   31|          0|
    |sext_ln1116_58_reg_14891            |   31|   0|   31|          0|
    |sext_ln1116_59_reg_14896            |   31|   0|   31|          0|
    |sext_ln1116_5_reg_14626             |   31|   0|   31|          0|
    |sext_ln1116_60_reg_14901            |   31|   0|   31|          0|
    |sext_ln1116_61_reg_14906            |   31|   0|   31|          0|
    |sext_ln1116_62_reg_14911            |   31|   0|   31|          0|
    |sext_ln1116_63_reg_14916            |   31|   0|   31|          0|
    |sext_ln1116_64_reg_14921            |   31|   0|   31|          0|
    |sext_ln1116_65_reg_14926            |   31|   0|   31|          0|
    |sext_ln1116_66_reg_14931            |   31|   0|   31|          0|
    |sext_ln1116_67_reg_14936            |   31|   0|   31|          0|
    |sext_ln1116_68_reg_14941            |   31|   0|   31|          0|
    |sext_ln1116_69_reg_14946            |   31|   0|   31|          0|
    |sext_ln1116_6_reg_14631             |   31|   0|   31|          0|
    |sext_ln1116_70_reg_14951            |   31|   0|   31|          0|
    |sext_ln1116_71_reg_14956            |   31|   0|   31|          0|
    |sext_ln1116_72_reg_14961            |   31|   0|   31|          0|
    |sext_ln1116_73_reg_14966            |   31|   0|   31|          0|
    |sext_ln1116_74_reg_14971            |   31|   0|   31|          0|
    |sext_ln1116_75_reg_14976            |   31|   0|   31|          0|
    |sext_ln1116_76_reg_14981            |   31|   0|   31|          0|
    |sext_ln1116_77_reg_14986            |   31|   0|   31|          0|
    |sext_ln1116_78_reg_14991            |   31|   0|   31|          0|
    |sext_ln1116_79_reg_14996            |   31|   0|   31|          0|
    |sext_ln1116_7_reg_14636             |   31|   0|   31|          0|
    |sext_ln1116_80_reg_15001            |   31|   0|   31|          0|
    |sext_ln1116_81_reg_15006            |   31|   0|   31|          0|
    |sext_ln1116_82_reg_15011            |   31|   0|   31|          0|
    |sext_ln1116_83_reg_15016            |   31|   0|   31|          0|
    |sext_ln1116_84_reg_15021            |   31|   0|   31|          0|
    |sext_ln1116_85_reg_15026            |   31|   0|   31|          0|
    |sext_ln1116_86_reg_15031            |   31|   0|   31|          0|
    |sext_ln1116_87_reg_15036            |   31|   0|   31|          0|
    |sext_ln1116_88_reg_15041            |   31|   0|   31|          0|
    |sext_ln1116_89_reg_15046            |   31|   0|   31|          0|
    |sext_ln1116_8_reg_14641             |   31|   0|   31|          0|
    |sext_ln1116_90_reg_15051            |   31|   0|   31|          0|
    |sext_ln1116_91_reg_15056            |   31|   0|   31|          0|
    |sext_ln1116_92_reg_15061            |   31|   0|   31|          0|
    |sext_ln1116_93_reg_15066            |   31|   0|   31|          0|
    |sext_ln1116_94_reg_15071            |   31|   0|   31|          0|
    |sext_ln1116_95_reg_15076            |   31|   0|   31|          0|
    |sext_ln1116_96_reg_15081            |   31|   0|   31|          0|
    |sext_ln1116_97_reg_15086            |   31|   0|   31|          0|
    |sext_ln1116_98_reg_15091            |   31|   0|   31|          0|
    |sext_ln1116_99_reg_15096            |   31|   0|   31|          0|
    |sext_ln1116_9_reg_14646             |   31|   0|   31|          0|
    |sext_ln1116_reg_13623               |   31|   0|   31|          0|
    |sext_ln259_1_reg_13588              |   17|   0|   24|          7|
    |sext_ln259_2_reg_13598              |   17|   0|   24|          7|
    |sext_ln259_3_reg_13608              |   17|   0|   24|          7|
    |sext_ln259_reg_13578                |   17|   0|   24|          7|
    |sext_ln260_1_reg_13593              |   17|   0|   24|          7|
    |sext_ln260_2_reg_13603              |   17|   0|   24|          7|
    |sext_ln260_3_reg_13613              |   17|   0|   24|          7|
    |sext_ln260_reg_13583                |   17|   0|   24|          7|
    |sext_ln281_reg_15571                |   31|   0|   31|          0|
    |thr_V_reg_17302                     |   24|   0|   24|          0|
    |thr_V_reg_17302_pp2_iter2_reg       |   24|   0|   24|          0|
    |tmp_10_reg_17317                    |    1|   0|    1|          0|
    |tmp_1_reg_13647                     |    6|   0|    6|          0|
    |tobool98_reg_13533                  |    1|   0|    1|          0|
    |trunc_ln1265_reg_17265              |    2|   0|    2|          0|
    |trunc_ln271_reg_13657               |    3|   0|    3|          0|
    |underflow_1_reg_17286               |    1|   0|    1|          0|
    |urem_ln271_reg_13652                |    8|   0|    8|          0|
    |x_V_reg_17297                       |   24|   0|   24|          0|
    |ylp_V_1_0224_fu_998                 |   40|   0|   40|          0|
    |ylp_V_2_0225_fu_1002                |   40|   0|   40|          0|
    |add_ln270_reg_13641                 |   64|  32|    8|          0|
    |icmp_ln1497_reg_17312               |   64|  32|    1|          0|
    |icmp_ln270_reg_13637                |   64|  32|    1|          0|
    |icmp_ln356_reg_17261                |   64|  32|    1|          0|
    |k_reg_3238                          |   64|  32|    8|          0|
    |p_Val2_8_reg_17271                  |   64|  32|   40|          0|
    |tmp_10_reg_17317                    |   64|  32|    1|          0|
    |x_V_reg_17297                       |   64|  32|   24|          0|
    +------------------------------------+-----+----+-----+-----------+
    |Total                               |15194| 256|14822|         56|
    +------------------------------------+-----+----+-----+-----------+



================================================================
== Interface
================================================================
* Summary: 
+--------------------+-----+-----+------------+---------------+--------------+
|      RTL Ports     | Dir | Bits|  Protocol  | Source Object |    C Type    |
+--------------------+-----+-----+------------+---------------+--------------+
|ap_clk              |   in|    1|  ap_ctrl_hs|  fir_multiband|  return value|
|ap_rst              |   in|    1|  ap_ctrl_hs|  fir_multiband|  return value|
|ap_start            |   in|    1|  ap_ctrl_hs|  fir_multiband|  return value|
|ap_done             |  out|    1|  ap_ctrl_hs|  fir_multiband|  return value|
|ap_idle             |  out|    1|  ap_ctrl_hs|  fir_multiband|  return value|
|ap_ready            |  out|    1|  ap_ctrl_hs|  fir_multiband|  return value|
|in_r                |   in|   16|     ap_none|           in_r|       pointer|
|out_r               |  out|   16|      ap_vld|          out_r|       pointer|
|out_r_ap_vld        |  out|    1|      ap_vld|          out_r|       pointer|
|length_r            |   in|   32|     ap_none|       length_r|        scalar|
|drc_thr_address0    |  out|    2|   ap_memory|        drc_thr|         array|
|drc_thr_ce0         |  out|    1|   ap_memory|        drc_thr|         array|
|drc_thr_q0          |   in|   16|   ap_memory|        drc_thr|         array|
|drc_thr_address1    |  out|    2|   ap_memory|        drc_thr|         array|
|drc_thr_ce1         |  out|    1|   ap_memory|        drc_thr|         array|
|drc_thr_q1          |   in|   16|   ap_memory|        drc_thr|         array|
|drc_ratio_address0  |  out|    2|   ap_memory|      drc_ratio|         array|
|drc_ratio_ce0       |  out|    1|   ap_memory|      drc_ratio|         array|
|drc_ratio_q0        |   in|   16|   ap_memory|      drc_ratio|         array|
|drc_ratio_address1  |  out|    2|   ap_memory|      drc_ratio|         array|
|drc_ratio_ce1       |  out|    1|   ap_memory|      drc_ratio|         array|
|drc_ratio_q1        |   in|   16|   ap_memory|      drc_ratio|         array|
|reset               |   in|   32|     ap_none|          reset|        scalar|
|bypass              |   in|   32|     ap_none|         bypass|        scalar|
+--------------------+-----+-----+------------+---------------+--------------+

