

================================================================
== Vitis HLS Report for 'fir_multiband'
================================================================
* Date:           Tue Sep 29 17:44:50 2026

* Version:        2020.2 (Build 3064766 on Wed Nov 18 09:12:45 MST 2020)
* Project:        synth_proj
* Solution:       solution1 (Vivado IP Flow Target)
* Product family: zynq
* Target device:  xc7z020-clg400-1


================================================================
== Performance Estimates
================================================================
+ Timing: 
    * Summary: 
    +--------+----------+----------+------------+
    |  Clock |  Target  | Estimated| Uncertainty|
    +--------+----------+----------+------------+
    |ap_clk  |  10.00 ns|  7.238 ns|     2.70 ns|
    +--------+----------+----------+------------+

+ Latency: 
    * Summary: 
    +---------+---------+----------+----------+-----+-----+---------+
    |  Latency (cycles) |  Latency (absolute) |  Interval | Pipeline|
    |   min   |   max   |    min   |    max   | min | max |   Type  |
    +---------+---------+----------+----------+-----+-----+---------+
    |        ?|        ?|         ?|         ?|    ?|    ?|     none|
    +---------+---------+----------+----------+-----+-----+---------+

    + Detail: 
        * Instance: 
        N/A

        * Loop: 
        +---------------------+---------+---------+----------+-----------+-----------+------+----------+
        |                     |  Latency (cycles) | Iteration|  Initiation Interval  | Trip |          |
        |      Loop Name      |   min   |   max   |  Latency |  achieved |   target  | Count| Pipelined|
        +---------------------+---------+---------+----------+-----------+-----------+------+----------+
        |- VITIS_LOOP_194_1   |       65|       65|         1|          1|          1|    65|       yes|
        |- VITIS_LOOP_198_2   |        ?|        ?|       187|          -|          -|     ?|        no|
        | + VITIS_LOOP_205_3  |      137|      137|        12|          2|          1|    64|       yes|
        | + VITIS_LOOP_214_4  |       34|       34|        32|          1|          1|     4|       yes|
        +---------------------+---------+---------+----------+-----------+-----------+------+----------+



================================================================
== Utilization Estimates
================================================================
* Summary: 
+-----------------+---------+-----+--------+-------+-----+
|       Name      | BRAM_18K| DSP |   FF   |  LUT  | URAM|
+-----------------+---------+-----+--------+-------+-----+
|DSP              |        -|   65|       -|      -|    -|
|Expression       |        -|    -|       0|  16356|    -|
|FIFO             |        -|    -|       -|      -|    -|
|Instance         |        -|    3|     804|    559|    -|
|Memory           |       64|    -|     160|     20|    -|
|Multiplexer      |        -|    -|       -|    761|    -|
|Register         |        -|    -|    7172|    288|    -|
+-----------------+---------+-----+--------+-------+-----+
|Total            |       64|   68|    8136|  17984|    0|
+-----------------+---------+-----+--------+-------+-----+
|Available        |      280|  220|  106400|  53200|    0|
+-----------------+---------+-----+--------+-------+-----+
|Utilization (%)  |       22|   30|       7|     33|    0|
+-----------------+---------+-----+--------+-------+-----+

+ Detail: 
    * Instance: 
    +-----------------------------+--------------------------+---------+----+-----+-----+-----+
    |           Instance          |          Module          | BRAM_18K| DSP|  FF | LUT | URAM|
    +-----------------------------+--------------------------+---------+----+-----+-----+-----+
    |fpext_32ns_64_2_no_dsp_1_U1  |fpext_32ns_64_2_no_dsp_1  |        0|   0|    0|    0|    0|
    |mul_41s_33ns_72_2_1_U6       |mul_41s_33ns_72_2_1       |        0|   1|  201|   84|    0|
    |mul_6ns_8ns_13_1_1_U3        |mul_6ns_8ns_13_1_1        |        0|   0|    0|   41|    0|
    |mul_72s_33s_104_5_1_U7       |mul_72s_33s_104_5_1       |        0|   2|  441|  256|    0|
    |mul_7ns_9ns_15_1_1_U4        |mul_7ns_9ns_15_1_1        |        0|   0|    0|   51|    0|
    |mux_564_16_1_1_U5            |mux_564_16_1_1            |        0|   0|    0|   25|    0|
    |urem_7ns_4ns_7_11_1_U2       |urem_7ns_4ns_7_11_1       |        0|   0|  162|  102|    0|
    +-----------------------------+--------------------------+---------+----+-----+-----+-----+
    |Total                        |                          |        0|   3|  804|  559|    0|
    +-----------------------------+--------------------------+---------+----+-----+-----+-----+

    * DSP: 
    +-----------------------------------+-------------------------------+--------------+
    |              Instance             |             Module            |  Expression  |
    +-----------------------------------+-------------------------------+--------------+
    |mac_muladd_18s_16s_34s_34_4_1_U11  |mac_muladd_18s_16s_34s_34_4_1  |  i0 + i1 * i2|
    |mac_muladd_18s_16s_34s_34_4_1_U12  |mac_muladd_18s_16s_34s_34_4_1  |  i0 + i1 * i2|
    |mac_muladd_18s_16s_34s_34_4_1_U14  |mac_muladd_18s_16s_34s_34_4_1  |  i0 + i1 * i2|
    |mac_muladd_18s_16s_34s_34_4_1_U20  |mac_muladd_18s_16s_34s_34_4_1  |  i0 + i1 * i2|
    |mac_muladd_18s_16s_34s_34_4_1_U25  |mac_muladd_18s_16s_34s_34_4_1  |  i0 + i1 * i2|
    |mac_muladd_18s_16s_34s_35_4_1_U15  |mac_muladd_18s_16s_34s_35_4_1  |  i0 + i1 * i2|
    |mac_muladd_18s_16s_34s_35_4_1_U16  |mac_muladd_18s_16s_34s_35_4_1  |  i0 + i1 * i2|
    |mac_muladd_18s_16s_34s_35_4_1_U21  |mac_muladd_18s_16s_34s_35_4_1  |  i0 + i1 * i2|
    |mac_muladd_18s_16s_34s_35_4_1_U26  |mac_muladd_18s_16s_34s_35_4_1  |  i0 + i1 * i2|
    |mac_muladd_18s_16s_34s_35_4_1_U31  |mac_muladd_18s_16s_34s_35_4_1  |  i0 + i1 * i2|
    |mul_mul_18s_16s_34_4_1_U8          |mul_mul_18s_16s_34_4_1         |       i0 * i1|
    |mul_mul_18s_16s_34_4_1_U9          |mul_mul_18s_16s_34_4_1         |       i0 * i1|
    |mul_mul_18s_16s_34_4_1_U10         |mul_mul_18s_16s_34_4_1         |       i0 * i1|
    |mul_mul_18s_16s_34_4_1_U13         |mul_mul_18s_16s_34_4_1         |       i0 * i1|
    |mul_mul_18s_16s_34_4_1_U17         |mul_mul_18s_16s_34_4_1         |       i0 * i1|
    |mul_mul_18s_16s_34_4_1_U18         |mul_mul_18s_16s_34_4_1         |       i0 * i1|
    |mul_mul_18s_16s_34_4_1_U19         |mul_mul_18s_16s_34_4_1         |       i0 * i1|
    |mul_mul_18s_16s_34_4_1_U22         |mul_mul_18s_16s_34_4_1         |       i0 * i1|
    |mul_mul_18s_16s_34_4_1_U23         |mul_mul_18s_16s_34_4_1         |       i0 * i1|
    |mul_mul_18s_16s_34_4_1_U24         |mul_mul_18s_16s_34_4_1         |       i0 * i1|
    |mul_mul_18s_16s_34_4_1_U27         |mul_mul_18s_16s_34_4_1         |       i0 * i1|
    |mul_mul_18s_16s_34_4_1_U28         |mul_mul_18s_16s_34_4_1         |       i0 * i1|
    |mul_mul_18s_16s_34_4_1_U29         |mul_mul_18s_16s_34_4_1         |       i0 * i1|
    |mul_mul_18s_16s_34_4_1_U30         |mul_mul_18s_16s_34_4_1         |       i0 * i1|
    |mul_mul_18s_16s_34_4_1_U32         |mul_mul_18s_16s_34_4_1         |       i0 * i1|
    |mul_mul_18s_16s_34_4_1_U33         |mul_mul_18s_16s_34_4_1         |       i0 * i1|
    |mul_mul_18s_16s_34_4_1_U34         |mul_mul_18s_16s_34_4_1         |       i0 * i1|
    |mul_mul_18s_16s_34_4_1_U35         |mul_mul_18s_16s_34_4_1         |       i0 * i1|
    |mul_mul_18s_16s_34_4_1_U36         |mul_mul_18s_16s_34_4_1         |       i0 * i1|
    |mul_mul_18s_16s_34_4_1_U37         |mul_mul_18s_16s_34_4_1         |       i0 * i1|
    |mul_mul_18s_16s_34_4_1_U38         |mul_mul_18s_16s_34_4_1         |       i0 * i1|
    |mul_mul_18s_16s_34_4_1_U39         |mul_mul_18s_16s_34_4_1         |       i0 * i1|
    |mul_mul_18s_16s_34_4_1_U40         |mul_mul_18s_16s_34_4_1         |       i0 * i1|
    |mul_mul_18s_16s_34_4_1_U41         |mul_mul_18s_16s_34_4_1         |       i0 * i1|
    |mul_mul_18s_16s_34_4_1_U42         |mul_mul_18s_16s_34_4_1         |       i0 * i1|
    |mul_mul_18s_16s_34_4_1_U43         |mul_mul_18s_16s_34_4_1         |       i0 * i1|
    |mul_mul_18s_16s_34_4_1_U44         |mul_mul_18s_16s_34_4_1         |       i0 * i1|
    |mul_mul_18s_16s_34_4_1_U45         |mul_mul_18s_16s_34_4_1         |       i0 * i1|
    |mul_mul_18s_16s_34_4_1_U46         |mul_mul_18s_16s_34_4_1         |       i0 * i1|
    |mul_mul_18s_16s_34_4_1_U47         |mul_mul_18s_16s_34_4_1         |       i0 * i1|
    |mul_mul_18s_16s_34_4_1_U48         |mul_mul_18s_16s_34_4_1         |       i0 * i1|
    |mul_mul_18s_16s_34_4_1_U49         |mul_mul_18s_16s_34_4_1         |       i0 * i1|
    |mul_mul_18s_16s_34_4_1_U50         |mul_mul_18s_16s_34_4_1         |       i0 * i1|
    |mul_mul_18s_16s_34_4_1_U51         |mul_mul_18s_16s_34_4_1         |       i0 * i1|
    |mul_mul_18s_16s_34_4_1_U52         |mul_mul_18s_16s_34_4_1         |       i0 * i1|
    |mul_mul_18s_16s_34_4_1_U53         |mul_mul_18s_16s_34_4_1         |       i0 * i1|
    |mul_mul_18s_16s_34_4_1_U54         |mul_mul_18s_16s_34_4_1         |       i0 * i1|
    |mul_mul_18s_16s_34_4_1_U55         |mul_mul_18s_16s_34_4_1         |       i0 * i1|
    |mul_mul_18s_16s_34_4_1_U56         |mul_mul_18s_16s_34_4_1         |       i0 * i1|
    |mul_mul_18s_16s_34_4_1_U57         |mul_mul_18s_16s_34_4_1         |       i0 * i1|
    |mul_mul_18s_16s_34_4_1_U58         |mul_mul_18s_16s_34_4_1         |       i0 * i1|
    |mul_mul_18s_16s_34_4_1_U59         |mul_mul_18s_16s_34_4_1         |       i0 * i1|
    |mul_mul_18s_16s_34_4_1_U60         |mul_mul_18s_16s_34_4_1         |       i0 * i1|
    |mul_mul_18s_16s_34_4_1_U61         |mul_mul_18s_16s_34_4_1         |       i0 * i1|
    |mul_mul_18s_16s_34_4_1_U62         |mul_mul_18s_16s_34_4_1         |       i0 * i1|
    |mul_mul_18s_16s_34_4_1_U63         |mul_mul_18s_16s_34_4_1         |       i0 * i1|
    |mul_mul_18s_16s_34_4_1_U64         |mul_mul_18s_16s_34_4_1         |       i0 * i1|
    |mul_mul_18s_16s_34_4_1_U65         |mul_mul_18s_16s_34_4_1         |       i0 * i1|
    |mul_mul_18s_16s_34_4_1_U66         |mul_mul_18s_16s_34_4_1         |       i0 * i1|
    |mul_mul_18s_16s_34_4_1_U67         |mul_mul_18s_16s_34_4_1         |       i0 * i1|
    |mul_mul_18s_16s_34_4_1_U68         |mul_mul_18s_16s_34_4_1         |       i0 * i1|
    |mul_mul_18s_16s_34_4_1_U69         |mul_mul_18s_16s_34_4_1         |       i0 * i1|
    |mul_mul_18s_16s_34_4_1_U70         |mul_mul_18s_16s_34_4_1         |       i0 * i1|
    |mul_mul_18s_16s_34_4_1_U71         |mul_mul_18s_16s_34_4_1         |       i0 * i1|
    |mul_mul_18s_16s_34_4_1_U72         |mul_mul_18s_16s_34_4_1         |       i0 * i1|
    +-----------------------------------+-------------------------------+--------------+

    * Memory: 
    +----------------+--------------+---------+----+----+-----+------+-----+------+-------------+
    |     Memory     |    Module    | BRAM_18K| FF | LUT| URAM| Words| Bits| Banks| W*Bits*Banks|
    +----------------+--------------+---------+----+----+-----+------+-----+------+-------------+
    |FIR_COEFFS_V_U  |FIR_COEFFS_V  |       64|   0|   0|    0|   260|   18|     1|         4680|
    |hist_V_0_U      |hist_V_0      |        0|  32|   4|    0|    13|   16|     1|          208|
    |hist_V_1_U      |hist_V_1      |        0|  32|   4|    0|    13|   16|     1|          208|
    |hist_V_2_U      |hist_V_1      |        0|  32|   4|    0|    13|   16|     1|          208|
    |hist_V_3_U      |hist_V_1      |        0|  32|   4|    0|    13|   16|     1|          208|
    |hist_V_4_U      |hist_V_1      |        0|  32|   4|    0|    13|   16|     1|          208|
    +----------------+--------------+---------+----+----+-----+------+-----+------+-------------+
    |Total           |              |       64| 160|  20|    0|   325|   98|     6|         5720|
    +----------------+--------------+---------+----+----+-----+------+-----+------+-------------+

    * FIFO: 
    N/A

    * Expression: 
    +------------------------------+----------+----+---+-----+------------+------------+
    |         Variable Name        | Operation| DSP| FF| LUT | Bitwidth P0| Bitwidth P1|
    +------------------------------+----------+----+---+-----+------------+------------+
    |acc_V_4_fu_9140_p2            |         +|   0|  0|   47|          40|          40|
    |add_ln1118_10_fu_2986_p2      |         +|   0|  0|   14|           9|           4|
    |add_ln1118_11_fu_2996_p2      |         +|   0|  0|   14|           9|           4|
    |add_ln1118_12_fu_3058_p2      |         +|   0|  0|   14|           9|           4|
    |add_ln1118_13_fu_3132_p2      |         +|   0|  0|   14|           9|           4|
    |add_ln1118_14_fu_3206_p2      |         +|   0|  0|   14|           9|           4|
    |add_ln1118_15_fu_3006_p2      |         +|   0|  0|   14|           9|           4|
    |add_ln1118_16_fu_3016_p2      |         +|   0|  0|   14|           9|           5|
    |add_ln1118_17_fu_3068_p2      |         +|   0|  0|   14|           9|           5|
    |add_ln1118_18_fu_3142_p2      |         +|   0|  0|   14|           9|           5|
    |add_ln1118_19_fu_3216_p2      |         +|   0|  0|   14|           9|           5|
    |add_ln1118_1_fu_2917_p2       |         +|   0|  0|   14|           9|           1|
    |add_ln1118_20_fu_3078_p2      |         +|   0|  0|   14|           9|           5|
    |add_ln1118_21_fu_3088_p2      |         +|   0|  0|   14|           9|           5|
    |add_ln1118_22_fu_3152_p2      |         +|   0|  0|   14|           9|           5|
    |add_ln1118_23_fu_3226_p2      |         +|   0|  0|   14|           9|           5|
    |add_ln1118_24_fu_3296_p2      |         +|   0|  0|   14|           9|           5|
    |add_ln1118_25_fu_3162_p2      |         +|   0|  0|   14|           9|           5|
    |add_ln1118_26_fu_3172_p2      |         +|   0|  0|   14|           9|           5|
    |add_ln1118_27_fu_3236_p2      |         +|   0|  0|   14|           9|           5|
    |add_ln1118_28_fu_3306_p2      |         +|   0|  0|   14|           9|           5|
    |add_ln1118_29_fu_3453_p2      |         +|   0|  0|   14|           9|           5|
    |add_ln1118_2_fu_2928_p2       |         +|   0|  0|   14|           9|           2|
    |add_ln1118_30_fu_3246_p2      |         +|   0|  0|   14|           9|           5|
    |add_ln1118_31_fu_3256_p2      |         +|   0|  0|   14|           9|           5|
    |add_ln1118_32_fu_3316_p2      |         +|   0|  0|   14|           9|           6|
    |add_ln1118_33_fu_3463_p2      |         +|   0|  0|   14|           9|           6|
    |add_ln1118_34_fu_3758_p2      |         +|   0|  0|   14|           9|           6|
    |add_ln1118_35_fu_3326_p2      |         +|   0|  0|   14|           9|           6|
    |add_ln1118_36_fu_3336_p2      |         +|   0|  0|   14|           9|           6|
    |add_ln1118_37_fu_3473_p2      |         +|   0|  0|   14|           9|           6|
    |add_ln1118_38_fu_3768_p2      |         +|   0|  0|   14|           9|           6|
    |add_ln1118_39_fu_4159_p2      |         +|   0|  0|   14|           9|           6|
    |add_ln1118_3_fu_2966_p2       |         +|   0|  0|   14|           9|           2|
    |add_ln1118_40_fu_3483_p2      |         +|   0|  0|   14|           9|           6|
    |add_ln1118_41_fu_3493_p2      |         +|   0|  0|   14|           9|           6|
    |add_ln1118_42_fu_3778_p2      |         +|   0|  0|   14|           9|           6|
    |add_ln1118_43_fu_4169_p2      |         +|   0|  0|   14|           9|           6|
    |add_ln1118_44_fu_4653_p2      |         +|   0|  0|   14|           9|           6|
    |add_ln1118_45_fu_3788_p2      |         +|   0|  0|   14|           9|           6|
    |add_ln1118_46_fu_3798_p2      |         +|   0|  0|   14|           9|           6|
    |add_ln1118_47_fu_4179_p2      |         +|   0|  0|   14|           9|           6|
    |add_ln1118_48_fu_4663_p2      |         +|   0|  0|   14|           9|           6|
    |add_ln1118_49_fu_5203_p2      |         +|   0|  0|   14|           9|           6|
    |add_ln1118_4_fu_3038_p2       |         +|   0|  0|   14|           9|           3|
    |add_ln1118_50_fu_4189_p2      |         +|   0|  0|   14|           9|           6|
    |add_ln1118_51_fu_4199_p2      |         +|   0|  0|   14|           9|           6|
    |add_ln1118_52_fu_4673_p2      |         +|   0|  0|   14|           9|           6|
    |add_ln1118_53_fu_5213_p2      |         +|   0|  0|   14|           9|           6|
    |add_ln1118_54_fu_5753_p2      |         +|   0|  0|   14|           9|           6|
    |add_ln1118_55_fu_4683_p2      |         +|   0|  0|   14|           9|           6|
    |add_ln1118_56_fu_4693_p2      |         +|   0|  0|   14|           9|           6|
    |add_ln1118_57_fu_5223_p2      |         +|   0|  0|   14|           9|           6|
    |add_ln1118_58_fu_5763_p2      |         +|   0|  0|   14|           9|           6|
    |add_ln1118_59_fu_6283_p2      |         +|   0|  0|   14|           9|           6|
    |add_ln1118_5_fu_2938_p2       |         +|   0|  0|   14|           9|           3|
    |add_ln1118_60_fu_5233_p2      |         +|   0|  0|   14|           9|           6|
    |add_ln1118_61_fu_5243_p2      |         +|   0|  0|   14|           9|           6|
    |add_ln1118_62_fu_5773_p2      |         +|   0|  0|   14|           9|           6|
    |add_ln1118_63_fu_6293_p2      |         +|   0|  0|   14|           9|           6|
    |add_ln1118_64_fu_6795_p2      |         +|   0|  0|   14|           9|           7|
    |add_ln1118_6_fu_2948_p2       |         +|   0|  0|   14|           9|           3|
    |add_ln1118_7_fu_2976_p2       |         +|   0|  0|   14|           9|           3|
    |add_ln1118_8_fu_3048_p2       |         +|   0|  0|   14|           9|           4|
    |add_ln1118_9_fu_3122_p2       |         +|   0|  0|   14|           9|           4|
    |add_ln1118_fu_2906_p2         |         +|   0|  0|   14|           9|           9|
    |add_ln1192_10_fu_3672_p2      |         +|   0|  0|   48|          41|          41|
    |add_ln1192_11_fu_3710_p2      |         +|   0|  0|   48|          41|          41|
    |add_ln1192_12_fu_4035_p2      |         +|   0|  0|   48|          41|          41|
    |add_ln1192_13_fu_4375_p2      |         +|   0|  0|   48|          41|          41|
    |add_ln1192_14_fu_4829_p2      |         +|   0|  0|   48|          41|          41|
    |add_ln1192_15_fu_4073_p2      |         +|   0|  0|   48|          41|          41|
    |add_ln1192_16_fu_4111_p2      |         +|   0|  0|   48|          41|          41|
    |add_ln1192_17_fu_4529_p2      |         +|   0|  0|   48|          41|          41|
    |add_ln1192_18_fu_4925_p2      |         +|   0|  0|   48|          41|          41|
    |add_ln1192_19_fu_5379_p2      |         +|   0|  0|   48|          41|          41|
    |add_ln1192_20_fu_4567_p2      |         +|   0|  0|   48|          41|          41|
    |add_ln1192_21_fu_4605_p2      |         +|   0|  0|   48|          41|          41|
    |add_ln1192_22_fu_5079_p2      |         +|   0|  0|   48|          41|          41|
    |add_ln1192_23_fu_5475_p2      |         +|   0|  0|   48|          41|          41|
    |add_ln1192_24_fu_5909_p2      |         +|   0|  0|   48|          41|          41|
    |add_ln1192_25_fu_5117_p2      |         +|   0|  0|   48|          41|          41|
    |add_ln1192_26_fu_5155_p2      |         +|   0|  0|   48|          41|          41|
    |add_ln1192_27_fu_5629_p2      |         +|   0|  0|   48|          41|          41|
    |add_ln1192_28_fu_6005_p2      |         +|   0|  0|   48|          41|          41|
    |add_ln1192_29_fu_6429_p2      |         +|   0|  0|   48|          41|          41|
    |add_ln1192_30_fu_5667_p2      |         +|   0|  0|   48|          41|          41|
    |add_ln1192_31_fu_5705_p2      |         +|   0|  0|   48|          41|          41|
    |add_ln1192_32_fu_6159_p2      |         +|   0|  0|   48|          41|          41|
    |add_ln1192_33_fu_6525_p2      |         +|   0|  0|   48|          41|          41|
    |add_ln1192_34_fu_6931_p2      |         +|   0|  0|   48|          41|          41|
    |add_ln1192_35_fu_6197_p2      |         +|   0|  0|   48|          41|          41|
    |add_ln1192_36_fu_6235_p2      |         +|   0|  0|   48|          41|          41|
    |add_ln1192_37_fu_6679_p2      |         +|   0|  0|   48|          41|          41|
    |add_ln1192_38_fu_7027_p2      |         +|   0|  0|   48|          41|          41|
    |add_ln1192_39_fu_7419_p2      |         +|   0|  0|   48|          41|          41|
    |add_ln1192_40_fu_6717_p2      |         +|   0|  0|   48|          41|          41|
    |add_ln1192_41_fu_6755_p2      |         +|   0|  0|   48|          41|          41|
    |add_ln1192_42_fu_7181_p2      |         +|   0|  0|   48|          41|          41|
    |add_ln1192_43_fu_7515_p2      |         +|   0|  0|   48|          41|          41|
    |add_ln1192_44_fu_7903_p2      |         +|   0|  0|   48|          41|          41|
    |add_ln1192_45_fu_7219_p2      |         +|   0|  0|   48|          41|          41|
    |add_ln1192_46_fu_7257_p2      |         +|   0|  0|   48|          41|          41|
    |add_ln1192_47_fu_7669_p2      |         +|   0|  0|   48|          41|          41|
    |add_ln1192_48_fu_7999_p2      |         +|   0|  0|   48|          41|          41|
    |add_ln1192_49_fu_8343_p2      |         +|   0|  0|   48|          41|          41|
    |add_ln1192_50_fu_7707_p2      |         +|   0|  0|   48|          41|          41|
    |add_ln1192_51_fu_7745_p2      |         +|   0|  0|   48|          41|          41|
    |add_ln1192_52_fu_8153_p2      |         +|   0|  0|   48|          41|          41|
    |add_ln1192_53_fu_8439_p2      |         +|   0|  0|   48|          41|          41|
    |add_ln1192_54_fu_8658_p2      |         +|   0|  0|   48|          41|          41|
    |add_ln1192_55_fu_8189_p2      |         +|   0|  0|   48|          41|          41|
    |add_ln1192_56_fu_8504_p2      |         +|   0|  0|   48|          41|          41|
    |add_ln1192_57_fu_8723_p2      |         +|   0|  0|   48|          41|          41|
    |add_ln1192_58_fu_8846_p2      |         +|   0|  0|   48|          41|          41|
    |add_ln1192_5_fu_3368_p2       |         +|   0|  0|   48|          41|          41|
    |add_ln1192_6_fu_3405_p2       |         +|   0|  0|   48|          41|          41|
    |add_ln1192_7_fu_3634_p2       |         +|   0|  0|   48|          41|          41|
    |add_ln1192_8_fu_3881_p2       |         +|   0|  0|   48|          41|          41|
    |add_ln1192_9_fu_4279_p2       |         +|   0|  0|   48|          41|          41|
    |add_ln194_fu_1913_p2          |         +|   0|  0|   14|           7|           1|
    |add_ln195_fu_1929_p2          |         +|   0|  0|   17|          14|           8|
    |add_ln198_fu_2026_p2          |         +|   0|  0|   39|          32|           1|
    |add_ln205_fu_2049_p2          |         +|   0|  0|   14|           7|           2|
    |add_ln206_fu_2059_p2          |         +|   0|  0|   14|           6|           2|
    |add_ln214_fu_2882_p2          |         +|   0|  0|   11|           3|           1|
    |add_ln581_fu_2213_p2          |         +|   0|  0|   12|          12|           5|
    |add_ln612_fu_2259_p2          |         +|   0|  0|   12|          12|          11|
    |add_ln703_1_fu_8518_p2        |         +|   0|  0|   47|          40|          40|
    |add_ln703_2_fu_8737_p2        |         +|   0|  0|   47|          40|          40|
    |add_ln703_3_fu_8860_p2        |         +|   0|  0|   47|          40|          40|
    |add_ln703_fu_8203_p2          |         +|   0|  0|   47|          40|          40|
    |add_ln954_fu_9375_p2          |         +|   0|  0|   39|          32|           6|
    |add_ln964_fu_9448_p2          |         +|   0|  0|    8|           8|           8|
    |lsb_index_fu_9245_p2          |         +|   0|  0|   39|          32|           6|
    |m_1_fu_9403_p2                |         +|   0|  0|   48|          41|          41|
    |next_urem_fu_1954_p2          |         +|   0|  0|   14|           7|           1|
    |pos1_fu_2271_p2               |         +|   0|  0|   12|          12|           1|
    |pos2_fu_2371_p2               |         +|   0|  0|   12|          12|           2|
    |ret_V_3_fu_8954_p2            |         +|   0|  0|   48|          41|          30|
    |ret_V_4_fu_9126_p2            |         +|   0|  0|   48|          41|          41|
    |ret_V_fu_8975_p2              |         +|   0|  0|   79|          72|          61|
    |y_V_0_10_fu_6731_p2           |         +|   0|  0|   47|          40|          40|
    |y_V_0_11_fu_7233_p2           |         +|   0|  0|   47|          40|          40|
    |y_V_0_12_fu_7721_p2           |         +|   0|  0|   47|          40|          40|
    |y_V_0_3_fu_3382_p2            |         +|   0|  0|   47|          40|          40|
    |y_V_0_4_fu_3686_p2            |         +|   0|  0|   47|          40|          40|
    |y_V_0_5_fu_4087_p2            |         +|   0|  0|   47|          40|          40|
    |y_V_0_6_fu_4581_p2            |         +|   0|  0|   47|          40|          40|
    |y_V_0_7_fu_5131_p2            |         +|   0|  0|   47|          40|          40|
    |y_V_0_8_fu_5681_p2            |         +|   0|  0|   47|          40|          40|
    |y_V_0_9_fu_6211_p2            |         +|   0|  0|   47|          40|          40|
    |y_V_1_10_fu_6769_p2           |         +|   0|  0|   47|          40|          40|
    |y_V_1_11_fu_7271_p2           |         +|   0|  0|   47|          40|          40|
    |y_V_1_12_fu_7759_p2           |         +|   0|  0|   47|          40|          40|
    |y_V_1_3_fu_3419_p2            |         +|   0|  0|   47|          40|          40|
    |y_V_1_4_fu_3724_p2            |         +|   0|  0|   47|          40|          40|
    |y_V_1_5_fu_4125_p2            |         +|   0|  0|   47|          40|          40|
    |y_V_1_6_fu_4619_p2            |         +|   0|  0|   47|          40|          40|
    |y_V_1_7_fu_5169_p2            |         +|   0|  0|   47|          40|          40|
    |y_V_1_8_fu_5719_p2            |         +|   0|  0|   47|          40|          40|
    |y_V_1_9_fu_6249_p2            |         +|   0|  0|   47|          40|          40|
    |y_V_2_10_fu_7195_p2           |         +|   0|  0|   47|          40|          40|
    |y_V_2_11_fu_7683_p2           |         +|   0|  0|   47|          40|          40|
    |y_V_2_12_fu_8167_p2           |         +|   0|  0|   47|          40|          40|
    |y_V_2_3_fu_3648_p2            |         +|   0|  0|   47|          40|          40|
    |y_V_2_4_fu_4049_p2            |         +|   0|  0|   47|          40|          40|
    |y_V_2_5_fu_4543_p2            |         +|   0|  0|   47|          40|          40|
    |y_V_2_6_fu_5093_p2            |         +|   0|  0|   47|          40|          40|
    |y_V_2_7_fu_5643_p2            |         +|   0|  0|   47|          40|          40|
    |y_V_2_8_fu_6173_p2            |         +|   0|  0|   47|          40|          40|
    |y_V_2_9_fu_6693_p2            |         +|   0|  0|   47|          40|          40|
    |y_V_3_10_fu_7529_p2           |         +|   0|  0|   47|          40|          40|
    |y_V_3_11_fu_8013_p2           |         +|   0|  0|   47|          40|          40|
    |y_V_3_12_fu_8453_p2           |         +|   0|  0|   47|          40|          40|
    |y_V_3_3_fu_3895_p2            |         +|   0|  0|   47|          40|          40|
    |y_V_3_4_fu_4389_p2            |         +|   0|  0|   47|          40|          40|
    |y_V_3_5_fu_4939_p2            |         +|   0|  0|   47|          40|          40|
    |y_V_3_6_fu_5489_p2            |         +|   0|  0|   47|          40|          40|
    |y_V_3_7_fu_6019_p2            |         +|   0|  0|   47|          40|          40|
    |y_V_3_8_fu_6539_p2            |         +|   0|  0|   47|          40|          40|
    |y_V_3_9_fu_7041_p2            |         +|   0|  0|   47|          40|          40|
    |y_V_4_10_fu_7917_p2           |         +|   0|  0|   47|          40|          40|
    |y_V_4_11_fu_8357_p2           |         +|   0|  0|   47|          40|          40|
    |y_V_4_12_fu_8672_p2           |         +|   0|  0|   47|          40|          40|
    |y_V_4_3_fu_4293_p2            |         +|   0|  0|   47|          40|          40|
    |y_V_4_4_fu_4843_p2            |         +|   0|  0|   47|          40|          40|
    |y_V_4_5_fu_5393_p2            |         +|   0|  0|   47|          40|          40|
    |y_V_4_6_fu_5923_p2            |         +|   0|  0|   47|          40|          40|
    |y_V_4_7_fu_6443_p2            |         +|   0|  0|   47|          40|          40|
    |y_V_4_8_fu_6945_p2            |         +|   0|  0|   47|          40|          40|
    |y_V_4_9_fu_7433_p2            |         +|   0|  0|   47|          40|          40|
    |F2_fu_2191_p2                 |         -|   0|  0|   12|          11|          12|
    |man_V_2_fu_2178_p2            |         -|   0|  0|   61|           1|          54|
    |p_Val2_3_fu_8911_p2           |         -|   0|  0|   47|           1|          40|
    |sub_ln581_fu_2219_p2          |         -|   0|  0|   12|           4|          12|
    |sub_ln944_fu_9239_p2          |         -|   0|  0|   39|           6|          32|
    |sub_ln947_fu_9282_p2          |         -|   0|  0|   14|           1|           6|
    |sub_ln955_fu_9361_p2          |         -|   0|  0|   39|           5|          32|
    |sub_ln964_fu_9443_p2          |         -|   0|  0|    8|           4|           8|
    |tmp_V_fu_9188_p2              |         -|   0|  0|   47|           1|          40|
    |Range1_all_ones_3_fu_2309_p2  |       and|   0|  0|    2|           1|           1|
    |Range1_all_ones_fu_2479_p2    |       and|   0|  0|    2|           1|           1|
    |and_ln340_1_fu_2646_p2        |       and|   0|  0|    2|           1|           1|
    |and_ln340_fu_2641_p2          |       and|   0|  0|    2|           1|           1|
    |and_ln581_fu_2347_p2          |       and|   0|  0|    2|           1|           1|
    |and_ln585_1_fu_2413_p2        |       and|   0|  0|    2|           1|           1|
    |and_ln585_fu_2352_p2          |       and|   0|  0|    2|           1|           1|
    |and_ln603_fu_2397_p2          |       and|   0|  0|    2|           1|           1|
    |and_ln639_1_fu_2536_p2        |       and|   0|  0|    2|           1|           1|
    |and_ln639_fu_2531_p2          |       and|   0|  0|    2|           1|           1|
    |and_ln641_fu_2494_p2          |       and|   0|  0|    2|           1|           1|
    |and_ln659_fu_2591_p2          |       and|   0|  0|    2|           1|           1|
    |and_ln746_fu_8930_p2          |       and|   0|  0|   40|          40|          40|
    |and_ln785_10_fu_4408_p2       |       and|   0|  0|    2|           1|           1|
    |and_ln785_11_fu_4466_p2       |       and|   0|  0|    2|           1|           1|
    |and_ln785_12_fu_4862_p2       |       and|   0|  0|    2|           1|           1|
    |and_ln785_13_fu_5316_p2       |       and|   0|  0|    2|           1|           1|
    |and_ln785_14_fu_5788_p2       |       and|   0|  0|    2|           1|           1|
    |and_ln785_15_fu_4958_p2       |       and|   0|  0|    2|           1|           1|
    |and_ln785_16_fu_5016_p2       |       and|   0|  0|    2|           1|           1|
    |and_ln785_17_fu_5412_p2       |       and|   0|  0|    2|           1|           1|
    |and_ln785_18_fu_5846_p2       |       and|   0|  0|    2|           1|           1|
    |and_ln785_19_fu_6308_p2       |       and|   0|  0|    2|           1|           1|
    |and_ln785_1_fu_3572_p2        |       and|   0|  0|    2|           1|           1|
    |and_ln785_20_fu_5508_p2       |       and|   0|  0|    2|           1|           1|
    |and_ln785_21_fu_5566_p2       |       and|   0|  0|    2|           1|           1|
    |and_ln785_22_fu_5942_p2       |       and|   0|  0|    2|           1|           1|
    |and_ln785_23_fu_6366_p2       |       and|   0|  0|    2|           1|           1|
    |and_ln785_24_fu_6810_p2       |       and|   0|  0|    2|           1|           1|
    |and_ln785_25_fu_6038_p2       |       and|   0|  0|    2|           1|           1|
    |and_ln785_26_fu_6096_p2       |       and|   0|  0|    2|           1|           1|
    |and_ln785_27_fu_6462_p2       |       and|   0|  0|    2|           1|           1|
    |and_ln785_28_fu_6868_p2       |       and|   0|  0|    2|           1|           1|
    |and_ln785_29_fu_7298_p2       |       and|   0|  0|    2|           1|           1|
    |and_ln785_2_fu_3819_p2        |       and|   0|  0|    2|           1|           1|
    |and_ln785_30_fu_6558_p2       |       and|   0|  0|    2|           1|           1|
    |and_ln785_31_fu_6616_p2       |       and|   0|  0|    2|           1|           1|
    |and_ln785_32_fu_6964_p2       |       and|   0|  0|    2|           1|           1|
    |and_ln785_33_fu_7356_p2       |       and|   0|  0|    2|           1|           1|
    |and_ln785_34_fu_7782_p2       |       and|   0|  0|    2|           1|           1|
    |and_ln785_35_fu_7060_p2       |       and|   0|  0|    2|           1|           1|
    |and_ln785_36_fu_7118_p2       |       and|   0|  0|    2|           1|           1|
    |and_ln785_37_fu_7452_p2       |       and|   0|  0|    2|           1|           1|
    |and_ln785_38_fu_7840_p2       |       and|   0|  0|    2|           1|           1|
    |and_ln785_39_fu_8222_p2       |       and|   0|  0|    2|           1|           1|
    |and_ln785_3_fu_4217_p2        |       and|   0|  0|    2|           1|           1|
    |and_ln785_40_fu_7548_p2       |       and|   0|  0|    2|           1|           1|
    |and_ln785_41_fu_7606_p2       |       and|   0|  0|    2|           1|           1|
    |and_ln785_42_fu_7936_p2       |       and|   0|  0|    2|           1|           1|
    |and_ln785_43_fu_8280_p2       |       and|   0|  0|    2|           1|           1|
    |and_ln785_44_fu_8537_p2       |       and|   0|  0|    2|           1|           1|
    |and_ln785_45_fu_8032_p2       |       and|   0|  0|    2|           1|           1|
    |and_ln785_46_fu_8090_p2       |       and|   0|  0|    2|           1|           1|
    |and_ln785_47_fu_8376_p2       |       and|   0|  0|    2|           1|           1|
    |and_ln785_48_fu_8595_p2       |       and|   0|  0|    2|           1|           1|
    |and_ln785_49_fu_8756_p2       |       and|   0|  0|    2|           1|           1|
    |and_ln785_4_fu_4708_p2        |       and|   0|  0|    2|           1|           1|
    |and_ln785_50_fu_8472_p2       |       and|   0|  0|    2|           1|           1|
    |and_ln785_51_fu_8691_p2       |       and|   0|  0|    2|           1|           1|
    |and_ln785_52_fu_8814_p2       |       and|   0|  0|    2|           1|           1|
    |and_ln785_53_fu_8879_p2       |       and|   0|  0|    2|           1|           1|
    |and_ln785_5_fu_3914_p2        |       and|   0|  0|    2|           1|           1|
    |and_ln785_6_fu_3972_p2        |       and|   0|  0|    2|           1|           1|
    |and_ln785_7_fu_4312_p2        |       and|   0|  0|    2|           1|           1|
    |and_ln785_8_fu_4766_p2        |       and|   0|  0|    2|           1|           1|
    |and_ln785_9_fu_5258_p2        |       and|   0|  0|    2|           1|           1|
    |and_ln785_fu_3514_p2          |       and|   0|  0|    2|           1|           1|
    |and_ln786_10_fu_4418_p2       |       and|   0|  0|    2|           1|           1|
    |and_ln786_11_fu_4476_p2       |       and|   0|  0|    2|           1|           1|
    |and_ln786_12_fu_4872_p2       |       and|   0|  0|    2|           1|           1|
    |and_ln786_13_fu_5326_p2       |       and|   0|  0|    2|           1|           1|
    |and_ln786_14_fu_5798_p2       |       and|   0|  0|    2|           1|           1|
    |and_ln786_15_fu_4968_p2       |       and|   0|  0|    2|           1|           1|
    |and_ln786_16_fu_5026_p2       |       and|   0|  0|    2|           1|           1|
    |and_ln786_17_fu_5422_p2       |       and|   0|  0|    2|           1|           1|
    |and_ln786_18_fu_5856_p2       |       and|   0|  0|    2|           1|           1|
    |and_ln786_19_fu_6318_p2       |       and|   0|  0|    2|           1|           1|
    |and_ln786_1_fu_3582_p2        |       and|   0|  0|    2|           1|           1|
    |and_ln786_20_fu_5518_p2       |       and|   0|  0|    2|           1|           1|
    |and_ln786_21_fu_5576_p2       |       and|   0|  0|    2|           1|           1|
    |and_ln786_22_fu_5952_p2       |       and|   0|  0|    2|           1|           1|
    |and_ln786_23_fu_6376_p2       |       and|   0|  0|    2|           1|           1|
    |and_ln786_24_fu_6820_p2       |       and|   0|  0|    2|           1|           1|
    |and_ln786_25_fu_6048_p2       |       and|   0|  0|    2|           1|           1|
    |and_ln786_26_fu_6106_p2       |       and|   0|  0|    2|           1|           1|
    |and_ln786_27_fu_6472_p2       |       and|   0|  0|    2|           1|           1|
    |and_ln786_28_fu_6878_p2       |       and|   0|  0|    2|           1|           1|
    |and_ln786_29_fu_7308_p2       |       and|   0|  0|    2|           1|           1|
    |and_ln786_2_fu_3829_p2        |       and|   0|  0|    2|           1|           1|
    |and_ln786_30_fu_6568_p2       |       and|   0|  0|    2|           1|           1|
    |and_ln786_31_fu_6626_p2       |       and|   0|  0|    2|           1|           1|
    |and_ln786_32_fu_6974_p2       |       and|   0|  0|    2|           1|           1|
    |and_ln786_33_fu_7366_p2       |       and|   0|  0|    2|           1|           1|
    |and_ln786_34_fu_7792_p2       |       and|   0|  0|    2|           1|           1|
    |and_ln786_35_fu_7070_p2       |       and|   0|  0|    2|           1|           1|
    |and_ln786_36_fu_7128_p2       |       and|   0|  0|    2|           1|           1|
    |and_ln786_37_fu_7462_p2       |       and|   0|  0|    2|           1|           1|
    |and_ln786_38_fu_7850_p2       |       and|   0|  0|    2|           1|           1|
    |and_ln786_39_fu_8232_p2       |       and|   0|  0|    2|           1|           1|
    |and_ln786_3_fu_4227_p2        |       and|   0|  0|    2|           1|           1|
    |and_ln786_40_fu_7558_p2       |       and|   0|  0|    2|           1|           1|
    |and_ln786_41_fu_7616_p2       |       and|   0|  0|    2|           1|           1|
    |and_ln786_42_fu_7946_p2       |       and|   0|  0|    2|           1|           1|
    |and_ln786_43_fu_8290_p2       |       and|   0|  0|    2|           1|           1|
    |and_ln786_44_fu_8547_p2       |       and|   0|  0|    2|           1|           1|
    |and_ln786_45_fu_8042_p2       |       and|   0|  0|    2|           1|           1|
    |and_ln786_46_fu_8100_p2       |       and|   0|  0|    2|           1|           1|
    |and_ln786_47_fu_8386_p2       |       and|   0|  0|    2|           1|           1|
    |and_ln786_48_fu_8605_p2       |       and|   0|  0|    2|           1|           1|
    |and_ln786_49_fu_8766_p2       |       and|   0|  0|    2|           1|           1|
    |and_ln786_4_fu_4718_p2        |       and|   0|  0|    2|           1|           1|
    |and_ln786_50_fu_9054_p2       |       and|   0|  0|    2|           1|           1|
    |and_ln786_5_fu_3924_p2        |       and|   0|  0|    2|           1|           1|
    |and_ln786_6_fu_3982_p2        |       and|   0|  0|    2|           1|           1|
    |and_ln786_7_fu_4322_p2        |       and|   0|  0|    2|           1|           1|
    |and_ln786_8_fu_4776_p2        |       and|   0|  0|    2|           1|           1|
    |and_ln786_9_fu_5268_p2        |       and|   0|  0|    2|           1|           1|
    |and_ln786_fu_3524_p2          |       and|   0|  0|    2|           1|           1|
    |and_ln949_1_fu_9341_p2        |       and|   0|  0|    2|           1|           1|
    |and_ln949_fu_9312_p2          |       and|   0|  0|   40|          40|          40|
    |neg_src_1_fu_2569_p2          |       and|   0|  0|    2|           1|           1|
    |overflow_1_fu_9048_p2         |       and|   0|  0|    2|           1|           1|
    |overflow_2_fu_9160_p2         |       and|   0|  0|    2|           1|           1|
    |overflow_fu_2586_p2           |       and|   0|  0|    2|           1|           1|
    |underflow_1_fu_9066_p2        |       and|   0|  0|    2|           1|           1|
    |underflow_fu_2601_p2          |       and|   0|  0|    2|           1|           1|
    |ashr_ln586_fu_2327_p2         |      ashr|   0|  0|  161|          54|          54|
    |Range2_all_ones_fu_2453_p2    |      icmp|   0|  0|   25|          54|          54|
    |empty_32_fu_1960_p2           |      icmp|   0|  0|   10|           7|           3|
    |icmp_ln1497_fu_8960_p2        |      icmp|   0|  0|   21|          40|          29|
    |icmp_ln194_fu_1919_p2         |      icmp|   0|  0|   10|           7|           7|
    |icmp_ln198_fu_2032_p2         |      icmp|   0|  0|   18|          32|          32|
    |icmp_ln205_fu_2037_p2         |      icmp|   0|  0|   10|           7|           1|
    |icmp_ln214_fu_2888_p2         |      icmp|   0|  0|    9|           3|           4|
    |icmp_ln571_fu_2003_p2         |      icmp|   0|  0|   28|          63|           1|
    |icmp_ln581_1_fu_2366_p2       |      icmp|   0|  0|   12|          12|           4|
    |icmp_ln581_fu_2207_p2         |      icmp|   0|  0|   11|           8|           1|
    |icmp_ln582_fu_2233_p2         |      icmp|   0|  0|   12|          12|           4|
    |icmp_ln585_fu_2318_p2         |      icmp|   0|  0|   12|          12|           6|
    |icmp_ln603_fu_2253_p2         |      icmp|   0|  0|   11|           8|           1|
    |icmp_ln611_fu_2265_p2         |      icmp|   0|  0|   12|          12|           1|
    |icmp_ln621_1_fu_2295_p2       |      icmp|   0|  0|   12|          12|           6|
    |icmp_ln621_fu_2281_p2         |      icmp|   0|  0|   12|          12|           6|
    |icmp_ln631_1_fu_2443_p2       |      icmp|   0|  0|   12|          12|           6|
    |icmp_ln631_fu_2438_p2         |      icmp|   0|  0|   12|          12|           6|
    |icmp_ln641_fu_2489_p2         |      icmp|   0|  0|   25|          54|           1|
    |icmp_ln642_fu_2500_p2         |      icmp|   0|  0|   12|          12|           6|
    |icmp_ln935_fu_9427_p2         |      icmp|   0|  0|   21|          40|           1|
    |icmp_ln946_fu_9277_p2         |      icmp|   0|  0|   17|          31|           1|
    |icmp_ln949_fu_9317_p2         |      icmp|   0|  0|   21|          40|           1|
    |icmp_ln954_fu_9336_p2         |      icmp|   0|  0|   18|          32|           1|
    |Range2_V_1_fu_2384_p2         |      lshr|   0|  0|  161|          54|          54|
    |lshr_ln947_fu_9291_p2         |      lshr|   0|  0|  133|           2|          40|
    |lshr_ln954_fu_9384_p2         |      lshr|   0|  0|  133|          40|          40|
    |r_fu_2448_p2                  |      lshr|   0|  0|  161|           2|          54|
    |or_ln1497_fu_9108_p2          |        or|   0|  0|    2|           1|           1|
    |or_ln340_10_fu_3997_p2        |        or|   0|  0|    2|           1|           1|
    |or_ln340_11_fu_4337_p2        |        or|   0|  0|    2|           1|           1|
    |or_ln340_12_fu_4791_p2        |        or|   0|  0|    2|           1|           1|
    |or_ln340_13_fu_5283_p2        |        or|   0|  0|    2|           1|           1|
    |or_ln340_14_fu_4433_p2        |        or|   0|  0|    2|           1|           1|
    |or_ln340_15_fu_4491_p2        |        or|   0|  0|    2|           1|           1|
    |or_ln340_16_fu_4887_p2        |        or|   0|  0|    2|           1|           1|
    |or_ln340_17_fu_5341_p2        |        or|   0|  0|    2|           1|           1|
    |or_ln340_18_fu_5813_p2        |        or|   0|  0|    2|           1|           1|
    |or_ln340_19_fu_4983_p2        |        or|   0|  0|    2|           1|           1|
    |or_ln340_1_fu_2621_p2         |        or|   0|  0|    2|           1|           1|
    |or_ln340_20_fu_5041_p2        |        or|   0|  0|    2|           1|           1|
    |or_ln340_21_fu_5437_p2        |        or|   0|  0|    2|           1|           1|
    |or_ln340_22_fu_5871_p2        |        or|   0|  0|    2|           1|           1|
    |or_ln340_23_fu_6333_p2        |        or|   0|  0|    2|           1|           1|
    |or_ln340_24_fu_5533_p2        |        or|   0|  0|    2|           1|           1|
    |or_ln340_25_fu_5591_p2        |        or|   0|  0|    2|           1|           1|
    |or_ln340_26_fu_5967_p2        |        or|   0|  0|    2|           1|           1|
    |or_ln340_27_fu_6391_p2        |        or|   0|  0|    2|           1|           1|
    |or_ln340_28_fu_6835_p2        |        or|   0|  0|    2|           1|           1|
    |or_ln340_29_fu_6063_p2        |        or|   0|  0|    2|           1|           1|
    |or_ln340_2_fu_9072_p2         |        or|   0|  0|    2|           1|           1|
    |or_ln340_30_fu_6121_p2        |        or|   0|  0|    2|           1|           1|
    |or_ln340_31_fu_6487_p2        |        or|   0|  0|    2|           1|           1|
    |or_ln340_32_fu_6893_p2        |        or|   0|  0|    2|           1|           1|
    |or_ln340_33_fu_7323_p2        |        or|   0|  0|    2|           1|           1|
    |or_ln340_34_fu_6583_p2        |        or|   0|  0|    2|           1|           1|
    |or_ln340_35_fu_6641_p2        |        or|   0|  0|    2|           1|           1|
    |or_ln340_36_fu_6989_p2        |        or|   0|  0|    2|           1|           1|
    |or_ln340_37_fu_7381_p2        |        or|   0|  0|    2|           1|           1|
    |or_ln340_38_fu_7807_p2        |        or|   0|  0|    2|           1|           1|
    |or_ln340_39_fu_7085_p2        |        or|   0|  0|    2|           1|           1|
    |or_ln340_3_fu_2616_p2         |        or|   0|  0|    2|           1|           1|
    |or_ln340_40_fu_7143_p2        |        or|   0|  0|    2|           1|           1|
    |or_ln340_41_fu_7477_p2        |        or|   0|  0|    2|           1|           1|
    |or_ln340_42_fu_7865_p2        |        or|   0|  0|    2|           1|           1|
    |or_ln340_43_fu_8247_p2        |        or|   0|  0|    2|           1|           1|
    |or_ln340_44_fu_7573_p2        |        or|   0|  0|    2|           1|           1|
    |or_ln340_45_fu_7631_p2        |        or|   0|  0|    2|           1|           1|
    |or_ln340_46_fu_7961_p2        |        or|   0|  0|    2|           1|           1|
    |or_ln340_47_fu_8305_p2        |        or|   0|  0|    2|           1|           1|
    |or_ln340_48_fu_8562_p2        |        or|   0|  0|    2|           1|           1|
    |or_ln340_49_fu_8057_p2        |        or|   0|  0|    2|           1|           1|
    |or_ln340_4_fu_3539_p2         |        or|   0|  0|    2|           1|           1|
    |or_ln340_50_fu_8115_p2        |        or|   0|  0|    2|           1|           1|
    |or_ln340_51_fu_8401_p2        |        or|   0|  0|    2|           1|           1|
    |or_ln340_52_fu_8620_p2        |        or|   0|  0|    2|           1|           1|
    |or_ln340_53_fu_8781_p2        |        or|   0|  0|    2|           1|           1|
    |or_ln340_54_fu_9078_p2        |        or|   0|  0|    2|           1|           1|
    |or_ln340_5_fu_3597_p2         |        or|   0|  0|    2|           1|           1|
    |or_ln340_6_fu_3844_p2         |        or|   0|  0|    2|           1|           1|
    |or_ln340_7_fu_4242_p2         |        or|   0|  0|    2|           1|           1|
    |or_ln340_8_fu_4733_p2         |        or|   0|  0|    2|           1|           1|
    |or_ln340_9_fu_3939_p2         |        or|   0|  0|    2|           1|           1|
    |or_ln340_fu_2606_p2           |        or|   0|  0|    2|           1|           1|
    |or_ln611_fu_2659_p2           |        or|   0|  0|    2|           1|           1|
    |or_ln621_1_fu_2550_p2         |        or|   0|  0|    2|           1|           1|
    |or_ln621_fu_2525_p2           |        or|   0|  0|    2|           1|           1|
    |or_ln639_fu_2564_p2           |        or|   0|  0|    2|           1|           1|
    |or_ln658_fu_2580_p2           |        or|   0|  0|    2|           1|           1|
    |or_ln785_fu_9036_p2           |        or|   0|  0|    2|           1|           1|
    |or_ln949_1_fu_9306_p2         |        or|   0|  0|   40|          40|          40|
    |Range2_all_ones_2_fu_2471_p3  |    select|   0|  0|    2|           1|           1|
    |a_V_fu_8925_p3                |    select|   0|  0|   40|           1|          40|
    |acc_V_fu_9180_p3              |    select|   0|  0|   40|           1|          40|
    |deleted_ones_fu_2556_p3       |    select|   0|  0|    2|           1|           1|
    |deleted_zeros_fu_2542_p3      |    select|   0|  0|    2|           1|           1|
    |idx_urem_fu_1966_p3           |    select|   0|  0|    7|           1|           7|
    |lhs_V_fu_8942_p3              |    select|   0|  0|   40|           1|          39|
    |m_fu_9389_p3                  |    select|   0|  0|   40|           1|          40|
    |man_V_fu_2184_p3              |    select|   0|  0|   54|           1|          54|
    |out_r                         |    select|   0|  0|   32|           1|           1|
    |p_Val2_1_fu_2418_p3           |    select|   0|  0|   16|           1|          16|
    |r_V_2_fu_8996_p3              |    select|   0|  0|  104|           1|         104|
    |rhs_1_fu_9112_p3              |    select|   0|  0|   40|           1|          40|
    |select_ln340_100_fu_7981_p3   |    select|   0|  0|   40|           1|          40|
    |select_ln340_101_fu_8325_p3   |    select|   0|  0|   40|           1|          40|
    |select_ln340_102_fu_8582_p3   |    select|   0|  0|   40|           1|          40|
    |select_ln340_103_fu_8077_p3   |    select|   0|  0|   40|           1|          40|
    |select_ln340_104_fu_8135_p3   |    select|   0|  0|   40|           1|          40|
    |select_ln340_105_fu_8421_p3   |    select|   0|  0|   40|           1|          40|
    |select_ln340_106_fu_8640_p3   |    select|   0|  0|   40|           1|          40|
    |select_ln340_107_fu_8801_p3   |    select|   0|  0|   40|           1|          40|
    |select_ln340_10_fu_4248_p3    |    select|   0|  0|   40|           1|          39|
    |select_ln340_11_fu_4262_p3    |    select|   0|  0|   40|           1|          40|
    |select_ln340_12_fu_4739_p3    |    select|   0|  0|   40|           1|          39|
    |select_ln340_13_fu_4753_p3    |    select|   0|  0|   40|           1|          40|
    |select_ln340_14_fu_3945_p3    |    select|   0|  0|   40|           1|          39|
    |select_ln340_15_fu_3959_p3    |    select|   0|  0|   40|           1|          40|
    |select_ln340_16_fu_4003_p3    |    select|   0|  0|   40|           1|          39|
    |select_ln340_17_fu_4017_p3    |    select|   0|  0|   40|           1|          40|
    |select_ln340_18_fu_4343_p3    |    select|   0|  0|   40|           1|          39|
    |select_ln340_19_fu_4357_p3    |    select|   0|  0|   40|           1|          40|
    |select_ln340_1_fu_2651_p3     |    select|   0|  0|   16|           1|          16|
    |select_ln340_20_fu_4797_p3    |    select|   0|  0|   40|           1|          39|
    |select_ln340_21_fu_4811_p3    |    select|   0|  0|   40|           1|          40|
    |select_ln340_22_fu_5289_p3    |    select|   0|  0|   40|           1|          39|
    |select_ln340_23_fu_4439_p3    |    select|   0|  0|   40|           1|          39|
    |select_ln340_24_fu_4497_p3    |    select|   0|  0|   40|           1|          39|
    |select_ln340_25_fu_4893_p3    |    select|   0|  0|   40|           1|          39|
    |select_ln340_26_fu_5347_p3    |    select|   0|  0|   40|           1|          39|
    |select_ln340_27_fu_5819_p3    |    select|   0|  0|   40|           1|          39|
    |select_ln340_28_fu_4989_p3    |    select|   0|  0|   40|           1|          39|
    |select_ln340_29_fu_5047_p3    |    select|   0|  0|   40|           1|          39|
    |select_ln340_2_fu_9084_p3     |    select|   0|  0|   40|           1|          39|
    |select_ln340_30_fu_5443_p3    |    select|   0|  0|   40|           1|          39|
    |select_ln340_31_fu_5877_p3    |    select|   0|  0|   40|           1|          39|
    |select_ln340_32_fu_6339_p3    |    select|   0|  0|   40|           1|          39|
    |select_ln340_33_fu_5539_p3    |    select|   0|  0|   40|           1|          39|
    |select_ln340_34_fu_5597_p3    |    select|   0|  0|   40|           1|          39|
    |select_ln340_35_fu_5973_p3    |    select|   0|  0|   40|           1|          39|
    |select_ln340_36_fu_6397_p3    |    select|   0|  0|   40|           1|          39|
    |select_ln340_37_fu_6841_p3    |    select|   0|  0|   40|           1|          39|
    |select_ln340_38_fu_6069_p3    |    select|   0|  0|   40|           1|          39|
    |select_ln340_39_fu_6127_p3    |    select|   0|  0|   40|           1|          39|
    |select_ln340_3_fu_9100_p3     |    select|   0|  0|   40|           1|          40|
    |select_ln340_40_fu_6493_p3    |    select|   0|  0|   40|           1|          39|
    |select_ln340_41_fu_6899_p3    |    select|   0|  0|   40|           1|          39|
    |select_ln340_42_fu_7329_p3    |    select|   0|  0|   40|           1|          39|
    |select_ln340_43_fu_6589_p3    |    select|   0|  0|   40|           1|          39|
    |select_ln340_44_fu_6647_p3    |    select|   0|  0|   40|           1|          39|
    |select_ln340_45_fu_6995_p3    |    select|   0|  0|   40|           1|          39|
    |select_ln340_46_fu_7387_p3    |    select|   0|  0|   40|           1|          39|
    |select_ln340_47_fu_7813_p3    |    select|   0|  0|   40|           1|          39|
    |select_ln340_48_fu_7091_p3    |    select|   0|  0|   40|           1|          39|
    |select_ln340_49_fu_7149_p3    |    select|   0|  0|   40|           1|          39|
    |select_ln340_4_fu_3545_p3     |    select|   0|  0|   40|           1|          39|
    |select_ln340_50_fu_7483_p3    |    select|   0|  0|   40|           1|          39|
    |select_ln340_51_fu_7871_p3    |    select|   0|  0|   40|           1|          39|
    |select_ln340_52_fu_8253_p3    |    select|   0|  0|   40|           1|          39|
    |select_ln340_53_fu_7579_p3    |    select|   0|  0|   40|           1|          39|
    |select_ln340_54_fu_7637_p3    |    select|   0|  0|   40|           1|          39|
    |select_ln340_55_fu_7967_p3    |    select|   0|  0|   40|           1|          39|
    |select_ln340_56_fu_8311_p3    |    select|   0|  0|   40|           1|          39|
    |select_ln340_57_fu_8568_p3    |    select|   0|  0|   40|           1|          39|
    |select_ln340_58_fu_8063_p3    |    select|   0|  0|   40|           1|          39|
    |select_ln340_59_fu_8121_p3    |    select|   0|  0|   40|           1|          39|
    |select_ln340_5_fu_3559_p3     |    select|   0|  0|   40|           1|          40|
    |select_ln340_60_fu_8407_p3    |    select|   0|  0|   40|           1|          39|
    |select_ln340_61_fu_8626_p3    |    select|   0|  0|   40|           1|          39|
    |select_ln340_62_fu_8787_p3    |    select|   0|  0|   40|           1|          39|
    |select_ln340_63_fu_8489_p3    |    select|   0|  0|   40|           1|          40|
    |select_ln340_64_fu_8708_p3    |    select|   0|  0|   40|           1|          40|
    |select_ln340_65_fu_8831_p3    |    select|   0|  0|   40|           1|          40|
    |select_ln340_66_fu_8896_p3    |    select|   0|  0|   40|           1|          40|
    |select_ln340_67_fu_5303_p3    |    select|   0|  0|   40|           1|          40|
    |select_ln340_68_fu_4453_p3    |    select|   0|  0|   40|           1|          40|
    |select_ln340_69_fu_4511_p3    |    select|   0|  0|   40|           1|          40|
    |select_ln340_6_fu_3603_p3     |    select|   0|  0|   40|           1|          39|
    |select_ln340_70_fu_4907_p3    |    select|   0|  0|   40|           1|          40|
    |select_ln340_71_fu_5361_p3    |    select|   0|  0|   40|           1|          40|
    |select_ln340_72_fu_5833_p3    |    select|   0|  0|   40|           1|          40|
    |select_ln340_73_fu_5003_p3    |    select|   0|  0|   40|           1|          40|
    |select_ln340_74_fu_5061_p3    |    select|   0|  0|   40|           1|          40|
    |select_ln340_75_fu_5457_p3    |    select|   0|  0|   40|           1|          40|
    |select_ln340_76_fu_5891_p3    |    select|   0|  0|   40|           1|          40|
    |select_ln340_77_fu_6353_p3    |    select|   0|  0|   40|           1|          40|
    |select_ln340_78_fu_5553_p3    |    select|   0|  0|   40|           1|          40|
    |select_ln340_79_fu_5611_p3    |    select|   0|  0|   40|           1|          40|
    |select_ln340_7_fu_3617_p3     |    select|   0|  0|   40|           1|          40|
    |select_ln340_80_fu_5987_p3    |    select|   0|  0|   40|           1|          40|
    |select_ln340_81_fu_6411_p3    |    select|   0|  0|   40|           1|          40|
    |select_ln340_82_fu_6855_p3    |    select|   0|  0|   40|           1|          40|
    |select_ln340_83_fu_6083_p3    |    select|   0|  0|   40|           1|          40|
    |select_ln340_84_fu_6141_p3    |    select|   0|  0|   40|           1|          40|
    |select_ln340_85_fu_6507_p3    |    select|   0|  0|   40|           1|          40|
    |select_ln340_86_fu_6913_p3    |    select|   0|  0|   40|           1|          40|
    |select_ln340_87_fu_7343_p3    |    select|   0|  0|   40|           1|          40|
    |select_ln340_88_fu_6603_p3    |    select|   0|  0|   40|           1|          40|
    |select_ln340_89_fu_6661_p3    |    select|   0|  0|   40|           1|          40|
    |select_ln340_8_fu_3850_p3     |    select|   0|  0|   40|           1|          39|
    |select_ln340_90_fu_7009_p3    |    select|   0|  0|   40|           1|          40|
    |select_ln340_91_fu_7401_p3    |    select|   0|  0|   40|           1|          40|
    |select_ln340_92_fu_7827_p3    |    select|   0|  0|   40|           1|          40|
    |select_ln340_93_fu_7105_p3    |    select|   0|  0|   40|           1|          40|
    |select_ln340_94_fu_7163_p3    |    select|   0|  0|   40|           1|          40|
    |select_ln340_95_fu_7497_p3    |    select|   0|  0|   40|           1|          40|
    |select_ln340_96_fu_7885_p3    |    select|   0|  0|   40|           1|          40|
    |select_ln340_97_fu_8267_p3    |    select|   0|  0|   40|           1|          40|
    |select_ln340_98_fu_7593_p3    |    select|   0|  0|   40|           1|          40|
    |select_ln340_99_fu_7651_p3    |    select|   0|  0|   40|           1|          40|
    |select_ln340_9_fu_3864_p3     |    select|   0|  0|   40|           1|          40|
    |select_ln340_fu_2627_p3       |    select|   0|  0|   16|           1|          15|
    |select_ln384_1_fu_8700_p3     |    select|   0|  0|   41|           1|          39|
    |select_ln384_2_fu_8823_p3     |    select|   0|  0|   41|           1|          39|
    |select_ln384_3_fu_8888_p3     |    select|   0|  0|   41|           1|          39|
    |select_ln384_4_fu_9172_p3     |    select|   0|  0|   41|           1|          39|
    |select_ln384_fu_8481_p3       |    select|   0|  0|   41|           1|          39|
    |select_ln388_10_fu_4804_p3    |    select|   0|  0|   41|           1|          41|
    |select_ln388_11_fu_5296_p3    |    select|   0|  0|   41|           1|          41|
    |select_ln388_12_fu_4446_p3    |    select|   0|  0|   41|           1|          41|
    |select_ln388_13_fu_4504_p3    |    select|   0|  0|   41|           1|          41|
    |select_ln388_14_fu_4900_p3    |    select|   0|  0|   41|           1|          41|
    |select_ln388_15_fu_5354_p3    |    select|   0|  0|   41|           1|          41|
    |select_ln388_16_fu_5826_p3    |    select|   0|  0|   41|           1|          41|
    |select_ln388_17_fu_4996_p3    |    select|   0|  0|   41|           1|          41|
    |select_ln388_18_fu_5054_p3    |    select|   0|  0|   41|           1|          41|
    |select_ln388_19_fu_5450_p3    |    select|   0|  0|   41|           1|          41|
    |select_ln388_1_fu_3552_p3     |    select|   0|  0|   41|           1|          41|
    |select_ln388_20_fu_5884_p3    |    select|   0|  0|   41|           1|          41|
    |select_ln388_21_fu_6346_p3    |    select|   0|  0|   41|           1|          41|
    |select_ln388_22_fu_5546_p3    |    select|   0|  0|   41|           1|          41|
    |select_ln388_23_fu_5604_p3    |    select|   0|  0|   41|           1|          41|
    |select_ln388_24_fu_5980_p3    |    select|   0|  0|   41|           1|          41|
    |select_ln388_25_fu_6404_p3    |    select|   0|  0|   41|           1|          41|
    |select_ln388_26_fu_6848_p3    |    select|   0|  0|   41|           1|          41|
    |select_ln388_27_fu_6076_p3    |    select|   0|  0|   41|           1|          41|
    |select_ln388_28_fu_6134_p3    |    select|   0|  0|   41|           1|          41|
    |select_ln388_29_fu_6500_p3    |    select|   0|  0|   41|           1|          41|
    |select_ln388_2_fu_3610_p3     |    select|   0|  0|   41|           1|          41|
    |select_ln388_30_fu_6906_p3    |    select|   0|  0|   41|           1|          41|
    |select_ln388_31_fu_7336_p3    |    select|   0|  0|   41|           1|          41|
    |select_ln388_32_fu_6596_p3    |    select|   0|  0|   41|           1|          41|
    |select_ln388_33_fu_6654_p3    |    select|   0|  0|   41|           1|          41|
    |select_ln388_34_fu_7002_p3    |    select|   0|  0|   41|           1|          41|
    |select_ln388_35_fu_7394_p3    |    select|   0|  0|   41|           1|          41|
    |select_ln388_36_fu_7820_p3    |    select|   0|  0|   41|           1|          41|
    |select_ln388_37_fu_7098_p3    |    select|   0|  0|   41|           1|          41|
    |select_ln388_38_fu_7156_p3    |    select|   0|  0|   41|           1|          41|
    |select_ln388_39_fu_7490_p3    |    select|   0|  0|   41|           1|          41|
    |select_ln388_3_fu_9092_p3     |    select|   0|  0|   41|           1|          41|
    |select_ln388_40_fu_7878_p3    |    select|   0|  0|   41|           1|          41|
    |select_ln388_41_fu_8260_p3    |    select|   0|  0|   41|           1|          41|
    |select_ln388_42_fu_7586_p3    |    select|   0|  0|   41|           1|          41|
    |select_ln388_43_fu_7644_p3    |    select|   0|  0|   41|           1|          41|
    |select_ln388_44_fu_7974_p3    |    select|   0|  0|   41|           1|          41|
    |select_ln388_45_fu_8318_p3    |    select|   0|  0|   41|           1|          41|
    |select_ln388_46_fu_8575_p3    |    select|   0|  0|   41|           1|          41|
    |select_ln388_47_fu_8070_p3    |    select|   0|  0|   41|           1|          41|
    |select_ln388_48_fu_8128_p3    |    select|   0|  0|   41|           1|          41|
    |select_ln388_49_fu_8414_p3    |    select|   0|  0|   41|           1|          41|
    |select_ln388_4_fu_3857_p3     |    select|   0|  0|   41|           1|          41|
    |select_ln388_50_fu_8633_p3    |    select|   0|  0|   41|           1|          41|
    |select_ln388_51_fu_8794_p3    |    select|   0|  0|   41|           1|          41|
    |select_ln388_5_fu_4255_p3     |    select|   0|  0|   41|           1|          41|
    |select_ln388_6_fu_4746_p3     |    select|   0|  0|   41|           1|          41|
    |select_ln388_7_fu_3952_p3     |    select|   0|  0|   41|           1|          41|
    |select_ln388_8_fu_4010_p3     |    select|   0|  0|   41|           1|          41|
    |select_ln388_9_fu_4350_p3     |    select|   0|  0|   41|           1|          41|
    |select_ln388_fu_2634_p3       |    select|   0|  0|   17|           1|          17|
    |select_ln571_fu_2670_p3       |    select|   0|  0|   16|           1|           1|
    |select_ln582_fu_2336_p3       |    select|   0|  0|   16|           1|          16|
    |select_ln585_fu_2358_p3       |    select|   0|  0|   16|           1|          16|
    |select_ln588_fu_2014_p3       |    select|   0|  0|    2|           1|           2|
    |select_ln603_fu_2401_p3       |    select|   0|  0|   16|           1|          16|
    |select_ln611_fu_2663_p3       |    select|   0|  0|   16|           1|          16|
    |select_ln642_1_fu_2513_p3     |    select|   0|  0|    2|           1|           1|
    |select_ln642_fu_2505_p3       |    select|   0|  0|    2|           1|           1|
    |select_ln943_fu_9436_p3       |    select|   0|  0|    7|           1|           7|
    |select_ln946_fu_9346_p3       |    select|   0|  0|    2|           1|           1|
    |select_ln954_fu_9353_p3       |    select|   0|  0|    2|           1|           1|
    |sh_amt_fu_2225_p3             |    select|   0|  0|   12|           1|          12|
    |tmp_V_2_fu_9202_p3            |    select|   0|  0|   40|           1|          40|
    |shl_ln604_fu_2392_p2          |       shl|   0|  0|   35|          16|          16|
    |shl_ln949_fu_9300_p2          |       shl|   0|  0|  133|           1|          40|
    |shl_ln955_fu_9370_p2          |       shl|   0|  0|  133|          40|          40|
    |Range1_all_zeros_fu_2484_p2   |       xor|   0|  0|    2|           2|           1|
    |Range2_all_ones_1_fu_2465_p2  |       xor|   0|  0|    2|           1|           2|
    |ap_enable_pp1                 |       xor|   0|  0|    2|           1|           2|
    |ap_enable_pp2                 |       xor|   0|  0|    2|           1|           2|
    |xor_ln340_100_fu_8771_p2      |       xor|   0|  0|    2|           1|           1|
    |xor_ln340_101_fu_8775_p2      |       xor|   0|  0|    2|           1|           2|
    |xor_ln340_102_fu_8477_p2      |       xor|   0|  0|    2|           1|           1|
    |xor_ln340_103_fu_8696_p2      |       xor|   0|  0|    2|           1|           1|
    |xor_ln340_104_fu_8819_p2      |       xor|   0|  0|    2|           1|           1|
    |xor_ln340_105_fu_8884_p2      |       xor|   0|  0|    2|           1|           1|
    |xor_ln340_10_fu_4727_p2       |       xor|   0|  0|    2|           1|           2|
    |xor_ln340_11_fu_3929_p2       |       xor|   0|  0|    2|           1|           1|
    |xor_ln340_12_fu_3933_p2       |       xor|   0|  0|    2|           1|           2|
    |xor_ln340_13_fu_3987_p2       |       xor|   0|  0|    2|           1|           1|
    |xor_ln340_14_fu_3991_p2       |       xor|   0|  0|    2|           1|           2|
    |xor_ln340_15_fu_4327_p2       |       xor|   0|  0|    2|           1|           1|
    |xor_ln340_16_fu_4331_p2       |       xor|   0|  0|    2|           1|           2|
    |xor_ln340_17_fu_9166_p2       |       xor|   0|  0|    2|           1|           1|
    |xor_ln340_18_fu_4781_p2       |       xor|   0|  0|    2|           1|           1|
    |xor_ln340_19_fu_4785_p2       |       xor|   0|  0|    2|           1|           2|
    |xor_ln340_1_fu_3529_p2        |       xor|   0|  0|    2|           1|           1|
    |xor_ln340_20_fu_5273_p2       |       xor|   0|  0|    2|           1|           1|
    |xor_ln340_21_fu_5277_p2       |       xor|   0|  0|    2|           1|           2|
    |xor_ln340_22_fu_4423_p2       |       xor|   0|  0|    2|           1|           1|
    |xor_ln340_23_fu_4427_p2       |       xor|   0|  0|    2|           1|           2|
    |xor_ln340_24_fu_4481_p2       |       xor|   0|  0|    2|           1|           1|
    |xor_ln340_25_fu_4485_p2       |       xor|   0|  0|    2|           1|           2|
    |xor_ln340_26_fu_4877_p2       |       xor|   0|  0|    2|           1|           1|
    |xor_ln340_27_fu_4881_p2       |       xor|   0|  0|    2|           1|           2|
    |xor_ln340_28_fu_5331_p2       |       xor|   0|  0|    2|           1|           1|
    |xor_ln340_29_fu_5335_p2       |       xor|   0|  0|    2|           1|           2|
    |xor_ln340_2_fu_3533_p2        |       xor|   0|  0|    2|           1|           2|
    |xor_ln340_30_fu_5803_p2       |       xor|   0|  0|    2|           1|           1|
    |xor_ln340_31_fu_5807_p2       |       xor|   0|  0|    2|           1|           2|
    |xor_ln340_32_fu_4973_p2       |       xor|   0|  0|    2|           1|           1|
    |xor_ln340_33_fu_4977_p2       |       xor|   0|  0|    2|           1|           2|
    |xor_ln340_34_fu_5031_p2       |       xor|   0|  0|    2|           1|           1|
    |xor_ln340_35_fu_5035_p2       |       xor|   0|  0|    2|           1|           2|
    |xor_ln340_36_fu_5427_p2       |       xor|   0|  0|    2|           1|           1|
    |xor_ln340_37_fu_5431_p2       |       xor|   0|  0|    2|           1|           2|
    |xor_ln340_38_fu_5861_p2       |       xor|   0|  0|    2|           1|           1|
    |xor_ln340_39_fu_5865_p2       |       xor|   0|  0|    2|           1|           2|
    |xor_ln340_3_fu_3587_p2        |       xor|   0|  0|    2|           1|           1|
    |xor_ln340_40_fu_6323_p2       |       xor|   0|  0|    2|           1|           1|
    |xor_ln340_41_fu_6327_p2       |       xor|   0|  0|    2|           1|           2|
    |xor_ln340_42_fu_5523_p2       |       xor|   0|  0|    2|           1|           1|
    |xor_ln340_43_fu_5527_p2       |       xor|   0|  0|    2|           1|           2|
    |xor_ln340_44_fu_5581_p2       |       xor|   0|  0|    2|           1|           1|
    |xor_ln340_45_fu_5585_p2       |       xor|   0|  0|    2|           1|           2|
    |xor_ln340_46_fu_5957_p2       |       xor|   0|  0|    2|           1|           1|
    |xor_ln340_47_fu_5961_p2       |       xor|   0|  0|    2|           1|           2|
    |xor_ln340_48_fu_6381_p2       |       xor|   0|  0|    2|           1|           1|
    |xor_ln340_49_fu_6385_p2       |       xor|   0|  0|    2|           1|           2|
    |xor_ln340_4_fu_3591_p2        |       xor|   0|  0|    2|           1|           2|
    |xor_ln340_50_fu_6825_p2       |       xor|   0|  0|    2|           1|           1|
    |xor_ln340_51_fu_6829_p2       |       xor|   0|  0|    2|           1|           2|
    |xor_ln340_52_fu_6053_p2       |       xor|   0|  0|    2|           1|           1|
    |xor_ln340_53_fu_6057_p2       |       xor|   0|  0|    2|           1|           2|
    |xor_ln340_54_fu_6111_p2       |       xor|   0|  0|    2|           1|           1|
    |xor_ln340_55_fu_6115_p2       |       xor|   0|  0|    2|           1|           2|
    |xor_ln340_56_fu_6477_p2       |       xor|   0|  0|    2|           1|           1|
    |xor_ln340_57_fu_6481_p2       |       xor|   0|  0|    2|           1|           2|
    |xor_ln340_58_fu_6883_p2       |       xor|   0|  0|    2|           1|           1|
    |xor_ln340_59_fu_6887_p2       |       xor|   0|  0|    2|           1|           2|
    |xor_ln340_5_fu_3834_p2        |       xor|   0|  0|    2|           1|           1|
    |xor_ln340_60_fu_7313_p2       |       xor|   0|  0|    2|           1|           1|
    |xor_ln340_61_fu_7317_p2       |       xor|   0|  0|    2|           1|           2|
    |xor_ln340_62_fu_6573_p2       |       xor|   0|  0|    2|           1|           1|
    |xor_ln340_63_fu_6577_p2       |       xor|   0|  0|    2|           1|           2|
    |xor_ln340_64_fu_6631_p2       |       xor|   0|  0|    2|           1|           1|
    |xor_ln340_65_fu_6635_p2       |       xor|   0|  0|    2|           1|           2|
    |xor_ln340_66_fu_6979_p2       |       xor|   0|  0|    2|           1|           1|
    |xor_ln340_67_fu_6983_p2       |       xor|   0|  0|    2|           1|           2|
    |xor_ln340_68_fu_7371_p2       |       xor|   0|  0|    2|           1|           1|
    |xor_ln340_69_fu_7375_p2       |       xor|   0|  0|    2|           1|           2|
    |xor_ln340_6_fu_3838_p2        |       xor|   0|  0|    2|           1|           2|
    |xor_ln340_70_fu_7797_p2       |       xor|   0|  0|    2|           1|           1|
    |xor_ln340_71_fu_7801_p2       |       xor|   0|  0|    2|           1|           2|
    |xor_ln340_72_fu_7075_p2       |       xor|   0|  0|    2|           1|           1|
    |xor_ln340_73_fu_7079_p2       |       xor|   0|  0|    2|           1|           2|
    |xor_ln340_74_fu_7133_p2       |       xor|   0|  0|    2|           1|           1|
    |xor_ln340_75_fu_7137_p2       |       xor|   0|  0|    2|           1|           2|
    |xor_ln340_76_fu_7467_p2       |       xor|   0|  0|    2|           1|           1|
    |xor_ln340_77_fu_7471_p2       |       xor|   0|  0|    2|           1|           2|
    |xor_ln340_78_fu_7855_p2       |       xor|   0|  0|    2|           1|           1|
    |xor_ln340_79_fu_7859_p2       |       xor|   0|  0|    2|           1|           2|
    |xor_ln340_7_fu_4232_p2        |       xor|   0|  0|    2|           1|           1|
    |xor_ln340_80_fu_8237_p2       |       xor|   0|  0|    2|           1|           1|
    |xor_ln340_81_fu_8241_p2       |       xor|   0|  0|    2|           1|           2|
    |xor_ln340_82_fu_7563_p2       |       xor|   0|  0|    2|           1|           1|
    |xor_ln340_83_fu_7567_p2       |       xor|   0|  0|    2|           1|           2|
    |xor_ln340_84_fu_7621_p2       |       xor|   0|  0|    2|           1|           1|
    |xor_ln340_85_fu_7625_p2       |       xor|   0|  0|    2|           1|           2|
    |xor_ln340_86_fu_7951_p2       |       xor|   0|  0|    2|           1|           1|
    |xor_ln340_87_fu_7955_p2       |       xor|   0|  0|    2|           1|           2|
    |xor_ln340_88_fu_8295_p2       |       xor|   0|  0|    2|           1|           1|
    |xor_ln340_89_fu_8299_p2       |       xor|   0|  0|    2|           1|           2|
    |xor_ln340_8_fu_4236_p2        |       xor|   0|  0|    2|           1|           2|
    |xor_ln340_90_fu_8552_p2       |       xor|   0|  0|    2|           1|           1|
    |xor_ln340_91_fu_8556_p2       |       xor|   0|  0|    2|           1|           2|
    |xor_ln340_92_fu_8047_p2       |       xor|   0|  0|    2|           1|           1|
    |xor_ln340_93_fu_8051_p2       |       xor|   0|  0|    2|           1|           2|
    |xor_ln340_94_fu_8105_p2       |       xor|   0|  0|    2|           1|           1|
    |xor_ln340_95_fu_8109_p2       |       xor|   0|  0|    2|           1|           2|
    |xor_ln340_96_fu_8391_p2       |       xor|   0|  0|    2|           1|           1|
    |xor_ln340_97_fu_8395_p2       |       xor|   0|  0|    2|           1|           2|
    |xor_ln340_98_fu_8610_p2       |       xor|   0|  0|    2|           1|           1|
    |xor_ln340_99_fu_8614_p2       |       xor|   0|  0|    2|           1|           2|
    |xor_ln340_9_fu_4723_p2        |       xor|   0|  0|    2|           1|           1|
    |xor_ln340_fu_2611_p2          |       xor|   0|  0|    2|           1|           2|
    |xor_ln571_fu_2021_p2          |       xor|   0|  0|    2|           1|           2|
    |xor_ln582_fu_2342_p2          |       xor|   0|  0|    2|           1|           2|
    |xor_ln585_fu_2408_p2          |       xor|   0|  0|    2|           1|           2|
    |xor_ln621_1_fu_2433_p2        |       xor|   0|  0|    2|           1|           2|
    |xor_ln621_fu_2520_p2          |       xor|   0|  0|    2|           1|           2|
    |xor_ln658_1_fu_2009_p2        |       xor|   0|  0|    2|           1|           2|
    |xor_ln658_fu_2574_p2          |       xor|   0|  0|    2|           1|           2|
    |xor_ln659_fu_2595_p2          |       xor|   0|  0|    2|           2|           1|
    |xor_ln785_10_fu_4403_p2       |       xor|   0|  0|    2|           1|           2|
    |xor_ln785_11_fu_4461_p2       |       xor|   0|  0|    2|           1|           2|
    |xor_ln785_12_fu_4857_p2       |       xor|   0|  0|    2|           1|           2|
    |xor_ln785_13_fu_5311_p2       |       xor|   0|  0|    2|           1|           2|
    |xor_ln785_14_fu_5783_p2       |       xor|   0|  0|    2|           1|           2|
    |xor_ln785_15_fu_9042_p2       |       xor|   0|  0|    2|           1|           2|
    |xor_ln785_16_fu_9154_p2       |       xor|   0|  0|    2|           1|           2|
    |xor_ln785_17_fu_4953_p2       |       xor|   0|  0|    2|           1|           2|
    |xor_ln785_18_fu_5011_p2       |       xor|   0|  0|    2|           1|           2|
    |xor_ln785_19_fu_5407_p2       |       xor|   0|  0|    2|           1|           2|
    |xor_ln785_1_fu_3567_p2        |       xor|   0|  0|    2|           1|           2|
    |xor_ln785_20_fu_5841_p2       |       xor|   0|  0|    2|           1|           2|
    |xor_ln785_21_fu_6303_p2       |       xor|   0|  0|    2|           1|           2|
    |xor_ln785_22_fu_5503_p2       |       xor|   0|  0|    2|           1|           2|
    |xor_ln785_23_fu_5561_p2       |       xor|   0|  0|    2|           1|           2|
    |xor_ln785_24_fu_5937_p2       |       xor|   0|  0|    2|           1|           2|
    |xor_ln785_25_fu_6361_p2       |       xor|   0|  0|    2|           1|           2|
    |xor_ln785_26_fu_6805_p2       |       xor|   0|  0|    2|           1|           2|
    |xor_ln785_27_fu_6033_p2       |       xor|   0|  0|    2|           1|           2|
    |xor_ln785_28_fu_6091_p2       |       xor|   0|  0|    2|           1|           2|
    |xor_ln785_29_fu_6457_p2       |       xor|   0|  0|    2|           1|           2|
    |xor_ln785_2_fu_3814_p2        |       xor|   0|  0|    2|           1|           2|
    |xor_ln785_30_fu_6863_p2       |       xor|   0|  0|    2|           1|           2|
    |xor_ln785_31_fu_7293_p2       |       xor|   0|  0|    2|           1|           2|
    |xor_ln785_32_fu_6553_p2       |       xor|   0|  0|    2|           1|           2|
    |xor_ln785_33_fu_6611_p2       |       xor|   0|  0|    2|           1|           2|
    |xor_ln785_34_fu_6959_p2       |       xor|   0|  0|    2|           1|           2|
    |xor_ln785_35_fu_7351_p2       |       xor|   0|  0|    2|           1|           2|
    |xor_ln785_36_fu_7777_p2       |       xor|   0|  0|    2|           1|           2|
    |xor_ln785_37_fu_7055_p2       |       xor|   0|  0|    2|           1|           2|
    |xor_ln785_38_fu_7113_p2       |       xor|   0|  0|    2|           1|           2|
    |xor_ln785_39_fu_7447_p2       |       xor|   0|  0|    2|           1|           2|
    |xor_ln785_3_fu_4212_p2        |       xor|   0|  0|    2|           1|           2|
    |xor_ln785_40_fu_7835_p2       |       xor|   0|  0|    2|           1|           2|
    |xor_ln785_41_fu_8217_p2       |       xor|   0|  0|    2|           1|           2|
    |xor_ln785_42_fu_7543_p2       |       xor|   0|  0|    2|           1|           2|
    |xor_ln785_43_fu_7601_p2       |       xor|   0|  0|    2|           1|           2|
    |xor_ln785_44_fu_7931_p2       |       xor|   0|  0|    2|           1|           2|
    |xor_ln785_45_fu_8275_p2       |       xor|   0|  0|    2|           1|           2|
    |xor_ln785_46_fu_8532_p2       |       xor|   0|  0|    2|           1|           2|
    |xor_ln785_47_fu_8027_p2       |       xor|   0|  0|    2|           1|           2|
    |xor_ln785_48_fu_8085_p2       |       xor|   0|  0|    2|           1|           2|
    |xor_ln785_49_fu_8371_p2       |       xor|   0|  0|    2|           1|           2|
    |xor_ln785_4_fu_4703_p2        |       xor|   0|  0|    2|           1|           2|
    |xor_ln785_50_fu_8590_p2       |       xor|   0|  0|    2|           1|           2|
    |xor_ln785_51_fu_8751_p2       |       xor|   0|  0|    2|           1|           2|
    |xor_ln785_52_fu_8467_p2       |       xor|   0|  0|    2|           1|           2|
    |xor_ln785_53_fu_8686_p2       |       xor|   0|  0|    2|           1|           2|
    |xor_ln785_54_fu_8809_p2       |       xor|   0|  0|    2|           1|           2|
    |xor_ln785_55_fu_8874_p2       |       xor|   0|  0|    2|           1|           2|
    |xor_ln785_5_fu_3909_p2        |       xor|   0|  0|    2|           1|           2|
    |xor_ln785_6_fu_3967_p2        |       xor|   0|  0|    2|           1|           2|
    |xor_ln785_7_fu_4307_p2        |       xor|   0|  0|    2|           1|           2|
    |xor_ln785_8_fu_4761_p2        |       xor|   0|  0|    2|           1|           2|
    |xor_ln785_9_fu_5253_p2        |       xor|   0|  0|    2|           1|           2|
    |xor_ln785_fu_3509_p2          |       xor|   0|  0|    2|           1|           2|
    |xor_ln786_10_fu_4413_p2       |       xor|   0|  0|    2|           1|           2|
    |xor_ln786_11_fu_4471_p2       |       xor|   0|  0|    2|           1|           2|
    |xor_ln786_12_fu_4867_p2       |       xor|   0|  0|    2|           1|           2|
    |xor_ln786_13_fu_5321_p2       |       xor|   0|  0|    2|           1|           2|
    |xor_ln786_14_fu_5793_p2       |       xor|   0|  0|    2|           1|           2|
    |xor_ln786_15_fu_4963_p2       |       xor|   0|  0|    2|           1|           2|
    |xor_ln786_16_fu_5021_p2       |       xor|   0|  0|    2|           1|           2|
    |xor_ln786_17_fu_5417_p2       |       xor|   0|  0|    2|           1|           2|
    |xor_ln786_18_fu_5851_p2       |       xor|   0|  0|    2|           1|           2|
    |xor_ln786_19_fu_6313_p2       |       xor|   0|  0|    2|           1|           2|
    |xor_ln786_1_fu_3577_p2        |       xor|   0|  0|    2|           1|           2|
    |xor_ln786_20_fu_5513_p2       |       xor|   0|  0|    2|           1|           2|
    |xor_ln786_21_fu_5571_p2       |       xor|   0|  0|    2|           1|           2|
    |xor_ln786_22_fu_5947_p2       |       xor|   0|  0|    2|           1|           2|
    |xor_ln786_23_fu_6371_p2       |       xor|   0|  0|    2|           1|           2|
    |xor_ln786_24_fu_6815_p2       |       xor|   0|  0|    2|           1|           2|
    |xor_ln786_25_fu_6043_p2       |       xor|   0|  0|    2|           1|           2|
    |xor_ln786_26_fu_6101_p2       |       xor|   0|  0|    2|           1|           2|
    |xor_ln786_27_fu_6467_p2       |       xor|   0|  0|    2|           1|           2|
    |xor_ln786_28_fu_6873_p2       |       xor|   0|  0|    2|           1|           2|
    |xor_ln786_29_fu_7303_p2       |       xor|   0|  0|    2|           1|           2|
    |xor_ln786_2_fu_3824_p2        |       xor|   0|  0|    2|           1|           2|
    |xor_ln786_30_fu_6563_p2       |       xor|   0|  0|    2|           1|           2|
    |xor_ln786_31_fu_6621_p2       |       xor|   0|  0|    2|           1|           2|
    |xor_ln786_32_fu_6969_p2       |       xor|   0|  0|    2|           1|           2|
    |xor_ln786_33_fu_7361_p2       |       xor|   0|  0|    2|           1|           2|
    |xor_ln786_34_fu_7787_p2       |       xor|   0|  0|    2|           1|           2|
    |xor_ln786_35_fu_7065_p2       |       xor|   0|  0|    2|           1|           2|
    |xor_ln786_36_fu_7123_p2       |       xor|   0|  0|    2|           1|           2|
    |xor_ln786_37_fu_7457_p2       |       xor|   0|  0|    2|           1|           2|
    |xor_ln786_38_fu_7845_p2       |       xor|   0|  0|    2|           1|           2|
    |xor_ln786_39_fu_8227_p2       |       xor|   0|  0|    2|           1|           2|
    |xor_ln786_3_fu_4222_p2        |       xor|   0|  0|    2|           1|           2|
    |xor_ln786_40_fu_7553_p2       |       xor|   0|  0|    2|           1|           2|
    |xor_ln786_41_fu_7611_p2       |       xor|   0|  0|    2|           1|           2|
    |xor_ln786_42_fu_7941_p2       |       xor|   0|  0|    2|           1|           2|
    |xor_ln786_43_fu_8285_p2       |       xor|   0|  0|    2|           1|           2|
    |xor_ln786_44_fu_8542_p2       |       xor|   0|  0|    2|           1|           2|
    |xor_ln786_45_fu_8037_p2       |       xor|   0|  0|    2|           1|           2|
    |xor_ln786_46_fu_8095_p2       |       xor|   0|  0|    2|           1|           2|
    |xor_ln786_47_fu_8381_p2       |       xor|   0|  0|    2|           1|           2|
    |xor_ln786_48_fu_8600_p2       |       xor|   0|  0|    2|           1|           2|
    |xor_ln786_49_fu_8761_p2       |       xor|   0|  0|    2|           1|           2|
    |xor_ln786_4_fu_4713_p2        |       xor|   0|  0|    2|           1|           2|
    |xor_ln786_50_fu_9060_p2       |       xor|   0|  0|    2|           2|           1|
    |xor_ln786_5_fu_3919_p2        |       xor|   0|  0|    2|           1|           2|
    |xor_ln786_6_fu_3977_p2        |       xor|   0|  0|    2|           1|           2|
    |xor_ln786_7_fu_4317_p2        |       xor|   0|  0|    2|           1|           2|
    |xor_ln786_8_fu_4771_p2        |       xor|   0|  0|    2|           1|           2|
    |xor_ln786_9_fu_5263_p2        |       xor|   0|  0|    2|           1|           2|
    |xor_ln786_fu_3519_p2          |       xor|   0|  0|    2|           1|           2|
    |xor_ln949_fu_9330_p2          |       xor|   0|  0|    2|           1|           2|
    +------------------------------+----------+----+---+-----+------------+------------+
    |Total                         |          |   0|  0|16356|        6893|       13473|
    +------------------------------+----------+----+---+-----+------------+------------+

    * Multiplexer: 
    +-------------------------------+-----+-----------+-----+-----------+
    |              Name             | LUT | Input Size| Bits| Total Bits|
    +-------------------------------+-----+-----------+-----+-----------+
    |acc_V_3_reg_1898               |    9|          2|   40|         80|
    |ap_NS_fsm                      |  113|         23|    1|         23|
    |ap_enable_reg_pp1_iter5        |    9|          2|    1|          2|
    |ap_enable_reg_pp2_iter27       |    9|          2|    1|          2|
    |ap_enable_reg_pp2_iter31       |    9|          2|    1|          2|
    |ap_phi_mux_k_1_phi_fu_1879_p4  |    9|          2|    7|         14|
    |b_reg_1887                     |    9|          2|    3|          6|
    |hist_V_0_address0              |   53|         10|    4|         40|
    |hist_V_0_address1              |   42|          8|    4|         32|
    |hist_V_0_d0                    |   14|          3|   16|         48|
    |hist_V_1_address0              |   59|         11|    4|         44|
    |hist_V_1_address1              |   37|          7|    4|         28|
    |hist_V_1_d0                    |   14|          3|   16|         48|
    |hist_V_2_address0              |   59|         11|    4|         44|
    |hist_V_2_address1              |   37|          7|    4|         28|
    |hist_V_2_d0                    |   14|          3|   16|         48|
    |hist_V_3_address0              |   59|         11|    4|         44|
    |hist_V_3_address1              |   37|          7|    4|         28|
    |hist_V_3_d0                    |   14|          3|   16|         48|
    |hist_V_4_address0              |   59|         11|    4|         44|
    |hist_V_4_address1              |   37|          7|    4|         28|
    |hist_V_4_d0                    |   14|          3|   16|         48|
    |k_1_reg_1875                   |    9|          2|    7|         14|
    |k_reg_1831                     |    9|          2|    7|         14|
    |n_reg_1864                     |    9|          2|   32|         64|
    |phi_mul_reg_1842               |    9|          2|   14|         28|
    |phi_urem_reg_1853              |    9|          2|    7|         14|
    +-------------------------------+-----+-----------+-----+-----------+
    |Total                          |  761|        150|  241|        863|
    +-------------------------------+-----+-----------+-----+-----------+

    * Register: 
    +-----------------------------+-----+----+-----+-----------+
    |             Name            |  FF | LUT| Bits| Const Bits|
    +-----------------------------+-----+----+-----+-----------+
    |F2_reg_10405                 |   12|   0|   12|          0|
    |Range1_all_ones_3_reg_10457  |    1|   0|    1|          0|
    |Range2_V_1_reg_10502         |   54|   0|   54|          0|
    |acc_V_3_reg_1898             |   40|   0|   40|          0|
    |add_ln1118_reg_11147         |    9|   0|    9|          0|
    |add_ln198_reg_10342          |   32|   0|   32|          0|
    |add_ln205_reg_10355          |    7|   0|    7|          0|
    |add_ln206_reg_10360          |    6|   0|    6|          0|
    |add_ln703_1_reg_12917        |   40|   0|   40|          0|
    |add_ln703_2_reg_12954        |   40|   0|   40|          0|
    |add_ln703_3_reg_12971        |   40|   0|   40|          0|
    |add_ln703_reg_12860          |   40|   0|   40|          0|
    |and_ln581_reg_10474          |    1|   0|    1|          0|
    |ap_CS_fsm                    |   22|   0|   22|          0|
    |ap_enable_reg_pp1_iter0      |    1|   0|    1|          0|
    |ap_enable_reg_pp1_iter1      |    1|   0|    1|          0|
    |ap_enable_reg_pp1_iter2      |    1|   0|    1|          0|
    |ap_enable_reg_pp1_iter3      |    1|   0|    1|          0|
    |ap_enable_reg_pp1_iter4      |    1|   0|    1|          0|
    |ap_enable_reg_pp1_iter5      |    1|   0|    1|          0|
    |ap_enable_reg_pp2_iter0      |    1|   0|    1|          0|
    |ap_enable_reg_pp2_iter1      |    1|   0|    1|          0|
    |ap_enable_reg_pp2_iter10     |    1|   0|    1|          0|
    |ap_enable_reg_pp2_iter11     |    1|   0|    1|          0|
    |ap_enable_reg_pp2_iter12     |    1|   0|    1|          0|
    |ap_enable_reg_pp2_iter13     |    1|   0|    1|          0|
    |ap_enable_reg_pp2_iter14     |    1|   0|    1|          0|
    |ap_enable_reg_pp2_iter15     |    1|   0|    1|          0|
    |ap_enable_reg_pp2_iter16     |    1|   0|    1|          0|
    |ap_enable_reg_pp2_iter17     |    1|   0|    1|          0|
    |ap_enable_reg_pp2_iter18     |    1|   0|    1|          0|
    |ap_enable_reg_pp2_iter19     |    1|   0|    1|          0|
    |ap_enable_reg_pp2_iter2      |    1|   0|    1|          0|
    |ap_enable_reg_pp2_iter20     |    1|   0|    1|          0|
    |ap_enable_reg_pp2_iter21     |    1|   0|    1|          0|
    |ap_enable_reg_pp2_iter22     |    1|   0|    1|          0|
    |ap_enable_reg_pp2_iter23     |    1|   0|    1|          0|
    |ap_enable_reg_pp2_iter24     |    1|   0|    1|          0|
    |ap_enable_reg_pp2_iter25     |    1|   0|    1|          0|
    |ap_enable_reg_pp2_iter26     |    1|   0|    1|          0|
    |ap_enable_reg_pp2_iter27     |    1|   0|    1|          0|
    |ap_enable_reg_pp2_iter28     |    1|   0|    1|          0|
    |ap_enable_reg_pp2_iter29     |    1|   0|    1|          0|
    |ap_enable_reg_pp2_iter3      |    1|   0|    1|          0|
    |ap_enable_reg_pp2_iter30     |    1|   0|    1|          0|
    |ap_enable_reg_pp2_iter31     |    1|   0|    1|          0|
    |ap_enable_reg_pp2_iter4      |    1|   0|    1|          0|
    |ap_enable_reg_pp2_iter5      |    1|   0|    1|          0|
    |ap_enable_reg_pp2_iter6      |    1|   0|    1|          0|
    |ap_enable_reg_pp2_iter7      |    1|   0|    1|          0|
    |ap_enable_reg_pp2_iter8      |    1|   0|    1|          0|
    |ap_enable_reg_pp2_iter9      |    1|   0|    1|          0|
    |b_reg_1887                   |    3|   0|    3|          0|
    |deleted_ones_reg_10540       |    1|   0|    1|          0|
    |hist_V_0_load_1_reg_10582    |   16|   0|   16|          0|
    |hist_V_0_load_2_reg_10613    |   16|   0|   16|          0|
    |hist_V_0_load_3_reg_10638    |   16|   0|   16|          0|
    |hist_V_0_load_4_reg_10663    |   16|   0|   16|          0|
    |hist_V_0_load_5_reg_10688    |   16|   0|   16|          0|
    |hist_V_0_load_6_reg_10713    |   16|   0|   16|          0|
    |hist_V_0_load_7_reg_10738    |   16|   0|   16|          0|
    |hist_V_0_load_8_reg_10763    |   16|   0|   16|          0|
    |hist_V_0_load_9_reg_10788    |   16|   0|   16|          0|
    |hist_V_0_load_reg_10557      |   16|   0|   16|          0|
    |hist_V_1_load_10_reg_10793   |   16|   0|   16|          0|
    |hist_V_1_load_1_reg_10562    |   16|   0|   16|          0|
    |hist_V_1_load_2_reg_10587    |   16|   0|   16|          0|
    |hist_V_1_load_3_reg_10618    |   16|   0|   16|          0|
    |hist_V_1_load_4_reg_10643    |   16|   0|   16|          0|
    |hist_V_1_load_5_reg_10668    |   16|   0|   16|          0|
    |hist_V_1_load_6_reg_10693    |   16|   0|   16|          0|
    |hist_V_1_load_7_reg_10718    |   16|   0|   16|          0|
    |hist_V_1_load_8_reg_10743    |   16|   0|   16|          0|
    |hist_V_1_load_9_reg_10768    |   16|   0|   16|          0|
    |hist_V_1_load_reg_10508      |   16|   0|   16|          0|
    |hist_V_2_load_10_reg_10798   |   16|   0|   16|          0|
    |hist_V_2_load_1_reg_10567    |   16|   0|   16|          0|
    |hist_V_2_load_2_reg_10592    |   16|   0|   16|          0|
    |hist_V_2_load_3_reg_10623    |   16|   0|   16|          0|
    |hist_V_2_load_4_reg_10648    |   16|   0|   16|          0|
    |hist_V_2_load_5_reg_10673    |   16|   0|   16|          0|
    |hist_V_2_load_6_reg_10698    |   16|   0|   16|          0|
    |hist_V_2_load_7_reg_10723    |   16|   0|   16|          0|
    |hist_V_2_load_8_reg_10748    |   16|   0|   16|          0|
    |hist_V_2_load_9_reg_10773    |   16|   0|   16|          0|
    |hist_V_2_load_reg_10513      |   16|   0|   16|          0|
    |hist_V_3_load_10_reg_10803   |   16|   0|   16|          0|
    |hist_V_3_load_1_reg_10572    |   16|   0|   16|          0|
    |hist_V_3_load_2_reg_10597    |   16|   0|   16|          0|
    |hist_V_3_load_3_reg_10628    |   16|   0|   16|          0|
    |hist_V_3_load_4_reg_10653    |   16|   0|   16|          0|
    |hist_V_3_load_5_reg_10678    |   16|   0|   16|          0|
    |hist_V_3_load_6_reg_10703    |   16|   0|   16|          0|
    |hist_V_3_load_7_reg_10728    |   16|   0|   16|          0|
    |hist_V_3_load_8_reg_10753    |   16|   0|   16|          0|
    |hist_V_3_load_9_reg_10778    |   16|   0|   16|          0|
    |hist_V_3_load_reg_10518      |   16|   0|   16|          0|
    |hist_V_4_load_10_reg_10808   |   16|   0|   16|          0|
    |hist_V_4_load_1_reg_10577    |   16|   0|   16|          0|
    |hist_V_4_load_2_reg_10602    |   16|   0|   16|          0|
    |hist_V_4_load_3_reg_10633    |   16|   0|   16|          0|
    |hist_V_4_load_4_reg_10658    |   16|   0|   16|          0|
    |hist_V_4_load_5_reg_10683    |   16|   0|   16|          0|
    |hist_V_4_load_6_reg_10708    |   16|   0|   16|          0|
    |hist_V_4_load_7_reg_10733    |   16|   0|   16|          0|
    |hist_V_4_load_8_reg_10758    |   16|   0|   16|          0|
    |hist_V_4_load_9_reg_10783    |   16|   0|   16|          0|
    |hist_V_4_load_reg_10523      |   16|   0|   16|          0|
    |icmp_ln1497_reg_13015        |    1|   0|    1|          0|
    |icmp_ln205_reg_10351         |    1|   0|    1|          0|
    |icmp_ln214_reg_11143         |    1|   0|    1|          0|
    |icmp_ln571_reg_10000         |    1|   0|    1|          0|
    |icmp_ln581_1_reg_10484       |    1|   0|    1|          0|
    |icmp_ln581_reg_10411         |    1|   0|    1|          0|
    |icmp_ln582_reg_10422         |    1|   0|    1|          0|
    |icmp_ln585_reg_10469         |    1|   0|    1|          0|
    |icmp_ln603_reg_10434         |    1|   0|    1|          0|
    |icmp_ln611_reg_10439         |    1|   0|    1|          0|
    |icmp_ln621_reg_10445         |    1|   0|    1|          0|
    |icmp_ln954_reg_13107         |    1|   0|    1|          0|
    |ireg_reg_9987                |   64|   0|   64|          0|
    |k_1_reg_1875                 |    7|   0|    7|          0|
    |k_reg_1831                   |    7|   0|    7|          0|
    |lsb_index_reg_13079          |   32|   0|   32|          0|
    |m_4_reg_13117                |   40|   0|   40|          0|
    |man_V_reg_10399              |   54|   0|   54|          0|
    |mul_ln1118_61_reg_13041      |  104|   0|  104|          0|
    |n_reg_1864                   |   32|   0|   32|          0|
    |neg_src_1_reg_10545          |    1|   0|    1|          0|
    |overflow_reg_10551           |    1|   0|    1|          0|
    |p_Result_13_reg_9993         |    1|   0|    1|          0|
    |p_Result_15_reg_10535        |    1|   0|    1|          0|
    |p_Result_20_reg_13061        |    1|   0|    1|          0|
    |p_Result_22_reg_13096        |    1|   0|    1|          0|
    |p_Result_7_reg_13122         |    1|   0|    1|          0|
    |p_Val2_1_reg_10528           |   16|   0|   16|          0|
    |p_Val2_3_reg_12994           |   40|   0|   40|          0|
    |phi_mul_reg_1842             |   14|   0|   14|          0|
    |phi_urem_reg_1853            |    7|   0|    7|          0|
    |pos2_reg_10489               |   12|   0|   12|          0|
    |r_V_reg_13025                |   72|   0|   72|          0|
    |ret_V_3_reg_13010            |   41|   0|   41|          0|
    |ret_V_reg_13030              |   72|   0|   72|          0|
    |select_ln340_3_reg_13046     |   40|   0|   40|          0|
    |select_ln340_66_reg_12982    |   40|   0|   40|          0|
    |select_ln571_reg_10607       |   16|   0|   16|          0|
    |select_ln585_reg_10479       |   16|   0|   16|          0|
    |select_ln588_reg_10332       |   16|   0|   16|          0|
    |select_ln954_reg_13112       |    1|   0|    1|          0|
    |sext_ln1116_10_reg_10863     |   34|   0|   34|          0|
    |sext_ln1116_11_reg_10868     |   34|   0|   34|          0|
    |sext_ln1116_12_reg_10873     |   34|   0|   34|          0|
    |sext_ln1116_13_reg_10878     |   34|   0|   34|          0|
    |sext_ln1116_14_reg_10883     |   34|   0|   34|          0|
    |sext_ln1116_15_reg_10888     |   34|   0|   34|          0|
    |sext_ln1116_16_reg_10893     |   34|   0|   34|          0|
    |sext_ln1116_17_reg_10898     |   34|   0|   34|          0|
    |sext_ln1116_18_reg_10903     |   34|   0|   34|          0|
    |sext_ln1116_19_reg_10908     |   34|   0|   34|          0|
    |sext_ln1116_1_reg_10818      |   34|   0|   34|          0|
    |sext_ln1116_20_reg_10913     |   34|   0|   34|          0|
    |sext_ln1116_21_reg_10918     |   34|   0|   34|          0|
    |sext_ln1116_22_reg_10923     |   34|   0|   34|          0|
    |sext_ln1116_23_reg_10928     |   34|   0|   34|          0|
    |sext_ln1116_24_reg_10933     |   34|   0|   34|          0|
    |sext_ln1116_25_reg_10938     |   34|   0|   34|          0|
    |sext_ln1116_26_reg_10943     |   34|   0|   34|          0|
    |sext_ln1116_27_reg_10948     |   34|   0|   34|          0|
    |sext_ln1116_28_reg_10953     |   34|   0|   34|          0|
    |sext_ln1116_29_reg_10958     |   34|   0|   34|          0|
    |sext_ln1116_2_reg_10823      |   34|   0|   34|          0|
    |sext_ln1116_30_reg_10963     |   34|   0|   34|          0|
    |sext_ln1116_31_reg_10968     |   34|   0|   34|          0|
    |sext_ln1116_32_reg_10973     |   34|   0|   34|          0|
    |sext_ln1116_33_reg_10978     |   34|   0|   34|          0|
    |sext_ln1116_34_reg_10983     |   34|   0|   34|          0|
    |sext_ln1116_35_reg_10988     |   34|   0|   34|          0|
    |sext_ln1116_36_reg_10993     |   34|   0|   34|          0|
    |sext_ln1116_37_reg_10998     |   34|   0|   34|          0|
    |sext_ln1116_38_reg_11003     |   34|   0|   34|          0|
    |sext_ln1116_39_reg_11008     |   34|   0|   34|          0|
    |sext_ln1116_3_reg_10828      |   34|   0|   34|          0|
    |sext_ln1116_40_reg_11013     |   34|   0|   34|          0|
    |sext_ln1116_41_reg_11018     |   34|   0|   34|          0|
    |sext_ln1116_42_reg_11023     |   34|   0|   34|          0|
    |sext_ln1116_43_reg_11028     |   34|   0|   34|          0|
    |sext_ln1116_44_reg_11033     |   34|   0|   34|          0|
    |sext_ln1116_45_reg_11038     |   34|   0|   34|          0|
    |sext_ln1116_46_reg_11043     |   34|   0|   34|          0|
    |sext_ln1116_47_reg_11048     |   34|   0|   34|          0|
    |sext_ln1116_48_reg_11053     |   34|   0|   34|          0|
    |sext_ln1116_49_reg_11058     |   34|   0|   34|          0|
    |sext_ln1116_4_reg_10833      |   34|   0|   34|          0|
    |sext_ln1116_50_reg_11063     |   34|   0|   34|          0|
    |sext_ln1116_51_reg_11068     |   34|   0|   34|          0|
    |sext_ln1116_52_reg_11073     |   34|   0|   34|          0|
    |sext_ln1116_53_reg_11078     |   34|   0|   34|          0|
    |sext_ln1116_54_reg_11083     |   34|   0|   34|          0|
    |sext_ln1116_55_reg_11088     |   34|   0|   34|          0|
    |sext_ln1116_56_reg_11093     |   34|   0|   34|          0|
    |sext_ln1116_57_reg_11098     |   34|   0|   34|          0|
    |sext_ln1116_58_reg_11103     |   34|   0|   34|          0|
    |sext_ln1116_59_reg_11108     |   34|   0|   34|          0|
    |sext_ln1116_5_reg_10838      |   34|   0|   34|          0|
    |sext_ln1116_60_reg_11113     |   34|   0|   34|          0|
    |sext_ln1116_61_reg_11118     |   34|   0|   34|          0|
    |sext_ln1116_62_reg_11123     |   34|   0|   34|          0|
    |sext_ln1116_63_reg_11128     |   34|   0|   34|          0|
    |sext_ln1116_64_reg_11133     |   34|   0|   34|          0|
    |sext_ln1116_6_reg_10843      |   34|   0|   34|          0|
    |sext_ln1116_7_reg_10848      |   34|   0|   34|          0|
    |sext_ln1116_8_reg_10853      |   34|   0|   34|          0|
    |sext_ln1116_9_reg_10858      |   34|   0|   34|          0|
    |sext_ln1116_reg_10813        |   34|   0|   34|          0|
    |sext_ln581_reg_10464         |   32|   0|   32|          0|
    |sh_amt_reg_10416             |   12|   0|   12|          0|
    |sub_ln944_reg_13073          |   32|   0|   32|          0|
    |tmp_100_reg_12659            |    1|   0|    1|          0|
    |tmp_101_reg_12672            |    1|   0|    1|          0|
    |tmp_102_reg_12729            |    1|   0|    1|          0|
    |tmp_103_reg_12742            |    1|   0|    1|          0|
    |tmp_104_reg_12814            |    1|   0|    1|          0|
    |tmp_105_reg_12827            |    1|   0|    1|          0|
    |tmp_106_reg_12871            |    1|   0|    1|          0|
    |tmp_107_reg_12884            |    1|   0|    1|          0|
    |tmp_108_reg_12749            |    1|   0|    1|          0|
    |tmp_109_reg_12762            |    1|   0|    1|          0|
    |tmp_10_reg_10452             |    1|   0|    1|          0|
    |tmp_110_reg_12769            |    1|   0|    1|          0|
    |tmp_111_reg_12782            |    1|   0|    1|          0|
    |tmp_112_reg_12834            |    1|   0|    1|          0|
    |tmp_113_reg_12847            |    1|   0|    1|          0|
    |tmp_114_reg_12891            |    1|   0|    1|          0|
    |tmp_115_reg_12904            |    1|   0|    1|          0|
    |tmp_116_reg_12928            |    1|   0|    1|          0|
    |tmp_117_reg_12941            |    1|   0|    1|          0|
    |tmp_118_reg_12854            |    1|   0|    1|          0|
    |tmp_119_reg_12865            |    1|   0|    1|          0|
    |tmp_120_reg_12911            |    1|   0|    1|          0|
    |tmp_121_reg_12922            |    1|   0|    1|          0|
    |tmp_122_reg_12948            |    1|   0|    1|          0|
    |tmp_123_reg_12959            |    1|   0|    1|          0|
    |tmp_124_reg_12965            |    1|   0|    1|          0|
    |tmp_125_reg_12976            |    1|   0|    1|          0|
    |tmp_126_reg_12989            |    1|   0|    1|          0|
    |tmp_127_reg_13005            |    1|   0|    1|          0|
    |tmp_128_reg_13000            |    1|   0|    1|          0|
    |tmp_15_reg_13086             |   31|   0|   31|          0|
    |tmp_18_reg_11539             |    1|   0|    1|          0|
    |tmp_19_reg_11552             |    1|   0|    1|          0|
    |tmp_20_reg_11559             |    1|   0|    1|          0|
    |tmp_21_reg_11572             |    1|   0|    1|          0|
    |tmp_22_reg_11639             |    1|   0|    1|          0|
    |tmp_23_reg_11652             |    1|   0|    1|          0|
    |tmp_24_reg_11754             |    1|   0|    1|          0|
    |tmp_25_reg_11767             |    1|   0|    1|          0|
    |tmp_26_reg_11884             |    1|   0|    1|          0|
    |tmp_27_reg_11897             |    1|   0|    1|          0|
    |tmp_28_reg_11659             |    1|   0|    1|          0|
    |tmp_29_reg_11672             |    1|   0|    1|          0|
    |tmp_30_reg_11679             |    1|   0|    1|          0|
    |tmp_31_reg_11692             |    1|   0|    1|          0|
    |tmp_32_reg_11774             |    1|   0|    1|          0|
    |tmp_33_reg_11787             |    1|   0|    1|          0|
    |tmp_34_reg_11904             |    1|   0|    1|          0|
    |tmp_35_reg_11917             |    1|   0|    1|          0|
    |tmp_36_reg_12034             |    1|   0|    1|          0|
    |tmp_37_reg_12047             |    1|   0|    1|          0|
    |tmp_38_reg_11794             |    1|   0|    1|          0|
    |tmp_39_reg_11807             |    1|   0|    1|          0|
    |tmp_40_reg_11814             |    1|   0|    1|          0|
    |tmp_41_reg_11827             |    1|   0|    1|          0|
    |tmp_42_reg_11924             |    1|   0|    1|          0|
    |tmp_43_reg_11937             |    1|   0|    1|          0|
    |tmp_44_reg_12054             |    1|   0|    1|          0|
    |tmp_45_reg_12067             |    1|   0|    1|          0|
    |tmp_46_reg_12184             |    1|   0|    1|          0|
    |tmp_47_reg_12197             |    1|   0|    1|          0|
    |tmp_48_reg_11944             |    1|   0|    1|          0|
    |tmp_49_reg_11957             |    1|   0|    1|          0|
    |tmp_50_reg_11964             |    1|   0|    1|          0|
    |tmp_51_reg_11977             |    1|   0|    1|          0|
    |tmp_52_reg_12074             |    1|   0|    1|          0|
    |tmp_53_reg_12087             |    1|   0|    1|          0|
    |tmp_54_reg_12204             |    1|   0|    1|          0|
    |tmp_55_reg_12217             |    1|   0|    1|          0|
    |tmp_56_reg_12324             |    1|   0|    1|          0|
    |tmp_57_reg_12337             |    1|   0|    1|          0|
    |tmp_58_reg_12094             |    1|   0|    1|          0|
    |tmp_59_reg_12107             |    1|   0|    1|          0|
    |tmp_5_reg_9982               |    1|   0|    1|          0|
    |tmp_60_reg_12114             |    1|   0|    1|          0|
    |tmp_61_reg_12127             |    1|   0|    1|          0|
    |tmp_62_reg_12224             |    1|   0|    1|          0|
    |tmp_63_reg_12237             |    1|   0|    1|          0|
    |tmp_64_reg_12344             |    1|   0|    1|          0|
    |tmp_65_reg_12357             |    1|   0|    1|          0|
    |tmp_66_reg_12459             |    1|   0|    1|          0|
    |tmp_67_reg_12472             |    1|   0|    1|          0|
    |tmp_68_reg_12244             |    1|   0|    1|          0|
    |tmp_69_reg_12257             |    1|   0|    1|          0|
    |tmp_70_reg_12264             |    1|   0|    1|          0|
    |tmp_71_reg_12277             |    1|   0|    1|          0|
    |tmp_72_reg_12364             |    1|   0|    1|          0|
    |tmp_73_reg_12377             |    1|   0|    1|          0|
    |tmp_74_reg_12479             |    1|   0|    1|          0|
    |tmp_75_reg_12492             |    1|   0|    1|          0|
    |tmp_76_reg_12579             |    1|   0|    1|          0|
    |tmp_77_reg_12592             |    1|   0|    1|          0|
    |tmp_78_reg_12384             |    1|   0|    1|          0|
    |tmp_79_reg_12397             |    1|   0|    1|          0|
    |tmp_80_reg_12404             |    1|   0|    1|          0|
    |tmp_81_reg_12417             |    1|   0|    1|          0|
    |tmp_82_reg_12499             |    1|   0|    1|          0|
    |tmp_83_reg_12512             |    1|   0|    1|          0|
    |tmp_84_reg_12599             |    1|   0|    1|          0|
    |tmp_85_reg_12612             |    1|   0|    1|          0|
    |tmp_86_reg_12689             |    1|   0|    1|          0|
    |tmp_87_reg_12702             |    1|   0|    1|          0|
    |tmp_88_reg_12519             |    1|   0|    1|          0|
    |tmp_89_reg_12532             |    1|   0|    1|          0|
    |tmp_90_reg_12539             |    1|   0|    1|          0|
    |tmp_91_reg_12552             |    1|   0|    1|          0|
    |tmp_92_reg_12619             |    1|   0|    1|          0|
    |tmp_93_reg_12632             |    1|   0|    1|          0|
    |tmp_94_reg_12709             |    1|   0|    1|          0|
    |tmp_95_reg_12722             |    1|   0|    1|          0|
    |tmp_96_reg_12794             |    1|   0|    1|          0|
    |tmp_97_reg_12807             |    1|   0|    1|          0|
    |tmp_98_reg_12639             |    1|   0|    1|          0|
    |tmp_99_reg_12652             |    1|   0|    1|          0|
    |tmp_V_2_reg_13066            |   40|   0|   40|          0|
    |tmp_V_reg_13056              |   40|   0|   40|          0|
    |trunc_ln206_reg_10370        |    3|   0|    3|          0|
    |trunc_ln583_reg_10428        |   16|   0|   16|          0|
    |trunc_ln943_reg_13102        |    8|   0|    8|          0|
    |trunc_ln947_reg_13091        |    6|   0|    6|          0|
    |urem_ln206_reg_10365         |    7|   0|    7|          0|
    |xor_ln571_reg_10337          |    1|   0|    1|          0|
    |xor_ln658_1_reg_10327        |    1|   0|    1|          0|
    |y_V_0_10_reg_12526           |   40|   0|   40|          0|
    |y_V_0_11_reg_12646           |   40|   0|   40|          0|
    |y_V_0_12_reg_12756           |   40|   0|   40|          0|
    |y_V_0_3_reg_11546            |   40|   0|   40|          0|
    |y_V_0_4_reg_11666            |   40|   0|   40|          0|
    |y_V_0_5_reg_11801            |   40|   0|   40|          0|
    |y_V_0_6_reg_11951            |   40|   0|   40|          0|
    |y_V_0_7_reg_12101            |   40|   0|   40|          0|
    |y_V_0_8_reg_12251            |   40|   0|   40|          0|
    |y_V_0_9_reg_12391            |   40|   0|   40|          0|
    |y_V_1_10_reg_12546           |   40|   0|   40|          0|
    |y_V_1_11_reg_12666           |   40|   0|   40|          0|
    |y_V_1_12_reg_12776           |   40|   0|   40|          0|
    |y_V_1_3_reg_11566            |   40|   0|   40|          0|
    |y_V_1_4_reg_11686            |   40|   0|   40|          0|
    |y_V_1_5_reg_11821            |   40|   0|   40|          0|
    |y_V_1_6_reg_11971            |   40|   0|   40|          0|
    |y_V_1_7_reg_12121            |   40|   0|   40|          0|
    |y_V_1_8_reg_12271            |   40|   0|   40|          0|
    |y_V_1_9_reg_12411            |   40|   0|   40|          0|
    |y_V_2_10_reg_12626           |   40|   0|   40|          0|
    |y_V_2_11_reg_12736           |   40|   0|   40|          0|
    |y_V_2_12_reg_12841           |   40|   0|   40|          0|
    |y_V_2_3_reg_11646            |   40|   0|   40|          0|
    |y_V_2_4_reg_11781            |   40|   0|   40|          0|
    |y_V_2_5_reg_11931            |   40|   0|   40|          0|
    |y_V_2_6_reg_12081            |   40|   0|   40|          0|
    |y_V_2_7_reg_12231            |   40|   0|   40|          0|
    |y_V_2_8_reg_12371            |   40|   0|   40|          0|
    |y_V_2_9_reg_12506            |   40|   0|   40|          0|
    |y_V_3_10_reg_12716           |   40|   0|   40|          0|
    |y_V_3_11_reg_12821           |   40|   0|   40|          0|
    |y_V_3_12_reg_12898           |   40|   0|   40|          0|
    |y_V_3_3_reg_11761            |   40|   0|   40|          0|
    |y_V_3_4_reg_11911            |   40|   0|   40|          0|
    |y_V_3_5_reg_12061            |   40|   0|   40|          0|
    |y_V_3_6_reg_12211            |   40|   0|   40|          0|
    |y_V_3_7_reg_12351            |   40|   0|   40|          0|
    |y_V_3_8_reg_12486            |   40|   0|   40|          0|
    |y_V_3_9_reg_12606            |   40|   0|   40|          0|
    |y_V_4_10_reg_12801           |   40|   0|   40|          0|
    |y_V_4_11_reg_12878           |   40|   0|   40|          0|
    |y_V_4_12_reg_12935           |   40|   0|   40|          0|
    |y_V_4_3_reg_11891            |   40|   0|   40|          0|
    |y_V_4_4_reg_12041            |   40|   0|   40|          0|
    |y_V_4_5_reg_12191            |   40|   0|   40|          0|
    |y_V_4_6_reg_12331            |   40|   0|   40|          0|
    |y_V_4_7_reg_12466            |   40|   0|   40|          0|
    |y_V_4_8_reg_12586            |   40|   0|   40|          0|
    |y_V_4_9_reg_12696            |   40|   0|   40|          0|
    |zext_ln635_reg_10497         |   32|   0|   54|         22|
    |add_ln1118_reg_11147         |   64|  32|    9|          0|
    |icmp_ln1497_reg_13015        |   64|  32|    1|          0|
    |icmp_ln205_reg_10351         |   64|  32|    1|          0|
    |icmp_ln214_reg_11143         |   64|  32|    1|          0|
    |k_1_reg_1875                 |   64|  32|    7|          0|
    |ret_V_reg_13030              |   64|  32|   72|          0|
    |select_ln340_66_reg_12982    |   64|  32|   40|          0|
    |tmp_127_reg_13005            |   64|  32|    1|          0|
    |tmp_128_reg_13000            |   64|  32|    1|          0|
    +-----------------------------+-----+----+-----+-----------+
    |Total                        | 7172| 288| 6751|         22|
    +-----------------------------+-----+----+-----+-----------+



================================================================
== Interface
================================================================
* Summary: 
+--------------+-----+-----+------------+---------------+--------------+
|   RTL Ports  | Dir | Bits|  Protocol  | Source Object |    C Type    |
+--------------+-----+-----+------------+---------------+--------------+
|ap_clk        |   in|    1|  ap_ctrl_hs|  fir_multiband|  return value|
|ap_rst        |   in|    1|  ap_ctrl_hs|  fir_multiband|  return value|
|ap_start      |   in|    1|  ap_ctrl_hs|  fir_multiband|  return value|
|ap_done       |  out|    1|  ap_ctrl_hs|  fir_multiband|  return value|
|ap_idle       |  out|    1|  ap_ctrl_hs|  fir_multiband|  return value|
|ap_ready      |  out|    1|  ap_ctrl_hs|  fir_multiband|  return value|
|in_r          |   in|   32|     ap_none|           in_r|       pointer|
|out_r         |  out|   32|      ap_vld|          out_r|       pointer|
|out_r_ap_vld  |  out|    1|      ap_vld|          out_r|       pointer|
|length_r      |   in|   32|     ap_none|       length_r|        scalar|
+--------------+-----+-----+------------+---------------+--------------+

