

================================================================
== Vitis HLS Report for 'fir_multiband'
================================================================
* Date:           Tue Sep 29 17:42:23 2026

* Version:        2020.2 (Build 3064766 on Wed Nov 18 09:12:45 MST 2020)
* Project:        synth_proj
* Solution:       solution1 (Vivado IP Flow Target)
* Product family: zynq
* Target device:  xc7z020-clg400-1


================================================================
== Performance Estimates
================================================================
+ Timing: 
    * Summary: 
    +--------+----------+----------+------------+
    |  Clock |  Target  | Estimated| Uncertainty|
    +--------+----------+----------+------------+
    |ap_clk  |  10.00 ns|  7.266 ns|     2.70 ns|
    +--------+----------+----------+------------+

+ Latency: 
    * Summary: 
    +---------+---------+----------+----------+-----+-----+---------+
    |  Latency (cycles) |  Latency (absolute) |  Interval | Pipeline|
    |   min   |   max   |    min   |    max   | min | max |   Type  |
    +---------+---------+----------+----------+-----+-----+---------+
    |        ?|        ?|         ?|         ?|    ?|    ?|     none|
    +---------+---------+----------+----------+-----+-----+---------+

    + Detail: 
        * Instance: 
        N/A

        * Loop: 
        +---------------------+---------+---------+----------+-----------+-----------+------+----------+
        |                     |  Latency (cycles) | Iteration|  Initiation Interval  | Trip |          |
        |      Loop Name      |   min   |   max   |  Latency |  achieved |   target  | Count| Pipelined|
        +---------------------+---------+---------+----------+-----------+-----------+------+----------+
        |- VITIS_LOOP_194_1   |       65|       65|         1|          1|          1|    65|       yes|
        |- VITIS_LOOP_198_2   |        ?|        ?|       192|          -|          -|     ?|        no|
        | + VITIS_LOOP_205_3  |      137|      137|        12|          2|          1|    64|       yes|
        | + VITIS_LOOP_214_4  |       39|       39|        37|          1|          1|     4|       yes|
        +---------------------+---------+---------+----------+-----------+-----------+------+----------+



================================================================
== Utilization Estimates
================================================================
* Summary: 
+-----------------+---------+-----+--------+-------+-----+
|       Name      | BRAM_18K| DSP |   FF   |  LUT  | URAM|
+-----------------+---------+-----+--------+-------+-----+
|DSP              |        -|    -|       -|      -|    -|
|Expression       |        -|    -|       0|  23301|    -|
|FIFO             |        -|    -|       -|      -|    -|
|Instance         |        -|    3|   11789|   3939|    -|
|Memory           |       64|    -|     160|     20|    -|
|Multiplexer      |        -|    -|       -|    761|    -|
|Register         |        -|    -|   15347|    288|    -|
+-----------------+---------+-----+--------+-------+-----+
|Total            |       64|    3|   27296|  28309|    0|
+-----------------+---------+-----+--------+-------+-----+
|Available        |      280|  220|  106400|  53200|    0|
+-----------------+---------+-----+--------+-------+-----+
|Utilization (%)  |       22|    1|      25|     53|    0|
+-----------------+---------+-----+--------+-------+-----+

+ Detail: 
    * Instance: 
    +-----------------------------+--------------------------+---------+----+-----+-----+-----+
    |           Instance          |          Module          | BRAM_18K| DSP|  FF | LUT | URAM|
    +-----------------------------+--------------------------+---------+----+-----+-----+-----+
    |fpext_32ns_64_2_no_dsp_1_U1  |fpext_32ns_64_2_no_dsp_1  |        0|   0|    0|    0|    0|
    |mul_33s_33s_65_2_1_U6        |mul_33s_33s_65_2_1        |        0|   0|  169|   52|    0|
    |mul_33s_33s_65_2_1_U7        |mul_33s_33s_65_2_1        |        0|   0|  169|   52|    0|
    |mul_33s_33s_65_2_1_U8        |mul_33s_33s_65_2_1        |        0|   0|  169|   52|    0|
    |mul_33s_33s_65_2_1_U9        |mul_33s_33s_65_2_1        |        0|   0|  169|   52|    0|
    |mul_33s_33s_65_2_1_U10       |mul_33s_33s_65_2_1        |        0|   0|  169|   52|    0|
    |mul_33s_33s_65_2_1_U11       |mul_33s_33s_65_2_1        |        0|   0|  169|   52|    0|
    |mul_33s_33s_65_2_1_U12       |mul_33s_33s_65_2_1        |        0|   0|  169|   52|    0|
    |mul_33s_33s_65_2_1_U13       |mul_33s_33s_65_2_1        |        0|   0|  169|   52|    0|
    |mul_33s_33s_65_2_1_U14       |mul_33s_33s_65_2_1        |        0|   0|  169|   52|    0|
    |mul_33s_33s_65_2_1_U15       |mul_33s_33s_65_2_1        |        0|   0|  169|   52|    0|
    |mul_33s_33s_65_2_1_U16       |mul_33s_33s_65_2_1        |        0|   0|  169|   52|    0|
    |mul_33s_33s_65_2_1_U17       |mul_33s_33s_65_2_1        |        0|   0|  169|   52|    0|
    |mul_33s_33s_65_2_1_U18       |mul_33s_33s_65_2_1        |        0|   0|  169|   52|    0|
    |mul_33s_33s_65_2_1_U19       |mul_33s_33s_65_2_1        |        0|   0|  169|   52|    0|
    |mul_33s_33s_65_2_1_U20       |mul_33s_33s_65_2_1        |        0|   0|  169|   52|    0|
    |mul_33s_33s_65_2_1_U21       |mul_33s_33s_65_2_1        |        0|   0|  169|   52|    0|
    |mul_33s_33s_65_2_1_U22       |mul_33s_33s_65_2_1        |        0|   0|  169|   52|    0|
    |mul_33s_33s_65_2_1_U23       |mul_33s_33s_65_2_1        |        0|   0|  169|   52|    0|
    |mul_33s_33s_65_2_1_U24       |mul_33s_33s_65_2_1        |        0|   0|  169|   52|    0|
    |mul_33s_33s_65_2_1_U25       |mul_33s_33s_65_2_1        |        0|   0|  169|   52|    0|
    |mul_33s_33s_65_2_1_U26       |mul_33s_33s_65_2_1        |        0|   0|  169|   52|    0|
    |mul_33s_33s_65_2_1_U27       |mul_33s_33s_65_2_1        |        0|   0|  169|   52|    0|
    |mul_33s_33s_65_2_1_U28       |mul_33s_33s_65_2_1        |        0|   0|  169|   52|    0|
    |mul_33s_33s_65_2_1_U29       |mul_33s_33s_65_2_1        |        0|   0|  169|   52|    0|
    |mul_33s_33s_65_2_1_U30       |mul_33s_33s_65_2_1        |        0|   0|  169|   52|    0|
    |mul_33s_33s_65_2_1_U31       |mul_33s_33s_65_2_1        |        0|   0|  169|   52|    0|
    |mul_33s_33s_65_2_1_U32       |mul_33s_33s_65_2_1        |        0|   0|  169|   52|    0|
    |mul_33s_33s_65_2_1_U33       |mul_33s_33s_65_2_1        |        0|   0|  169|   52|    0|
    |mul_33s_33s_65_2_1_U34       |mul_33s_33s_65_2_1        |        0|   0|  169|   52|    0|
    |mul_33s_33s_65_2_1_U35       |mul_33s_33s_65_2_1        |        0|   0|  169|   52|    0|
    |mul_33s_33s_65_2_1_U36       |mul_33s_33s_65_2_1        |        0|   0|  169|   52|    0|
    |mul_33s_33s_65_2_1_U37       |mul_33s_33s_65_2_1        |        0|   0|  169|   52|    0|
    |mul_33s_33s_65_2_1_U38       |mul_33s_33s_65_2_1        |        0|   0|  169|   52|    0|
    |mul_33s_33s_65_2_1_U39       |mul_33s_33s_65_2_1        |        0|   0|  169|   52|    0|
    |mul_33s_33s_65_2_1_U40       |mul_33s_33s_65_2_1        |        0|   0|  169|   52|    0|
    |mul_33s_33s_65_2_1_U41       |mul_33s_33s_65_2_1        |        0|   0|  169|   52|    0|
    |mul_33s_33s_65_2_1_U42       |mul_33s_33s_65_2_1        |        0|   0|  169|   52|    0|
    |mul_33s_33s_65_2_1_U43       |mul_33s_33s_65_2_1        |        0|   0|  169|   52|    0|
    |mul_33s_33s_65_2_1_U44       |mul_33s_33s_65_2_1        |        0|   0|  169|   52|    0|
    |mul_33s_33s_65_2_1_U45       |mul_33s_33s_65_2_1        |        0|   0|  169|   52|    0|
    |mul_33s_33s_65_2_1_U46       |mul_33s_33s_65_2_1        |        0|   0|  169|   52|    0|
    |mul_33s_33s_65_2_1_U47       |mul_33s_33s_65_2_1        |        0|   0|  169|   52|    0|
    |mul_33s_33s_65_2_1_U48       |mul_33s_33s_65_2_1        |        0|   0|  169|   52|    0|
    |mul_33s_33s_65_2_1_U49       |mul_33s_33s_65_2_1        |        0|   0|  169|   52|    0|
    |mul_33s_33s_65_2_1_U50       |mul_33s_33s_65_2_1        |        0|   0|  169|   52|    0|
    |mul_33s_33s_65_2_1_U51       |mul_33s_33s_65_2_1        |        0|   0|  169|   52|    0|
    |mul_33s_33s_65_2_1_U52       |mul_33s_33s_65_2_1        |        0|   0|  169|   52|    0|
    |mul_33s_33s_65_2_1_U53       |mul_33s_33s_65_2_1        |        0|   0|  169|   52|    0|
    |mul_33s_33s_65_2_1_U54       |mul_33s_33s_65_2_1        |        0|   0|  169|   52|    0|
    |mul_33s_33s_65_2_1_U55       |mul_33s_33s_65_2_1        |        0|   0|  169|   52|    0|
    |mul_33s_33s_65_2_1_U56       |mul_33s_33s_65_2_1        |        0|   0|  169|   52|    0|
    |mul_33s_33s_65_2_1_U57       |mul_33s_33s_65_2_1        |        0|   0|  169|   52|    0|
    |mul_33s_33s_65_2_1_U58       |mul_33s_33s_65_2_1        |        0|   0|  169|   52|    0|
    |mul_33s_33s_65_2_1_U59       |mul_33s_33s_65_2_1        |        0|   0|  169|   52|    0|
    |mul_33s_33s_65_2_1_U60       |mul_33s_33s_65_2_1        |        0|   0|  169|   52|    0|
    |mul_33s_33s_65_2_1_U61       |mul_33s_33s_65_2_1        |        0|   0|  169|   52|    0|
    |mul_33s_33s_65_2_1_U62       |mul_33s_33s_65_2_1        |        0|   0|  169|   52|    0|
    |mul_33s_33s_65_2_1_U63       |mul_33s_33s_65_2_1        |        0|   0|  169|   52|    0|
    |mul_33s_33s_65_2_1_U64       |mul_33s_33s_65_2_1        |        0|   0|  169|   52|    0|
    |mul_33s_33s_65_2_1_U65       |mul_33s_33s_65_2_1        |        0|   0|  169|   52|    0|
    |mul_33s_33s_65_2_1_U66       |mul_33s_33s_65_2_1        |        0|   0|  169|   52|    0|
    |mul_33s_33s_65_2_1_U67       |mul_33s_33s_65_2_1        |        0|   0|  169|   52|    0|
    |mul_33s_33s_65_2_1_U68       |mul_33s_33s_65_2_1        |        0|   0|  169|   52|    0|
    |mul_33s_33s_65_2_1_U69       |mul_33s_33s_65_2_1        |        0|   0|  169|   52|    0|
    |mul_33s_33s_65_2_1_U70       |mul_33s_33s_65_2_1        |        0|   0|  169|   52|    0|
    |mul_41s_33ns_72_2_1_U71      |mul_41s_33ns_72_2_1       |        0|   1|  201|   84|    0|
    |mul_6ns_8ns_13_1_1_U3        |mul_6ns_8ns_13_1_1        |        0|   0|    0|   41|    0|
    |mul_72s_33s_104_5_1_U72      |mul_72s_33s_104_5_1       |        0|   2|  441|  256|    0|
    |mul_7ns_9ns_15_1_1_U4        |mul_7ns_9ns_15_1_1        |        0|   0|    0|   51|    0|
    |mux_564_16_1_1_U5            |mux_564_16_1_1            |        0|   0|    0|   25|    0|
    |urem_7ns_4ns_7_11_1_U2       |urem_7ns_4ns_7_11_1       |        0|   0|  162|  102|    0|
    +-----------------------------+--------------------------+---------+----+-----+-----+-----+
    |Total                        |                          |        0|   3|11789| 3939|    0|
    +-----------------------------+--------------------------+---------+----+-----+-----+-----+

    * DSP: 
    N/A

    * Memory: 
    +----------------+--------------+---------+----+----+-----+------+-----+------+-------------+
    |     Memory     |    Module    | BRAM_18K| FF | LUT| URAM| Words| Bits| Banks| W*Bits*Banks|
    +----------------+--------------+---------+----+----+-----+------+-----+------+-------------+
    |FIR_COEFFS_V_U  |FIR_COEFFS_V  |       64|   0|   0|    0|   260|   18|     1|         4680|
    |hist_V_0_U      |hist_V_0      |        0|  32|   4|    0|    13|   16|     1|          208|
    |hist_V_1_U      |hist_V_1      |        0|  32|   4|    0|    13|   16|     1|          208|
    |hist_V_2_U      |hist_V_1      |        0|  32|   4|    0|    13|   16|     1|          208|
    |hist_V_3_U      |hist_V_1      |        0|  32|   4|    0|    13|   16|     1|          208|
    |hist_V_4_U      |hist_V_1      |        0|  32|   4|    0|    13|   16|     1|          208|
    +----------------+--------------+---------+----+----+-----+------+-----+------+-------------+
    |Total           |              |       64| 160|  20|    0|   325|   98|     6|         5720|
    +----------------+--------------+---------+----+----+-----+------+-----+------+-------------+

    * FIFO: 
    N/A

    * Expression: 
    +------------------------------+----------+----+---+-----+------------+------------+
    |         Variable Name        | Operation| DSP| FF| LUT | Bitwidth P0| Bitwidth P1|
    +------------------------------+----------+----+---+-----+------------+------------+
    |acc_V_4_fu_13806_p2           |         +|   0|  0|   47|          40|          40|
    |add_ln1192_10_fu_5755_p2      |         +|   0|  0|   80|          73|          73|
    |add_ln1192_11_fu_5840_p2      |         +|   0|  0|   80|          73|          73|
    |add_ln1192_12_fu_5925_p2      |         +|   0|  0|   80|          73|          73|
    |add_ln1192_13_fu_6288_p2      |         +|   0|  0|   80|          73|          73|
    |add_ln1192_14_fu_6585_p2      |         +|   0|  0|   80|          73|          73|
    |add_ln1192_15_fu_6672_p2      |         +|   0|  0|   80|          73|          73|
    |add_ln1192_16_fu_6777_p2      |         +|   0|  0|   80|          73|          73|
    |add_ln1192_17_fu_6882_p2      |         +|   0|  0|   80|          73|          73|
    |add_ln1192_18_fu_6991_p2      |         +|   0|  0|   80|          73|          73|
    |add_ln1192_19_fu_7256_p2      |         +|   0|  0|   80|          73|          73|
    |add_ln1192_1_fu_4534_p2       |         +|   0|  0|   80|          73|          73|
    |add_ln1192_20_fu_7333_p2      |         +|   0|  0|   80|          73|          73|
    |add_ln1192_21_fu_7434_p2      |         +|   0|  0|   80|          73|          73|
    |add_ln1192_22_fu_7543_p2      |         +|   0|  0|   80|          73|          73|
    |add_ln1192_23_fu_7846_p2      |         +|   0|  0|   80|          73|          73|
    |add_ln1192_24_fu_8249_p2      |         +|   0|  0|   80|          73|          73|
    |add_ln1192_25_fu_7977_p2      |         +|   0|  0|   80|          73|          73|
    |add_ln1192_26_fu_8062_p2      |         +|   0|  0|   80|          73|          73|
    |add_ln1192_27_fu_8420_p2      |         +|   0|  0|   80|          73|          73|
    |add_ln1192_28_fu_8529_p2      |         +|   0|  0|   80|          73|          73|
    |add_ln1192_29_fu_8814_p2      |         +|   0|  0|   80|          73|          73|
    |add_ln1192_2_fu_4639_p2       |         +|   0|  0|   80|          73|          73|
    |add_ln1192_30_fu_8877_p2      |         +|   0|  0|   80|          73|          73|
    |add_ln1192_31_fu_8982_p2      |         +|   0|  0|   80|          73|          73|
    |add_ln1192_32_fu_9109_p2      |         +|   0|  0|   80|          73|          73|
    |add_ln1192_33_fu_9432_p2      |         +|   0|  0|   80|          73|          73|
    |add_ln1192_34_fu_9835_p2      |         +|   0|  0|   80|          73|          73|
    |add_ln1192_35_fu_9555_p2      |         +|   0|  0|   80|          73|          73|
    |add_ln1192_36_fu_9656_p2      |         +|   0|  0|   80|          73|          73|
    |add_ln1192_37_fu_9958_p2      |         +|   0|  0|   80|          73|          73|
    |add_ln1192_38_fu_10067_p2     |         +|   0|  0|   80|          73|          73|
    |add_ln1192_39_fu_10478_p2     |         +|   0|  0|   80|          73|          73|
    |add_ln1192_3_fu_4744_p2       |         +|   0|  0|   80|          73|          73|
    |add_ln1192_40_fu_10152_p2     |         +|   0|  0|   80|          73|          73|
    |add_ln1192_41_fu_10237_p2     |         +|   0|  0|   80|          73|          73|
    |add_ln1192_42_fu_10647_p2     |         +|   0|  0|   80|          73|          73|
    |add_ln1192_43_fu_10970_p2     |         +|   0|  0|   80|          73|          73|
    |add_ln1192_44_fu_11335_p2     |         +|   0|  0|   80|          73|          73|
    |add_ln1192_45_fu_11079_p2     |         +|   0|  0|   80|          73|          73|
    |add_ln1192_46_fu_11166_p2     |         +|   0|  0|   80|          73|          73|
    |add_ln1192_47_fu_11458_p2     |         +|   0|  0|   80|          73|          73|
    |add_ln1192_48_fu_11567_p2     |         +|   0|  0|   80|          73|          73|
    |add_ln1192_49_fu_11948_p2     |         +|   0|  0|   80|          73|          73|
    |add_ln1192_4_fu_5013_p2       |         +|   0|  0|   80|          73|          73|
    |add_ln1192_50_fu_11652_p2     |         +|   0|  0|   80|          73|          73|
    |add_ln1192_51_fu_11737_p2     |         +|   0|  0|   80|          73|          73|
    |add_ln1192_52_fu_12117_p2     |         +|   0|  0|   80|          73|          73|
    |add_ln1192_53_fu_12378_p2     |         +|   0|  0|   80|          73|          73|
    |add_ln1192_54_fu_12681_p2     |         +|   0|  0|   80|          73|          73|
    |add_ln1192_55_fu_12487_p2     |         +|   0|  0|   80|          73|          73|
    |add_ln1192_56_fu_12556_p2     |         +|   0|  0|   80|          73|          73|
    |add_ln1192_57_fu_12884_p2     |         +|   0|  0|   80|          73|          73|
    |add_ln1192_58_fu_12975_p2     |         +|   0|  0|   80|          73|          73|
    |add_ln1192_59_fu_13236_p2     |         +|   0|  0|   80|          73|          73|
    |add_ln1192_5_fu_5114_p2       |         +|   0|  0|   80|          73|          73|
    |add_ln1192_60_fu_13029_p2     |         +|   0|  0|   48|          41|          41|
    |add_ln1192_61_fu_13319_p2     |         +|   0|  0|   48|          41|          41|
    |add_ln1192_62_fu_13447_p2     |         +|   0|  0|   48|          41|          41|
    |add_ln1192_63_fu_13514_p2     |         +|   0|  0|   48|          41|          41|
    |add_ln1192_6_fu_5215_p2       |         +|   0|  0|   80|          73|          73|
    |add_ln1192_7_fu_5316_p2       |         +|   0|  0|   80|          73|          73|
    |add_ln1192_8_fu_5425_p2       |         +|   0|  0|   80|          73|          73|
    |add_ln1192_9_fu_5670_p2       |         +|   0|  0|   80|          73|          73|
    |add_ln1192_fu_4429_p2         |         +|   0|  0|   80|          73|          73|
    |add_ln194_fu_1939_p2          |         +|   0|  0|   14|           7|           1|
    |add_ln195_fu_1955_p2          |         +|   0|  0|   17|          14|           8|
    |add_ln198_fu_2052_p2          |         +|   0|  0|   39|          32|           1|
    |add_ln205_fu_2075_p2          |         +|   0|  0|   14|           7|           2|
    |add_ln206_fu_2085_p2          |         +|   0|  0|   14|           6|           2|
    |add_ln214_fu_3429_p2          |         +|   0|  0|   11|           3|           1|
    |add_ln254_10_fu_3557_p2       |         +|   0|  0|   14|           9|           4|
    |add_ln254_11_fu_3567_p2       |         +|   0|  0|   14|           9|           4|
    |add_ln254_12_fu_3577_p2       |         +|   0|  0|   14|           9|           4|
    |add_ln254_13_fu_3587_p2       |         +|   0|  0|   14|           9|           4|
    |add_ln254_14_fu_3661_p2       |         +|   0|  0|   14|           9|           4|
    |add_ln254_15_fu_3671_p2       |         +|   0|  0|   14|           9|           4|
    |add_ln254_16_fu_3681_p2       |         +|   0|  0|   14|           9|           5|
    |add_ln254_17_fu_3691_p2       |         +|   0|  0|   14|           9|           5|
    |add_ln254_18_fu_3917_p2       |         +|   0|  0|   14|           9|           5|
    |add_ln254_19_fu_4317_p2       |         +|   0|  0|   14|           9|           5|
    |add_ln254_1_fu_3464_p2        |         +|   0|  0|   14|           9|           1|
    |add_ln254_20_fu_4327_p2       |         +|   0|  0|   14|           9|           5|
    |add_ln254_21_fu_4337_p2       |         +|   0|  0|   14|           9|           5|
    |add_ln254_22_fu_4347_p2       |         +|   0|  0|   14|           9|           5|
    |add_ln254_23_fu_4357_p2       |         +|   0|  0|   14|           9|           5|
    |add_ln254_24_fu_4926_p2       |         +|   0|  0|   14|           9|           5|
    |add_ln254_25_fu_4936_p2       |         +|   0|  0|   14|           9|           5|
    |add_ln254_26_fu_4946_p2       |         +|   0|  0|   14|           9|           5|
    |add_ln254_27_fu_4956_p2       |         +|   0|  0|   14|           9|           5|
    |add_ln254_28_fu_5487_p2       |         +|   0|  0|   14|           9|           5|
    |add_ln254_29_fu_6073_p2       |         +|   0|  0|   14|           9|           5|
    |add_ln254_2_fu_3475_p2        |         +|   0|  0|   14|           9|           2|
    |add_ln254_30_fu_5497_p2       |         +|   0|  0|   14|           9|           5|
    |add_ln254_31_fu_5507_p2       |         +|   0|  0|   14|           9|           5|
    |add_ln254_32_fu_6083_p2       |         +|   0|  0|   14|           9|           6|
    |add_ln254_33_fu_6093_p2       |         +|   0|  0|   14|           9|           6|
    |add_ln254_34_fu_6510_p2       |         +|   0|  0|   14|           9|           6|
    |add_ln254_35_fu_6520_p2       |         +|   0|  0|   14|           9|           6|
    |add_ln254_36_fu_6530_p2       |         +|   0|  0|   14|           9|           6|
    |add_ln254_37_fu_6540_p2       |         +|   0|  0|   14|           9|           6|
    |add_ln254_38_fu_7101_p2       |         +|   0|  0|   14|           9|           6|
    |add_ln254_39_fu_7659_p2       |         +|   0|  0|   14|           9|           6|
    |add_ln254_3_fu_3486_p2        |         +|   0|  0|   14|           9|           2|
    |add_ln254_40_fu_7111_p2       |         +|   0|  0|   14|           9|           6|
    |add_ln254_41_fu_7121_p2       |         +|   0|  0|   14|           9|           6|
    |add_ln254_42_fu_7669_p2       |         +|   0|  0|   14|           9|           6|
    |add_ln254_43_fu_7679_p2       |         +|   0|  0|   14|           9|           6|
    |add_ln254_44_fu_8194_p2       |         +|   0|  0|   14|           9|           6|
    |add_ln254_45_fu_7689_p2       |         +|   0|  0|   14|           9|           6|
    |add_ln254_46_fu_7699_p2       |         +|   0|  0|   14|           9|           6|
    |add_ln254_47_fu_8204_p2       |         +|   0|  0|   14|           9|           6|
    |add_ln254_48_fu_8667_p2       |         +|   0|  0|   14|           9|           6|
    |add_ln254_49_fu_9273_p2       |         +|   0|  0|   14|           9|           6|
    |add_ln254_4_fu_3497_p2        |         +|   0|  0|   14|           9|           3|
    |add_ln254_50_fu_8677_p2       |         +|   0|  0|   14|           9|           6|
    |add_ln254_51_fu_8687_p2       |         +|   0|  0|   14|           9|           6|
    |add_ln254_52_fu_9283_p2       |         +|   0|  0|   14|           9|           6|
    |add_ln254_53_fu_9293_p2       |         +|   0|  0|   14|           9|           6|
    |add_ln254_54_fu_9780_p2       |         +|   0|  0|   14|           9|           6|
    |add_ln254_55_fu_9303_p2       |         +|   0|  0|   14|           9|           6|
    |add_ln254_56_fu_9313_p2       |         +|   0|  0|   14|           9|           6|
    |add_ln254_57_fu_9790_p2       |         +|   0|  0|   14|           9|           6|
    |add_ln254_58_fu_10331_p2      |         +|   0|  0|   14|           9|           6|
    |add_ln254_59_fu_10839_p2      |         +|   0|  0|   14|           9|           6|
    |add_ln254_5_fu_3507_p2        |         +|   0|  0|   14|           9|           3|
    |add_ln254_60_fu_10341_p2      |         +|   0|  0|   14|           9|           6|
    |add_ln254_61_fu_10351_p2      |         +|   0|  0|   14|           9|           6|
    |add_ln254_62_fu_10849_p2      |         +|   0|  0|   14|           9|           6|
    |add_ln254_63_fu_10859_p2      |         +|   0|  0|   14|           9|           6|
    |add_ln254_64_fu_11290_p2      |         +|   0|  0|   14|           9|           7|
    |add_ln254_6_fu_3517_p2        |         +|   0|  0|   14|           9|           3|
    |add_ln254_7_fu_3527_p2        |         +|   0|  0|   14|           9|           3|
    |add_ln254_8_fu_3537_p2        |         +|   0|  0|   14|           9|           4|
    |add_ln254_9_fu_3547_p2        |         +|   0|  0|   14|           9|           4|
    |add_ln254_fu_3453_p2          |         +|   0|  0|   14|           9|           9|
    |add_ln581_fu_2239_p2          |         +|   0|  0|   12|          12|           5|
    |add_ln612_fu_2297_p2          |         +|   0|  0|   12|          12|          11|
    |add_ln700_10_fu_5761_p2       |         +|   0|  0|   79|          72|          72|
    |add_ln700_11_fu_5846_p2       |         +|   0|  0|   79|          72|          72|
    |add_ln700_12_fu_5931_p2       |         +|   0|  0|   79|          72|          72|
    |add_ln700_13_fu_6294_p2       |         +|   0|  0|   79|          72|          72|
    |add_ln700_14_fu_6591_p2       |         +|   0|  0|   79|          72|          72|
    |add_ln700_15_fu_6678_p2       |         +|   0|  0|   79|          72|          72|
    |add_ln700_16_fu_6783_p2       |         +|   0|  0|   79|          72|          72|
    |add_ln700_17_fu_6888_p2       |         +|   0|  0|   79|          72|          72|
    |add_ln700_18_fu_6997_p2       |         +|   0|  0|   79|          72|          72|
    |add_ln700_19_fu_7262_p2       |         +|   0|  0|   79|          72|          72|
    |add_ln700_1_fu_4540_p2        |         +|   0|  0|   79|          72|          72|
    |add_ln700_20_fu_7339_p2       |         +|   0|  0|   79|          72|          72|
    |add_ln700_21_fu_7440_p2       |         +|   0|  0|   79|          72|          72|
    |add_ln700_22_fu_7549_p2       |         +|   0|  0|   79|          72|          72|
    |add_ln700_23_fu_7852_p2       |         +|   0|  0|   79|          72|          72|
    |add_ln700_24_fu_8255_p2       |         +|   0|  0|   79|          72|          72|
    |add_ln700_25_fu_7983_p2       |         +|   0|  0|   79|          72|          72|
    |add_ln700_26_fu_8068_p2       |         +|   0|  0|   79|          72|          72|
    |add_ln700_27_fu_8426_p2       |         +|   0|  0|   79|          72|          72|
    |add_ln700_28_fu_8535_p2       |         +|   0|  0|   79|          72|          72|
    |add_ln700_29_fu_8820_p2       |         +|   0|  0|   79|          72|          72|
    |add_ln700_2_fu_4645_p2        |         +|   0|  0|   79|          72|          72|
    |add_ln700_30_fu_8883_p2       |         +|   0|  0|   79|          72|          72|
    |add_ln700_31_fu_8988_p2       |         +|   0|  0|   79|          72|          72|
    |add_ln700_32_fu_9115_p2       |         +|   0|  0|   79|          72|          72|
    |add_ln700_33_fu_9438_p2       |         +|   0|  0|   79|          72|          72|
    |add_ln700_34_fu_9841_p2       |         +|   0|  0|   79|          72|          72|
    |add_ln700_35_fu_9561_p2       |         +|   0|  0|   79|          72|          72|
    |add_ln700_36_fu_9662_p2       |         +|   0|  0|   79|          72|          72|
    |add_ln700_37_fu_9964_p2       |         +|   0|  0|   79|          72|          72|
    |add_ln700_38_fu_10073_p2      |         +|   0|  0|   79|          72|          72|
    |add_ln700_39_fu_10484_p2      |         +|   0|  0|   79|          72|          72|
    |add_ln700_3_fu_4750_p2        |         +|   0|  0|   79|          72|          72|
    |add_ln700_40_fu_10158_p2      |         +|   0|  0|   79|          72|          72|
    |add_ln700_41_fu_10243_p2      |         +|   0|  0|   79|          72|          72|
    |add_ln700_42_fu_10653_p2      |         +|   0|  0|   79|          72|          72|
    |add_ln700_43_fu_10976_p2      |         +|   0|  0|   79|          72|          72|
    |add_ln700_44_fu_11341_p2      |         +|   0|  0|   79|          72|          72|
    |add_ln700_45_fu_11085_p2      |         +|   0|  0|   79|          72|          72|
    |add_ln700_46_fu_11172_p2      |         +|   0|  0|   79|          72|          72|
    |add_ln700_47_fu_11464_p2      |         +|   0|  0|   79|          72|          72|
    |add_ln700_48_fu_11573_p2      |         +|   0|  0|   79|          72|          72|
    |add_ln700_49_fu_11954_p2      |         +|   0|  0|   79|          72|          72|
    |add_ln700_4_fu_5019_p2        |         +|   0|  0|   79|          72|          72|
    |add_ln700_50_fu_11658_p2      |         +|   0|  0|   79|          72|          72|
    |add_ln700_51_fu_11743_p2      |         +|   0|  0|   79|          72|          72|
    |add_ln700_52_fu_12123_p2      |         +|   0|  0|   79|          72|          72|
    |add_ln700_53_fu_12384_p2      |         +|   0|  0|   79|          72|          72|
    |add_ln700_54_fu_12687_p2      |         +|   0|  0|   79|          72|          72|
    |add_ln700_55_fu_12493_p2      |         +|   0|  0|   79|          72|          72|
    |add_ln700_56_fu_12562_p2      |         +|   0|  0|   79|          72|          72|
    |add_ln700_57_fu_12890_p2      |         +|   0|  0|   79|          72|          72|
    |add_ln700_58_fu_12981_p2      |         +|   0|  0|   79|          72|          72|
    |add_ln700_59_fu_13242_p2      |         +|   0|  0|   79|          72|          72|
    |add_ln700_5_fu_5120_p2        |         +|   0|  0|   79|          72|          72|
    |add_ln700_6_fu_5221_p2        |         +|   0|  0|   79|          72|          72|
    |add_ln700_7_fu_5322_p2        |         +|   0|  0|   79|          72|          72|
    |add_ln700_8_fu_5431_p2        |         +|   0|  0|   79|          72|          72|
    |add_ln700_9_fu_5676_p2        |         +|   0|  0|   79|          72|          72|
    |add_ln700_fu_4435_p2          |         +|   0|  0|   79|          72|          72|
    |add_ln703_1_fu_13333_p2       |         +|   0|  0|   47|          40|          40|
    |add_ln703_2_fu_13461_p2       |         +|   0|  0|   47|          40|          40|
    |add_ln703_3_fu_13528_p2       |         +|   0|  0|   47|          40|          40|
    |add_ln703_fu_13043_p2         |         +|   0|  0|   47|          40|          40|
    |add_ln954_fu_14041_p2         |         +|   0|  0|   39|          32|           6|
    |add_ln964_fu_14114_p2         |         +|   0|  0|    8|           8|           8|
    |lsb_index_fu_13911_p2         |         +|   0|  0|   39|          32|           6|
    |m_1_fu_14069_p2               |         +|   0|  0|   48|          41|          41|
    |next_urem_fu_1980_p2          |         +|   0|  0|   14|           7|           1|
    |pos1_fu_2309_p2               |         +|   0|  0|   12|          12|           1|
    |pos2_fu_2398_p2               |         +|   0|  0|   12|          12|           2|
    |ret_V_3_fu_13620_p2           |         +|   0|  0|   48|          41|          30|
    |ret_V_4_fu_13792_p2           |         +|   0|  0|   48|          41|          41|
    |ret_V_fu_13641_p2             |         +|   0|  0|   79|          72|          61|
    |F2_fu_2217_p2                 |         -|   0|  0|   12|          11|          12|
    |man_V_2_fu_2204_p2            |         -|   0|  0|   61|           1|          54|
    |p_Val2_3_fu_13577_p2          |         -|   0|  0|   47|           1|          40|
    |sub_ln581_fu_2245_p2          |         -|   0|  0|   12|           4|          12|
    |sub_ln944_fu_13905_p2         |         -|   0|  0|   39|           6|          32|
    |sub_ln947_fu_13948_p2         |         -|   0|  0|   14|           1|           6|
    |sub_ln955_fu_14027_p2         |         -|   0|  0|   39|           5|          32|
    |sub_ln964_fu_14109_p2         |         -|   0|  0|    8|           4|           8|
    |tmp_V_fu_13854_p2             |         -|   0|  0|   47|           1|          40|
    |Range1_all_ones_3_fu_2347_p2  |       and|   0|  0|    2|           1|           1|
    |Range1_all_ones_fu_2506_p2    |       and|   0|  0|    2|           1|           1|
    |and_ln340_1_fu_2673_p2        |       and|   0|  0|    2|           1|           1|
    |and_ln340_fu_2668_p2          |       and|   0|  0|    2|           1|           1|
    |and_ln581_fu_2291_p2          |       and|   0|  0|    2|           1|           1|
    |and_ln585_1_fu_2440_p2        |       and|   0|  0|    2|           1|           1|
    |and_ln585_fu_2380_p2          |       and|   0|  0|    2|           1|           1|
    |and_ln603_fu_2424_p2          |       and|   0|  0|    2|           1|           1|
    |and_ln639_1_fu_2563_p2        |       and|   0|  0|    2|           1|           1|
    |and_ln639_fu_2558_p2          |       and|   0|  0|    2|           1|           1|
    |and_ln641_fu_2521_p2          |       and|   0|  0|    2|           1|           1|
    |and_ln659_fu_2618_p2          |       and|   0|  0|    2|           1|           1|
    |and_ln746_fu_13596_p2         |       and|   0|  0|   40|          40|          40|
    |and_ln785_10_fu_5539_p2       |       and|   0|  0|    2|           1|           1|
    |and_ln785_11_fu_5557_p2       |       and|   0|  0|    2|           1|           1|
    |and_ln785_12_fu_5575_p2       |       and|   0|  0|    2|           1|           1|
    |and_ln785_13_fu_5598_p2       |       and|   0|  0|    2|           1|           1|
    |and_ln785_14_fu_6112_p2       |       and|   0|  0|    2|           1|           1|
    |and_ln785_15_fu_6154_p2       |       and|   0|  0|    2|           1|           1|
    |and_ln785_16_fu_6196_p2       |       and|   0|  0|    2|           1|           1|
    |and_ln785_17_fu_6238_p2       |       and|   0|  0|    2|           1|           1|
    |and_ln785_18_fu_6554_p2       |       and|   0|  0|    2|           1|           1|
    |and_ln785_19_fu_7135_p2       |       and|   0|  0|    2|           1|           1|
    |and_ln785_1_fu_3984_p2        |       and|   0|  0|    2|           1|           1|
    |and_ln785_20_fu_6730_p2       |       and|   0|  0|    2|           1|           1|
    |and_ln785_21_fu_6835_p2       |       and|   0|  0|    2|           1|           1|
    |and_ln785_22_fu_7161_p2       |       and|   0|  0|    2|           1|           1|
    |and_ln785_23_fu_7184_p2       |       and|   0|  0|    2|           1|           1|
    |and_ln785_24_fu_7718_p2       |       and|   0|  0|    2|           1|           1|
    |and_ln785_25_fu_7755_p2       |       and|   0|  0|    2|           1|           1|
    |and_ln785_26_fu_7773_p2       |       and|   0|  0|    2|           1|           1|
    |and_ln785_27_fu_7796_p2       |       and|   0|  0|    2|           1|           1|
    |and_ln785_28_fu_8218_p2       |       and|   0|  0|    2|           1|           1|
    |and_ln785_29_fu_8701_p2       |       and|   0|  0|    2|           1|           1|
    |and_ln785_2_fu_4029_p2        |       and|   0|  0|    2|           1|           1|
    |and_ln785_30_fu_8328_p2       |       and|   0|  0|    2|           1|           1|
    |and_ln785_31_fu_8370_p2       |       and|   0|  0|    2|           1|           1|
    |and_ln785_32_fu_8719_p2       |       and|   0|  0|    2|           1|           1|
    |and_ln785_33_fu_8742_p2       |       and|   0|  0|    2|           1|           1|
    |and_ln785_34_fu_9332_p2       |       and|   0|  0|    2|           1|           1|
    |and_ln785_35_fu_8935_p2       |       and|   0|  0|    2|           1|           1|
    |and_ln785_36_fu_9040_p2       |       and|   0|  0|    2|           1|           1|
    |and_ln785_37_fu_9382_p2       |       and|   0|  0|    2|           1|           1|
    |and_ln785_38_fu_9804_p2       |       and|   0|  0|    2|           1|           1|
    |and_ln785_39_fu_10365_p2      |       and|   0|  0|    2|           1|           1|
    |and_ln785_3_fu_4074_p2        |       and|   0|  0|    2|           1|           1|
    |and_ln785_40_fu_9909_p2       |       and|   0|  0|    2|           1|           1|
    |and_ln785_41_fu_9927_p2       |       and|   0|  0|    2|           1|           1|
    |and_ln785_42_fu_10383_p2      |       and|   0|  0|    2|           1|           1|
    |and_ln785_43_fu_10406_p2      |       and|   0|  0|    2|           1|           1|
    |and_ln785_44_fu_10878_p2      |       and|   0|  0|    2|           1|           1|
    |and_ln785_45_fu_10533_p2      |       and|   0|  0|    2|           1|           1|
    |and_ln785_46_fu_10575_p2      |       and|   0|  0|    2|           1|           1|
    |and_ln785_47_fu_10920_p2      |       and|   0|  0|    2|           1|           1|
    |and_ln785_48_fu_11304_p2      |       and|   0|  0|    2|           1|           1|
    |and_ln785_49_fu_11835_p2      |       and|   0|  0|    2|           1|           1|
    |and_ln785_4_fu_4379_p2        |       and|   0|  0|    2|           1|           1|
    |and_ln785_50_fu_11409_p2      |       and|   0|  0|    2|           1|           1|
    |and_ln785_51_fu_11427_p2      |       and|   0|  0|    2|           1|           1|
    |and_ln785_52_fu_11853_p2      |       and|   0|  0|    2|           1|           1|
    |and_ln785_53_fu_11876_p2      |       and|   0|  0|    2|           1|           1|
    |and_ln785_54_fu_12286_p2      |       and|   0|  0|    2|           1|           1|
    |and_ln785_55_fu_12003_p2      |       and|   0|  0|    2|           1|           1|
    |and_ln785_56_fu_12045_p2      |       and|   0|  0|    2|           1|           1|
    |and_ln785_57_fu_12328_p2      |       and|   0|  0|    2|           1|           1|
    |and_ln785_58_fu_12650_p2      |       and|   0|  0|    2|           1|           1|
    |and_ln785_59_fu_13061_p2      |       and|   0|  0|    2|           1|           1|
    |and_ln785_5_fu_4487_p2        |       and|   0|  0|    2|           1|           1|
    |and_ln785_60_fu_12760_p2      |       and|   0|  0|    2|           1|           1|
    |and_ln785_61_fu_12818_p2      |       and|   0|  0|    2|           1|           1|
    |and_ln785_62_fu_13084_p2      |       and|   0|  0|    2|           1|           1|
    |and_ln785_63_fu_13142_p2      |       and|   0|  0|    2|           1|           1|
    |and_ln785_64_fu_13356_p2      |       and|   0|  0|    2|           1|           1|
    |and_ln785_65_fu_13287_p2      |       and|   0|  0|    2|           1|           1|
    |and_ln785_66_fu_13416_p2      |       and|   0|  0|    2|           1|           1|
    |and_ln785_67_fu_13480_p2      |       and|   0|  0|    2|           1|           1|
    |and_ln785_68_fu_13545_p2      |       and|   0|  0|    2|           1|           1|
    |and_ln785_6_fu_4592_p2        |       and|   0|  0|    2|           1|           1|
    |and_ln785_7_fu_4697_p2        |       and|   0|  0|    2|           1|           1|
    |and_ln785_8_fu_4982_p2        |       and|   0|  0|    2|           1|           1|
    |and_ln785_9_fu_5521_p2        |       and|   0|  0|    2|           1|           1|
    |and_ln785_fu_3939_p2          |       and|   0|  0|    2|           1|           1|
    |and_ln786_100_fu_8941_p2      |       and|   0|  0|    2|           1|           1|
    |and_ln786_101_fu_9046_p2      |       and|   0|  0|    2|           1|           1|
    |and_ln786_102_fu_9388_p2      |       and|   0|  0|    2|           1|           1|
    |and_ln786_103_fu_9484_p2      |       and|   0|  0|    2|           1|           1|
    |and_ln786_104_fu_9887_p2      |       and|   0|  0|    2|           1|           1|
    |and_ln786_105_fu_9607_p2      |       and|   0|  0|    2|           1|           1|
    |and_ln786_106_fu_9708_p2      |       and|   0|  0|    2|           1|           1|
    |and_ln786_107_fu_10010_p2     |       and|   0|  0|    2|           1|           1|
    |and_ln786_108_fu_10412_p2     |       and|   0|  0|    2|           1|           1|
    |and_ln786_109_fu_10884_p2     |       and|   0|  0|    2|           1|           1|
    |and_ln786_10_fu_5178_p2       |       and|   0|  0|    2|           1|           1|
    |and_ln786_110_fu_10539_p2     |       and|   0|  0|    2|           1|           1|
    |and_ln786_111_fu_10581_p2     |       and|   0|  0|    2|           1|           1|
    |and_ln786_112_fu_10926_p2     |       and|   0|  0|    2|           1|           1|
    |and_ln786_113_fu_11022_p2     |       and|   0|  0|    2|           1|           1|
    |and_ln786_114_fu_11387_p2     |       and|   0|  0|    2|           1|           1|
    |and_ln786_115_fu_11131_p2     |       and|   0|  0|    2|           1|           1|
    |and_ln786_116_fu_11218_p2     |       and|   0|  0|    2|           1|           1|
    |and_ln786_117_fu_11510_p2     |       and|   0|  0|    2|           1|           1|
    |and_ln786_118_fu_11882_p2     |       and|   0|  0|    2|           1|           1|
    |and_ln786_119_fu_12292_p2     |       and|   0|  0|    2|           1|           1|
    |and_ln786_11_fu_5279_p2       |       and|   0|  0|    2|           1|           1|
    |and_ln786_120_fu_12009_p2     |       and|   0|  0|    2|           1|           1|
    |and_ln786_121_fu_12051_p2     |       and|   0|  0|    2|           1|           1|
    |and_ln786_122_fu_12334_p2     |       and|   0|  0|    2|           1|           1|
    |and_ln786_123_fu_12430_p2     |       and|   0|  0|    2|           1|           1|
    |and_ln786_124_fu_12733_p2     |       and|   0|  0|    2|           1|           1|
    |and_ln786_125_fu_12533_p2     |       and|   0|  0|    2|           1|           1|
    |and_ln786_126_fu_12602_p2     |       and|   0|  0|    2|           1|           1|
    |and_ln786_127_fu_12930_p2     |       and|   0|  0|    2|           1|           1|
    |and_ln786_128_fu_13148_p2     |       and|   0|  0|    2|           1|           1|
    |and_ln786_129_fu_13362_p2     |       and|   0|  0|    2|           1|           1|
    |and_ln786_12_fu_5380_p2       |       and|   0|  0|    2|           1|           1|
    |and_ln786_130_fu_13720_p2     |       and|   0|  0|    2|           1|           1|
    |and_ln786_13_fu_5614_p2       |       and|   0|  0|    2|           1|           1|
    |and_ln786_14_fu_6128_p2       |       and|   0|  0|    2|           1|           1|
    |and_ln786_15_fu_6170_p2       |       and|   0|  0|    2|           1|           1|
    |and_ln786_16_fu_6212_p2       |       and|   0|  0|    2|           1|           1|
    |and_ln786_17_fu_6254_p2       |       and|   0|  0|    2|           1|           1|
    |and_ln786_18_fu_6352_p2       |       and|   0|  0|    2|           1|           1|
    |and_ln786_19_fu_6649_p2       |       and|   0|  0|    2|           1|           1|
    |and_ln786_1_fu_4000_p2        |       and|   0|  0|    2|           1|           1|
    |and_ln786_20_fu_6748_p2       |       and|   0|  0|    2|           1|           1|
    |and_ln786_21_fu_6853_p2       |       and|   0|  0|    2|           1|           1|
    |and_ln786_22_fu_6946_p2       |       and|   0|  0|    2|           1|           1|
    |and_ln786_23_fu_7200_p2       |       and|   0|  0|    2|           1|           1|
    |and_ln786_24_fu_7734_p2       |       and|   0|  0|    2|           1|           1|
    |and_ln786_25_fu_7397_p2       |       and|   0|  0|    2|           1|           1|
    |and_ln786_26_fu_7498_p2       |       and|   0|  0|    2|           1|           1|
    |and_ln786_27_fu_7812_p2       |       and|   0|  0|    2|           1|           1|
    |and_ln786_28_fu_7910_p2       |       and|   0|  0|    2|           1|           1|
    |and_ln786_29_fu_8313_p2       |       and|   0|  0|    2|           1|           1|
    |and_ln786_2_fu_4045_p2        |       and|   0|  0|    2|           1|           1|
    |and_ln786_30_fu_8344_p2       |       and|   0|  0|    2|           1|           1|
    |and_ln786_31_fu_8386_p2       |       and|   0|  0|    2|           1|           1|
    |and_ln786_32_fu_8484_p2       |       and|   0|  0|    2|           1|           1|
    |and_ln786_33_fu_8758_p2       |       and|   0|  0|    2|           1|           1|
    |and_ln786_34_fu_9348_p2       |       and|   0|  0|    2|           1|           1|
    |and_ln786_35_fu_8953_p2       |       and|   0|  0|    2|           1|           1|
    |and_ln786_36_fu_9058_p2       |       and|   0|  0|    2|           1|           1|
    |and_ln786_37_fu_9398_p2       |       and|   0|  0|    2|           1|           1|
    |and_ln786_38_fu_9496_p2       |       and|   0|  0|    2|           1|           1|
    |and_ln786_39_fu_9899_p2       |       and|   0|  0|    2|           1|           1|
    |and_ln786_3_fu_4090_p2        |       and|   0|  0|    2|           1|           1|
    |and_ln786_40_fu_9619_p2       |       and|   0|  0|    2|           1|           1|
    |and_ln786_41_fu_9720_p2       |       and|   0|  0|    2|           1|           1|
    |and_ln786_42_fu_10022_p2      |       and|   0|  0|    2|           1|           1|
    |and_ln786_43_fu_10422_p2      |       and|   0|  0|    2|           1|           1|
    |and_ln786_44_fu_10894_p2      |       and|   0|  0|    2|           1|           1|
    |and_ln786_45_fu_10549_p2      |       and|   0|  0|    2|           1|           1|
    |and_ln786_46_fu_10591_p2      |       and|   0|  0|    2|           1|           1|
    |and_ln786_47_fu_10936_p2      |       and|   0|  0|    2|           1|           1|
    |and_ln786_48_fu_11034_p2      |       and|   0|  0|    2|           1|           1|
    |and_ln786_49_fu_11399_p2      |       and|   0|  0|    2|           1|           1|
    |and_ln786_4_fu_4395_p2        |       and|   0|  0|    2|           1|           1|
    |and_ln786_50_fu_11143_p2      |       and|   0|  0|    2|           1|           1|
    |and_ln786_51_fu_11230_p2      |       and|   0|  0|    2|           1|           1|
    |and_ln786_52_fu_11522_p2      |       and|   0|  0|    2|           1|           1|
    |and_ln786_53_fu_11892_p2      |       and|   0|  0|    2|           1|           1|
    |and_ln786_54_fu_12302_p2      |       and|   0|  0|    2|           1|           1|
    |and_ln786_55_fu_12019_p2      |       and|   0|  0|    2|           1|           1|
    |and_ln786_56_fu_12061_p2      |       and|   0|  0|    2|           1|           1|
    |and_ln786_57_fu_12344_p2      |       and|   0|  0|    2|           1|           1|
    |and_ln786_58_fu_12442_p2      |       and|   0|  0|    2|           1|           1|
    |and_ln786_59_fu_12745_p2      |       and|   0|  0|    2|           1|           1|
    |and_ln786_5_fu_4505_p2        |       and|   0|  0|    2|           1|           1|
    |and_ln786_60_fu_12771_p2      |       and|   0|  0|    2|           1|           1|
    |and_ln786_61_fu_12829_p2      |       and|   0|  0|    2|           1|           1|
    |and_ln786_62_fu_13095_p2      |       and|   0|  0|    2|           1|           1|
    |and_ln786_63_fu_13158_p2      |       and|   0|  0|    2|           1|           1|
    |and_ln786_64_fu_13372_p2      |       and|   0|  0|    2|           1|           1|
    |and_ln786_65_fu_3945_p2       |       and|   0|  0|    2|           1|           1|
    |and_ln786_66_fu_3990_p2       |       and|   0|  0|    2|           1|           1|
    |and_ln786_67_fu_4035_p2       |       and|   0|  0|    2|           1|           1|
    |and_ln786_68_fu_4080_p2       |       and|   0|  0|    2|           1|           1|
    |and_ln786_69_fu_4385_p2       |       and|   0|  0|    2|           1|           1|
    |and_ln786_6_fu_4610_p2        |       and|   0|  0|    2|           1|           1|
    |and_ln786_70_fu_4493_p2       |       and|   0|  0|    2|           1|           1|
    |and_ln786_71_fu_4598_p2       |       and|   0|  0|    2|           1|           1|
    |and_ln786_72_fu_4703_p2       |       and|   0|  0|    2|           1|           1|
    |and_ln786_73_fu_4796_p2       |       and|   0|  0|    2|           1|           1|
    |and_ln786_74_fu_5065_p2       |       and|   0|  0|    2|           1|           1|
    |and_ln786_75_fu_5166_p2       |       and|   0|  0|    2|           1|           1|
    |and_ln786_76_fu_5267_p2       |       and|   0|  0|    2|           1|           1|
    |and_ln786_77_fu_5368_p2       |       and|   0|  0|    2|           1|           1|
    |and_ln786_78_fu_5604_p2       |       and|   0|  0|    2|           1|           1|
    |and_ln786_79_fu_6118_p2       |       and|   0|  0|    2|           1|           1|
    |and_ln786_7_fu_4715_p2        |       and|   0|  0|    2|           1|           1|
    |and_ln786_80_fu_6160_p2       |       and|   0|  0|    2|           1|           1|
    |and_ln786_81_fu_6202_p2       |       and|   0|  0|    2|           1|           1|
    |and_ln786_82_fu_6244_p2       |       and|   0|  0|    2|           1|           1|
    |and_ln786_83_fu_6340_p2       |       and|   0|  0|    2|           1|           1|
    |and_ln786_84_fu_6637_p2       |       and|   0|  0|    2|           1|           1|
    |and_ln786_85_fu_6736_p2       |       and|   0|  0|    2|           1|           1|
    |and_ln786_86_fu_6841_p2       |       and|   0|  0|    2|           1|           1|
    |and_ln786_87_fu_6934_p2       |       and|   0|  0|    2|           1|           1|
    |and_ln786_88_fu_7190_p2       |       and|   0|  0|    2|           1|           1|
    |and_ln786_89_fu_7724_p2       |       and|   0|  0|    2|           1|           1|
    |and_ln786_8_fu_4808_p2        |       and|   0|  0|    2|           1|           1|
    |and_ln786_90_fu_7385_p2       |       and|   0|  0|    2|           1|           1|
    |and_ln786_91_fu_7486_p2       |       and|   0|  0|    2|           1|           1|
    |and_ln786_92_fu_7802_p2       |       and|   0|  0|    2|           1|           1|
    |and_ln786_93_fu_7898_p2       |       and|   0|  0|    2|           1|           1|
    |and_ln786_94_fu_8301_p2       |       and|   0|  0|    2|           1|           1|
    |and_ln786_95_fu_8334_p2       |       and|   0|  0|    2|           1|           1|
    |and_ln786_96_fu_8376_p2       |       and|   0|  0|    2|           1|           1|
    |and_ln786_97_fu_8472_p2       |       and|   0|  0|    2|           1|           1|
    |and_ln786_98_fu_8748_p2       |       and|   0|  0|    2|           1|           1|
    |and_ln786_99_fu_9338_p2       |       and|   0|  0|    2|           1|           1|
    |and_ln786_9_fu_5077_p2        |       and|   0|  0|    2|           1|           1|
    |and_ln786_fu_3955_p2          |       and|   0|  0|    2|           1|           1|
    |and_ln949_1_fu_14007_p2       |       and|   0|  0|    2|           1|           1|
    |and_ln949_fu_13978_p2         |       and|   0|  0|   40|          40|          40|
    |neg_src_1_fu_2596_p2          |       and|   0|  0|    2|           1|           1|
    |overflow_1_fu_13714_p2        |       and|   0|  0|    2|           1|           1|
    |overflow_2_fu_13826_p2        |       and|   0|  0|    2|           1|           1|
    |overflow_fu_2613_p2           |       and|   0|  0|    2|           1|           1|
    |underflow_1_fu_13732_p2       |       and|   0|  0|    2|           1|           1|
    |underflow_fu_2628_p2          |       and|   0|  0|    2|           1|           1|
    |ashr_ln586_fu_2365_p2         |      ashr|   0|  0|  161|          54|          54|
    |Range2_all_ones_fu_2480_p2    |      icmp|   0|  0|   25|          54|          54|
    |empty_36_fu_1986_p2           |      icmp|   0|  0|   10|           7|           3|
    |icmp_ln1497_fu_13626_p2       |      icmp|   0|  0|   21|          40|          29|
    |icmp_ln194_fu_1945_p2         |      icmp|   0|  0|   10|           7|           7|
    |icmp_ln198_fu_2058_p2         |      icmp|   0|  0|   18|          32|          32|
    |icmp_ln205_fu_2063_p2         |      icmp|   0|  0|   10|           7|           1|
    |icmp_ln214_fu_3435_p2         |      icmp|   0|  0|    9|           3|           4|
    |icmp_ln571_fu_2029_p2         |      icmp|   0|  0|   28|          63|           1|
    |icmp_ln581_1_fu_2393_p2       |      icmp|   0|  0|   12|          12|           4|
    |icmp_ln581_fu_2233_p2         |      icmp|   0|  0|   11|           8|           1|
    |icmp_ln582_fu_2259_p2         |      icmp|   0|  0|   12|          12|           4|
    |icmp_ln585_fu_2356_p2         |      icmp|   0|  0|   12|          12|           6|
    |icmp_ln603_fu_2279_p2         |      icmp|   0|  0|   11|           8|           1|
    |icmp_ln611_fu_2303_p2         |      icmp|   0|  0|   12|          12|           1|
    |icmp_ln621_1_fu_2333_p2       |      icmp|   0|  0|   12|          12|           6|
    |icmp_ln621_fu_2319_p2         |      icmp|   0|  0|   12|          12|           6|
    |icmp_ln631_1_fu_2470_p2       |      icmp|   0|  0|   12|          12|           6|
    |icmp_ln631_fu_2465_p2         |      icmp|   0|  0|   12|          12|           6|
    |icmp_ln641_fu_2516_p2         |      icmp|   0|  0|   25|          54|           1|
    |icmp_ln642_fu_2527_p2         |      icmp|   0|  0|   12|          12|           6|
    |icmp_ln935_fu_14093_p2        |      icmp|   0|  0|   21|          40|           1|
    |icmp_ln946_fu_13943_p2        |      icmp|   0|  0|   17|          31|           1|
    |icmp_ln949_fu_13983_p2        |      icmp|   0|  0|   21|          40|           1|
    |icmp_ln954_fu_14002_p2        |      icmp|   0|  0|   18|          32|           1|
    |Range2_V_1_fu_2411_p2         |      lshr|   0|  0|  161|          54|          54|
    |lshr_ln947_fu_13957_p2        |      lshr|   0|  0|  133|           2|          40|
    |lshr_ln954_fu_14050_p2        |      lshr|   0|  0|  133|          40|          40|
    |r_fu_2475_p2                  |      lshr|   0|  0|  161|           2|          54|
    |or_ln1497_fu_13774_p2         |        or|   0|  0|    2|           1|           1|
    |or_ln340_100_fu_11309_p2      |        or|   0|  0|    2|           1|           1|
    |or_ln340_101_fu_11314_p2      |        or|   0|  0|    2|           1|           1|
    |or_ln340_102_fu_11840_p2      |        or|   0|  0|    2|           1|           1|
    |or_ln340_103_fu_11845_p2      |        or|   0|  0|    2|           1|           1|
    |or_ln340_104_fu_11414_p2      |        or|   0|  0|    2|           1|           1|
    |or_ln340_105_fu_11419_p2      |        or|   0|  0|    2|           1|           1|
    |or_ln340_106_fu_11432_p2      |        or|   0|  0|    2|           1|           1|
    |or_ln340_107_fu_11437_p2      |        or|   0|  0|    2|           1|           1|
    |or_ln340_108_fu_11858_p2      |        or|   0|  0|    2|           1|           1|
    |or_ln340_109_fu_11863_p2      |        or|   0|  0|    2|           1|           1|
    |or_ln340_10_fu_4101_p2        |        or|   0|  0|    2|           1|           1|
    |or_ln340_110_fu_11897_p2      |        or|   0|  0|    2|           1|           1|
    |or_ln340_111_fu_11903_p2      |        or|   0|  0|    2|           1|           1|
    |or_ln340_112_fu_12307_p2      |        or|   0|  0|    2|           1|           1|
    |or_ln340_113_fu_12313_p2      |        or|   0|  0|    2|           1|           1|
    |or_ln340_114_fu_12024_p2      |        or|   0|  0|    2|           1|           1|
    |or_ln340_115_fu_12030_p2      |        or|   0|  0|    2|           1|           1|
    |or_ln340_116_fu_12066_p2      |        or|   0|  0|    2|           1|           1|
    |or_ln340_117_fu_12072_p2      |        or|   0|  0|    2|           1|           1|
    |or_ln340_118_fu_12349_p2      |        or|   0|  0|    2|           1|           1|
    |or_ln340_119_fu_12355_p2      |        or|   0|  0|    2|           1|           1|
    |or_ln340_11_fu_4400_p2        |        or|   0|  0|    2|           1|           1|
    |or_ln340_120_fu_12655_p2      |        or|   0|  0|    2|           1|           1|
    |or_ln340_121_fu_12660_p2      |        or|   0|  0|    2|           1|           1|
    |or_ln340_122_fu_13066_p2      |        or|   0|  0|    2|           1|           1|
    |or_ln340_123_fu_13071_p2      |        or|   0|  0|    2|           1|           1|
    |or_ln340_124_fu_12776_p2      |        or|   0|  0|    2|           1|           1|
    |or_ln340_125_fu_12782_p2      |        or|   0|  0|    2|           1|           1|
    |or_ln340_126_fu_12834_p2      |        or|   0|  0|    2|           1|           1|
    |or_ln340_127_fu_12840_p2      |        or|   0|  0|    2|           1|           1|
    |or_ln340_128_fu_13100_p2      |        or|   0|  0|    2|           1|           1|
    |or_ln340_129_fu_13106_p2      |        or|   0|  0|    2|           1|           1|
    |or_ln340_12_fu_4406_p2        |        or|   0|  0|    2|           1|           1|
    |or_ln340_130_fu_13163_p2      |        or|   0|  0|    2|           1|           1|
    |or_ln340_131_fu_13169_p2      |        or|   0|  0|    2|           1|           1|
    |or_ln340_132_fu_13377_p2      |        or|   0|  0|    2|           1|           1|
    |or_ln340_133_fu_13383_p2      |        or|   0|  0|    2|           1|           1|
    |or_ln340_134_fu_13744_p2      |        or|   0|  0|    2|           1|           1|
    |or_ln340_13_fu_4511_p2        |        or|   0|  0|    2|           1|           1|
    |or_ln340_14_fu_4966_p2        |        or|   0|  0|    2|           1|           1|
    |or_ln340_15_fu_13738_p2       |        or|   0|  0|    2|           1|           1|
    |or_ln340_16_fu_4616_p2        |        or|   0|  0|    2|           1|           1|
    |or_ln340_17_fu_4970_p2        |        or|   0|  0|    2|           1|           1|
    |or_ln340_18_fu_4721_p2        |        or|   0|  0|    2|           1|           1|
    |or_ln340_19_fu_4974_p2        |        or|   0|  0|    2|           1|           1|
    |or_ln340_1_fu_2648_p2         |        or|   0|  0|    2|           1|           1|
    |or_ln340_20_fu_4987_p2        |        or|   0|  0|    2|           1|           1|
    |or_ln340_21_fu_4992_p2        |        or|   0|  0|    2|           1|           1|
    |or_ln340_22_fu_5526_p2        |        or|   0|  0|    2|           1|           1|
    |or_ln340_23_fu_5531_p2        |        or|   0|  0|    2|           1|           1|
    |or_ln340_24_fu_5544_p2        |        or|   0|  0|    2|           1|           1|
    |or_ln340_25_fu_5549_p2        |        or|   0|  0|    2|           1|           1|
    |or_ln340_26_fu_5562_p2        |        or|   0|  0|    2|           1|           1|
    |or_ln340_27_fu_5567_p2        |        or|   0|  0|    2|           1|           1|
    |or_ln340_28_fu_5580_p2        |        or|   0|  0|    2|           1|           1|
    |or_ln340_29_fu_5585_p2        |        or|   0|  0|    2|           1|           1|
    |or_ln340_2_fu_2643_p2         |        or|   0|  0|    2|           1|           1|
    |or_ln340_30_fu_5619_p2        |        or|   0|  0|    2|           1|           1|
    |or_ln340_31_fu_5625_p2        |        or|   0|  0|    2|           1|           1|
    |or_ln340_32_fu_6133_p2        |        or|   0|  0|    2|           1|           1|
    |or_ln340_33_fu_6139_p2        |        or|   0|  0|    2|           1|           1|
    |or_ln340_34_fu_6175_p2        |        or|   0|  0|    2|           1|           1|
    |or_ln340_35_fu_6181_p2        |        or|   0|  0|    2|           1|           1|
    |or_ln340_36_fu_6217_p2        |        or|   0|  0|    2|           1|           1|
    |or_ln340_37_fu_6223_p2        |        or|   0|  0|    2|           1|           1|
    |or_ln340_38_fu_6259_p2        |        or|   0|  0|    2|           1|           1|
    |or_ln340_39_fu_6265_p2        |        or|   0|  0|    2|           1|           1|
    |or_ln340_3_fu_3960_p2         |        or|   0|  0|    2|           1|           1|
    |or_ln340_40_fu_6559_p2        |        or|   0|  0|    2|           1|           1|
    |or_ln340_41_fu_6564_p2        |        or|   0|  0|    2|           1|           1|
    |or_ln340_42_fu_7140_p2        |        or|   0|  0|    2|           1|           1|
    |or_ln340_43_fu_7145_p2        |        or|   0|  0|    2|           1|           1|
    |or_ln340_44_fu_6754_p2        |        or|   0|  0|    2|           1|           1|
    |or_ln340_45_fu_7149_p2        |        or|   0|  0|    2|           1|           1|
    |or_ln340_46_fu_6859_p2        |        or|   0|  0|    2|           1|           1|
    |or_ln340_47_fu_7153_p2        |        or|   0|  0|    2|           1|           1|
    |or_ln340_48_fu_7166_p2        |        or|   0|  0|    2|           1|           1|
    |or_ln340_49_fu_7171_p2        |        or|   0|  0|    2|           1|           1|
    |or_ln340_4_fu_3966_p2         |        or|   0|  0|    2|           1|           1|
    |or_ln340_50_fu_7205_p2        |        or|   0|  0|    2|           1|           1|
    |or_ln340_51_fu_7211_p2        |        or|   0|  0|    2|           1|           1|
    |or_ln340_52_fu_7739_p2        |        or|   0|  0|    2|           1|           1|
    |or_ln340_53_fu_7745_p2        |        or|   0|  0|    2|           1|           1|
    |or_ln340_54_fu_7760_p2        |        or|   0|  0|    2|           1|           1|
    |or_ln340_55_fu_7765_p2        |        or|   0|  0|    2|           1|           1|
    |or_ln340_56_fu_7778_p2        |        or|   0|  0|    2|           1|           1|
    |or_ln340_57_fu_7783_p2        |        or|   0|  0|    2|           1|           1|
    |or_ln340_58_fu_7817_p2        |        or|   0|  0|    2|           1|           1|
    |or_ln340_59_fu_7823_p2        |        or|   0|  0|    2|           1|           1|
    |or_ln340_5_fu_4005_p2         |        or|   0|  0|    2|           1|           1|
    |or_ln340_60_fu_8223_p2        |        or|   0|  0|    2|           1|           1|
    |or_ln340_61_fu_8228_p2        |        or|   0|  0|    2|           1|           1|
    |or_ln340_62_fu_8706_p2        |        or|   0|  0|    2|           1|           1|
    |or_ln340_63_fu_8711_p2        |        or|   0|  0|    2|           1|           1|
    |or_ln340_64_fu_8349_p2        |        or|   0|  0|    2|           1|           1|
    |or_ln340_65_fu_8355_p2        |        or|   0|  0|    2|           1|           1|
    |or_ln340_66_fu_8391_p2        |        or|   0|  0|    2|           1|           1|
    |or_ln340_67_fu_8397_p2        |        or|   0|  0|    2|           1|           1|
    |or_ln340_68_fu_8724_p2        |        or|   0|  0|    2|           1|           1|
    |or_ln340_69_fu_8729_p2        |        or|   0|  0|    2|           1|           1|
    |or_ln340_6_fu_4011_p2         |        or|   0|  0|    2|           1|           1|
    |or_ln340_70_fu_8763_p2        |        or|   0|  0|    2|           1|           1|
    |or_ln340_71_fu_8769_p2        |        or|   0|  0|    2|           1|           1|
    |or_ln340_72_fu_9353_p2        |        or|   0|  0|    2|           1|           1|
    |or_ln340_73_fu_9359_p2        |        or|   0|  0|    2|           1|           1|
    |or_ln340_74_fu_8959_p2        |        or|   0|  0|    2|           1|           1|
    |or_ln340_75_fu_9365_p2        |        or|   0|  0|    2|           1|           1|
    |or_ln340_76_fu_9064_p2        |        or|   0|  0|    2|           1|           1|
    |or_ln340_77_fu_9369_p2        |        or|   0|  0|    2|           1|           1|
    |or_ln340_78_fu_9403_p2        |        or|   0|  0|    2|           1|           1|
    |or_ln340_79_fu_9409_p2        |        or|   0|  0|    2|           1|           1|
    |or_ln340_7_fu_4050_p2         |        or|   0|  0|    2|           1|           1|
    |or_ln340_80_fu_9809_p2        |        or|   0|  0|    2|           1|           1|
    |or_ln340_81_fu_9814_p2        |        or|   0|  0|    2|           1|           1|
    |or_ln340_82_fu_10370_p2       |        or|   0|  0|    2|           1|           1|
    |or_ln340_83_fu_10375_p2       |        or|   0|  0|    2|           1|           1|
    |or_ln340_84_fu_9914_p2        |        or|   0|  0|    2|           1|           1|
    |or_ln340_85_fu_9919_p2        |        or|   0|  0|    2|           1|           1|
    |or_ln340_86_fu_9932_p2        |        or|   0|  0|    2|           1|           1|
    |or_ln340_87_fu_9937_p2        |        or|   0|  0|    2|           1|           1|
    |or_ln340_88_fu_10388_p2       |        or|   0|  0|    2|           1|           1|
    |or_ln340_89_fu_10393_p2       |        or|   0|  0|    2|           1|           1|
    |or_ln340_8_fu_4056_p2         |        or|   0|  0|    2|           1|           1|
    |or_ln340_90_fu_10427_p2       |        or|   0|  0|    2|           1|           1|
    |or_ln340_91_fu_10433_p2       |        or|   0|  0|    2|           1|           1|
    |or_ln340_92_fu_10899_p2       |        or|   0|  0|    2|           1|           1|
    |or_ln340_93_fu_10905_p2       |        or|   0|  0|    2|           1|           1|
    |or_ln340_94_fu_10554_p2       |        or|   0|  0|    2|           1|           1|
    |or_ln340_95_fu_10560_p2       |        or|   0|  0|    2|           1|           1|
    |or_ln340_96_fu_10596_p2       |        or|   0|  0|    2|           1|           1|
    |or_ln340_97_fu_10602_p2       |        or|   0|  0|    2|           1|           1|
    |or_ln340_98_fu_10941_p2       |        or|   0|  0|    2|           1|           1|
    |or_ln340_99_fu_10947_p2       |        or|   0|  0|    2|           1|           1|
    |or_ln340_9_fu_4095_p2         |        or|   0|  0|    2|           1|           1|
    |or_ln340_fu_2633_p2           |        or|   0|  0|    2|           1|           1|
    |or_ln611_fu_2686_p2           |        or|   0|  0|    2|           1|           1|
    |or_ln621_1_fu_2577_p2         |        or|   0|  0|    2|           1|           1|
    |or_ln621_fu_2552_p2           |        or|   0|  0|    2|           1|           1|
    |or_ln639_fu_2591_p2           |        or|   0|  0|    2|           1|           1|
    |or_ln658_fu_2607_p2           |        or|   0|  0|    2|           1|           1|
    |or_ln785_10_fu_5535_p2        |        or|   0|  0|    2|           1|           1|
    |or_ln785_11_fu_5553_p2        |        or|   0|  0|    2|           1|           1|
    |or_ln785_12_fu_5571_p2        |        or|   0|  0|    2|           1|           1|
    |or_ln785_13_fu_13702_p2       |        or|   0|  0|    2|           1|           1|
    |or_ln785_14_fu_5589_p2        |        or|   0|  0|    2|           1|           1|
    |or_ln785_15_fu_6103_p2        |        or|   0|  0|    2|           1|           1|
    |or_ln785_16_fu_6145_p2        |        or|   0|  0|    2|           1|           1|
    |or_ln785_17_fu_6187_p2        |        or|   0|  0|    2|           1|           1|
    |or_ln785_18_fu_6229_p2        |        or|   0|  0|    2|           1|           1|
    |or_ln785_19_fu_6550_p2        |        or|   0|  0|    2|           1|           1|
    |or_ln785_1_fu_3975_p2         |        or|   0|  0|    2|           1|           1|
    |or_ln785_20_fu_7131_p2        |        or|   0|  0|    2|           1|           1|
    |or_ln785_21_fu_6718_p2        |        or|   0|  0|    2|           1|           1|
    |or_ln785_22_fu_6823_p2        |        or|   0|  0|    2|           1|           1|
    |or_ln785_23_fu_7157_p2        |        or|   0|  0|    2|           1|           1|
    |or_ln785_24_fu_7175_p2        |        or|   0|  0|    2|           1|           1|
    |or_ln785_25_fu_7709_p2        |        or|   0|  0|    2|           1|           1|
    |or_ln785_26_fu_7751_p2        |        or|   0|  0|    2|           1|           1|
    |or_ln785_27_fu_7769_p2        |        or|   0|  0|    2|           1|           1|
    |or_ln785_28_fu_7787_p2        |        or|   0|  0|    2|           1|           1|
    |or_ln785_29_fu_8214_p2        |        or|   0|  0|    2|           1|           1|
    |or_ln785_2_fu_4020_p2         |        or|   0|  0|    2|           1|           1|
    |or_ln785_30_fu_8697_p2        |        or|   0|  0|    2|           1|           1|
    |or_ln785_31_fu_8319_p2        |        or|   0|  0|    2|           1|           1|
    |or_ln785_32_fu_8361_p2        |        or|   0|  0|    2|           1|           1|
    |or_ln785_33_fu_8715_p2        |        or|   0|  0|    2|           1|           1|
    |or_ln785_34_fu_8733_p2        |        or|   0|  0|    2|           1|           1|
    |or_ln785_35_fu_9323_p2        |        or|   0|  0|    2|           1|           1|
    |or_ln785_36_fu_8923_p2        |        or|   0|  0|    2|           1|           1|
    |or_ln785_37_fu_9028_p2        |        or|   0|  0|    2|           1|           1|
    |or_ln785_38_fu_9373_p2        |        or|   0|  0|    2|           1|           1|
    |or_ln785_39_fu_9800_p2        |        or|   0|  0|    2|           1|           1|
    |or_ln785_3_fu_4065_p2         |        or|   0|  0|    2|           1|           1|
    |or_ln785_40_fu_10361_p2       |        or|   0|  0|    2|           1|           1|
    |or_ln785_41_fu_9905_p2        |        or|   0|  0|    2|           1|           1|
    |or_ln785_42_fu_9923_p2        |        or|   0|  0|    2|           1|           1|
    |or_ln785_43_fu_10379_p2       |        or|   0|  0|    2|           1|           1|
    |or_ln785_44_fu_10397_p2       |        or|   0|  0|    2|           1|           1|
    |or_ln785_45_fu_10869_p2       |        or|   0|  0|    2|           1|           1|
    |or_ln785_46_fu_10524_p2       |        or|   0|  0|    2|           1|           1|
    |or_ln785_47_fu_10566_p2       |        or|   0|  0|    2|           1|           1|
    |or_ln785_48_fu_10911_p2       |        or|   0|  0|    2|           1|           1|
    |or_ln785_49_fu_11300_p2       |        or|   0|  0|    2|           1|           1|
    |or_ln785_4_fu_4370_p2         |        or|   0|  0|    2|           1|           1|
    |or_ln785_50_fu_11831_p2       |        or|   0|  0|    2|           1|           1|
    |or_ln785_51_fu_11405_p2       |        or|   0|  0|    2|           1|           1|
    |or_ln785_52_fu_11423_p2       |        or|   0|  0|    2|           1|           1|
    |or_ln785_53_fu_11849_p2       |        or|   0|  0|    2|           1|           1|
    |or_ln785_54_fu_11867_p2       |        or|   0|  0|    2|           1|           1|
    |or_ln785_55_fu_12277_p2       |        or|   0|  0|    2|           1|           1|
    |or_ln785_56_fu_11994_p2       |        or|   0|  0|    2|           1|           1|
    |or_ln785_57_fu_12036_p2       |        or|   0|  0|    2|           1|           1|
    |or_ln785_58_fu_12319_p2       |        or|   0|  0|    2|           1|           1|
    |or_ln785_59_fu_12646_p2       |        or|   0|  0|    2|           1|           1|
    |or_ln785_5_fu_4475_p2         |        or|   0|  0|    2|           1|           1|
    |or_ln785_60_fu_13057_p2       |        or|   0|  0|    2|           1|           1|
    |or_ln785_61_fu_12751_p2       |        or|   0|  0|    2|           1|           1|
    |or_ln785_62_fu_12809_p2       |        or|   0|  0|    2|           1|           1|
    |or_ln785_63_fu_13075_p2       |        or|   0|  0|    2|           1|           1|
    |or_ln785_64_fu_13133_p2       |        or|   0|  0|    2|           1|           1|
    |or_ln785_65_fu_13347_p2       |        or|   0|  0|    2|           1|           1|
    |or_ln785_6_fu_4580_p2         |        or|   0|  0|    2|           1|           1|
    |or_ln785_7_fu_4685_p2         |        or|   0|  0|    2|           1|           1|
    |or_ln785_8_fu_4978_p2         |        or|   0|  0|    2|           1|           1|
    |or_ln785_9_fu_5517_p2         |        or|   0|  0|    2|           1|           1|
    |or_ln785_fu_3930_p2           |        or|   0|  0|    2|           1|           1|
    |or_ln949_1_fu_13972_p2        |        or|   0|  0|   40|          40|          40|
    |Range2_all_ones_2_fu_2498_p3  |    select|   0|  0|    2|           1|           1|
    |a_V_fu_13591_p3               |    select|   0|  0|   40|           1|          40|
    |acc_V_fu_13846_p3             |    select|   0|  0|   40|           1|          40|
    |deleted_ones_fu_2583_p3       |    select|   0|  0|    2|           1|           1|
    |deleted_zeros_fu_2569_p3      |    select|   0|  0|    2|           1|           1|
    |idx_urem_fu_1992_p3           |    select|   0|  0|    7|           1|           7|
    |lhs_V_fu_13608_p3             |    select|   0|  0|   40|           1|          39|
    |m_fu_14055_p3                 |    select|   0|  0|   40|           1|          40|
    |man_V_fu_2210_p3              |    select|   0|  0|   54|           1|          54|
    |out_r                         |    select|   0|  0|   32|           1|           1|
    |p_Val2_1_fu_2445_p3           |    select|   0|  0|   16|           1|          16|
    |r_V_2_fu_13662_p3             |    select|   0|  0|  104|           1|         104|
    |rhs_1_fu_13778_p3             |    select|   0|  0|   40|           1|          40|
    |select_ln340_100_fu_10707_p3  |    select|   0|  0|   40|           1|          40|
    |select_ln340_101_fu_11040_p3  |    select|   0|  0|   40|           1|          39|
    |select_ln340_102_fu_11054_p3  |    select|   0|  0|   40|           1|          40|
    |select_ln340_103_fu_10731_p3  |    select|   0|  0|   40|           1|          39|
    |select_ln340_104_fu_10745_p3  |    select|   0|  0|   40|           1|          40|
    |select_ln340_105_fu_10753_p3  |    select|   0|  0|   40|           1|          39|
    |select_ln340_106_fu_10767_p3  |    select|   0|  0|   40|           1|          40|
    |select_ln340_107_fu_11236_p3  |    select|   0|  0|   40|           1|          39|
    |select_ln340_108_fu_11250_p3  |    select|   0|  0|   40|           1|          40|
    |select_ln340_109_fu_11528_p3  |    select|   0|  0|   40|           1|          39|
    |select_ln340_10_fu_4213_p3    |    select|   0|  0|   40|           1|          39|
    |select_ln340_110_fu_11541_p3  |    select|   0|  0|   40|           1|          40|
    |select_ln340_111_fu_11909_p3  |    select|   0|  0|   40|           1|          39|
    |select_ln340_112_fu_11922_p3  |    select|   0|  0|   40|           1|          40|
    |select_ln340_113_fu_11613_p3  |    select|   0|  0|   40|           1|          39|
    |select_ln340_114_fu_11626_p3  |    select|   0|  0|   40|           1|          40|
    |select_ln340_115_fu_11698_p3  |    select|   0|  0|   40|           1|          39|
    |select_ln340_116_fu_11711_p3  |    select|   0|  0|   40|           1|          40|
    |select_ln340_117_fu_12078_p3  |    select|   0|  0|   40|           1|          39|
    |select_ln340_118_fu_12091_p3  |    select|   0|  0|   40|           1|          40|
    |select_ln340_119_fu_12163_p3  |    select|   0|  0|   40|           1|          39|
    |select_ln340_11_fu_4229_p3    |    select|   0|  0|   40|           1|          40|
    |select_ln340_120_fu_12177_p3  |    select|   0|  0|   40|           1|          40|
    |select_ln340_121_fu_12448_p3  |    select|   0|  0|   40|           1|          39|
    |select_ln340_122_fu_12462_p3  |    select|   0|  0|   40|           1|          40|
    |select_ln340_123_fu_12201_p3  |    select|   0|  0|   40|           1|          39|
    |select_ln340_124_fu_12215_p3  |    select|   0|  0|   40|           1|          40|
    |select_ln340_125_fu_12801_p3  |    select|   0|  0|   40|           1|          40|
    |select_ln340_126_fu_12223_p3  |    select|   0|  0|   40|           1|          39|
    |select_ln340_127_fu_12237_p3  |    select|   0|  0|   40|           1|          40|
    |select_ln340_128_fu_12859_p3  |    select|   0|  0|   40|           1|          40|
    |select_ln340_129_fu_12608_p3  |    select|   0|  0|   40|           1|          39|
    |select_ln340_12_fu_4814_p3    |    select|   0|  0|   40|           1|          39|
    |select_ln340_130_fu_12622_p3  |    select|   0|  0|   40|           1|          40|
    |select_ln340_131_fu_13125_p3  |    select|   0|  0|   40|           1|          40|
    |select_ln340_132_fu_12936_p3  |    select|   0|  0|   40|           1|          39|
    |select_ln340_133_fu_12949_p3  |    select|   0|  0|   40|           1|          40|
    |select_ln340_134_fu_13189_p3  |    select|   0|  0|   40|           1|          40|
    |select_ln340_135_fu_13197_p3  |    select|   0|  0|   40|           1|          39|
    |select_ln340_136_fu_13210_p3  |    select|   0|  0|   40|           1|          40|
    |select_ln340_137_fu_13403_p3  |    select|   0|  0|   40|           1|          40|
    |select_ln340_13_fu_4830_p3    |    select|   0|  0|   40|           1|          40|
    |select_ln340_14_fu_4838_p3    |    select|   0|  0|   40|           1|          39|
    |select_ln340_15_fu_5089_p3    |    select|   0|  0|   40|           1|          40|
    |select_ln340_16_fu_4846_p3    |    select|   0|  0|   40|           1|          39|
    |select_ln340_17_fu_5190_p3    |    select|   0|  0|   40|           1|          40|
    |select_ln340_18_fu_4854_p3    |    select|   0|  0|   40|           1|          39|
    |select_ln340_19_fu_5291_p3    |    select|   0|  0|   40|           1|          40|
    |select_ln340_1_fu_2678_p3     |    select|   0|  0|   16|           1|          16|
    |select_ln340_20_fu_5386_p3    |    select|   0|  0|   40|           1|          39|
    |select_ln340_21_fu_5399_p3    |    select|   0|  0|   40|           1|          40|
    |select_ln340_22_fu_5631_p3    |    select|   0|  0|   40|           1|          39|
    |select_ln340_23_fu_5644_p3    |    select|   0|  0|   40|           1|          40|
    |select_ln340_24_fu_5716_p3    |    select|   0|  0|   40|           1|          39|
    |select_ln340_25_fu_5729_p3    |    select|   0|  0|   40|           1|          40|
    |select_ln340_26_fu_5801_p3    |    select|   0|  0|   40|           1|          39|
    |select_ln340_27_fu_5814_p3    |    select|   0|  0|   40|           1|          40|
    |select_ln340_28_fu_5886_p3    |    select|   0|  0|   40|           1|          39|
    |select_ln340_29_fu_5899_p3    |    select|   0|  0|   40|           1|          40|
    |select_ln340_2_fu_13750_p3    |    select|   0|  0|   40|           1|          39|
    |select_ln340_30_fu_5971_p3    |    select|   0|  0|   40|           1|          39|
    |select_ln340_31_fu_5985_p3    |    select|   0|  0|   40|           1|          40|
    |select_ln340_32_fu_6358_p3    |    select|   0|  0|   40|           1|          39|
    |select_ln340_33_fu_6372_p3    |    select|   0|  0|   40|           1|          40|
    |select_ln340_34_fu_6380_p3    |    select|   0|  0|   40|           1|          39|
    |select_ln340_35_fu_6394_p3    |    select|   0|  0|   40|           1|          40|
    |select_ln340_36_fu_6402_p3    |    select|   0|  0|   40|           1|          39|
    |select_ln340_37_fu_6416_p3    |    select|   0|  0|   40|           1|          40|
    |select_ln340_38_fu_6424_p3    |    select|   0|  0|   40|           1|          39|
    |select_ln340_39_fu_6438_p3    |    select|   0|  0|   40|           1|          40|
    |select_ln340_3_fu_13766_p3    |    select|   0|  0|   40|           1|          40|
    |select_ln340_40_fu_6952_p3    |    select|   0|  0|   40|           1|          39|
    |select_ln340_41_fu_6965_p3    |    select|   0|  0|   40|           1|          40|
    |select_ln340_42_fu_7217_p3    |    select|   0|  0|   40|           1|          39|
    |select_ln340_43_fu_7230_p3    |    select|   0|  0|   40|           1|          40|
    |select_ln340_44_fu_7037_p3    |    select|   0|  0|   40|           1|          39|
    |select_ln340_45_fu_7308_p3    |    select|   0|  0|   40|           1|          40|
    |select_ln340_46_fu_7045_p3    |    select|   0|  0|   40|           1|          39|
    |select_ln340_47_fu_7409_p3    |    select|   0|  0|   40|           1|          40|
    |select_ln340_48_fu_7504_p3    |    select|   0|  0|   40|           1|          39|
    |select_ln340_49_fu_7517_p3    |    select|   0|  0|   40|           1|          40|
    |select_ln340_4_fu_4141_p3     |    select|   0|  0|   40|           1|          39|
    |select_ln340_50_fu_7589_p3    |    select|   0|  0|   40|           1|          39|
    |select_ln340_51_fu_7603_p3    |    select|   0|  0|   40|           1|          40|
    |select_ln340_52_fu_7916_p3    |    select|   0|  0|   40|           1|          39|
    |select_ln340_53_fu_7930_p3    |    select|   0|  0|   40|           1|          40|
    |select_ln340_54_fu_7938_p3    |    select|   0|  0|   40|           1|          39|
    |select_ln340_55_fu_7951_p3    |    select|   0|  0|   40|           1|          40|
    |select_ln340_56_fu_8023_p3    |    select|   0|  0|   40|           1|          39|
    |select_ln340_57_fu_8036_p3    |    select|   0|  0|   40|           1|          40|
    |select_ln340_58_fu_8108_p3    |    select|   0|  0|   40|           1|          39|
    |select_ln340_59_fu_8122_p3    |    select|   0|  0|   40|           1|          40|
    |select_ln340_5_fu_4157_p3     |    select|   0|  0|   40|           1|          40|
    |select_ln340_60_fu_8490_p3    |    select|   0|  0|   40|           1|          39|
    |select_ln340_61_fu_8503_p3    |    select|   0|  0|   40|           1|          40|
    |select_ln340_62_fu_8775_p3    |    select|   0|  0|   40|           1|          39|
    |select_ln340_63_fu_12787_p3   |    select|   0|  0|   40|           1|          39|
    |select_ln340_64_fu_12845_p3   |    select|   0|  0|   40|           1|          39|
    |select_ln340_65_fu_13111_p3   |    select|   0|  0|   40|           1|          39|
    |select_ln340_66_fu_13175_p3   |    select|   0|  0|   40|           1|          39|
    |select_ln340_67_fu_13389_p3   |    select|   0|  0|   40|           1|          39|
    |select_ln340_68_fu_13304_p3   |    select|   0|  0|   40|           1|          40|
    |select_ln340_69_fu_13433_p3   |    select|   0|  0|   40|           1|          40|
    |select_ln340_6_fu_4165_p3     |    select|   0|  0|   40|           1|          39|
    |select_ln340_70_fu_13500_p3   |    select|   0|  0|   40|           1|          40|
    |select_ln340_71_fu_13562_p3   |    select|   0|  0|   40|           1|          40|
    |select_ln340_72_fu_8788_p3    |    select|   0|  0|   40|           1|          40|
    |select_ln340_73_fu_8575_p3    |    select|   0|  0|   40|           1|          39|
    |select_ln340_74_fu_8589_p3    |    select|   0|  0|   40|           1|          40|
    |select_ln340_75_fu_8597_p3    |    select|   0|  0|   40|           1|          39|
    |select_ln340_76_fu_8611_p3    |    select|   0|  0|   40|           1|          40|
    |select_ln340_77_fu_9070_p3    |    select|   0|  0|   40|           1|          39|
    |select_ln340_78_fu_9083_p3    |    select|   0|  0|   40|           1|          40|
    |select_ln340_79_fu_9155_p3    |    select|   0|  0|   40|           1|          39|
    |select_ln340_7_fu_4181_p3     |    select|   0|  0|   40|           1|          40|
    |select_ln340_80_fu_9169_p3    |    select|   0|  0|   40|           1|          40|
    |select_ln340_81_fu_9502_p3    |    select|   0|  0|   40|           1|          39|
    |select_ln340_82_fu_9516_p3    |    select|   0|  0|   40|           1|          40|
    |select_ln340_83_fu_9193_p3    |    select|   0|  0|   40|           1|          39|
    |select_ln340_84_fu_9530_p3    |    select|   0|  0|   40|           1|          40|
    |select_ln340_85_fu_9201_p3    |    select|   0|  0|   40|           1|          39|
    |select_ln340_86_fu_9631_p3    |    select|   0|  0|   40|           1|          40|
    |select_ln340_87_fu_9726_p3    |    select|   0|  0|   40|           1|          39|
    |select_ln340_88_fu_9740_p3    |    select|   0|  0|   40|           1|          40|
    |select_ln340_89_fu_10028_p3   |    select|   0|  0|   40|           1|          39|
    |select_ln340_8_fu_4189_p3     |    select|   0|  0|   40|           1|          39|
    |select_ln340_90_fu_10041_p3   |    select|   0|  0|   40|           1|          40|
    |select_ln340_91_fu_10439_p3   |    select|   0|  0|   40|           1|          39|
    |select_ln340_92_fu_10452_p3   |    select|   0|  0|   40|           1|          40|
    |select_ln340_93_fu_10113_p3   |    select|   0|  0|   40|           1|          39|
    |select_ln340_94_fu_10126_p3   |    select|   0|  0|   40|           1|          40|
    |select_ln340_95_fu_10198_p3   |    select|   0|  0|   40|           1|          39|
    |select_ln340_96_fu_10211_p3   |    select|   0|  0|   40|           1|          40|
    |select_ln340_97_fu_10608_p3   |    select|   0|  0|   40|           1|          39|
    |select_ln340_98_fu_10621_p3   |    select|   0|  0|   40|           1|          40|
    |select_ln340_99_fu_10693_p3   |    select|   0|  0|   40|           1|          39|
    |select_ln340_9_fu_4205_p3     |    select|   0|  0|   40|           1|          40|
    |select_ln340_fu_2654_p3       |    select|   0|  0|   16|           1|          15|
    |select_ln384_1_fu_13425_p3    |    select|   0|  0|   41|           1|          39|
    |select_ln384_2_fu_13492_p3    |    select|   0|  0|   41|           1|          39|
    |select_ln384_3_fu_13554_p3    |    select|   0|  0|   41|           1|          39|
    |select_ln384_4_fu_13838_p3    |    select|   0|  0|   41|           1|          39|
    |select_ln384_fu_13296_p3      |    select|   0|  0|   41|           1|          39|
    |select_ln388_10_fu_5393_p3    |    select|   0|  0|   41|           1|          41|
    |select_ln388_11_fu_5638_p3    |    select|   0|  0|   41|           1|          41|
    |select_ln388_12_fu_5723_p3    |    select|   0|  0|   41|           1|          41|
    |select_ln388_13_fu_5808_p3    |    select|   0|  0|   41|           1|          41|
    |select_ln388_14_fu_5893_p3    |    select|   0|  0|   41|           1|          41|
    |select_ln388_15_fu_5978_p3    |    select|   0|  0|   41|           1|          41|
    |select_ln388_16_fu_6365_p3    |    select|   0|  0|   41|           1|          41|
    |select_ln388_17_fu_6387_p3    |    select|   0|  0|   41|           1|          41|
    |select_ln388_18_fu_6409_p3    |    select|   0|  0|   41|           1|          41|
    |select_ln388_19_fu_6431_p3    |    select|   0|  0|   41|           1|          41|
    |select_ln388_1_fu_4149_p3     |    select|   0|  0|   41|           1|          41|
    |select_ln388_20_fu_6959_p3    |    select|   0|  0|   41|           1|          41|
    |select_ln388_21_fu_7224_p3    |    select|   0|  0|   41|           1|          41|
    |select_ln388_22_fu_7302_p3    |    select|   0|  0|   41|           1|          41|
    |select_ln388_23_fu_7403_p3    |    select|   0|  0|   41|           1|          41|
    |select_ln388_24_fu_7511_p3    |    select|   0|  0|   41|           1|          41|
    |select_ln388_25_fu_7596_p3    |    select|   0|  0|   41|           1|          41|
    |select_ln388_26_fu_7923_p3    |    select|   0|  0|   41|           1|          41|
    |select_ln388_27_fu_7945_p3    |    select|   0|  0|   41|           1|          41|
    |select_ln388_28_fu_8030_p3    |    select|   0|  0|   41|           1|          41|
    |select_ln388_29_fu_8115_p3    |    select|   0|  0|   41|           1|          41|
    |select_ln388_2_fu_4173_p3     |    select|   0|  0|   41|           1|          41|
    |select_ln388_30_fu_8497_p3    |    select|   0|  0|   41|           1|          41|
    |select_ln388_31_fu_8782_p3    |    select|   0|  0|   41|           1|          41|
    |select_ln388_32_fu_8582_p3    |    select|   0|  0|   41|           1|          41|
    |select_ln388_33_fu_8604_p3    |    select|   0|  0|   41|           1|          41|
    |select_ln388_34_fu_9077_p3    |    select|   0|  0|   41|           1|          41|
    |select_ln388_35_fu_9162_p3    |    select|   0|  0|   41|           1|          41|
    |select_ln388_36_fu_9509_p3    |    select|   0|  0|   41|           1|          41|
    |select_ln388_37_fu_9524_p3    |    select|   0|  0|   41|           1|          41|
    |select_ln388_38_fu_9625_p3    |    select|   0|  0|   41|           1|          41|
    |select_ln388_39_fu_9733_p3    |    select|   0|  0|   41|           1|          41|
    |select_ln388_3_fu_13758_p3    |    select|   0|  0|   41|           1|          41|
    |select_ln388_40_fu_10035_p3   |    select|   0|  0|   41|           1|          41|
    |select_ln388_41_fu_10446_p3   |    select|   0|  0|   41|           1|          41|
    |select_ln388_42_fu_10120_p3   |    select|   0|  0|   41|           1|          41|
    |select_ln388_43_fu_10205_p3   |    select|   0|  0|   41|           1|          41|
    |select_ln388_44_fu_10615_p3   |    select|   0|  0|   41|           1|          41|
    |select_ln388_45_fu_10700_p3   |    select|   0|  0|   41|           1|          41|
    |select_ln388_46_fu_11047_p3   |    select|   0|  0|   41|           1|          41|
    |select_ln388_47_fu_10738_p3   |    select|   0|  0|   41|           1|          41|
    |select_ln388_48_fu_10760_p3   |    select|   0|  0|   41|           1|          41|
    |select_ln388_49_fu_11243_p3   |    select|   0|  0|   41|           1|          41|
    |select_ln388_4_fu_4197_p3     |    select|   0|  0|   41|           1|          41|
    |select_ln388_50_fu_11535_p3   |    select|   0|  0|   41|           1|          41|
    |select_ln388_51_fu_11916_p3   |    select|   0|  0|   41|           1|          41|
    |select_ln388_52_fu_11620_p3   |    select|   0|  0|   41|           1|          41|
    |select_ln388_53_fu_11705_p3   |    select|   0|  0|   41|           1|          41|
    |select_ln388_54_fu_12085_p3   |    select|   0|  0|   41|           1|          41|
    |select_ln388_55_fu_12170_p3   |    select|   0|  0|   41|           1|          41|
    |select_ln388_56_fu_12455_p3   |    select|   0|  0|   41|           1|          41|
    |select_ln388_57_fu_12208_p3   |    select|   0|  0|   41|           1|          41|
    |select_ln388_58_fu_12794_p3   |    select|   0|  0|   41|           1|          41|
    |select_ln388_59_fu_12230_p3   |    select|   0|  0|   41|           1|          41|
    |select_ln388_5_fu_4221_p3     |    select|   0|  0|   41|           1|          41|
    |select_ln388_60_fu_12852_p3   |    select|   0|  0|   41|           1|          41|
    |select_ln388_61_fu_12615_p3   |    select|   0|  0|   41|           1|          41|
    |select_ln388_62_fu_13118_p3   |    select|   0|  0|   41|           1|          41|
    |select_ln388_63_fu_12943_p3   |    select|   0|  0|   41|           1|          41|
    |select_ln388_64_fu_13182_p3   |    select|   0|  0|   41|           1|          41|
    |select_ln388_65_fu_13204_p3   |    select|   0|  0|   41|           1|          41|
    |select_ln388_66_fu_13396_p3   |    select|   0|  0|   41|           1|          41|
    |select_ln388_6_fu_4822_p3     |    select|   0|  0|   41|           1|          41|
    |select_ln388_7_fu_5083_p3     |    select|   0|  0|   41|           1|          41|
    |select_ln388_8_fu_5184_p3     |    select|   0|  0|   41|           1|          41|
    |select_ln388_9_fu_5285_p3     |    select|   0|  0|   41|           1|          41|
    |select_ln388_fu_2661_p3       |    select|   0|  0|   17|           1|          17|
    |select_ln571_fu_2697_p3       |    select|   0|  0|   16|           1|           1|
    |select_ln582_fu_2374_p3       |    select|   0|  0|   16|           1|          16|
    |select_ln585_fu_2385_p3       |    select|   0|  0|   16|           1|          16|
    |select_ln588_fu_2040_p3       |    select|   0|  0|    2|           1|           2|
    |select_ln603_fu_2428_p3       |    select|   0|  0|   16|           1|          16|
    |select_ln611_fu_2690_p3       |    select|   0|  0|   16|           1|          16|
    |select_ln642_1_fu_2540_p3     |    select|   0|  0|    2|           1|           1|
    |select_ln642_fu_2532_p3       |    select|   0|  0|    2|           1|           1|
    |select_ln943_fu_14102_p3      |    select|   0|  0|    7|           1|           7|
    |select_ln946_fu_14012_p3      |    select|   0|  0|    2|           1|           1|
    |select_ln954_fu_14019_p3      |    select|   0|  0|    2|           1|           1|
    |sh_amt_fu_2251_p3             |    select|   0|  0|   12|           1|          12|
    |tmp_V_2_fu_13868_p3           |    select|   0|  0|   40|           1|          40|
    |shl_ln604_fu_2419_p2          |       shl|   0|  0|   35|          16|          16|
    |shl_ln949_fu_13966_p2         |       shl|   0|  0|  133|           1|          40|
    |shl_ln955_fu_14036_p2         |       shl|   0|  0|  133|          40|          40|
    |Range1_all_zeros_fu_2511_p2   |       xor|   0|  0|    2|           2|           1|
    |Range2_all_ones_1_fu_2492_p2  |       xor|   0|  0|    2|           1|           2|
    |ap_enable_pp1                 |       xor|   0|  0|    2|           1|           2|
    |ap_enable_pp2                 |       xor|   0|  0|    2|           1|           2|
    |xor_ln340_1_fu_13292_p2       |       xor|   0|  0|    2|           1|           1|
    |xor_ln340_2_fu_13421_p2       |       xor|   0|  0|    2|           1|           1|
    |xor_ln340_3_fu_13486_p2       |       xor|   0|  0|    2|           1|           1|
    |xor_ln340_4_fu_13832_p2       |       xor|   0|  0|    2|           1|           1|
    |xor_ln340_5_fu_13550_p2       |       xor|   0|  0|    2|           1|           1|
    |xor_ln340_fu_2638_p2          |       xor|   0|  0|    2|           1|           2|
    |xor_ln571_fu_2047_p2          |       xor|   0|  0|    2|           1|           2|
    |xor_ln582_fu_2285_p2          |       xor|   0|  0|    2|           1|           2|
    |xor_ln585_fu_2435_p2          |       xor|   0|  0|    2|           1|           2|
    |xor_ln621_1_fu_2460_p2        |       xor|   0|  0|    2|           1|           2|
    |xor_ln621_fu_2547_p2          |       xor|   0|  0|    2|           1|           2|
    |xor_ln658_1_fu_2035_p2        |       xor|   0|  0|    2|           1|           2|
    |xor_ln658_fu_2601_p2          |       xor|   0|  0|    2|           1|           2|
    |xor_ln659_fu_2622_p2          |       xor|   0|  0|    2|           2|           1|
    |xor_ln785_10_fu_5160_p2       |       xor|   0|  0|    2|           1|           2|
    |xor_ln785_11_fu_5261_p2       |       xor|   0|  0|    2|           1|           2|
    |xor_ln785_12_fu_5362_p2       |       xor|   0|  0|    2|           1|           2|
    |xor_ln785_13_fu_5593_p2       |       xor|   0|  0|    2|           1|           2|
    |xor_ln785_14_fu_6107_p2       |       xor|   0|  0|    2|           1|           2|
    |xor_ln785_15_fu_13708_p2      |       xor|   0|  0|    2|           1|           2|
    |xor_ln785_16_fu_13820_p2      |       xor|   0|  0|    2|           1|           2|
    |xor_ln785_17_fu_6149_p2       |       xor|   0|  0|    2|           1|           2|
    |xor_ln785_18_fu_6191_p2       |       xor|   0|  0|    2|           1|           2|
    |xor_ln785_19_fu_6233_p2       |       xor|   0|  0|    2|           1|           2|
    |xor_ln785_1_fu_3979_p2        |       xor|   0|  0|    2|           1|           2|
    |xor_ln785_20_fu_6334_p2       |       xor|   0|  0|    2|           1|           2|
    |xor_ln785_21_fu_6631_p2       |       xor|   0|  0|    2|           1|           2|
    |xor_ln785_22_fu_6724_p2       |       xor|   0|  0|    2|           1|           2|
    |xor_ln785_23_fu_6829_p2       |       xor|   0|  0|    2|           1|           2|
    |xor_ln785_24_fu_6928_p2       |       xor|   0|  0|    2|           1|           2|
    |xor_ln785_25_fu_7179_p2       |       xor|   0|  0|    2|           1|           2|
    |xor_ln785_26_fu_7713_p2       |       xor|   0|  0|    2|           1|           2|
    |xor_ln785_27_fu_7379_p2       |       xor|   0|  0|    2|           1|           2|
    |xor_ln785_28_fu_7480_p2       |       xor|   0|  0|    2|           1|           2|
    |xor_ln785_29_fu_7791_p2       |       xor|   0|  0|    2|           1|           2|
    |xor_ln785_2_fu_4024_p2        |       xor|   0|  0|    2|           1|           2|
    |xor_ln785_30_fu_7892_p2       |       xor|   0|  0|    2|           1|           2|
    |xor_ln785_31_fu_8295_p2       |       xor|   0|  0|    2|           1|           2|
    |xor_ln785_32_fu_8323_p2       |       xor|   0|  0|    2|           1|           2|
    |xor_ln785_33_fu_8365_p2       |       xor|   0|  0|    2|           1|           2|
    |xor_ln785_34_fu_8466_p2       |       xor|   0|  0|    2|           1|           2|
    |xor_ln785_35_fu_8737_p2       |       xor|   0|  0|    2|           1|           2|
    |xor_ln785_36_fu_9327_p2       |       xor|   0|  0|    2|           1|           2|
    |xor_ln785_37_fu_8929_p2       |       xor|   0|  0|    2|           1|           2|
    |xor_ln785_38_fu_9034_p2       |       xor|   0|  0|    2|           1|           2|
    |xor_ln785_39_fu_9377_p2       |       xor|   0|  0|    2|           1|           2|
    |xor_ln785_3_fu_4069_p2        |       xor|   0|  0|    2|           1|           2|
    |xor_ln785_40_fu_9478_p2       |       xor|   0|  0|    2|           1|           2|
    |xor_ln785_41_fu_9881_p2       |       xor|   0|  0|    2|           1|           2|
    |xor_ln785_42_fu_9601_p2       |       xor|   0|  0|    2|           1|           2|
    |xor_ln785_43_fu_9702_p2       |       xor|   0|  0|    2|           1|           2|
    |xor_ln785_44_fu_10004_p2      |       xor|   0|  0|    2|           1|           2|
    |xor_ln785_45_fu_10401_p2      |       xor|   0|  0|    2|           1|           2|
    |xor_ln785_46_fu_10873_p2      |       xor|   0|  0|    2|           1|           2|
    |xor_ln785_47_fu_10528_p2      |       xor|   0|  0|    2|           1|           2|
    |xor_ln785_48_fu_10570_p2      |       xor|   0|  0|    2|           1|           2|
    |xor_ln785_49_fu_10915_p2      |       xor|   0|  0|    2|           1|           2|
    |xor_ln785_4_fu_4374_p2        |       xor|   0|  0|    2|           1|           2|
    |xor_ln785_50_fu_11016_p2      |       xor|   0|  0|    2|           1|           2|
    |xor_ln785_51_fu_11381_p2      |       xor|   0|  0|    2|           1|           2|
    |xor_ln785_52_fu_11125_p2      |       xor|   0|  0|    2|           1|           2|
    |xor_ln785_53_fu_11212_p2      |       xor|   0|  0|    2|           1|           2|
    |xor_ln785_54_fu_11504_p2      |       xor|   0|  0|    2|           1|           2|
    |xor_ln785_55_fu_11871_p2      |       xor|   0|  0|    2|           1|           2|
    |xor_ln785_56_fu_12281_p2      |       xor|   0|  0|    2|           1|           2|
    |xor_ln785_57_fu_11998_p2      |       xor|   0|  0|    2|           1|           2|
    |xor_ln785_58_fu_12040_p2      |       xor|   0|  0|    2|           1|           2|
    |xor_ln785_59_fu_12323_p2      |       xor|   0|  0|    2|           1|           2|
    |xor_ln785_5_fu_4481_p2        |       xor|   0|  0|    2|           1|           2|
    |xor_ln785_60_fu_12424_p2      |       xor|   0|  0|    2|           1|           2|
    |xor_ln785_61_fu_12727_p2      |       xor|   0|  0|    2|           1|           2|
    |xor_ln785_62_fu_12755_p2      |       xor|   0|  0|    2|           1|           2|
    |xor_ln785_63_fu_12813_p2      |       xor|   0|  0|    2|           1|           2|
    |xor_ln785_64_fu_13079_p2      |       xor|   0|  0|    2|           1|           2|
    |xor_ln785_65_fu_13137_p2      |       xor|   0|  0|    2|           1|           2|
    |xor_ln785_66_fu_13351_p2      |       xor|   0|  0|    2|           1|           2|
    |xor_ln785_67_fu_13282_p2      |       xor|   0|  0|    2|           1|           2|
    |xor_ln785_68_fu_13411_p2      |       xor|   0|  0|    2|           1|           2|
    |xor_ln785_69_fu_13474_p2      |       xor|   0|  0|    2|           1|           2|
    |xor_ln785_6_fu_4586_p2        |       xor|   0|  0|    2|           1|           2|
    |xor_ln785_70_fu_13540_p2      |       xor|   0|  0|    2|           1|           2|
    |xor_ln785_7_fu_4691_p2        |       xor|   0|  0|    2|           1|           2|
    |xor_ln785_8_fu_4790_p2        |       xor|   0|  0|    2|           1|           2|
    |xor_ln785_9_fu_5059_p2        |       xor|   0|  0|    2|           1|           2|
    |xor_ln785_fu_3934_p2          |       xor|   0|  0|    2|           1|           2|
    |xor_ln786_10_fu_5172_p2       |       xor|   0|  0|    2|           2|           1|
    |xor_ln786_11_fu_5273_p2       |       xor|   0|  0|    2|           2|           1|
    |xor_ln786_12_fu_5374_p2       |       xor|   0|  0|    2|           2|           1|
    |xor_ln786_13_fu_5608_p2       |       xor|   0|  0|    2|           2|           1|
    |xor_ln786_14_fu_6122_p2       |       xor|   0|  0|    2|           2|           1|
    |xor_ln786_15_fu_6164_p2       |       xor|   0|  0|    2|           2|           1|
    |xor_ln786_16_fu_6206_p2       |       xor|   0|  0|    2|           2|           1|
    |xor_ln786_17_fu_6248_p2       |       xor|   0|  0|    2|           2|           1|
    |xor_ln786_18_fu_6346_p2       |       xor|   0|  0|    2|           2|           1|
    |xor_ln786_19_fu_6643_p2       |       xor|   0|  0|    2|           2|           1|
    |xor_ln786_1_fu_3994_p2        |       xor|   0|  0|    2|           2|           1|
    |xor_ln786_20_fu_6742_p2       |       xor|   0|  0|    2|           2|           1|
    |xor_ln786_21_fu_6847_p2       |       xor|   0|  0|    2|           2|           1|
    |xor_ln786_22_fu_6940_p2       |       xor|   0|  0|    2|           2|           1|
    |xor_ln786_23_fu_7194_p2       |       xor|   0|  0|    2|           2|           1|
    |xor_ln786_24_fu_7728_p2       |       xor|   0|  0|    2|           2|           1|
    |xor_ln786_25_fu_7391_p2       |       xor|   0|  0|    2|           2|           1|
    |xor_ln786_26_fu_7492_p2       |       xor|   0|  0|    2|           2|           1|
    |xor_ln786_27_fu_7806_p2       |       xor|   0|  0|    2|           2|           1|
    |xor_ln786_28_fu_7904_p2       |       xor|   0|  0|    2|           2|           1|
    |xor_ln786_29_fu_8307_p2       |       xor|   0|  0|    2|           2|           1|
    |xor_ln786_2_fu_4039_p2        |       xor|   0|  0|    2|           2|           1|
    |xor_ln786_30_fu_8338_p2       |       xor|   0|  0|    2|           2|           1|
    |xor_ln786_31_fu_8380_p2       |       xor|   0|  0|    2|           2|           1|
    |xor_ln786_32_fu_8478_p2       |       xor|   0|  0|    2|           2|           1|
    |xor_ln786_33_fu_8752_p2       |       xor|   0|  0|    2|           2|           1|
    |xor_ln786_34_fu_9342_p2       |       xor|   0|  0|    2|           2|           1|
    |xor_ln786_35_fu_8947_p2       |       xor|   0|  0|    2|           2|           1|
    |xor_ln786_36_fu_9052_p2       |       xor|   0|  0|    2|           2|           1|
    |xor_ln786_37_fu_9392_p2       |       xor|   0|  0|    2|           2|           1|
    |xor_ln786_38_fu_9490_p2       |       xor|   0|  0|    2|           2|           1|
    |xor_ln786_39_fu_9893_p2       |       xor|   0|  0|    2|           2|           1|
    |xor_ln786_3_fu_4084_p2        |       xor|   0|  0|    2|           2|           1|
    |xor_ln786_40_fu_9613_p2       |       xor|   0|  0|    2|           2|           1|
    |xor_ln786_41_fu_9714_p2       |       xor|   0|  0|    2|           2|           1|
    |xor_ln786_42_fu_10016_p2      |       xor|   0|  0|    2|           2|           1|
    |xor_ln786_43_fu_10416_p2      |       xor|   0|  0|    2|           2|           1|
    |xor_ln786_44_fu_10888_p2      |       xor|   0|  0|    2|           2|           1|
    |xor_ln786_45_fu_10543_p2      |       xor|   0|  0|    2|           2|           1|
    |xor_ln786_46_fu_10585_p2      |       xor|   0|  0|    2|           2|           1|
    |xor_ln786_47_fu_10930_p2      |       xor|   0|  0|    2|           2|           1|
    |xor_ln786_48_fu_11028_p2      |       xor|   0|  0|    2|           2|           1|
    |xor_ln786_49_fu_11393_p2      |       xor|   0|  0|    2|           2|           1|
    |xor_ln786_4_fu_4389_p2        |       xor|   0|  0|    2|           2|           1|
    |xor_ln786_50_fu_11137_p2      |       xor|   0|  0|    2|           2|           1|
    |xor_ln786_51_fu_11224_p2      |       xor|   0|  0|    2|           2|           1|
    |xor_ln786_52_fu_11516_p2      |       xor|   0|  0|    2|           2|           1|
    |xor_ln786_53_fu_11886_p2      |       xor|   0|  0|    2|           2|           1|
    |xor_ln786_54_fu_12296_p2      |       xor|   0|  0|    2|           2|           1|
    |xor_ln786_55_fu_12013_p2      |       xor|   0|  0|    2|           2|           1|
    |xor_ln786_56_fu_12055_p2      |       xor|   0|  0|    2|           2|           1|
    |xor_ln786_57_fu_12338_p2      |       xor|   0|  0|    2|           2|           1|
    |xor_ln786_58_fu_12436_p2      |       xor|   0|  0|    2|           2|           1|
    |xor_ln786_59_fu_12739_p2      |       xor|   0|  0|    2|           2|           1|
    |xor_ln786_5_fu_4499_p2        |       xor|   0|  0|    2|           2|           1|
    |xor_ln786_60_fu_12766_p2      |       xor|   0|  0|    2|           2|           1|
    |xor_ln786_61_fu_12824_p2      |       xor|   0|  0|    2|           2|           1|
    |xor_ln786_62_fu_13090_p2      |       xor|   0|  0|    2|           2|           1|
    |xor_ln786_63_fu_13152_p2      |       xor|   0|  0|    2|           2|           1|
    |xor_ln786_64_fu_13366_p2      |       xor|   0|  0|    2|           2|           1|
    |xor_ln786_65_fu_13726_p2      |       xor|   0|  0|    2|           2|           1|
    |xor_ln786_6_fu_4604_p2        |       xor|   0|  0|    2|           2|           1|
    |xor_ln786_7_fu_4709_p2        |       xor|   0|  0|    2|           2|           1|
    |xor_ln786_8_fu_4802_p2        |       xor|   0|  0|    2|           2|           1|
    |xor_ln786_9_fu_5071_p2        |       xor|   0|  0|    2|           2|           1|
    |xor_ln786_fu_3949_p2          |       xor|   0|  0|    2|           2|           1|
    |xor_ln949_fu_13996_p2         |       xor|   0|  0|    2|           1|           2|
    +------------------------------+----------+----+---+-----+------------+------------+
    |Total                         |          |   0|  0|23301|       11823|       20008|
    +------------------------------+----------+----+---+-----+------------+------------+

    * Multiplexer: 
    +-------------------------------+-----+-----------+-----+-----------+
    |              Name             | LUT | Input Size| Bits| Total Bits|
    +-------------------------------+-----+-----------+-----+-----------+
    |acc_V_3_reg_1924               |    9|          2|   40|         80|
    |ap_NS_fsm                      |  113|         23|    1|         23|
    |ap_enable_reg_pp1_iter5        |    9|          2|    1|          2|
    |ap_enable_reg_pp2_iter32       |    9|          2|    1|          2|
    |ap_enable_reg_pp2_iter36       |    9|          2|    1|          2|
    |ap_phi_mux_k_1_phi_fu_1905_p4  |    9|          2|    7|         14|
    |b_reg_1913                     |    9|          2|    3|          6|
    |hist_V_0_address0              |   53|         10|    4|         40|
    |hist_V_0_address1              |   42|          8|    4|         32|
    |hist_V_0_d0                    |   14|          3|   16|         48|
    |hist_V_1_address0              |   59|         11|    4|         44|
    |hist_V_1_address1              |   37|          7|    4|         28|
    |hist_V_1_d0                    |   14|          3|   16|         48|
    |hist_V_2_address0              |   59|         11|    4|         44|
    |hist_V_2_address1              |   37|          7|    4|         28|
    |hist_V_2_d0                    |   14|          3|   16|         48|
    |hist_V_3_address0              |   59|         11|    4|         44|
    |hist_V_3_address1              |   37|          7|    4|         28|
    |hist_V_3_d0                    |   14|          3|   16|         48|
    |hist_V_4_address0              |   59|         11|    4|         44|
    |hist_V_4_address1              |   37|          7|    4|         28|
    |hist_V_4_d0                    |   14|          3|   16|         48|
    |k_1_reg_1901                   |    9|          2|    7|         14|
    |k_reg_1857                     |    9|          2|    7|         14|
    |n_reg_1890                     |    9|          2|   32|         64|
    |phi_mul_reg_1868               |    9|          2|   14|         28|
    |phi_urem_reg_1879              |    9|          2|    7|         14|
    +-------------------------------+-----+-----------+-----+-----------+
    |Total                          |  761|        150|  241|        863|
    +-------------------------------+-----+-----------+-----+-----------+

    * Register: 
    +--------------------------------+-----+----+-----+-----------+
    |              Name              |  FF | LUT| Bits| Const Bits|
    +--------------------------------+-----+----+-----+-----------+
    |F2_reg_14611                    |   12|   0|   12|          0|
    |FIR_COEFFS_V_load_10_reg_15690  |   18|   0|   18|          0|
    |FIR_COEFFS_V_load_11_reg_15695  |   18|   0|   18|          0|
    |FIR_COEFFS_V_load_12_reg_15700  |   18|   0|   18|          0|
    |FIR_COEFFS_V_load_13_reg_15705  |   18|   0|   18|          0|
    |FIR_COEFFS_V_load_14_reg_15807  |   18|   0|   18|          0|
    |FIR_COEFFS_V_load_15_reg_15812  |   18|   0|   18|          0|
    |FIR_COEFFS_V_load_16_reg_15817  |   18|   0|   18|          0|
    |FIR_COEFFS_V_load_17_reg_15822  |   18|   0|   18|          0|
    |FIR_COEFFS_V_load_18_reg_16015  |   18|   0|   18|          0|
    |FIR_COEFFS_V_load_19_reg_16225  |   18|   0|   18|          0|
    |FIR_COEFFS_V_load_1_reg_15463   |   18|   0|   18|          0|
    |FIR_COEFFS_V_load_20_reg_16230  |   18|   0|   18|          0|
    |FIR_COEFFS_V_load_21_reg_16235  |   18|   0|   18|          0|
    |FIR_COEFFS_V_load_22_reg_16240  |   18|   0|   18|          0|
    |FIR_COEFFS_V_load_23_reg_16245  |   18|   0|   18|          0|
    |FIR_COEFFS_V_load_24_reg_16397  |   18|   0|   18|          0|
    |FIR_COEFFS_V_load_25_reg_16402  |   18|   0|   18|          0|
    |FIR_COEFFS_V_load_26_reg_16407  |   18|   0|   18|          0|
    |FIR_COEFFS_V_load_27_reg_16412  |   18|   0|   18|          0|
    |FIR_COEFFS_V_load_28_reg_16535  |   18|   0|   18|          0|
    |FIR_COEFFS_V_load_29_reg_16739  |   18|   0|   18|          0|
    |FIR_COEFFS_V_load_2_reg_15468   |   18|   0|   18|          0|
    |FIR_COEFFS_V_load_30_reg_16540  |   18|   0|   18|          0|
    |FIR_COEFFS_V_load_31_reg_16545  |   18|   0|   18|          0|
    |FIR_COEFFS_V_load_32_reg_16754  |   18|   0|   18|          0|
    |FIR_COEFFS_V_load_33_reg_16759  |   18|   0|   18|          0|
    |FIR_COEFFS_V_load_34_reg_16931  |   18|   0|   18|          0|
    |FIR_COEFFS_V_load_35_reg_16936  |   18|   0|   18|          0|
    |FIR_COEFFS_V_load_36_reg_16941  |   18|   0|   18|          0|
    |FIR_COEFFS_V_load_37_reg_16946  |   18|   0|   18|          0|
    |FIR_COEFFS_V_load_38_reg_17105  |   18|   0|   18|          0|
    |FIR_COEFFS_V_load_39_reg_17259  |   18|   0|   18|          0|
    |FIR_COEFFS_V_load_3_reg_15473   |   18|   0|   18|          0|
    |FIR_COEFFS_V_load_40_reg_17110  |   18|   0|   18|          0|
    |FIR_COEFFS_V_load_41_reg_17115  |   18|   0|   18|          0|
    |FIR_COEFFS_V_load_42_reg_17274  |   18|   0|   18|          0|
    |FIR_COEFFS_V_load_43_reg_17279  |   18|   0|   18|          0|
    |FIR_COEFFS_V_load_44_reg_17445  |   18|   0|   18|          0|
    |FIR_COEFFS_V_load_45_reg_17284  |   18|   0|   18|          0|
    |FIR_COEFFS_V_load_46_reg_17289  |   18|   0|   18|          0|
    |FIR_COEFFS_V_load_47_reg_17460  |   18|   0|   18|          0|
    |FIR_COEFFS_V_load_48_reg_17639  |   18|   0|   18|          0|
    |FIR_COEFFS_V_load_49_reg_17819  |   18|   0|   18|          0|
    |FIR_COEFFS_V_load_4_reg_15523   |   18|   0|   18|          0|
    |FIR_COEFFS_V_load_50_reg_17644  |   18|   0|   18|          0|
    |FIR_COEFFS_V_load_51_reg_17649  |   18|   0|   18|          0|
    |FIR_COEFFS_V_load_52_reg_17834  |   18|   0|   18|          0|
    |FIR_COEFFS_V_load_53_reg_17839  |   18|   0|   18|          0|
    |FIR_COEFFS_V_load_54_reg_17965  |   18|   0|   18|          0|
    |FIR_COEFFS_V_load_55_reg_17844  |   18|   0|   18|          0|
    |FIR_COEFFS_V_load_56_reg_17849  |   18|   0|   18|          0|
    |FIR_COEFFS_V_load_57_reg_17980  |   18|   0|   18|          0|
    |FIR_COEFFS_V_load_58_reg_18149  |   18|   0|   18|          0|
    |FIR_COEFFS_V_load_59_reg_18324  |   18|   0|   18|          0|
    |FIR_COEFFS_V_load_5_reg_15528   |   18|   0|   18|          0|
    |FIR_COEFFS_V_load_60_reg_18154  |   18|   0|   18|          0|
    |FIR_COEFFS_V_load_61_reg_18159  |   18|   0|   18|          0|
    |FIR_COEFFS_V_load_62_reg_18339  |   18|   0|   18|          0|
    |FIR_COEFFS_V_load_63_reg_18344  |   18|   0|   18|          0|
    |FIR_COEFFS_V_load_64_reg_18445  |   18|   0|   18|          0|
    |FIR_COEFFS_V_load_6_reg_15533   |   18|   0|   18|          0|
    |FIR_COEFFS_V_load_7_reg_15538   |   18|   0|   18|          0|
    |FIR_COEFFS_V_load_8_reg_15543   |   18|   0|   18|          0|
    |FIR_COEFFS_V_load_9_reg_15685   |   18|   0|   18|          0|
    |FIR_COEFFS_V_load_reg_15458     |   18|   0|   18|          0|
    |Range1_all_ones_3_reg_14663     |    1|   0|    1|          0|
    |Range2_V_1_reg_14703            |   54|   0|   54|          0|
    |acc_V_3_reg_1924                |   40|   0|   40|          0|
    |add_ln198_reg_14548             |   32|   0|   32|          0|
    |add_ln205_reg_14561             |    7|   0|    7|          0|
    |add_ln206_reg_14566             |    6|   0|    6|          0|
    |add_ln254_reg_15348             |    9|   0|    9|          0|
    |add_ln703_1_reg_18716           |   40|   0|   40|          0|
    |add_ln703_3_reg_18745           |   40|   0|   40|          0|
    |add_ln703_reg_18669             |   40|   0|   40|          0|
    |and_ln581_reg_14639             |    1|   0|    1|          0|
    |and_ln786_100_reg_17343         |    1|   0|    1|          0|
    |and_ln786_101_reg_17363         |    1|   0|    1|          0|
    |and_ln786_103_reg_17512         |    1|   0|    1|          0|
    |and_ln786_104_reg_17686         |    1|   0|    1|          0|
    |and_ln786_105_reg_17556         |    1|   0|    1|          0|
    |and_ln786_106_reg_17589         |    1|   0|    1|          0|
    |and_ln786_107_reg_17719         |    1|   0|    1|          0|
    |and_ln786_10_reg_16100          |    1|   0|    1|          0|
    |and_ln786_113_reg_18022         |    1|   0|    1|          0|
    |and_ln786_114_reg_18191         |    1|   0|    1|          0|
    |and_ln786_115_reg_18066         |    1|   0|    1|          0|
    |and_ln786_116_reg_18099         |    1|   0|    1|          0|
    |and_ln786_117_reg_18224         |    1|   0|    1|          0|
    |and_ln786_11_reg_16133          |    1|   0|    1|          0|
    |and_ln786_123_reg_18472         |    1|   0|    1|          0|
    |and_ln786_124_reg_18594         |    1|   0|    1|          0|
    |and_ln786_125_reg_18516         |    1|   0|    1|          0|
    |and_ln786_126_reg_18544         |    1|   0|    1|          0|
    |and_ln786_127_reg_18627         |    1|   0|    1|          0|
    |and_ln786_12_reg_16166          |    1|   0|    1|          0|
    |and_ln786_18_reg_16459          |    1|   0|    1|          0|
    |and_ln786_19_reg_16597          |    1|   0|    1|          0|
    |and_ln786_20_reg_16618          |    1|   0|    1|          0|
    |and_ln786_21_reg_16638          |    1|   0|    1|          0|
    |and_ln786_22_reg_16670          |    1|   0|    1|          0|
    |and_ln786_25_reg_16830          |    1|   0|    1|          0|
    |and_ln786_26_reg_16863          |    1|   0|    1|          0|
    |and_ln786_28_reg_17003          |    1|   0|    1|          0|
    |and_ln786_29_reg_17157          |    1|   0|    1|          0|
    |and_ln786_32_reg_17190          |    1|   0|    1|          0|
    |and_ln786_35_reg_17348          |    1|   0|    1|          0|
    |and_ln786_36_reg_17368          |    1|   0|    1|          0|
    |and_ln786_38_reg_17517          |    1|   0|    1|          0|
    |and_ln786_39_reg_17691          |    1|   0|    1|          0|
    |and_ln786_40_reg_17561          |    1|   0|    1|          0|
    |and_ln786_41_reg_17594          |    1|   0|    1|          0|
    |and_ln786_42_reg_17724          |    1|   0|    1|          0|
    |and_ln786_48_reg_18027          |    1|   0|    1|          0|
    |and_ln786_49_reg_18196          |    1|   0|    1|          0|
    |and_ln786_50_reg_18071          |    1|   0|    1|          0|
    |and_ln786_51_reg_18104          |    1|   0|    1|          0|
    |and_ln786_52_reg_18229          |    1|   0|    1|          0|
    |and_ln786_58_reg_18477          |    1|   0|    1|          0|
    |and_ln786_59_reg_18599          |    1|   0|    1|          0|
    |and_ln786_5_reg_15867           |    1|   0|    1|          0|
    |and_ln786_6_reg_15887           |    1|   0|    1|          0|
    |and_ln786_70_reg_15862          |    1|   0|    1|          0|
    |and_ln786_71_reg_15882          |    1|   0|    1|          0|
    |and_ln786_72_reg_15902          |    1|   0|    1|          0|
    |and_ln786_73_reg_15934          |    1|   0|    1|          0|
    |and_ln786_74_reg_16062          |    1|   0|    1|          0|
    |and_ln786_75_reg_16095          |    1|   0|    1|          0|
    |and_ln786_76_reg_16128          |    1|   0|    1|          0|
    |and_ln786_77_reg_16161          |    1|   0|    1|          0|
    |and_ln786_7_reg_15907           |    1|   0|    1|          0|
    |and_ln786_83_reg_16454          |    1|   0|    1|          0|
    |and_ln786_84_reg_16592          |    1|   0|    1|          0|
    |and_ln786_85_reg_16613          |    1|   0|    1|          0|
    |and_ln786_86_reg_16633          |    1|   0|    1|          0|
    |and_ln786_87_reg_16665          |    1|   0|    1|          0|
    |and_ln786_8_reg_15939           |    1|   0|    1|          0|
    |and_ln786_90_reg_16825          |    1|   0|    1|          0|
    |and_ln786_91_reg_16858          |    1|   0|    1|          0|
    |and_ln786_93_reg_16998          |    1|   0|    1|          0|
    |and_ln786_94_reg_17152          |    1|   0|    1|          0|
    |and_ln786_97_reg_17185          |    1|   0|    1|          0|
    |and_ln786_9_reg_16067           |    1|   0|    1|          0|
    |ap_CS_fsm                       |   22|   0|   22|          0|
    |ap_enable_reg_pp1_iter0         |    1|   0|    1|          0|
    |ap_enable_reg_pp1_iter1         |    1|   0|    1|          0|
    |ap_enable_reg_pp1_iter2         |    1|   0|    1|          0|
    |ap_enable_reg_pp1_iter3         |    1|   0|    1|          0|
    |ap_enable_reg_pp1_iter4         |    1|   0|    1|          0|
    |ap_enable_reg_pp1_iter5         |    1|   0|    1|          0|
    |ap_enable_reg_pp2_iter0         |    1|   0|    1|          0|
    |ap_enable_reg_pp2_iter1         |    1|   0|    1|          0|
    |ap_enable_reg_pp2_iter10        |    1|   0|    1|          0|
    |ap_enable_reg_pp2_iter11        |    1|   0|    1|          0|
    |ap_enable_reg_pp2_iter12        |    1|   0|    1|          0|
    |ap_enable_reg_pp2_iter13        |    1|   0|    1|          0|
    |ap_enable_reg_pp2_iter14        |    1|   0|    1|          0|
    |ap_enable_reg_pp2_iter15        |    1|   0|    1|          0|
    |ap_enable_reg_pp2_iter16        |    1|   0|    1|          0|
    |ap_enable_reg_pp2_iter17        |    1|   0|    1|          0|
    |ap_enable_reg_pp2_iter18        |    1|   0|    1|          0|
    |ap_enable_reg_pp2_iter19        |    1|   0|    1|          0|
    |ap_enable_reg_pp2_iter2         |    1|   0|    1|          0|
    |ap_enable_reg_pp2_iter20        |    1|   0|    1|          0|
    |ap_enable_reg_pp2_iter21        |    1|   0|    1|          0|
    |ap_enable_reg_pp2_iter22        |    1|   0|    1|          0|
    |ap_enable_reg_pp2_iter23        |    1|   0|    1|          0|
    |ap_enable_reg_pp2_iter24        |    1|   0|    1|          0|
    |ap_enable_reg_pp2_iter25        |    1|   0|    1|          0|
    |ap_enable_reg_pp2_iter26        |    1|   0|    1|          0|
    |ap_enable_reg_pp2_iter27        |    1|   0|    1|          0|
    |ap_enable_reg_pp2_iter28        |    1|   0|    1|          0|
    |ap_enable_reg_pp2_iter29        |    1|   0|    1|          0|
    |ap_enable_reg_pp2_iter3         |    1|   0|    1|          0|
    |ap_enable_reg_pp2_iter30        |    1|   0|    1|          0|
    |ap_enable_reg_pp2_iter31        |    1|   0|    1|          0|
    |ap_enable_reg_pp2_iter32        |    1|   0|    1|          0|
    |ap_enable_reg_pp2_iter33        |    1|   0|    1|          0|
    |ap_enable_reg_pp2_iter34        |    1|   0|    1|          0|
    |ap_enable_reg_pp2_iter35        |    1|   0|    1|          0|
    |ap_enable_reg_pp2_iter36        |    1|   0|    1|          0|
    |ap_enable_reg_pp2_iter4         |    1|   0|    1|          0|
    |ap_enable_reg_pp2_iter5         |    1|   0|    1|          0|
    |ap_enable_reg_pp2_iter6         |    1|   0|    1|          0|
    |ap_enable_reg_pp2_iter7         |    1|   0|    1|          0|
    |ap_enable_reg_pp2_iter8         |    1|   0|    1|          0|
    |ap_enable_reg_pp2_iter9         |    1|   0|    1|          0|
    |b_reg_1913                      |    3|   0|    3|          0|
    |deleted_ones_reg_14741          |    1|   0|    1|          0|
    |hist_V_0_load_1_reg_14783       |   16|   0|   16|          0|
    |hist_V_0_load_2_reg_14814       |   16|   0|   16|          0|
    |hist_V_0_load_3_reg_14839       |   16|   0|   16|          0|
    |hist_V_0_load_4_reg_14864       |   16|   0|   16|          0|
    |hist_V_0_load_5_reg_14889       |   16|   0|   16|          0|
    |hist_V_0_load_6_reg_14914       |   16|   0|   16|          0|
    |hist_V_0_load_7_reg_14939       |   16|   0|   16|          0|
    |hist_V_0_load_8_reg_14964       |   16|   0|   16|          0|
    |hist_V_0_load_9_reg_14989       |   16|   0|   16|          0|
    |hist_V_0_load_reg_14758         |   16|   0|   16|          0|
    |hist_V_1_load_10_reg_14994      |   16|   0|   16|          0|
    |hist_V_1_load_1_reg_14763       |   16|   0|   16|          0|
    |hist_V_1_load_2_reg_14788       |   16|   0|   16|          0|
    |hist_V_1_load_3_reg_14819       |   16|   0|   16|          0|
    |hist_V_1_load_4_reg_14844       |   16|   0|   16|          0|
    |hist_V_1_load_5_reg_14869       |   16|   0|   16|          0|
    |hist_V_1_load_6_reg_14894       |   16|   0|   16|          0|
    |hist_V_1_load_7_reg_14919       |   16|   0|   16|          0|
    |hist_V_1_load_8_reg_14944       |   16|   0|   16|          0|
    |hist_V_1_load_9_reg_14969       |   16|   0|   16|          0|
    |hist_V_1_load_reg_14709         |   16|   0|   16|          0|
    |hist_V_2_load_10_reg_14999      |   16|   0|   16|          0|
    |hist_V_2_load_1_reg_14768       |   16|   0|   16|          0|
    |hist_V_2_load_2_reg_14793       |   16|   0|   16|          0|
    |hist_V_2_load_3_reg_14824       |   16|   0|   16|          0|
    |hist_V_2_load_4_reg_14849       |   16|   0|   16|          0|
    |hist_V_2_load_5_reg_14874       |   16|   0|   16|          0|
    |hist_V_2_load_6_reg_14899       |   16|   0|   16|          0|
    |hist_V_2_load_7_reg_14924       |   16|   0|   16|          0|
    |hist_V_2_load_8_reg_14949       |   16|   0|   16|          0|
    |hist_V_2_load_9_reg_14974       |   16|   0|   16|          0|
    |hist_V_2_load_reg_14714         |   16|   0|   16|          0|
    |hist_V_3_load_10_reg_15004      |   16|   0|   16|          0|
    |hist_V_3_load_1_reg_14773       |   16|   0|   16|          0|
    |hist_V_3_load_2_reg_14798       |   16|   0|   16|          0|
    |hist_V_3_load_3_reg_14829       |   16|   0|   16|          0|
    |hist_V_3_load_4_reg_14854       |   16|   0|   16|          0|
    |hist_V_3_load_5_reg_14879       |   16|   0|   16|          0|
    |hist_V_3_load_6_reg_14904       |   16|   0|   16|          0|
    |hist_V_3_load_7_reg_14929       |   16|   0|   16|          0|
    |hist_V_3_load_8_reg_14954       |   16|   0|   16|          0|
    |hist_V_3_load_9_reg_14979       |   16|   0|   16|          0|
    |hist_V_3_load_reg_14719         |   16|   0|   16|          0|
    |hist_V_4_load_10_reg_15009      |   16|   0|   16|          0|
    |hist_V_4_load_1_reg_14778       |   16|   0|   16|          0|
    |hist_V_4_load_2_reg_14803       |   16|   0|   16|          0|
    |hist_V_4_load_3_reg_14834       |   16|   0|   16|          0|
    |hist_V_4_load_4_reg_14859       |   16|   0|   16|          0|
    |hist_V_4_load_5_reg_14884       |   16|   0|   16|          0|
    |hist_V_4_load_6_reg_14909       |   16|   0|   16|          0|
    |hist_V_4_load_7_reg_14934       |   16|   0|   16|          0|
    |hist_V_4_load_8_reg_14959       |   16|   0|   16|          0|
    |hist_V_4_load_9_reg_14984       |   16|   0|   16|          0|
    |hist_V_4_load_reg_14724         |   16|   0|   16|          0|
    |icmp_ln1497_reg_18789           |    1|   0|    1|          0|
    |icmp_ln205_reg_14557            |    1|   0|    1|          0|
    |icmp_ln214_reg_15344            |    1|   0|    1|          0|
    |icmp_ln571_reg_14206            |    1|   0|    1|          0|
    |icmp_ln581_1_reg_14685          |    1|   0|    1|          0|
    |icmp_ln582_reg_14623            |    1|   0|    1|          0|
    |icmp_ln585_reg_14675            |    1|   0|    1|          0|
    |icmp_ln603_reg_14634            |    1|   0|    1|          0|
    |icmp_ln611_reg_14645            |    1|   0|    1|          0|
    |icmp_ln621_reg_14651            |    1|   0|    1|          0|
    |icmp_ln954_reg_18881            |    1|   0|    1|          0|
    |ireg_reg_14193                  |   64|   0|   64|          0|
    |k_1_reg_1901                    |    7|   0|    7|          0|
    |k_reg_1857                      |    7|   0|    7|          0|
    |lsb_index_reg_18853             |   32|   0|   32|          0|
    |m_4_reg_18891                   |   40|   0|   40|          0|
    |man_V_reg_14605                 |   54|   0|   54|          0|
    |mul_ln1118_10_reg_15956         |   65|   0|   65|          0|
    |mul_ln1118_11_reg_15967         |   65|   0|   65|          0|
    |mul_ln1118_12_reg_15978         |   65|   0|   65|          0|
    |mul_ln1118_13_reg_15989         |   65|   0|   65|          0|
    |mul_ln1118_14_reg_16196         |   65|   0|   65|          0|
    |mul_ln1118_15_reg_16202         |   65|   0|   65|          0|
    |mul_ln1118_16_reg_16208         |   65|   0|   65|          0|
    |mul_ln1118_17_reg_16214         |   65|   0|   65|          0|
    |mul_ln1118_18_reg_16361         |   65|   0|   65|          0|
    |mul_ln1118_19_reg_16465         |   65|   0|   65|          0|
    |mul_ln1118_20_reg_16476         |   65|   0|   65|          0|
    |mul_ln1118_21_reg_16487         |   65|   0|   65|          0|
    |mul_ln1118_22_reg_16498         |   65|   0|   65|          0|
    |mul_ln1118_23_reg_16509         |   65|   0|   65|          0|
    |mul_ln1118_24_reg_16700         |   65|   0|   65|          0|
    |mul_ln1118_25_reg_16706         |   65|   0|   65|          0|
    |mul_ln1118_26_reg_16717         |   65|   0|   65|          0|
    |mul_ln1118_27_reg_16728         |   65|   0|   65|          0|
    |mul_ln1118_28_reg_16893         |   65|   0|   65|          0|
    |mul_ln1118_29_reg_17009         |   65|   0|   65|          0|
    |mul_ln1118_30_reg_16909         |   65|   0|   65|          0|
    |mul_ln1118_31_reg_16915         |   65|   0|   65|          0|
    |mul_ln1118_32_reg_17068         |   65|   0|   65|          0|
    |mul_ln1118_33_reg_17079         |   65|   0|   65|          0|
    |mul_ln1118_34_reg_17220         |   65|   0|   65|          0|
    |mul_ln1118_35_reg_17226         |   65|   0|   65|          0|
    |mul_ln1118_36_reg_17237         |   65|   0|   65|          0|
    |mul_ln1118_37_reg_17248         |   65|   0|   65|          0|
    |mul_ln1118_38_reg_17397         |   65|   0|   65|          0|
    |mul_ln1118_39_reg_17523         |   65|   0|   65|          0|
    |mul_ln1118_40_reg_17413         |   65|   0|   65|          0|
    |mul_ln1118_41_reg_17424         |   65|   0|   65|          0|
    |mul_ln1118_42_reg_17600         |   65|   0|   65|          0|
    |mul_ln1118_43_reg_17611         |   65|   0|   65|          0|
    |mul_ln1118_44_reg_17754         |   65|   0|   65|          0|
    |mul_ln1118_45_reg_17622         |   65|   0|   65|          0|
    |mul_ln1118_46_reg_17628         |   65|   0|   65|          0|
    |mul_ln1118_47_reg_17808         |   65|   0|   65|          0|
    |mul_ln1118_48_reg_17917         |   65|   0|   65|          0|
    |mul_ln1118_49_reg_18033         |   65|   0|   65|          0|
    |mul_ln1118_50_reg_17933         |   65|   0|   65|          0|
    |mul_ln1118_51_reg_17944         |   65|   0|   65|          0|
    |mul_ln1118_52_reg_18110         |   65|   0|   65|          0|
    |mul_ln1118_53_reg_18121         |   65|   0|   65|          0|
    |mul_ln1118_54_reg_18259         |   65|   0|   65|          0|
    |mul_ln1118_55_reg_18132         |   65|   0|   65|          0|
    |mul_ln1118_56_reg_18138         |   65|   0|   65|          0|
    |mul_ln1118_57_reg_18313         |   65|   0|   65|          0|
    |mul_ln1118_58_reg_18397         |   65|   0|   65|          0|
    |mul_ln1118_59_reg_18483         |   65|   0|   65|          0|
    |mul_ln1118_5_reg_15738          |   65|   0|   65|          0|
    |mul_ln1118_60_reg_18413         |   65|   0|   65|          0|
    |mul_ln1118_61_reg_18424         |   65|   0|   65|          0|
    |mul_ln1118_62_reg_18550         |   65|   0|   65|          0|
    |mul_ln1118_63_reg_18561         |   65|   0|   65|          0|
    |mul_ln1118_64_reg_18657         |   65|   0|   65|          0|
    |mul_ln1118_66_reg_18815         |  104|   0|  104|          0|
    |mul_ln1118_6_reg_15749          |   65|   0|   65|          0|
    |mul_ln1118_7_reg_15760          |   65|   0|   65|          0|
    |mul_ln1118_8_reg_15771          |   65|   0|   65|          0|
    |mul_ln1118_9_reg_15945          |   65|   0|   65|          0|
    |n_reg_1890                      |   32|   0|   32|          0|
    |neg_src_1_reg_14746             |    1|   0|    1|          0|
    |overflow_reg_14752              |    1|   0|    1|          0|
    |p_Result_13_reg_14199           |    1|   0|    1|          0|
    |p_Result_15_reg_14736           |    1|   0|    1|          0|
    |p_Result_20_reg_18835           |    1|   0|    1|          0|
    |p_Result_22_reg_18870           |    1|   0|    1|          0|
    |p_Result_7_reg_18896            |    1|   0|    1|          0|
    |p_Val2_1_reg_14729              |   16|   0|   16|          0|
    |p_Val2_3_reg_18768              |   40|   0|   40|          0|
    |phi_mul_reg_1868                |   14|   0|   14|          0|
    |phi_urem_reg_1879               |    7|   0|    7|          0|
    |pos2_reg_14690                  |   12|   0|   12|          0|
    |r_V_reg_18799                   |   72|   0|   72|          0|
    |ret_V_3_reg_18784               |   41|   0|   41|          0|
    |ret_V_reg_18804                 |   72|   0|   72|          0|
    |select_ln340_100_reg_17923      |   40|   0|   40|          0|
    |select_ln340_102_reg_18039      |   40|   0|   40|          0|
    |select_ln340_104_reg_17939      |   40|   0|   40|          0|
    |select_ln340_106_reg_17950      |   40|   0|   40|          0|
    |select_ln340_108_reg_18116      |   40|   0|   40|          0|
    |select_ln340_11_reg_15777       |   40|   0|   40|          0|
    |select_ln340_120_reg_18403      |   40|   0|   40|          0|
    |select_ln340_122_reg_18489      |   40|   0|   40|          0|
    |select_ln340_124_reg_18419      |   40|   0|   40|          0|
    |select_ln340_127_reg_18430      |   40|   0|   40|          0|
    |select_ln340_130_reg_18556      |   40|   0|   40|          0|
    |select_ln340_134_reg_18680      |   40|   0|   40|          0|
    |select_ln340_137_reg_18727      |   40|   0|   40|          0|
    |select_ln340_13_reg_15951       |   40|   0|   40|          0|
    |select_ln340_14_reg_15962       |   40|   0|   40|          0|
    |select_ln340_16_reg_15973       |   40|   0|   40|          0|
    |select_ln340_18_reg_15984       |   40|   0|   40|          0|
    |select_ln340_31_reg_16367       |   40|   0|   40|          0|
    |select_ln340_33_reg_16471       |   40|   0|   40|          0|
    |select_ln340_35_reg_16482       |   40|   0|   40|          0|
    |select_ln340_37_reg_16493       |   40|   0|   40|          0|
    |select_ln340_39_reg_16504       |   40|   0|   40|          0|
    |select_ln340_3_reg_18820        |   40|   0|   40|          0|
    |select_ln340_44_reg_16712       |   40|   0|   40|          0|
    |select_ln340_46_reg_16723       |   40|   0|   40|          0|
    |select_ln340_51_reg_16899       |   40|   0|   40|          0|
    |select_ln340_53_reg_17015       |   40|   0|   40|          0|
    |select_ln340_59_reg_17074       |   40|   0|   40|          0|
    |select_ln340_5_reg_15744        |   40|   0|   40|          0|
    |select_ln340_70_reg_18733       |   40|   0|   40|          0|
    |select_ln340_71_reg_18756       |   40|   0|   40|          0|
    |select_ln340_74_reg_17232       |   40|   0|   40|          0|
    |select_ln340_76_reg_17243       |   40|   0|   40|          0|
    |select_ln340_7_reg_15755        |   40|   0|   40|          0|
    |select_ln340_80_reg_17403       |   40|   0|   40|          0|
    |select_ln340_82_reg_17529       |   40|   0|   40|          0|
    |select_ln340_83_reg_17419       |   40|   0|   40|          0|
    |select_ln340_85_reg_17430       |   40|   0|   40|          0|
    |select_ln340_88_reg_17606       |   40|   0|   40|          0|
    |select_ln340_9_reg_15766        |   40|   0|   40|          0|
    |select_ln571_reg_14808          |   16|   0|   16|          0|
    |select_ln585_reg_14680          |   16|   0|   16|          0|
    |select_ln588_reg_14538          |   16|   0|   16|          0|
    |select_ln954_reg_18886          |    1|   0|    1|          0|
    |sext_ln214_reg_15334            |   48|   0|   65|         17|
    |sext_ln581_reg_14670            |   32|   0|   32|          0|
    |sext_ln727_10_reg_15064         |   48|   0|   65|         17|
    |sext_ln727_11_reg_15069         |   48|   0|   65|         17|
    |sext_ln727_12_reg_15074         |   48|   0|   65|         17|
    |sext_ln727_13_reg_15079         |   48|   0|   65|         17|
    |sext_ln727_14_reg_15084         |   48|   0|   65|         17|
    |sext_ln727_15_reg_15089         |   48|   0|   65|         17|
    |sext_ln727_16_reg_15094         |   48|   0|   65|         17|
    |sext_ln727_17_reg_15099         |   48|   0|   65|         17|
    |sext_ln727_18_reg_15104         |   48|   0|   65|         17|
    |sext_ln727_19_reg_15109         |   48|   0|   65|         17|
    |sext_ln727_1_reg_15019          |   48|   0|   65|         17|
    |sext_ln727_20_reg_15114         |   48|   0|   65|         17|
    |sext_ln727_21_reg_15119         |   48|   0|   65|         17|
    |sext_ln727_22_reg_15124         |   48|   0|   65|         17|
    |sext_ln727_23_reg_15129         |   48|   0|   65|         17|
    |sext_ln727_24_reg_15134         |   48|   0|   65|         17|
    |sext_ln727_25_reg_15139         |   48|   0|   65|         17|
    |sext_ln727_26_reg_15144         |   48|   0|   65|         17|
    |sext_ln727_27_reg_15149         |   48|   0|   65|         17|
    |sext_ln727_28_reg_15154         |   48|   0|   65|         17|
    |sext_ln727_29_reg_15159         |   48|   0|   65|         17|
    |sext_ln727_2_reg_15024          |   48|   0|   65|         17|
    |sext_ln727_30_reg_15164         |   48|   0|   65|         17|
    |sext_ln727_31_reg_15169         |   48|   0|   65|         17|
    |sext_ln727_32_reg_15174         |   48|   0|   65|         17|
    |sext_ln727_33_reg_15179         |   48|   0|   65|         17|
    |sext_ln727_34_reg_15184         |   48|   0|   65|         17|
    |sext_ln727_35_reg_15189         |   48|   0|   65|         17|
    |sext_ln727_36_reg_15194         |   48|   0|   65|         17|
    |sext_ln727_37_reg_15199         |   48|   0|   65|         17|
    |sext_ln727_38_reg_15204         |   48|   0|   65|         17|
    |sext_ln727_39_reg_15209         |   48|   0|   65|         17|
    |sext_ln727_3_reg_15029          |   48|   0|   65|         17|
    |sext_ln727_40_reg_15214         |   48|   0|   65|         17|
    |sext_ln727_41_reg_15219         |   48|   0|   65|         17|
    |sext_ln727_42_reg_15224         |   48|   0|   65|         17|
    |sext_ln727_43_reg_15229         |   48|   0|   65|         17|
    |sext_ln727_44_reg_15234         |   48|   0|   65|         17|
    |sext_ln727_45_reg_15239         |   48|   0|   65|         17|
    |sext_ln727_46_reg_15244         |   48|   0|   65|         17|
    |sext_ln727_47_reg_15249         |   48|   0|   65|         17|
    |sext_ln727_48_reg_15254         |   48|   0|   65|         17|
    |sext_ln727_49_reg_15259         |   48|   0|   65|         17|
    |sext_ln727_4_reg_15034          |   48|   0|   65|         17|
    |sext_ln727_50_reg_15264         |   48|   0|   65|         17|
    |sext_ln727_51_reg_15269         |   48|   0|   65|         17|
    |sext_ln727_52_reg_15274         |   48|   0|   65|         17|
    |sext_ln727_53_reg_15279         |   48|   0|   65|         17|
    |sext_ln727_54_reg_15284         |   48|   0|   65|         17|
    |sext_ln727_55_reg_15289         |   48|   0|   65|         17|
    |sext_ln727_56_reg_15294         |   48|   0|   65|         17|
    |sext_ln727_57_reg_15299         |   48|   0|   65|         17|
    |sext_ln727_58_reg_15304         |   48|   0|   65|         17|
    |sext_ln727_59_reg_15309         |   48|   0|   65|         17|
    |sext_ln727_5_reg_15039          |   48|   0|   65|         17|
    |sext_ln727_60_reg_15314         |   48|   0|   65|         17|
    |sext_ln727_61_reg_15319         |   48|   0|   65|         17|
    |sext_ln727_62_reg_15324         |   48|   0|   65|         17|
    |sext_ln727_63_reg_15329         |   48|   0|   65|         17|
    |sext_ln727_6_reg_15044          |   48|   0|   65|         17|
    |sext_ln727_7_reg_15049          |   48|   0|   65|         17|
    |sext_ln727_8_reg_15054          |   48|   0|   65|         17|
    |sext_ln727_9_reg_15059          |   48|   0|   65|         17|
    |sext_ln727_reg_15014            |   48|   0|   65|         17|
    |sh_amt_reg_14617                |   12|   0|   12|          0|
    |sub_ln944_reg_18847             |   32|   0|   32|          0|
    |tmp_100_reg_16887               |    1|   0|    1|          0|
    |tmp_102_reg_16982               |    1|   0|    1|          0|
    |tmp_103_reg_16987               |    1|   0|    1|          0|
    |tmp_105_reg_17136               |    1|   0|    1|          0|
    |tmp_106_reg_17141               |    1|   0|    1|          0|
    |tmp_107_reg_17020               |    1|   0|    1|          0|
    |tmp_108_reg_17032               |    1|   0|    1|          0|
    |tmp_109_reg_17038               |    1|   0|    1|          0|
    |tmp_110_reg_17044               |    1|   0|    1|          0|
    |tmp_111_reg_17056               |    1|   0|    1|          0|
    |tmp_112_reg_17062               |    1|   0|    1|          0|
    |tmp_114_reg_17169               |    1|   0|    1|          0|
    |tmp_115_reg_17174               |    1|   0|    1|          0|
    |tmp_116_reg_17196               |    1|   0|    1|          0|
    |tmp_117_reg_17208               |    1|   0|    1|          0|
    |tmp_118_reg_17214               |    1|   0|    1|          0|
    |tmp_119_reg_17309               |    1|   0|    1|          0|
    |tmp_120_reg_17321               |    1|   0|    1|          0|
    |tmp_121_reg_17327               |    1|   0|    1|          0|
    |tmp_128_reg_17373               |    1|   0|    1|          0|
    |tmp_129_reg_17385               |    1|   0|    1|          0|
    |tmp_130_reg_17391               |    1|   0|    1|          0|
    |tmp_132_reg_17496               |    1|   0|    1|          0|
    |tmp_133_reg_17501               |    1|   0|    1|          0|
    |tmp_135_reg_17670               |    1|   0|    1|          0|
    |tmp_136_reg_17675               |    1|   0|    1|          0|
    |tmp_138_reg_17540               |    1|   0|    1|          0|
    |tmp_139_reg_17545               |    1|   0|    1|          0|
    |tmp_141_reg_17573               |    1|   0|    1|          0|
    |tmp_142_reg_17578               |    1|   0|    1|          0|
    |tmp_144_reg_17703               |    1|   0|    1|          0|
    |tmp_145_reg_17708               |    1|   0|    1|          0|
    |tmp_146_reg_17730               |    1|   0|    1|          0|
    |tmp_147_reg_17742               |    1|   0|    1|          0|
    |tmp_148_reg_17748               |    1|   0|    1|          0|
    |tmp_149_reg_17869               |    1|   0|    1|          0|
    |tmp_14_reg_18860                |   31|   0|   31|          0|
    |tmp_150_reg_17881               |    1|   0|    1|          0|
    |tmp_151_reg_17887               |    1|   0|    1|          0|
    |tmp_152_reg_17760               |    1|   0|    1|          0|
    |tmp_153_reg_17772               |    1|   0|    1|          0|
    |tmp_154_reg_17778               |    1|   0|    1|          0|
    |tmp_155_reg_17784               |    1|   0|    1|          0|
    |tmp_156_reg_17796               |    1|   0|    1|          0|
    |tmp_157_reg_17802               |    1|   0|    1|          0|
    |tmp_158_reg_17893               |    1|   0|    1|          0|
    |tmp_159_reg_17905               |    1|   0|    1|          0|
    |tmp_160_reg_17911               |    1|   0|    1|          0|
    |tmp_162_reg_18006               |    1|   0|    1|          0|
    |tmp_163_reg_18011               |    1|   0|    1|          0|
    |tmp_165_reg_18175               |    1|   0|    1|          0|
    |tmp_166_reg_18180               |    1|   0|    1|          0|
    |tmp_168_reg_18050               |    1|   0|    1|          0|
    |tmp_169_reg_18055               |    1|   0|    1|          0|
    |tmp_171_reg_18083               |    1|   0|    1|          0|
    |tmp_172_reg_18088               |    1|   0|    1|          0|
    |tmp_174_reg_18208               |    1|   0|    1|          0|
    |tmp_175_reg_18213               |    1|   0|    1|          0|
    |tmp_176_reg_18235               |    1|   0|    1|          0|
    |tmp_177_reg_18247               |    1|   0|    1|          0|
    |tmp_178_reg_18253               |    1|   0|    1|          0|
    |tmp_179_reg_18349               |    1|   0|    1|          0|
    |tmp_17_reg_15568                |    1|   0|    1|          0|
    |tmp_180_reg_18361               |    1|   0|    1|          0|
    |tmp_181_reg_18367               |    1|   0|    1|          0|
    |tmp_182_reg_18265               |    1|   0|    1|          0|
    |tmp_183_reg_18277               |    1|   0|    1|          0|
    |tmp_184_reg_18283               |    1|   0|    1|          0|
    |tmp_185_reg_18289               |    1|   0|    1|          0|
    |tmp_186_reg_18301               |    1|   0|    1|          0|
    |tmp_187_reg_18307               |    1|   0|    1|          0|
    |tmp_188_reg_18373               |    1|   0|    1|          0|
    |tmp_189_reg_18385               |    1|   0|    1|          0|
    |tmp_18_reg_15579                |    1|   0|    1|          0|
    |tmp_190_reg_18391               |    1|   0|    1|          0|
    |tmp_192_reg_18456               |    1|   0|    1|          0|
    |tmp_193_reg_18461               |    1|   0|    1|          0|
    |tmp_195_reg_18578               |    1|   0|    1|          0|
    |tmp_196_reg_18583               |    1|   0|    1|          0|
    |tmp_197_reg_18494               |    1|   0|    1|          0|
    |tmp_198_reg_18506               |    1|   0|    1|          0|
    |tmp_199_reg_18511               |    1|   0|    1|          0|
    |tmp_19_reg_15585                |    1|   0|    1|          0|
    |tmp_200_reg_18522               |    1|   0|    1|          0|
    |tmp_201_reg_18534               |    1|   0|    1|          0|
    |tmp_202_reg_18539               |    1|   0|    1|          0|
    |tmp_203_reg_18605               |    1|   0|    1|          0|
    |tmp_204_reg_18617               |    1|   0|    1|          0|
    |tmp_205_reg_18622               |    1|   0|    1|          0|
    |tmp_206_reg_18633               |    1|   0|    1|          0|
    |tmp_207_reg_18645               |    1|   0|    1|          0|
    |tmp_208_reg_18651               |    1|   0|    1|          0|
    |tmp_209_reg_18686               |    1|   0|    1|          0|
    |tmp_20_reg_15591                |    1|   0|    1|          0|
    |tmp_210_reg_18698               |    1|   0|    1|          0|
    |tmp_211_reg_18704               |    1|   0|    1|          0|
    |tmp_212_reg_18663               |    1|   0|    1|          0|
    |tmp_213_reg_18674               |    1|   0|    1|          0|
    |tmp_214_reg_18710               |    1|   0|    1|          0|
    |tmp_215_reg_18721               |    1|   0|    1|          0|
    |tmp_218_reg_18739               |    1|   0|    1|          0|
    |tmp_219_reg_18750               |    1|   0|    1|          0|
    |tmp_21_reg_15602                |    1|   0|    1|          0|
    |tmp_220_reg_18763               |    1|   0|    1|          0|
    |tmp_221_reg_18779               |    1|   0|    1|          0|
    |tmp_222_reg_18774               |    1|   0|    1|          0|
    |tmp_22_reg_15608                |    1|   0|    1|          0|
    |tmp_23_reg_15614                |    1|   0|    1|          0|
    |tmp_24_reg_15625                |    1|   0|    1|          0|
    |tmp_25_reg_15631                |    1|   0|    1|          0|
    |tmp_26_reg_15637                |    1|   0|    1|          0|
    |tmp_27_reg_15648                |    1|   0|    1|          0|
    |tmp_28_reg_15654                |    1|   0|    1|          0|
    |tmp_29_reg_15715                |    1|   0|    1|          0|
    |tmp_30_reg_15726                |    1|   0|    1|          0|
    |tmp_31_reg_15732                |    1|   0|    1|          0|
    |tmp_3_reg_14188                 |    1|   0|    1|          0|
    |tmp_42_reg_15918                |    1|   0|    1|          0|
    |tmp_43_reg_15923                |    1|   0|    1|          0|
    |tmp_45_reg_16046                |    1|   0|    1|          0|
    |tmp_46_reg_16051                |    1|   0|    1|          0|
    |tmp_48_reg_16079                |    1|   0|    1|          0|
    |tmp_49_reg_16084                |    1|   0|    1|          0|
    |tmp_51_reg_16112                |    1|   0|    1|          0|
    |tmp_52_reg_16117                |    1|   0|    1|          0|
    |tmp_54_reg_16145                |    1|   0|    1|          0|
    |tmp_55_reg_16150                |    1|   0|    1|          0|
    |tmp_56_reg_16172                |    1|   0|    1|          0|
    |tmp_57_reg_16184                |    1|   0|    1|          0|
    |tmp_58_reg_16190                |    1|   0|    1|          0|
    |tmp_59_reg_16265                |    1|   0|    1|          0|
    |tmp_60_reg_16277                |    1|   0|    1|          0|
    |tmp_61_reg_16283                |    1|   0|    1|          0|
    |tmp_62_reg_16289                |    1|   0|    1|          0|
    |tmp_63_reg_16301                |    1|   0|    1|          0|
    |tmp_64_reg_16307                |    1|   0|    1|          0|
    |tmp_65_reg_16313                |    1|   0|    1|          0|
    |tmp_66_reg_16325                |    1|   0|    1|          0|
    |tmp_67_reg_16331                |    1|   0|    1|          0|
    |tmp_68_reg_16337                |    1|   0|    1|          0|
    |tmp_69_reg_16349                |    1|   0|    1|          0|
    |tmp_70_reg_16355                |    1|   0|    1|          0|
    |tmp_72_reg_16438                |    1|   0|    1|          0|
    |tmp_73_reg_16443                |    1|   0|    1|          0|
    |tmp_75_reg_16576                |    1|   0|    1|          0|
    |tmp_76_reg_16581                |    1|   0|    1|          0|
    |tmp_84_reg_16649                |    1|   0|    1|          0|
    |tmp_85_reg_16654                |    1|   0|    1|          0|
    |tmp_86_reg_16676                |    1|   0|    1|          0|
    |tmp_87_reg_16688                |    1|   0|    1|          0|
    |tmp_88_reg_16694                |    1|   0|    1|          0|
    |tmp_89_reg_16779                |    1|   0|    1|          0|
    |tmp_90_reg_16791                |    1|   0|    1|          0|
    |tmp_91_reg_16797                |    1|   0|    1|          0|
    |tmp_93_reg_16809                |    1|   0|    1|          0|
    |tmp_94_reg_16814                |    1|   0|    1|          0|
    |tmp_96_reg_16842                |    1|   0|    1|          0|
    |tmp_97_reg_16847                |    1|   0|    1|          0|
    |tmp_98_reg_16869                |    1|   0|    1|          0|
    |tmp_99_reg_16881                |    1|   0|    1|          0|
    |tmp_9_reg_14658                 |    1|   0|    1|          0|
    |tmp_V_2_reg_18840               |   40|   0|   40|          0|
    |tmp_V_reg_18830                 |   40|   0|   40|          0|
    |trunc_ln206_reg_14576           |    3|   0|    3|          0|
    |trunc_ln583_reg_14628           |   16|   0|   16|          0|
    |trunc_ln943_reg_18876           |    8|   0|    8|          0|
    |trunc_ln947_reg_18865           |    6|   0|    6|          0|
    |urem_ln206_reg_14571            |    7|   0|    7|          0|
    |xor_ln571_reg_14543             |    1|   0|    1|          0|
    |xor_ln658_1_reg_14533           |    1|   0|    1|          0|
    |xor_ln785_10_reg_16089          |    1|   0|    1|          0|
    |xor_ln785_11_reg_16122          |    1|   0|    1|          0|
    |xor_ln785_12_reg_16155          |    1|   0|    1|          0|
    |xor_ln785_20_reg_16448          |    1|   0|    1|          0|
    |xor_ln785_21_reg_16586          |    1|   0|    1|          0|
    |xor_ln785_22_reg_16608          |    1|   0|    1|          0|
    |xor_ln785_23_reg_16628          |    1|   0|    1|          0|
    |xor_ln785_24_reg_16659          |    1|   0|    1|          0|
    |xor_ln785_27_reg_16819          |    1|   0|    1|          0|
    |xor_ln785_28_reg_16852          |    1|   0|    1|          0|
    |xor_ln785_30_reg_16992          |    1|   0|    1|          0|
    |xor_ln785_31_reg_17146          |    1|   0|    1|          0|
    |xor_ln785_34_reg_17179          |    1|   0|    1|          0|
    |xor_ln785_37_reg_17338          |    1|   0|    1|          0|
    |xor_ln785_38_reg_17358          |    1|   0|    1|          0|
    |xor_ln785_40_reg_17506          |    1|   0|    1|          0|
    |xor_ln785_41_reg_17680          |    1|   0|    1|          0|
    |xor_ln785_42_reg_17550          |    1|   0|    1|          0|
    |xor_ln785_43_reg_17583          |    1|   0|    1|          0|
    |xor_ln785_44_reg_17713          |    1|   0|    1|          0|
    |xor_ln785_50_reg_18016          |    1|   0|    1|          0|
    |xor_ln785_51_reg_18185          |    1|   0|    1|          0|
    |xor_ln785_52_reg_18060          |    1|   0|    1|          0|
    |xor_ln785_53_reg_18093          |    1|   0|    1|          0|
    |xor_ln785_54_reg_18218          |    1|   0|    1|          0|
    |xor_ln785_5_reg_15857           |    1|   0|    1|          0|
    |xor_ln785_60_reg_18466          |    1|   0|    1|          0|
    |xor_ln785_61_reg_18588          |    1|   0|    1|          0|
    |xor_ln785_6_reg_15877           |    1|   0|    1|          0|
    |xor_ln785_7_reg_15897           |    1|   0|    1|          0|
    |xor_ln785_8_reg_15928           |    1|   0|    1|          0|
    |xor_ln785_9_reg_16056           |    1|   0|    1|          0|
    |y_V_0_10_reg_18044              |   40|   0|   40|          0|
    |y_V_0_11_reg_18271              |   40|   0|   40|          0|
    |y_V_0_12_reg_18500              |   40|   0|   40|          0|
    |y_V_0_1_reg_15852               |   40|   0|   40|          0|
    |y_V_0_2_reg_16073               |   40|   0|   40|          0|
    |y_V_0_3_reg_16295               |   40|   0|   40|          0|
    |y_V_0_4_reg_16603               |   40|   0|   40|          0|
    |y_V_0_5_reg_16803               |   40|   0|   40|          0|
    |y_V_0_6_reg_17026               |   40|   0|   40|          0|
    |y_V_0_7_reg_17333               |   40|   0|   40|          0|
    |y_V_0_8_reg_17534               |   40|   0|   40|          0|
    |y_V_0_9_reg_17766               |   40|   0|   40|          0|
    |y_V_0_reg_15574                 |   33|   0|   33|          0|
    |y_V_1_10_reg_18077              |   40|   0|   40|          0|
    |y_V_1_11_reg_18295              |   40|   0|   40|          0|
    |y_V_1_12_reg_18528              |   40|   0|   40|          0|
    |y_V_1_1_reg_15872               |   40|   0|   40|          0|
    |y_V_1_2_reg_16106               |   40|   0|   40|          0|
    |y_V_1_3_reg_16319               |   40|   0|   40|          0|
    |y_V_1_4_reg_16623               |   40|   0|   40|          0|
    |y_V_1_5_reg_16836               |   40|   0|   40|          0|
    |y_V_1_6_reg_17050               |   40|   0|   40|          0|
    |y_V_1_7_reg_17353               |   40|   0|   40|          0|
    |y_V_1_8_reg_17567               |   40|   0|   40|          0|
    |y_V_1_9_reg_17790               |   40|   0|   40|          0|
    |y_V_1_reg_15597                 |   33|   0|   33|          0|
    |y_V_2_10_reg_18202              |   40|   0|   40|          0|
    |y_V_2_11_reg_18379              |   40|   0|   40|          0|
    |y_V_2_12_reg_18611              |   40|   0|   40|          0|
    |y_V_2_1_reg_15892               |   40|   0|   40|          0|
    |y_V_2_2_reg_16139               |   40|   0|   40|          0|
    |y_V_2_3_reg_16343               |   40|   0|   40|          0|
    |y_V_2_4_reg_16643               |   40|   0|   40|          0|
    |y_V_2_5_reg_16875               |   40|   0|   40|          0|
    |y_V_2_6_reg_17163               |   40|   0|   40|          0|
    |y_V_2_7_reg_17379               |   40|   0|   40|          0|
    |y_V_2_8_reg_17697               |   40|   0|   40|          0|
    |y_V_2_9_reg_17899               |   40|   0|   40|          0|
    |y_V_2_reg_15620                 |   33|   0|   33|          0|
    |y_V_3_10_reg_18241              |   40|   0|   40|          0|
    |y_V_3_11_reg_18450              |   40|   0|   40|          0|
    |y_V_3_12_reg_18639              |   40|   0|   40|          0|
    |y_V_3_1_reg_15912               |   40|   0|   40|          0|
    |y_V_3_2_reg_16178               |   40|   0|   40|          0|
    |y_V_3_3_reg_16432               |   40|   0|   40|          0|
    |y_V_3_4_reg_16682               |   40|   0|   40|          0|
    |y_V_3_5_reg_16976               |   40|   0|   40|          0|
    |y_V_3_6_reg_17202               |   40|   0|   40|          0|
    |y_V_3_7_reg_17490               |   40|   0|   40|          0|
    |y_V_3_8_reg_17736               |   40|   0|   40|          0|
    |y_V_3_9_reg_18000               |   40|   0|   40|          0|
    |y_V_3_reg_15643                 |   33|   0|   33|          0|
    |y_V_4_10_reg_18355              |   40|   0|   40|          0|
    |y_V_4_11_reg_18572              |   40|   0|   40|          0|
    |y_V_4_12_reg_18692              |   40|   0|   40|          0|
    |y_V_4_1_reg_16040               |   40|   0|   40|          0|
    |y_V_4_2_reg_16271               |   40|   0|   40|          0|
    |y_V_4_3_reg_16570               |   40|   0|   40|          0|
    |y_V_4_4_reg_16785               |   40|   0|   40|          0|
    |y_V_4_5_reg_17130               |   40|   0|   40|          0|
    |y_V_4_6_reg_17315               |   40|   0|   40|          0|
    |y_V_4_7_reg_17664               |   40|   0|   40|          0|
    |y_V_4_8_reg_17875               |   40|   0|   40|          0|
    |y_V_4_9_reg_18169               |   40|   0|   40|          0|
    |y_V_4_reg_15721                 |   33|   0|   33|          0|
    |zext_ln635_reg_14698            |   32|   0|   54|         22|
    |add_ln254_reg_15348             |   64|  32|    9|          0|
    |icmp_ln1497_reg_18789           |   64|  32|    1|          0|
    |icmp_ln205_reg_14557            |   64|  32|    1|          0|
    |icmp_ln214_reg_15344            |   64|  32|    1|          0|
    |k_1_reg_1901                    |   64|  32|    7|          0|
    |ret_V_reg_18804                 |   64|  32|   72|          0|
    |select_ln340_71_reg_18756       |   64|  32|   40|          0|
    |tmp_221_reg_18779               |   64|  32|    1|          0|
    |tmp_222_reg_18774               |   64|  32|    1|          0|
    +--------------------------------+-----+----+-----+-----------+
    |Total                           |15347| 288|16031|       1127|
    +--------------------------------+-----+----+-----+-----------+



================================================================
== Interface
================================================================
* Summary: 
+--------------+-----+-----+------------+---------------+--------------+
|   RTL Ports  | Dir | Bits|  Protocol  | Source Object |    C Type    |
+--------------+-----+-----+------------+---------------+--------------+
|ap_clk        |   in|    1|  ap_ctrl_hs|  fir_multiband|  return value|
|ap_rst        |   in|    1|  ap_ctrl_hs|  fir_multiband|  return value|
|ap_start      |   in|    1|  ap_ctrl_hs|  fir_multiband|  return value|
|ap_done       |  out|    1|  ap_ctrl_hs|  fir_multiband|  return value|
|ap_idle       |  out|    1|  ap_ctrl_hs|  fir_multiband|  return value|
|ap_ready      |  out|    1|  ap_ctrl_hs|  fir_multiband|  return value|
|in_r          |   in|   32|     ap_none|           in_r|       pointer|
|out_r         |  out|   32|      ap_vld|          out_r|       pointer|
|out_r_ap_vld  |  out|    1|      ap_vld|          out_r|       pointer|
|length_r      |   in|   32|     ap_none|       length_r|        scalar|
+--------------+-----+-----+------------+---------------+--------------+

