

================================================================
== Vitis HLS Report for 'fir_multiband'
================================================================
* Date:           Wed Oct  7 19:32:47 2026

* Version:        2020.2 (Build 3064766 on Wed Nov 18 09:12:45 MST 2020)
* Project:        synth_proj
* Solution:       solution1 (Vivado IP Flow Target)
* Product family: zynq
* Target device:  xc7z020-clg400-1


================================================================
== Performance Estimates
================================================================
+ Timing: 
    * Summary: 
    +--------+----------+----------+------------+
    |  Clock |  Target  | Estimated| Uncertainty|
    +--------+----------+----------+------------+
    |ap_clk  |  10.00 ns|  6.965 ns|     2.70 ns|
    +--------+----------+----------+------------+

+ Latency: 
    * Summary: 
    +---------+---------+----------+----------+-----+-----+---------+
    |  Latency (cycles) |  Latency (absolute) |  Interval | Pipeline|
    |   min   |   max   |    min   |    max   | min | max |   Type  |
    +---------+---------+----------+----------+-----+-----+---------+
    |        ?|        ?|         ?|         ?|    ?|    ?|     none|
    +---------+---------+----------+----------+-----+-----+---------+

    + Detail: 
        * Instance: 
        N/A

        * Loop: 
        +----------------------+---------+---------+----------+-----------+-----------+------+----------+
        |                      |  Latency (cycles) | Iteration|  Initiation Interval  | Trip |          |
        |       Loop Name      |   min   |   max   |  Latency |  achieved |   target  | Count| Pipelined|
        +----------------------+---------+---------+----------+-----------+-----------+------+----------+
        |- VITIS_LOOP_270_3    |        ?|        ?|       224|          -|          -|     ?|        no|
        | + VITIS_LOOP_312_4   |      194|      194|         1|          1|          1|   194|       yes|
        | + VITIS_LOOP_324_5   |       11|       11|        10|          1|          1|     3|       yes|
        | + VITIS_LOOP_399_10  |       12|       12|        10|          1|          1|     4|       yes|
        +----------------------+---------+---------+----------+-----------+-----------+------+----------+



================================================================
== Utilization Estimates
================================================================
* Summary: 
+-----------------+---------+-----+--------+-------+-----+
|       Name      | BRAM_18K| DSP |   FF   |  LUT  | URAM|
+-----------------+---------+-----+--------+-------+-----+
|DSP              |        -|  195|       -|      -|    -|
|Expression       |        -|    -|       0|   6278|    -|
|FIFO             |        -|    -|       -|      -|    -|
|Instance         |        -|    2|     334|    191|    -|
|Memory           |      194|    -|       0|      0|    -|
|Multiplexer      |        -|    -|       -|   3022|    -|
|Register         |        -|    -|   12146|    224|    -|
+-----------------+---------+-----+--------+-------+-----+
|Total            |      194|  197|   12480|   9715|    0|
+-----------------+---------+-----+--------+-------+-----+
|Available        |      280|  220|  106400|  53200|    0|
+-----------------+---------+-----+--------+-------+-----+
|Utilization (%)  |       69|   89|      11|     18|    0|
+-----------------+---------+-----+--------+-------+-----+

+ Detail: 
    * Instance: 
    +-----------------------+--------------------+---------+----+-----+----+-----+
    |        Instance       |       Module       | BRAM_18K| DSP|  FF | LUT| URAM|
    +-----------------------+--------------------+---------+----+-----+----+-----+
    |mul_25s_24s_49_1_1_U4  |mul_25s_24s_49_1_1  |        0|   1|    0|  47|    0|
    |mul_49s_24s_72_5_1_U5  |mul_49s_24s_72_5_1  |        0|   1|  334|  84|    0|
    |mux_42_24_1_1_U2       |mux_42_24_1_1       |        0|   0|    0|  20|    0|
    |mux_42_24_1_1_U3       |mux_42_24_1_1       |        0|   0|    0|  20|    0|
    |mux_42_40_1_1_U1       |mux_42_40_1_1       |        0|   0|    0|  20|    0|
    +-----------------------+--------------------+---------+----+-----+----+-----+
    |Total                  |                    |        0|   2|  334| 191|    0|
    +-----------------------+--------------------+---------+----+-----+----+-----+

    * DSP: 
    +------------------------------------+-------------------------------+--------------+
    |              Instance              |             Module            |  Expression  |
    +------------------------------------+-------------------------------+--------------+
    |mac_muladd_15s_16s_31s_31_4_1_U73   |mac_muladd_15s_16s_31s_31_4_1  |  i0 + i1 * i2|
    |mac_muladd_15s_16s_31s_31_4_1_U74   |mac_muladd_15s_16s_31s_31_4_1  |  i0 + i1 * i2|
    |mac_muladd_15s_16s_31s_31_4_1_U75   |mac_muladd_15s_16s_31s_31_4_1  |  i0 + i1 * i2|
    |mac_muladd_15s_16s_31s_31_4_1_U76   |mac_muladd_15s_16s_31s_31_4_1  |  i0 + i1 * i2|
    |mac_muladd_15s_16s_31s_31_4_1_U77   |mac_muladd_15s_16s_31s_31_4_1  |  i0 + i1 * i2|
    |mac_muladd_15s_16s_31s_31_4_1_U78   |mac_muladd_15s_16s_31s_31_4_1  |  i0 + i1 * i2|
    |mac_muladd_15s_16s_31s_31_4_1_U79   |mac_muladd_15s_16s_31s_31_4_1  |  i0 + i1 * i2|
    |mac_muladd_15s_16s_31s_31_4_1_U80   |mac_muladd_15s_16s_31s_31_4_1  |  i0 + i1 * i2|
    |mac_muladd_15s_16s_31s_31_4_1_U81   |mac_muladd_15s_16s_31s_31_4_1  |  i0 + i1 * i2|
    |mac_muladd_15s_16s_31s_31_4_1_U82   |mac_muladd_15s_16s_31s_31_4_1  |  i0 + i1 * i2|
    |mac_muladd_15s_16s_31s_31_4_1_U83   |mac_muladd_15s_16s_31s_31_4_1  |  i0 + i1 * i2|
    |mac_muladd_15s_16s_31s_31_4_1_U84   |mac_muladd_15s_16s_31s_31_4_1  |  i0 + i1 * i2|
    |mac_muladd_15s_16s_31s_31_4_1_U85   |mac_muladd_15s_16s_31s_31_4_1  |  i0 + i1 * i2|
    |mac_muladd_15s_16s_31s_31_4_1_U86   |mac_muladd_15s_16s_31s_31_4_1  |  i0 + i1 * i2|
    |mac_muladd_15s_16s_31s_31_4_1_U87   |mac_muladd_15s_16s_31s_31_4_1  |  i0 + i1 * i2|
    |mac_muladd_15s_16s_31s_31_4_1_U88   |mac_muladd_15s_16s_31s_31_4_1  |  i0 + i1 * i2|
    |mac_muladd_15s_16s_31s_31_4_1_U89   |mac_muladd_15s_16s_31s_31_4_1  |  i0 + i1 * i2|
    |mac_muladd_15s_16s_31s_31_4_1_U90   |mac_muladd_15s_16s_31s_31_4_1  |  i0 + i1 * i2|
    |mac_muladd_15s_16s_31s_31_4_1_U91   |mac_muladd_15s_16s_31s_31_4_1  |  i0 + i1 * i2|
    |mac_muladd_15s_16s_31s_31_4_1_U92   |mac_muladd_15s_16s_31s_31_4_1  |  i0 + i1 * i2|
    |mac_muladd_15s_16s_31s_31_4_1_U93   |mac_muladd_15s_16s_31s_31_4_1  |  i0 + i1 * i2|
    |mac_muladd_15s_16s_31s_31_4_1_U94   |mac_muladd_15s_16s_31s_31_4_1  |  i0 + i1 * i2|
    |mac_muladd_15s_16s_31s_31_4_1_U95   |mac_muladd_15s_16s_31s_31_4_1  |  i0 + i1 * i2|
    |mac_muladd_15s_16s_31s_31_4_1_U96   |mac_muladd_15s_16s_31s_31_4_1  |  i0 + i1 * i2|
    |mac_muladd_15s_16s_31s_31_4_1_U97   |mac_muladd_15s_16s_31s_31_4_1  |  i0 + i1 * i2|
    |mac_muladd_15s_16s_31s_31_4_1_U98   |mac_muladd_15s_16s_31s_31_4_1  |  i0 + i1 * i2|
    |mac_muladd_15s_16s_31s_31_4_1_U99   |mac_muladd_15s_16s_31s_31_4_1  |  i0 + i1 * i2|
    |mac_muladd_15s_16s_31s_31_4_1_U100  |mac_muladd_15s_16s_31s_31_4_1  |  i0 + i1 * i2|
    |mac_muladd_15s_16s_31s_31_4_1_U101  |mac_muladd_15s_16s_31s_31_4_1  |  i0 + i1 * i2|
    |mac_muladd_15s_16s_31s_31_4_1_U102  |mac_muladd_15s_16s_31s_31_4_1  |  i0 + i1 * i2|
    |mac_muladd_15s_16s_31s_31_4_1_U103  |mac_muladd_15s_16s_31s_31_4_1  |  i0 + i1 * i2|
    |mac_muladd_15s_16s_31s_31_4_1_U104  |mac_muladd_15s_16s_31s_31_4_1  |  i0 + i1 * i2|
    |mac_muladd_15s_16s_31s_31_4_1_U105  |mac_muladd_15s_16s_31s_31_4_1  |  i0 + i1 * i2|
    |mac_muladd_15s_16s_31s_31_4_1_U106  |mac_muladd_15s_16s_31s_31_4_1  |  i0 + i1 * i2|
    |mac_muladd_15s_16s_31s_31_4_1_U107  |mac_muladd_15s_16s_31s_31_4_1  |  i0 + i1 * i2|
    |mac_muladd_15s_16s_31s_31_4_1_U108  |mac_muladd_15s_16s_31s_31_4_1  |  i0 + i1 * i2|
    |mac_muladd_15s_16s_31s_31_4_1_U109  |mac_muladd_15s_16s_31s_31_4_1  |  i0 + i1 * i2|
    |mac_muladd_15s_16s_31s_31_4_1_U110  |mac_muladd_15s_16s_31s_31_4_1  |  i0 + i1 * i2|
    |mac_muladd_15s_16s_31s_31_4_1_U111  |mac_muladd_15s_16s_31s_31_4_1  |  i0 + i1 * i2|
    |mac_muladd_15s_16s_31s_31_4_1_U112  |mac_muladd_15s_16s_31s_31_4_1  |  i0 + i1 * i2|
    |mac_muladd_15s_16s_31s_31_4_1_U113  |mac_muladd_15s_16s_31s_31_4_1  |  i0 + i1 * i2|
    |mac_muladd_15s_16s_31s_31_4_1_U114  |mac_muladd_15s_16s_31s_31_4_1  |  i0 + i1 * i2|
    |mac_muladd_15s_16s_31s_31_4_1_U115  |mac_muladd_15s_16s_31s_31_4_1  |  i0 + i1 * i2|
    |mac_muladd_15s_16s_31s_31_4_1_U116  |mac_muladd_15s_16s_31s_31_4_1  |  i0 + i1 * i2|
    |mac_muladd_15s_16s_31s_31_4_1_U117  |mac_muladd_15s_16s_31s_31_4_1  |  i0 + i1 * i2|
    |mac_muladd_15s_16s_31s_31_4_1_U118  |mac_muladd_15s_16s_31s_31_4_1  |  i0 + i1 * i2|
    |mac_muladd_15s_16s_31s_31_4_1_U119  |mac_muladd_15s_16s_31s_31_4_1  |  i0 + i1 * i2|
    |mac_muladd_15s_16s_31s_31_4_1_U120  |mac_muladd_15s_16s_31s_31_4_1  |  i0 + i1 * i2|
    |mac_muladd_15s_16s_31s_31_4_1_U121  |mac_muladd_15s_16s_31s_31_4_1  |  i0 + i1 * i2|
    |mac_muladd_15s_16s_31s_31_4_1_U122  |mac_muladd_15s_16s_31s_31_4_1  |  i0 + i1 * i2|
    |mac_muladd_15s_16s_31s_31_4_1_U123  |mac_muladd_15s_16s_31s_31_4_1  |  i0 + i1 * i2|
    |mac_muladd_15s_16s_31s_31_4_1_U124  |mac_muladd_15s_16s_31s_31_4_1  |  i0 + i1 * i2|
    |mac_muladd_15s_16s_31s_31_4_1_U125  |mac_muladd_15s_16s_31s_31_4_1  |  i0 + i1 * i2|
    |mac_muladd_15s_16s_31s_31_4_1_U126  |mac_muladd_15s_16s_31s_31_4_1  |  i0 + i1 * i2|
    |mac_muladd_15s_16s_31s_31_4_1_U127  |mac_muladd_15s_16s_31s_31_4_1  |  i0 + i1 * i2|
    |mac_muladd_15s_16s_31s_31_4_1_U128  |mac_muladd_15s_16s_31s_31_4_1  |  i0 + i1 * i2|
    |mac_muladd_15s_16s_31s_31_4_1_U129  |mac_muladd_15s_16s_31s_31_4_1  |  i0 + i1 * i2|
    |mac_muladd_15s_16s_31s_31_4_1_U130  |mac_muladd_15s_16s_31s_31_4_1  |  i0 + i1 * i2|
    |mac_muladd_15s_16s_31s_31_4_1_U131  |mac_muladd_15s_16s_31s_31_4_1  |  i0 + i1 * i2|
    |mac_muladd_15s_16s_31s_31_4_1_U132  |mac_muladd_15s_16s_31s_31_4_1  |  i0 + i1 * i2|
    |mac_muladd_15s_16s_31s_31_4_1_U133  |mac_muladd_15s_16s_31s_31_4_1  |  i0 + i1 * i2|
    |mac_muladd_15s_16s_31s_31_4_1_U134  |mac_muladd_15s_16s_31s_31_4_1  |  i0 + i1 * i2|
    |mac_muladd_15s_16s_31s_31_4_1_U135  |mac_muladd_15s_16s_31s_31_4_1  |  i0 + i1 * i2|
    |mac_muladd_15s_16s_31s_31_4_1_U136  |mac_muladd_15s_16s_31s_31_4_1  |  i0 + i1 * i2|
    |mac_muladd_15s_16s_31s_31_4_1_U137  |mac_muladd_15s_16s_31s_31_4_1  |  i0 + i1 * i2|
    |mac_muladd_15s_16s_31s_31_4_1_U138  |mac_muladd_15s_16s_31s_31_4_1  |  i0 + i1 * i2|
    |mac_muladd_15s_16s_31s_31_4_1_U139  |mac_muladd_15s_16s_31s_31_4_1  |  i0 + i1 * i2|
    |mac_muladd_15s_16s_31s_32_4_1_U140  |mac_muladd_15s_16s_31s_32_4_1  |  i0 + i1 * i2|
    |mac_muladd_15s_16s_31s_32_4_1_U141  |mac_muladd_15s_16s_31s_32_4_1  |  i0 + i1 * i2|
    |mac_muladd_15s_16s_31s_32_4_1_U142  |mac_muladd_15s_16s_31s_32_4_1  |  i0 + i1 * i2|
    |mac_muladd_15s_16s_31s_32_4_1_U143  |mac_muladd_15s_16s_31s_32_4_1  |  i0 + i1 * i2|
    |mac_muladd_15s_16s_31s_32_4_1_U144  |mac_muladd_15s_16s_31s_32_4_1  |  i0 + i1 * i2|
    |mac_muladd_15s_16s_31s_32_4_1_U145  |mac_muladd_15s_16s_31s_32_4_1  |  i0 + i1 * i2|
    |mac_muladd_15s_16s_31s_32_4_1_U146  |mac_muladd_15s_16s_31s_32_4_1  |  i0 + i1 * i2|
    |mac_muladd_15s_16s_31s_32_4_1_U147  |mac_muladd_15s_16s_31s_32_4_1  |  i0 + i1 * i2|
    |mac_muladd_15s_16s_31s_32_4_1_U148  |mac_muladd_15s_16s_31s_32_4_1  |  i0 + i1 * i2|
    |mac_muladd_15s_16s_31s_32_4_1_U149  |mac_muladd_15s_16s_31s_32_4_1  |  i0 + i1 * i2|
    |mac_muladd_15s_16s_31s_32_4_1_U150  |mac_muladd_15s_16s_31s_32_4_1  |  i0 + i1 * i2|
    |mac_muladd_15s_16s_31s_32_4_1_U151  |mac_muladd_15s_16s_31s_32_4_1  |  i0 + i1 * i2|
    |mac_muladd_15s_16s_31s_32_4_1_U152  |mac_muladd_15s_16s_31s_32_4_1  |  i0 + i1 * i2|
    |mac_muladd_15s_16s_31s_32_4_1_U153  |mac_muladd_15s_16s_31s_32_4_1  |  i0 + i1 * i2|
    |mac_muladd_15s_16s_31s_32_4_1_U154  |mac_muladd_15s_16s_31s_32_4_1  |  i0 + i1 * i2|
    |mac_muladd_15s_16s_31s_32_4_1_U155  |mac_muladd_15s_16s_31s_32_4_1  |  i0 + i1 * i2|
    |mac_muladd_15s_16s_31s_32_4_1_U156  |mac_muladd_15s_16s_31s_32_4_1  |  i0 + i1 * i2|
    |mac_muladd_15s_16s_31s_32_4_1_U157  |mac_muladd_15s_16s_31s_32_4_1  |  i0 + i1 * i2|
    |mac_muladd_15s_16s_31s_32_4_1_U158  |mac_muladd_15s_16s_31s_32_4_1  |  i0 + i1 * i2|
    |mac_muladd_15s_16s_31s_32_4_1_U159  |mac_muladd_15s_16s_31s_32_4_1  |  i0 + i1 * i2|
    |mac_muladd_15s_16s_31s_32_4_1_U160  |mac_muladd_15s_16s_31s_32_4_1  |  i0 + i1 * i2|
    |mac_muladd_15s_16s_31s_32_4_1_U161  |mac_muladd_15s_16s_31s_32_4_1  |  i0 + i1 * i2|
    |mac_muladd_15s_16s_31s_32_4_1_U162  |mac_muladd_15s_16s_31s_32_4_1  |  i0 + i1 * i2|
    |mac_muladd_15s_16s_31s_32_4_1_U163  |mac_muladd_15s_16s_31s_32_4_1  |  i0 + i1 * i2|
    |mac_muladd_15s_16s_31s_32_4_1_U164  |mac_muladd_15s_16s_31s_32_4_1  |  i0 + i1 * i2|
    |mac_muladd_15s_16s_31s_32_4_1_U165  |mac_muladd_15s_16s_31s_32_4_1  |  i0 + i1 * i2|
    |mac_muladd_15s_16s_31s_32_4_1_U166  |mac_muladd_15s_16s_31s_32_4_1  |  i0 + i1 * i2|
    |mac_muladd_15s_16s_31s_32_4_1_U167  |mac_muladd_15s_16s_31s_32_4_1  |  i0 + i1 * i2|
    |mac_muladd_15s_16s_31s_32_4_1_U168  |mac_muladd_15s_16s_31s_32_4_1  |  i0 + i1 * i2|
    |mac_muladd_15s_16s_31s_32_4_1_U169  |mac_muladd_15s_16s_31s_32_4_1  |  i0 + i1 * i2|
    |mac_muladd_15s_16s_31s_32_4_1_U170  |mac_muladd_15s_16s_31s_32_4_1  |  i0 + i1 * i2|
    |mac_muladd_15s_16s_31s_32_4_1_U171  |mac_muladd_15s_16s_31s_32_4_1  |  i0 + i1 * i2|
    |mac_muladd_15s_16s_31s_32_4_1_U172  |mac_muladd_15s_16s_31s_32_4_1  |  i0 + i1 * i2|
    |mac_muladd_15s_16s_31s_32_4_1_U173  |mac_muladd_15s_16s_31s_32_4_1  |  i0 + i1 * i2|
    |mac_muladd_15s_16s_31s_32_4_1_U174  |mac_muladd_15s_16s_31s_32_4_1  |  i0 + i1 * i2|
    |mac_muladd_15s_16s_31s_32_4_1_U175  |mac_muladd_15s_16s_31s_32_4_1  |  i0 + i1 * i2|
    |mac_muladd_15s_16s_31s_32_4_1_U176  |mac_muladd_15s_16s_31s_32_4_1  |  i0 + i1 * i2|
    |mac_muladd_15s_16s_31s_32_4_1_U177  |mac_muladd_15s_16s_31s_32_4_1  |  i0 + i1 * i2|
    |mac_muladd_15s_16s_31s_32_4_1_U178  |mac_muladd_15s_16s_31s_32_4_1  |  i0 + i1 * i2|
    |mac_muladd_15s_16s_31s_32_4_1_U179  |mac_muladd_15s_16s_31s_32_4_1  |  i0 + i1 * i2|
    |mac_muladd_15s_16s_31s_32_4_1_U180  |mac_muladd_15s_16s_31s_32_4_1  |  i0 + i1 * i2|
    |mac_muladd_15s_16s_31s_32_4_1_U181  |mac_muladd_15s_16s_31s_32_4_1  |  i0 + i1 * i2|
    |mac_muladd_15s_16s_31s_32_4_1_U182  |mac_muladd_15s_16s_31s_32_4_1  |  i0 + i1 * i2|
    |mac_muladd_15s_16s_31s_32_4_1_U183  |mac_muladd_15s_16s_31s_32_4_1  |  i0 + i1 * i2|
    |mac_muladd_15s_16s_31s_32_4_1_U184  |mac_muladd_15s_16s_31s_32_4_1  |  i0 + i1 * i2|
    |mac_muladd_15s_16s_31s_32_4_1_U185  |mac_muladd_15s_16s_31s_32_4_1  |  i0 + i1 * i2|
    |mac_muladd_15s_16s_31s_32_4_1_U186  |mac_muladd_15s_16s_31s_32_4_1  |  i0 + i1 * i2|
    |mac_muladd_15s_16s_31s_32_4_1_U187  |mac_muladd_15s_16s_31s_32_4_1  |  i0 + i1 * i2|
    |mac_muladd_15s_16s_31s_32_4_1_U188  |mac_muladd_15s_16s_31s_32_4_1  |  i0 + i1 * i2|
    |mac_muladd_15s_16s_31s_32_4_1_U189  |mac_muladd_15s_16s_31s_32_4_1  |  i0 + i1 * i2|
    |mac_muladd_15s_16s_31s_32_4_1_U190  |mac_muladd_15s_16s_31s_32_4_1  |  i0 + i1 * i2|
    |mac_muladd_15s_16s_31s_32_4_1_U191  |mac_muladd_15s_16s_31s_32_4_1  |  i0 + i1 * i2|
    |mac_muladd_15s_16s_31s_32_4_1_U192  |mac_muladd_15s_16s_31s_32_4_1  |  i0 + i1 * i2|
    |mac_muladd_15s_16s_31s_32_4_1_U193  |mac_muladd_15s_16s_31s_32_4_1  |  i0 + i1 * i2|
    |mac_muladd_15s_16s_31s_32_4_1_U194  |mac_muladd_15s_16s_31s_32_4_1  |  i0 + i1 * i2|
    |mac_muladd_15s_16s_31s_32_4_1_U195  |mac_muladd_15s_16s_31s_32_4_1  |  i0 + i1 * i2|
    |mac_muladd_15s_16s_31s_32_4_1_U196  |mac_muladd_15s_16s_31s_32_4_1  |  i0 + i1 * i2|
    |mac_muladd_15s_16s_31s_32_4_1_U197  |mac_muladd_15s_16s_31s_32_4_1  |  i0 + i1 * i2|
    |mac_muladd_15s_16s_31s_32_4_1_U198  |mac_muladd_15s_16s_31s_32_4_1  |  i0 + i1 * i2|
    |mac_muladd_15s_16s_31s_32_4_1_U199  |mac_muladd_15s_16s_31s_32_4_1  |  i0 + i1 * i2|
    |mac_muladd_15s_16s_31s_32_4_1_U200  |mac_muladd_15s_16s_31s_32_4_1  |  i0 + i1 * i2|
    |mul_mul_15s_16s_31_4_1_U6           |mul_mul_15s_16s_31_4_1         |       i0 * i1|
    |mul_mul_15s_16s_31_4_1_U7           |mul_mul_15s_16s_31_4_1         |       i0 * i1|
    |mul_mul_15s_16s_31_4_1_U8           |mul_mul_15s_16s_31_4_1         |       i0 * i1|
    |mul_mul_15s_16s_31_4_1_U9           |mul_mul_15s_16s_31_4_1         |       i0 * i1|
    |mul_mul_15s_16s_31_4_1_U10          |mul_mul_15s_16s_31_4_1         |       i0 * i1|
    |mul_mul_15s_16s_31_4_1_U11          |mul_mul_15s_16s_31_4_1         |       i0 * i1|
    |mul_mul_15s_16s_31_4_1_U12          |mul_mul_15s_16s_31_4_1         |       i0 * i1|
    |mul_mul_15s_16s_31_4_1_U13          |mul_mul_15s_16s_31_4_1         |       i0 * i1|
    |mul_mul_15s_16s_31_4_1_U14          |mul_mul_15s_16s_31_4_1         |       i0 * i1|
    |mul_mul_15s_16s_31_4_1_U15          |mul_mul_15s_16s_31_4_1         |       i0 * i1|
    |mul_mul_15s_16s_31_4_1_U16          |mul_mul_15s_16s_31_4_1         |       i0 * i1|
    |mul_mul_15s_16s_31_4_1_U17          |mul_mul_15s_16s_31_4_1         |       i0 * i1|
    |mul_mul_15s_16s_31_4_1_U18          |mul_mul_15s_16s_31_4_1         |       i0 * i1|
    |mul_mul_15s_16s_31_4_1_U19          |mul_mul_15s_16s_31_4_1         |       i0 * i1|
    |mul_mul_15s_16s_31_4_1_U20          |mul_mul_15s_16s_31_4_1         |       i0 * i1|
    |mul_mul_15s_16s_31_4_1_U21          |mul_mul_15s_16s_31_4_1         |       i0 * i1|
    |mul_mul_15s_16s_31_4_1_U22          |mul_mul_15s_16s_31_4_1         |       i0 * i1|
    |mul_mul_15s_16s_31_4_1_U23          |mul_mul_15s_16s_31_4_1         |       i0 * i1|
    |mul_mul_15s_16s_31_4_1_U24          |mul_mul_15s_16s_31_4_1         |       i0 * i1|
    |mul_mul_15s_16s_31_4_1_U25          |mul_mul_15s_16s_31_4_1         |       i0 * i1|
    |mul_mul_15s_16s_31_4_1_U26          |mul_mul_15s_16s_31_4_1         |       i0 * i1|
    |mul_mul_15s_16s_31_4_1_U27          |mul_mul_15s_16s_31_4_1         |       i0 * i1|
    |mul_mul_15s_16s_31_4_1_U28          |mul_mul_15s_16s_31_4_1         |       i0 * i1|
    |mul_mul_15s_16s_31_4_1_U29          |mul_mul_15s_16s_31_4_1         |       i0 * i1|
    |mul_mul_15s_16s_31_4_1_U30          |mul_mul_15s_16s_31_4_1         |       i0 * i1|
    |mul_mul_15s_16s_31_4_1_U31          |mul_mul_15s_16s_31_4_1         |       i0 * i1|
    |mul_mul_15s_16s_31_4_1_U32          |mul_mul_15s_16s_31_4_1         |       i0 * i1|
    |mul_mul_15s_16s_31_4_1_U33          |mul_mul_15s_16s_31_4_1         |       i0 * i1|
    |mul_mul_15s_16s_31_4_1_U34          |mul_mul_15s_16s_31_4_1         |       i0 * i1|
    |mul_mul_15s_16s_31_4_1_U35          |mul_mul_15s_16s_31_4_1         |       i0 * i1|
    |mul_mul_15s_16s_31_4_1_U36          |mul_mul_15s_16s_31_4_1         |       i0 * i1|
    |mul_mul_15s_16s_31_4_1_U37          |mul_mul_15s_16s_31_4_1         |       i0 * i1|
    |mul_mul_15s_16s_31_4_1_U38          |mul_mul_15s_16s_31_4_1         |       i0 * i1|
    |mul_mul_15s_16s_31_4_1_U39          |mul_mul_15s_16s_31_4_1         |       i0 * i1|
    |mul_mul_15s_16s_31_4_1_U40          |mul_mul_15s_16s_31_4_1         |       i0 * i1|
    |mul_mul_15s_16s_31_4_1_U41          |mul_mul_15s_16s_31_4_1         |       i0 * i1|
    |mul_mul_15s_16s_31_4_1_U42          |mul_mul_15s_16s_31_4_1         |       i0 * i1|
    |mul_mul_15s_16s_31_4_1_U43          |mul_mul_15s_16s_31_4_1         |       i0 * i1|
    |mul_mul_15s_16s_31_4_1_U44          |mul_mul_15s_16s_31_4_1         |       i0 * i1|
    |mul_mul_15s_16s_31_4_1_U45          |mul_mul_15s_16s_31_4_1         |       i0 * i1|
    |mul_mul_15s_16s_31_4_1_U46          |mul_mul_15s_16s_31_4_1         |       i0 * i1|
    |mul_mul_15s_16s_31_4_1_U47          |mul_mul_15s_16s_31_4_1         |       i0 * i1|
    |mul_mul_15s_16s_31_4_1_U48          |mul_mul_15s_16s_31_4_1         |       i0 * i1|
    |mul_mul_15s_16s_31_4_1_U49          |mul_mul_15s_16s_31_4_1         |       i0 * i1|
    |mul_mul_15s_16s_31_4_1_U50          |mul_mul_15s_16s_31_4_1         |       i0 * i1|
    |mul_mul_15s_16s_31_4_1_U51          |mul_mul_15s_16s_31_4_1         |       i0 * i1|
    |mul_mul_15s_16s_31_4_1_U52          |mul_mul_15s_16s_31_4_1         |       i0 * i1|
    |mul_mul_15s_16s_31_4_1_U53          |mul_mul_15s_16s_31_4_1         |       i0 * i1|
    |mul_mul_15s_16s_31_4_1_U54          |mul_mul_15s_16s_31_4_1         |       i0 * i1|
    |mul_mul_15s_16s_31_4_1_U55          |mul_mul_15s_16s_31_4_1         |       i0 * i1|
    |mul_mul_15s_16s_31_4_1_U56          |mul_mul_15s_16s_31_4_1         |       i0 * i1|
    |mul_mul_15s_16s_31_4_1_U57          |mul_mul_15s_16s_31_4_1         |       i0 * i1|
    |mul_mul_15s_16s_31_4_1_U58          |mul_mul_15s_16s_31_4_1         |       i0 * i1|
    |mul_mul_15s_16s_31_4_1_U59          |mul_mul_15s_16s_31_4_1         |       i0 * i1|
    |mul_mul_15s_16s_31_4_1_U60          |mul_mul_15s_16s_31_4_1         |       i0 * i1|
    |mul_mul_15s_16s_31_4_1_U61          |mul_mul_15s_16s_31_4_1         |       i0 * i1|
    |mul_mul_15s_16s_31_4_1_U62          |mul_mul_15s_16s_31_4_1         |       i0 * i1|
    |mul_mul_15s_16s_31_4_1_U63          |mul_mul_15s_16s_31_4_1         |       i0 * i1|
    |mul_mul_15s_16s_31_4_1_U64          |mul_mul_15s_16s_31_4_1         |       i0 * i1|
    |mul_mul_15s_16s_31_4_1_U65          |mul_mul_15s_16s_31_4_1         |       i0 * i1|
    |mul_mul_15s_16s_31_4_1_U66          |mul_mul_15s_16s_31_4_1         |       i0 * i1|
    |mul_mul_15s_16s_31_4_1_U67          |mul_mul_15s_16s_31_4_1         |       i0 * i1|
    |mul_mul_15s_16s_31_4_1_U68          |mul_mul_15s_16s_31_4_1         |       i0 * i1|
    |mul_mul_15s_16s_31_4_1_U69          |mul_mul_15s_16s_31_4_1         |       i0 * i1|
    |mul_mul_15s_16s_31_4_1_U70          |mul_mul_15s_16s_31_4_1         |       i0 * i1|
    |mul_mul_15s_16s_31_4_1_U71          |mul_mul_15s_16s_31_4_1         |       i0 * i1|
    |mul_mul_15s_16s_31_4_1_U72          |mul_mul_15s_16s_31_4_1         |       i0 * i1|
    +------------------------------------+-------------------------------+--------------+

    * Memory: 
    +------------+----------+---------+---+----+-----+------+-----+------+-------------+
    |   Memory   |  Module  | BRAM_18K| FF| LUT| URAM| Words| Bits| Banks| W*Bits*Banks|
    +------------+----------+---------+---+----+-----+------+-----+------+-------------+
    |FIR_LP_V_U  |FIR_LP_V  |      194|  0|   0|    0|   585|   15|     1|         8775|
    +------------+----------+---------+---+----+-----+------+-----+------+-------------+
    |Total       |          |      194|  0|   0|    0|   585|   15|     1|         8775|
    +------------+----------+---------+---+----+-----+------+-----+------+-------------+

    * FIFO: 
    N/A

    * Expression: 
    +----------------------------+----------+----+---+----+------------+------------+
    |        Variable Name       | Operation| DSP| FF| LUT| Bitwidth P0| Bitwidth P1|
    +----------------------------+----------+----+---+----+------------+------------+
    |acc_V_1_fu_12857_p2         |         +|   0|  0|  47|          40|          40|
    |add_ln1118_100_fu_8907_p2   |         +|   0|  0|  14|           9|           7|
    |add_ln1118_101_fu_10531_p2  |         +|   0|  0|  14|           9|           7|
    |add_ln1118_102_fu_8918_p2   |         +|   0|  0|  14|           9|           7|
    |add_ln1118_103_fu_8929_p2   |         +|   0|  0|  14|           9|           7|
    |add_ln1118_104_fu_9630_p2   |         +|   0|  0|  14|           9|           7|
    |add_ln1118_105_fu_9640_p2   |         +|   0|  0|  14|           9|           7|
    |add_ln1118_106_fu_8940_p2   |         +|   0|  0|  14|           9|           7|
    |add_ln1118_107_fu_10541_p2  |         +|   0|  0|  14|           9|           7|
    |add_ln1118_108_fu_10551_p2  |         +|   0|  0|  14|           9|           7|
    |add_ln1118_109_fu_9650_p2   |         +|   0|  0|  14|           9|           7|
    |add_ln1118_10_fu_8566_p2    |         +|   0|  0|  14|           9|           4|
    |add_ln1118_110_fu_10561_p2  |         +|   0|  0|  14|           9|           7|
    |add_ln1118_111_fu_9660_p2   |         +|   0|  0|  14|           9|           7|
    |add_ln1118_112_fu_9670_p2   |         +|   0|  0|  14|           9|           7|
    |add_ln1118_113_fu_9680_p2   |         +|   0|  0|  14|           9|           7|
    |add_ln1118_114_fu_9690_p2   |         +|   0|  0|  14|           9|           7|
    |add_ln1118_115_fu_8951_p2   |         +|   0|  0|  14|           9|           7|
    |add_ln1118_116_fu_10571_p2  |         +|   0|  0|  14|           9|           7|
    |add_ln1118_117_fu_8962_p2   |         +|   0|  0|  14|           9|           7|
    |add_ln1118_118_fu_8973_p2   |         +|   0|  0|  14|           9|           7|
    |add_ln1118_119_fu_8984_p2   |         +|   0|  0|  14|           9|           7|
    |add_ln1118_11_fu_9310_p2    |         +|   0|  0|  14|           9|           4|
    |add_ln1118_120_fu_9700_p2   |         +|   0|  0|  14|           9|           7|
    |add_ln1118_121_fu_8995_p2   |         +|   0|  0|  13|          10|           7|
    |add_ln1118_122_fu_9006_p2   |         +|   0|  0|  13|          10|           7|
    |add_ln1118_123_fu_9017_p2   |         +|   0|  0|  13|          10|           7|
    |add_ln1118_124_fu_10581_p2  |         +|   0|  0|  13|          10|           7|
    |add_ln1118_125_fu_9710_p2   |         +|   0|  0|  13|          10|           7|
    |add_ln1118_126_fu_9028_p2   |         +|   0|  0|  13|          10|           7|
    |add_ln1118_127_fu_10592_p2  |         +|   0|  0|  13|          10|           8|
    |add_ln1118_128_fu_10603_p2  |         +|   0|  0|  13|          10|           8|
    |add_ln1118_129_fu_9039_p2   |         +|   0|  0|  13|          10|           8|
    |add_ln1118_12_fu_10261_p2   |         +|   0|  0|  14|           9|           4|
    |add_ln1118_130_fu_10614_p2  |         +|   0|  0|  13|          10|           8|
    |add_ln1118_131_fu_9721_p2   |         +|   0|  0|  13|          10|           8|
    |add_ln1118_132_fu_9732_p2   |         +|   0|  0|  13|          10|           8|
    |add_ln1118_133_fu_9743_p2   |         +|   0|  0|  13|          10|           8|
    |add_ln1118_134_fu_9754_p2   |         +|   0|  0|  13|          10|           8|
    |add_ln1118_135_fu_9050_p2   |         +|   0|  0|  13|          10|           8|
    |add_ln1118_136_fu_10625_p2  |         +|   0|  0|  13|          10|           8|
    |add_ln1118_137_fu_9061_p2   |         +|   0|  0|  13|          10|           8|
    |add_ln1118_138_fu_9072_p2   |         +|   0|  0|  13|          10|           8|
    |add_ln1118_139_fu_10636_p2  |         +|   0|  0|  13|          10|           8|
    |add_ln1118_13_fu_9320_p2    |         +|   0|  0|  14|           9|           4|
    |add_ln1118_140_fu_9765_p2   |         +|   0|  0|  13|          10|           8|
    |add_ln1118_141_fu_9083_p2   |         +|   0|  0|  13|          10|           8|
    |add_ln1118_142_fu_10647_p2  |         +|   0|  0|  13|          10|           8|
    |add_ln1118_143_fu_10658_p2  |         +|   0|  0|  13|          10|           8|
    |add_ln1118_144_fu_9094_p2   |         +|   0|  0|  13|          10|           8|
    |add_ln1118_145_fu_10669_p2  |         +|   0|  0|  13|          10|           8|
    |add_ln1118_146_fu_9776_p2   |         +|   0|  0|  13|          10|           8|
    |add_ln1118_147_fu_10680_p2  |         +|   0|  0|  13|          10|           8|
    |add_ln1118_148_fu_10691_p2  |         +|   0|  0|  13|          10|           8|
    |add_ln1118_149_fu_9105_p2   |         +|   0|  0|  13|          10|           8|
    |add_ln1118_14_fu_10271_p2   |         +|   0|  0|  14|           9|           4|
    |add_ln1118_150_fu_10702_p2  |         +|   0|  0|  13|          10|           8|
    |add_ln1118_151_fu_9787_p2   |         +|   0|  0|  13|          10|           8|
    |add_ln1118_152_fu_9798_p2   |         +|   0|  0|  13|          10|           8|
    |add_ln1118_153_fu_9809_p2   |         +|   0|  0|  13|          10|           8|
    |add_ln1118_154_fu_9820_p2   |         +|   0|  0|  13|          10|           8|
    |add_ln1118_155_fu_9116_p2   |         +|   0|  0|  13|          10|           8|
    |add_ln1118_156_fu_10713_p2  |         +|   0|  0|  13|          10|           8|
    |add_ln1118_157_fu_9127_p2   |         +|   0|  0|  13|          10|           8|
    |add_ln1118_158_fu_9138_p2   |         +|   0|  0|  13|          10|           8|
    |add_ln1118_159_fu_10724_p2  |         +|   0|  0|  13|          10|           8|
    |add_ln1118_15_fu_9330_p2    |         +|   0|  0|  14|           9|           5|
    |add_ln1118_160_fu_9831_p2   |         +|   0|  0|  13|          10|           8|
    |add_ln1118_161_fu_9149_p2   |         +|   0|  0|  13|          10|           8|
    |add_ln1118_162_fu_10735_p2  |         +|   0|  0|  13|          10|           8|
    |add_ln1118_163_fu_10746_p2  |         +|   0|  0|  13|          10|           8|
    |add_ln1118_164_fu_9160_p2   |         +|   0|  0|  13|          10|           8|
    |add_ln1118_165_fu_10757_p2  |         +|   0|  0|  13|          10|           8|
    |add_ln1118_166_fu_9842_p2   |         +|   0|  0|  13|          10|           8|
    |add_ln1118_167_fu_9853_p2   |         +|   0|  0|  13|          10|           8|
    |add_ln1118_168_fu_9864_p2   |         +|   0|  0|  13|          10|           8|
    |add_ln1118_169_fu_9875_p2   |         +|   0|  0|  13|          10|           8|
    |add_ln1118_16_fu_9340_p2    |         +|   0|  0|  14|           9|           5|
    |add_ln1118_170_fu_9171_p2   |         +|   0|  0|  13|          10|           8|
    |add_ln1118_171_fu_10768_p2  |         +|   0|  0|  13|          10|           8|
    |add_ln1118_172_fu_9886_p2   |         +|   0|  0|  13|          10|           8|
    |add_ln1118_173_fu_9182_p2   |         +|   0|  0|  13|          10|           8|
    |add_ln1118_174_fu_9897_p2   |         +|   0|  0|  13|          10|           8|
    |add_ln1118_175_fu_9193_p2   |         +|   0|  0|  13|          10|           8|
    |add_ln1118_176_fu_10779_p2  |         +|   0|  0|  13|          10|           8|
    |add_ln1118_177_fu_9204_p2   |         +|   0|  0|  13|          10|           8|
    |add_ln1118_178_fu_10790_p2  |         +|   0|  0|  13|          10|           8|
    |add_ln1118_179_fu_10801_p2  |         +|   0|  0|  13|          10|           8|
    |add_ln1118_17_fu_9350_p2    |         +|   0|  0|  14|           9|           5|
    |add_ln1118_180_fu_9908_p2   |         +|   0|  0|  13|          10|           8|
    |add_ln1118_181_fu_9215_p2   |         +|   0|  0|  13|          10|           8|
    |add_ln1118_182_fu_10812_p2  |         +|   0|  0|  13|          10|           8|
    |add_ln1118_183_fu_9919_p2   |         +|   0|  0|  13|          10|           8|
    |add_ln1118_184_fu_10823_p2  |         +|   0|  0|  13|          10|           8|
    |add_ln1118_185_fu_9930_p2   |         +|   0|  0|  13|          10|           8|
    |add_ln1118_186_fu_9226_p2   |         +|   0|  0|  13|          10|           8|
    |add_ln1118_187_fu_9941_p2   |         +|   0|  0|  13|          10|           8|
    |add_ln1118_188_fu_10834_p2  |         +|   0|  0|  13|          10|           8|
    |add_ln1118_189_fu_9237_p2   |         +|   0|  0|  13|          10|           8|
    |add_ln1118_18_fu_8577_p2    |         +|   0|  0|  14|           9|           5|
    |add_ln1118_190_fu_10845_p2  |         +|   0|  0|  13|          10|           8|
    |add_ln1118_191_fu_9952_p2   |         +|   0|  0|  13|          10|           8|
    |add_ln1118_192_fu_9248_p2   |         +|   0|  0|  13|          10|           8|
    |add_ln1118_193_fu_9259_p2   |         +|   0|  0|  13|          10|           8|
    |add_ln1118_194_fu_8527_p2   |         +|   0|  0|  13|          10|           8|
    |add_ln1118_19_fu_8588_p2    |         +|   0|  0|  14|           9|           5|
    |add_ln1118_1_fu_8533_p2     |         +|   0|  0|  14|           9|           2|
    |add_ln1118_20_fu_10281_p2   |         +|   0|  0|  14|           9|           5|
    |add_ln1118_21_fu_8599_p2    |         +|   0|  0|  14|           9|           5|
    |add_ln1118_22_fu_9360_p2    |         +|   0|  0|  14|           9|           5|
    |add_ln1118_23_fu_8610_p2    |         +|   0|  0|  14|           9|           5|
    |add_ln1118_24_fu_8621_p2    |         +|   0|  0|  14|           9|           5|
    |add_ln1118_25_fu_10291_p2   |         +|   0|  0|  14|           9|           5|
    |add_ln1118_26_fu_10301_p2   |         +|   0|  0|  14|           9|           5|
    |add_ln1118_27_fu_8632_p2    |         +|   0|  0|  14|           9|           5|
    |add_ln1118_28_fu_10311_p2   |         +|   0|  0|  14|           9|           5|
    |add_ln1118_29_fu_9370_p2    |         +|   0|  0|  14|           9|           5|
    |add_ln1118_2_fu_8544_p2     |         +|   0|  0|  14|           9|           2|
    |add_ln1118_30_fu_8643_p2    |         +|   0|  0|  14|           9|           5|
    |add_ln1118_31_fu_8654_p2    |         +|   0|  0|  14|           9|           6|
    |add_ln1118_32_fu_10321_p2   |         +|   0|  0|  14|           9|           6|
    |add_ln1118_33_fu_9380_p2    |         +|   0|  0|  14|           9|           6|
    |add_ln1118_34_fu_10331_p2   |         +|   0|  0|  14|           9|           6|
    |add_ln1118_35_fu_9390_p2    |         +|   0|  0|  14|           9|           6|
    |add_ln1118_36_fu_9400_p2    |         +|   0|  0|  14|           9|           6|
    |add_ln1118_37_fu_9410_p2    |         +|   0|  0|  14|           9|           6|
    |add_ln1118_38_fu_8665_p2    |         +|   0|  0|  14|           9|           6|
    |add_ln1118_39_fu_8676_p2    |         +|   0|  0|  14|           9|           6|
    |add_ln1118_3_fu_10231_p2    |         +|   0|  0|  14|           9|           3|
    |add_ln1118_40_fu_10341_p2   |         +|   0|  0|  14|           9|           6|
    |add_ln1118_41_fu_10351_p2   |         +|   0|  0|  14|           9|           6|
    |add_ln1118_42_fu_8687_p2    |         +|   0|  0|  14|           9|           6|
    |add_ln1118_43_fu_10361_p2   |         +|   0|  0|  14|           9|           6|
    |add_ln1118_44_fu_9420_p2    |         +|   0|  0|  14|           9|           6|
    |add_ln1118_45_fu_8698_p2    |         +|   0|  0|  14|           9|           6|
    |add_ln1118_46_fu_8709_p2    |         +|   0|  0|  14|           9|           6|
    |add_ln1118_47_fu_8720_p2    |         +|   0|  0|  14|           9|           6|
    |add_ln1118_48_fu_10371_p2   |         +|   0|  0|  14|           9|           6|
    |add_ln1118_49_fu_9430_p2    |         +|   0|  0|  14|           9|           6|
    |add_ln1118_4_fu_8555_p2     |         +|   0|  0|  14|           9|           3|
    |add_ln1118_50_fu_8731_p2    |         +|   0|  0|  14|           9|           6|
    |add_ln1118_51_fu_8742_p2    |         +|   0|  0|  14|           9|           6|
    |add_ln1118_52_fu_10381_p2   |         +|   0|  0|  14|           9|           6|
    |add_ln1118_53_fu_9440_p2    |         +|   0|  0|  14|           9|           6|
    |add_ln1118_54_fu_10391_p2   |         +|   0|  0|  14|           9|           6|
    |add_ln1118_55_fu_9450_p2    |         +|   0|  0|  14|           9|           6|
    |add_ln1118_56_fu_9460_p2    |         +|   0|  0|  14|           9|           6|
    |add_ln1118_57_fu_9470_p2    |         +|   0|  0|  14|           9|           6|
    |add_ln1118_58_fu_8753_p2    |         +|   0|  0|  14|           9|           6|
    |add_ln1118_59_fu_8764_p2    |         +|   0|  0|  14|           9|           6|
    |add_ln1118_5_fu_10241_p2    |         +|   0|  0|  14|           9|           3|
    |add_ln1118_60_fu_9480_p2    |         +|   0|  0|  14|           9|           6|
    |add_ln1118_61_fu_10401_p2   |         +|   0|  0|  14|           9|           6|
    |add_ln1118_62_fu_8775_p2    |         +|   0|  0|  14|           9|           6|
    |add_ln1118_63_fu_10411_p2   |         +|   0|  0|  14|           9|           7|
    |add_ln1118_64_fu_9490_p2    |         +|   0|  0|  14|           9|           7|
    |add_ln1118_65_fu_9500_p2    |         +|   0|  0|  14|           9|           7|
    |add_ln1118_66_fu_8786_p2    |         +|   0|  0|  14|           9|           7|
    |add_ln1118_67_fu_10421_p2   |         +|   0|  0|  14|           9|           7|
    |add_ln1118_68_fu_9510_p2    |         +|   0|  0|  14|           9|           7|
    |add_ln1118_69_fu_10431_p2   |         +|   0|  0|  14|           9|           7|
    |add_ln1118_6_fu_9280_p2     |         +|   0|  0|  14|           9|           3|
    |add_ln1118_70_fu_8797_p2    |         +|   0|  0|  14|           9|           7|
    |add_ln1118_71_fu_9520_p2    |         +|   0|  0|  14|           9|           7|
    |add_ln1118_72_fu_10441_p2   |         +|   0|  0|  14|           9|           7|
    |add_ln1118_73_fu_9530_p2    |         +|   0|  0|  14|           9|           7|
    |add_ln1118_74_fu_10451_p2   |         +|   0|  0|  14|           9|           7|
    |add_ln1118_75_fu_10461_p2   |         +|   0|  0|  14|           9|           7|
    |add_ln1118_76_fu_9540_p2    |         +|   0|  0|  14|           9|           7|
    |add_ln1118_77_fu_9550_p2    |         +|   0|  0|  14|           9|           7|
    |add_ln1118_78_fu_8808_p2    |         +|   0|  0|  14|           9|           7|
    |add_ln1118_79_fu_8819_p2    |         +|   0|  0|  14|           9|           7|
    |add_ln1118_7_fu_10251_p2    |         +|   0|  0|  14|           9|           4|
    |add_ln1118_80_fu_8830_p2    |         +|   0|  0|  14|           9|           7|
    |add_ln1118_81_fu_10471_p2   |         +|   0|  0|  14|           9|           7|
    |add_ln1118_82_fu_8841_p2    |         +|   0|  0|  14|           9|           7|
    |add_ln1118_83_fu_10481_p2   |         +|   0|  0|  14|           9|           7|
    |add_ln1118_84_fu_9560_p2    |         +|   0|  0|  14|           9|           7|
    |add_ln1118_85_fu_9570_p2    |         +|   0|  0|  14|           9|           7|
    |add_ln1118_86_fu_8852_p2    |         +|   0|  0|  14|           9|           7|
    |add_ln1118_87_fu_10491_p2   |         +|   0|  0|  14|           9|           7|
    |add_ln1118_88_fu_9580_p2    |         +|   0|  0|  14|           9|           7|
    |add_ln1118_89_fu_10501_p2   |         +|   0|  0|  14|           9|           7|
    |add_ln1118_8_fu_9290_p2     |         +|   0|  0|  14|           9|           4|
    |add_ln1118_90_fu_10511_p2   |         +|   0|  0|  14|           9|           7|
    |add_ln1118_91_fu_9590_p2    |         +|   0|  0|  14|           9|           7|
    |add_ln1118_92_fu_9600_p2    |         +|   0|  0|  14|           9|           7|
    |add_ln1118_93_fu_8863_p2    |         +|   0|  0|  14|           9|           7|
    |add_ln1118_94_fu_8874_p2    |         +|   0|  0|  14|           9|           7|
    |add_ln1118_95_fu_8885_p2    |         +|   0|  0|  14|           9|           7|
    |add_ln1118_96_fu_10521_p2   |         +|   0|  0|  14|           9|           7|
    |add_ln1118_97_fu_9610_p2    |         +|   0|  0|  14|           9|           7|
    |add_ln1118_98_fu_9620_p2    |         +|   0|  0|  14|           9|           7|
    |add_ln1118_99_fu_8896_p2    |         +|   0|  0|  14|           9|           7|
    |add_ln1118_9_fu_9300_p2     |         +|   0|  0|  14|           9|           4|
    |add_ln1118_fu_9270_p2       |         +|   0|  0|  14|           9|           1|
    |add_ln270_fu_6530_p2        |         +|   0|  0|  39|          32|           1|
    |add_ln312_fu_6551_p2        |         +|   0|  0|  15|           8|           2|
    |add_ln324_fu_8506_p2        |         +|   0|  0|  10|           2|           1|
    |add_ln399_fu_12417_p2       |         +|   0|  0|  11|           3|           1|
    |add_ln703_100_fu_11784_p2   |         +|   0|  0|  40|          33|          33|
    |add_ln703_105_fu_11796_p2   |         +|   0|  0|  40|          33|          33|
    |add_ln703_106_fu_12128_p2   |         +|   0|  0|  41|          34|          34|
    |add_ln703_10_fu_11976_p2    |         +|   0|  0|  41|          34|          34|
    |add_ln703_111_fu_11808_p2   |         +|   0|  0|  40|          33|          33|
    |add_ln703_116_fu_11820_p2   |         +|   0|  0|  40|          33|          33|
    |add_ln703_117_fu_12144_p2   |         +|   0|  0|  41|          34|          34|
    |add_ln703_118_fu_12154_p2   |         +|   0|  0|  42|          35|          35|
    |add_ln703_123_fu_11832_p2   |         +|   0|  0|  40|          33|          33|
    |add_ln703_128_fu_11844_p2   |         +|   0|  0|  40|          33|          33|
    |add_ln703_129_fu_12166_p2   |         +|   0|  0|  41|          34|          34|
    |add_ln703_134_fu_11856_p2   |         +|   0|  0|  40|          33|          33|
    |add_ln703_139_fu_11523_p2   |         +|   0|  0|  39|          32|          32|
    |add_ln703_140_fu_11868_p2   |         +|   0|  0|  40|          33|          33|
    |add_ln703_141_fu_12182_p2   |         +|   0|  0|  41|          34|          34|
    |add_ln703_142_fu_12192_p2   |         +|   0|  0|  42|          35|          35|
    |add_ln703_143_fu_12318_p2   |         +|   0|  0|  43|          36|          36|
    |add_ln703_148_fu_11880_p2   |         +|   0|  0|  40|          33|          33|
    |add_ln703_153_fu_11892_p2   |         +|   0|  0|  40|          33|          33|
    |add_ln703_154_fu_12204_p2   |         +|   0|  0|  41|          34|          34|
    |add_ln703_159_fu_11904_p2   |         +|   0|  0|  40|          33|          33|
    |add_ln703_15_fu_11616_p2    |         +|   0|  0|  40|          33|          33|
    |add_ln703_164_fu_11916_p2   |         +|   0|  0|  40|          33|          33|
    |add_ln703_165_fu_12220_p2   |         +|   0|  0|  41|          34|          34|
    |add_ln703_166_fu_12230_p2   |         +|   0|  0|  42|          35|          35|
    |add_ln703_171_fu_11928_p2   |         +|   0|  0|  40|          33|          33|
    |add_ln703_176_fu_11940_p2   |         +|   0|  0|  40|          33|          33|
    |add_ln703_177_fu_12242_p2   |         +|   0|  0|  41|          34|          34|
    |add_ln703_182_fu_11952_p2   |         +|   0|  0|  40|          33|          33|
    |add_ln703_187_fu_11580_p2   |         +|   0|  0|  39|          32|          32|
    |add_ln703_188_fu_11964_p2   |         +|   0|  0|  40|          33|          33|
    |add_ln703_189_fu_12258_p2   |         +|   0|  0|  41|          34|          34|
    |add_ln703_190_fu_12268_p2   |         +|   0|  0|  42|          35|          35|
    |add_ln703_191_fu_12334_p2   |         +|   0|  0|  43|          36|          36|
    |add_ln703_192_fu_12344_p2   |         +|   0|  0|  44|          37|          37|
    |add_ln703_20_fu_11628_p2    |         +|   0|  0|  40|          33|          33|
    |add_ln703_21_fu_11992_p2    |         +|   0|  0|  41|          34|          34|
    |add_ln703_22_fu_12002_p2    |         +|   0|  0|  42|          35|          35|
    |add_ln703_27_fu_11640_p2    |         +|   0|  0|  40|          33|          33|
    |add_ln703_32_fu_11652_p2    |         +|   0|  0|  40|          33|          33|
    |add_ln703_33_fu_12014_p2    |         +|   0|  0|  41|          34|          34|
    |add_ln703_38_fu_11664_p2    |         +|   0|  0|  40|          33|          33|
    |add_ln703_43_fu_11676_p2    |         +|   0|  0|  40|          33|          33|
    |add_ln703_44_fu_12030_p2    |         +|   0|  0|  41|          34|          34|
    |add_ln703_45_fu_12040_p2    |         +|   0|  0|  42|          35|          35|
    |add_ln703_46_fu_12280_p2    |         +|   0|  0|  43|          36|          36|
    |add_ln703_4_fu_11592_p2     |         +|   0|  0|  40|          33|          33|
    |add_ln703_51_fu_11688_p2    |         +|   0|  0|  40|          33|          33|
    |add_ln703_56_fu_11700_p2    |         +|   0|  0|  40|          33|          33|
    |add_ln703_57_fu_12052_p2    |         +|   0|  0|  41|          34|          34|
    |add_ln703_62_fu_11712_p2    |         +|   0|  0|  40|          33|          33|
    |add_ln703_67_fu_11724_p2    |         +|   0|  0|  40|          33|          33|
    |add_ln703_68_fu_12068_p2    |         +|   0|  0|  41|          34|          34|
    |add_ln703_69_fu_12078_p2    |         +|   0|  0|  42|          35|          35|
    |add_ln703_74_fu_11736_p2    |         +|   0|  0|  40|          33|          33|
    |add_ln703_79_fu_11748_p2    |         +|   0|  0|  40|          33|          33|
    |add_ln703_80_fu_12090_p2    |         +|   0|  0|  41|          34|          34|
    |add_ln703_85_fu_11760_p2    |         +|   0|  0|  40|          33|          33|
    |add_ln703_90_fu_11466_p2    |         +|   0|  0|  39|          32|          32|
    |add_ln703_91_fu_11772_p2    |         +|   0|  0|  40|          33|          33|
    |add_ln703_92_fu_12106_p2    |         +|   0|  0|  41|          34|          34|
    |add_ln703_93_fu_12116_p2    |         +|   0|  0|  42|          35|          35|
    |add_ln703_94_fu_12296_p2    |         +|   0|  0|  43|          36|          36|
    |add_ln703_95_fu_12306_p2    |         +|   0|  0|  44|          37|          37|
    |add_ln703_9_fu_11604_p2     |         +|   0|  0|  40|          33|          33|
    |ret_V_fu_12684_p2           |         +|   0|  0|  56|          49|          49|
    |ylp_V_0_fu_12356_p2         |         +|   0|  0|  45|          38|          38|
    |band_V_1_fu_12387_p2        |         -|   0|  0|  47|          40|          40|
    |band_V_2_fu_12393_p2        |         -|   0|  0|  47|          40|          40|
    |band_V_3_fu_12411_p2        |         -|   0|  0|  47|          40|          40|
    |p_Val2_10_fu_12595_p2       |         -|   0|  0|  31|           1|          24|
    |ret_V_2_fu_12655_p2         |         -|   0|  0|  32|          25|          25|
    |overflow_1_fu_12498_p2      |       and|   0|  0|   2|           1|           1|
    |overflow_3_fu_12772_p2      |       and|   0|  0|   2|           1|           1|
    |overflow_fu_12917_p2        |       and|   0|  0|   2|           1|           1|
    |underflow_1_fu_12522_p2     |       and|   0|  0|   2|           1|           1|
    |underflow_2_fu_12788_p2     |       and|   0|  0|   2|           1|           1|
    |underflow_fu_12941_p2       |       and|   0|  0|   2|           1|           1|
    |icmp_ln1497_fu_12633_p2     |      icmp|   0|  0|  15|          24|          24|
    |icmp_ln246_fu_5252_p2       |      icmp|   0|  0|  18|          32|           1|
    |icmp_ln270_fu_6536_p2       |      icmp|   0|  0|  18|          32|          32|
    |icmp_ln312_fu_6545_p2       |      icmp|   0|  0|  11|           8|           1|
    |icmp_ln324_fu_8521_p2       |      icmp|   0|  0|   8|           2|           2|
    |icmp_ln399_fu_12423_p2      |      icmp|   0|  0|   9|           3|           4|
    |icmp_ln768_1_fu_12480_p2    |      icmp|   0|  0|  10|           6|           1|
    |icmp_ln768_2_fu_12751_p2    |      icmp|   0|  0|   9|           4|           1|
    |icmp_ln768_fu_12899_p2      |      icmp|   0|  0|  10|           7|           1|
    |icmp_ln786_1_fu_12510_p2    |      icmp|   0|  0|  10|           6|           2|
    |icmp_ln786_2_fu_12757_p2    |      icmp|   0|  0|   9|           4|           2|
    |icmp_ln786_fu_12929_p2      |      icmp|   0|  0|  10|           7|           2|
    |tobool98_fu_6428_p2         |      icmp|   0|  0|  18|          32|           1|
    |ap_condition_4181           |        or|   0|  0|   2|           1|           1|
    |or_ln340_1_fu_12959_p2      |        or|   0|  0|   2|           1|           1|
    |or_ln340_2_fu_12528_p2      |        or|   0|  0|   2|           1|           1|
    |or_ln340_3_fu_12547_p2      |        or|   0|  0|   2|           1|           1|
    |or_ln340_4_fu_12793_p2      |        or|   0|  0|   2|           1|           1|
    |or_ln340_5_fu_12805_p2      |        or|   0|  0|   2|           1|           1|
    |or_ln340_fu_12947_p2        |        or|   0|  0|   2|           1|           1|
    |or_ln785_1_fu_12486_p2      |        or|   0|  0|   2|           1|           1|
    |or_ln785_2_fu_12763_p2      |        or|   0|  0|   2|           1|           1|
    |or_ln785_fu_12905_p2        |        or|   0|  0|   2|           1|           1|
    |or_ln786_1_fu_12516_p2      |        or|   0|  0|   2|           1|           1|
    |or_ln786_2_fu_12783_p2      |        or|   0|  0|   2|           1|           1|
    |or_ln786_fu_12935_p2        |        or|   0|  0|   2|           1|           1|
    |sign_V_fu_12696_p2          |        or|   0|  0|  24|          23|          24|
    |a_V_fu_12621_p3             |    select|   0|  0|  23|           1|          23|
    |out_r                       |    select|   0|  0|  16|           1|          16|
    |p_pn_fu_12851_p3            |    select|   0|  0|  40|           1|          40|
    |select_ln1497_fu_12833_p3   |    select|   0|  0|  24|           1|          24|
    |select_ln340_2_fu_12534_p3  |    select|   0|  0|  24|           1|          23|
    |select_ln340_4_fu_12613_p3  |    select|   0|  0|  23|           1|           2|
    |select_ln340_5_fu_12811_p3  |    select|   0|  0|  24|           1|          23|
    |select_ln340_6_fu_12825_p3  |    select|   0|  0|  24|           1|          24|
    |select_ln340_fu_12965_p3    |    select|   0|  0|  16|           1|          15|
    |select_ln388_1_fu_12552_p3  |    select|   0|  0|  25|           1|          25|
    |select_ln388_2_fu_12818_p3  |    select|   0|  0|  25|           1|          25|
    |select_ln388_fu_12973_p3    |    select|   0|  0|  17|           1|          17|
    |x_V_fu_12558_p3             |    select|   0|  0|  24|           1|          24|
    |ap_enable_pp1               |       xor|   0|  0|   2|           1|           2|
    |ap_enable_pp2               |       xor|   0|  0|   2|           1|           2|
    |ap_enable_reg_pp1_iter1     |       xor|   0|  0|   2|           2|           1|
    |xor_ln340_1_fu_12542_p2     |       xor|   0|  0|   2|           1|           2|
    |xor_ln340_2_fu_12799_p2     |       xor|   0|  0|   2|           1|           2|
    |xor_ln340_fu_12953_p2       |       xor|   0|  0|   2|           1|           2|
    |xor_ln785_1_fu_12492_p2     |       xor|   0|  0|   2|           1|           2|
    |xor_ln785_2_fu_12767_p2     |       xor|   0|  0|   2|           1|           2|
    |xor_ln785_fu_12911_p2       |       xor|   0|  0|   2|           1|           2|
    |xor_ln786_1_fu_12504_p2     |       xor|   0|  0|   2|           1|           2|
    |xor_ln786_2_fu_12778_p2     |       xor|   0|  0|   2|           1|           2|
    |xor_ln786_fu_12923_p2       |       xor|   0|  0|   2|           1|           2|
    +----------------------------+----------+----+---+----+------------+------------+
    |Total                       |          |   0|  0|6278|        4576|        4229|
    +----------------------------+----------+----+---+----+------------+------------+

    * Multiplexer: 
    +---------------------------------------+------+-----------+-----+-----------+
    |                  Name                 |  LUT | Input Size| Bits| Total Bits|
    +---------------------------------------+------+-----------+-----+-----------+
    |acc_V_reg_4272                         |     9|          2|   40|         80|
    |ap_NS_fsm                              |    59|         11|    1|         11|
    |ap_enable_reg_pp1_iter1                |     9|          2|    1|          2|
    |ap_enable_reg_pp1_iter9                |     9|          2|    1|          2|
    |ap_enable_reg_pp2_iter8                |     9|          2|    1|          2|
    |ap_enable_reg_pp2_iter9                |    14|          3|    1|          3|
    |ap_phi_mux_b_phi_fu_4241_p4            |     9|          2|    2|          4|
    |ap_phi_mux_phi_ln313_phi_fu_3847_p388  |  1039|        195|   16|       3120|
    |ap_phi_mux_phi_mul_phi_fu_4253_p4      |     9|          2|   10|         20|
    |b_reg_4237                             |     9|          2|    2|          4|
    |drc_ratio_address0                     |    14|          3|    2|          6|
    |drc_ratio_address1                     |    14|          3|    2|          6|
    |drc_thr_address0                       |    14|          3|    2|          6|
    |drc_thr_address1                       |    14|          3|    2|          6|
    |hist_V_0                               |     9|          2|   16|         32|
    |hist_V_1                               |     9|          2|   16|         32|
    |hist_V_10                              |     9|          2|   16|         32|
    |hist_V_100                             |     9|          2|   16|         32|
    |hist_V_101                             |     9|          2|   16|         32|
    |hist_V_102                             |     9|          2|   16|         32|
    |hist_V_103                             |     9|          2|   16|         32|
    |hist_V_104                             |     9|          2|   16|         32|
    |hist_V_105                             |     9|          2|   16|         32|
    |hist_V_106                             |     9|          2|   16|         32|
    |hist_V_107                             |     9|          2|   16|         32|
    |hist_V_108                             |     9|          2|   16|         32|
    |hist_V_109                             |     9|          2|   16|         32|
    |hist_V_11                              |     9|          2|   16|         32|
    |hist_V_110                             |     9|          2|   16|         32|
    |hist_V_111                             |     9|          2|   16|         32|
    |hist_V_112                             |     9|          2|   16|         32|
    |hist_V_113                             |     9|          2|   16|         32|
    |hist_V_114                             |     9|          2|   16|         32|
    |hist_V_115                             |     9|          2|   16|         32|
    |hist_V_116                             |     9|          2|   16|         32|
    |hist_V_117                             |     9|          2|   16|         32|
    |hist_V_118                             |     9|          2|   16|         32|
    |hist_V_119                             |     9|          2|   16|         32|
    |hist_V_12                              |     9|          2|   16|         32|
    |hist_V_120                             |     9|          2|   16|         32|
    |hist_V_121                             |     9|          2|   16|         32|
    |hist_V_122                             |     9|          2|   16|         32|
    |hist_V_123                             |     9|          2|   16|         32|
    |hist_V_124                             |     9|          2|   16|         32|
    |hist_V_125                             |     9|          2|   16|         32|
    |hist_V_126                             |     9|          2|   16|         32|
    |hist_V_127                             |     9|          2|   16|         32|
    |hist_V_128                             |     9|          2|   16|         32|
    |hist_V_129                             |     9|          2|   16|         32|
    |hist_V_13                              |     9|          2|   16|         32|
    |hist_V_130                             |     9|          2|   16|         32|
    |hist_V_131                             |     9|          2|   16|         32|
    |hist_V_132                             |     9|          2|   16|         32|
    |hist_V_133                             |     9|          2|   16|         32|
    |hist_V_134                             |     9|          2|   16|         32|
    |hist_V_135                             |     9|          2|   16|         32|
    |hist_V_136                             |     9|          2|   16|         32|
    |hist_V_137                             |     9|          2|   16|         32|
    |hist_V_138                             |     9|          2|   16|         32|
    |hist_V_139                             |     9|          2|   16|         32|
    |hist_V_14                              |     9|          2|   16|         32|
    |hist_V_140                             |     9|          2|   16|         32|
    |hist_V_141                             |     9|          2|   16|         32|
    |hist_V_142                             |     9|          2|   16|         32|
    |hist_V_143                             |     9|          2|   16|         32|
    |hist_V_144                             |     9|          2|   16|         32|
    |hist_V_145                             |     9|          2|   16|         32|
    |hist_V_146                             |     9|          2|   16|         32|
    |hist_V_147                             |     9|          2|   16|         32|
    |hist_V_148                             |     9|          2|   16|         32|
    |hist_V_149                             |     9|          2|   16|         32|
    |hist_V_15                              |     9|          2|   16|         32|
    |hist_V_150                             |     9|          2|   16|         32|
    |hist_V_151                             |     9|          2|   16|         32|
    |hist_V_152                             |     9|          2|   16|         32|
    |hist_V_153                             |     9|          2|   16|         32|
    |hist_V_154                             |     9|          2|   16|         32|
    |hist_V_155                             |     9|          2|   16|         32|
    |hist_V_156                             |     9|          2|   16|         32|
    |hist_V_157                             |     9|          2|   16|         32|
    |hist_V_158                             |     9|          2|   16|         32|
    |hist_V_159                             |     9|          2|   16|         32|
    |hist_V_16                              |     9|          2|   16|         32|
    |hist_V_160                             |     9|          2|   16|         32|
    |hist_V_161                             |     9|          2|   16|         32|
    |hist_V_162                             |     9|          2|   16|         32|
    |hist_V_163                             |     9|          2|   16|         32|
    |hist_V_164                             |     9|          2|   16|         32|
    |hist_V_165                             |     9|          2|   16|         32|
    |hist_V_166                             |     9|          2|   16|         32|
    |hist_V_167                             |     9|          2|   16|         32|
    |hist_V_168                             |     9|          2|   16|         32|
    |hist_V_169                             |     9|          2|   16|         32|
    |hist_V_17                              |     9|          2|   16|         32|
    |hist_V_170                             |     9|          2|   16|         32|
    |hist_V_171                             |     9|          2|   16|         32|
    |hist_V_172                             |     9|          2|   16|         32|
    |hist_V_173                             |     9|          2|   16|         32|
    |hist_V_174                             |     9|          2|   16|         32|
    |hist_V_175                             |     9|          2|   16|         32|
    |hist_V_176                             |     9|          2|   16|         32|
    |hist_V_177                             |     9|          2|   16|         32|
    |hist_V_178                             |     9|          2|   16|         32|
    |hist_V_179                             |     9|          2|   16|         32|
    |hist_V_18                              |     9|          2|   16|         32|
    |hist_V_180                             |     9|          2|   16|         32|
    |hist_V_181                             |     9|          2|   16|         32|
    |hist_V_182                             |     9|          2|   16|         32|
    |hist_V_183                             |     9|          2|   16|         32|
    |hist_V_184                             |     9|          2|   16|         32|
    |hist_V_185                             |     9|          2|   16|         32|
    |hist_V_186                             |     9|          2|   16|         32|
    |hist_V_187                             |     9|          2|   16|         32|
    |hist_V_188                             |     9|          2|   16|         32|
    |hist_V_189                             |     9|          2|   16|         32|
    |hist_V_19                              |     9|          2|   16|         32|
    |hist_V_190                             |     9|          2|   16|         32|
    |hist_V_191                             |     9|          2|   16|         32|
    |hist_V_192                             |     9|          2|   16|         32|
    |hist_V_193                             |     9|          2|   16|         32|
    |hist_V_194                             |     9|          2|   16|         32|
    |hist_V_2                               |     9|          2|   16|         32|
    |hist_V_20                              |     9|          2|   16|         32|
    |hist_V_21                              |     9|          2|   16|         32|
    |hist_V_22                              |     9|          2|   16|         32|
    |hist_V_23                              |     9|          2|   16|         32|
    |hist_V_24                              |     9|          2|   16|         32|
    |hist_V_25                              |     9|          2|   16|         32|
    |hist_V_26                              |     9|          2|   16|         32|
    |hist_V_27                              |     9|          2|   16|         32|
    |hist_V_28                              |     9|          2|   16|         32|
    |hist_V_29                              |     9|          2|   16|         32|
    |hist_V_3                               |     9|          2|   16|         32|
    |hist_V_30                              |     9|          2|   16|         32|
    |hist_V_31                              |     9|          2|   16|         32|
    |hist_V_32                              |     9|          2|   16|         32|
    |hist_V_33                              |     9|          2|   16|         32|
    |hist_V_34                              |     9|          2|   16|         32|
    |hist_V_35                              |     9|          2|   16|         32|
    |hist_V_36                              |     9|          2|   16|         32|
    |hist_V_37                              |     9|          2|   16|         32|
    |hist_V_38                              |     9|          2|   16|         32|
    |hist_V_39                              |     9|          2|   16|         32|
    |hist_V_4                               |     9|          2|   16|         32|
    |hist_V_40                              |     9|          2|   16|         32|
    |hist_V_41                              |     9|          2|   16|         32|
    |hist_V_42                              |     9|          2|   16|         32|
    |hist_V_43                              |     9|          2|   16|         32|
    |hist_V_44                              |     9|          2|   16|         32|
    |hist_V_45                              |     9|          2|   16|         32|
    |hist_V_46                              |     9|          2|   16|         32|
    |hist_V_47                              |     9|          2|   16|         32|
    |hist_V_48                              |     9|          2|   16|         32|
    |hist_V_49                              |     9|          2|   16|         32|
    |hist_V_5                               |     9|          2|   16|         32|
    |hist_V_50                              |     9|          2|   16|         32|
    |hist_V_51                              |     9|          2|   16|         32|
    |hist_V_52                              |     9|          2|   16|         32|
    |hist_V_53                              |     9|          2|   16|         32|
    |hist_V_54                              |     9|          2|   16|         32|
    |hist_V_55                              |     9|          2|   16|         32|
    |hist_V_56                              |     9|          2|   16|         32|
    |hist_V_57                              |     9|          2|   16|         32|
    |hist_V_58                              |     9|          2|   16|         32|
    |hist_V_59                              |     9|          2|   16|         32|
    |hist_V_6                               |     9|          2|   16|         32|
    |hist_V_60                              |     9|          2|   16|         32|
    |hist_V_61                              |     9|          2|   16|         32|
    |hist_V_62                              |     9|          2|   16|         32|
    |hist_V_63                              |     9|          2|   16|         32|
    |hist_V_64                              |     9|          2|   16|         32|
    |hist_V_65                              |     9|          2|   16|         32|
    |hist_V_66                              |     9|          2|   16|         32|
    |hist_V_67                              |     9|          2|   16|         32|
    |hist_V_68                              |     9|          2|   16|         32|
    |hist_V_69                              |     9|          2|   16|         32|
    |hist_V_7                               |     9|          2|   16|         32|
    |hist_V_70                              |     9|          2|   16|         32|
    |hist_V_71                              |     9|          2|   16|         32|
    |hist_V_72                              |     9|          2|   16|         32|
    |hist_V_73                              |     9|          2|   16|         32|
    |hist_V_74                              |     9|          2|   16|         32|
    |hist_V_75                              |     9|          2|   16|         32|
    |hist_V_76                              |     9|          2|   16|         32|
    |hist_V_77                              |     9|          2|   16|         32|
    |hist_V_78                              |     9|          2|   16|         32|
    |hist_V_79                              |     9|          2|   16|         32|
    |hist_V_8                               |     9|          2|   16|         32|
    |hist_V_80                              |     9|          2|   16|         32|
    |hist_V_81                              |     9|          2|   16|         32|
    |hist_V_82                              |     9|          2|   16|         32|
    |hist_V_83                              |     9|          2|   16|         32|
    |hist_V_84                              |     9|          2|   16|         32|
    |hist_V_85                              |     9|          2|   16|         32|
    |hist_V_86                              |     9|          2|   16|         32|
    |hist_V_87                              |     9|          2|   16|         32|
    |hist_V_88                              |     9|          2|   16|         32|
    |hist_V_89                              |     9|          2|   16|         32|
    |hist_V_9                               |     9|          2|   16|         32|
    |hist_V_90                              |     9|          2|   16|         32|
    |hist_V_91                              |     9|          2|   16|         32|
    |hist_V_92                              |     9|          2|   16|         32|
    |hist_V_93                              |     9|          2|   16|         32|
    |hist_V_94                              |     9|          2|   16|         32|
    |hist_V_95                              |     9|          2|   16|         32|
    |hist_V_96                              |     9|          2|   16|         32|
    |hist_V_97                              |     9|          2|   16|         32|
    |hist_V_98                              |     9|          2|   16|         32|
    |hist_V_99                              |     9|          2|   16|         32|
    |i_reg_4261                             |     9|          2|    3|          6|
    |k_reg_3833                             |     9|          2|    8|         16|
    |n_reg_3822                             |     9|          2|   32|         64|
    |phi_mul_reg_4249                       |     9|          2|   10|         20|
    +---------------------------------------+------+-----------+-----+-----------+
    |Total                                  |  3022|        633| 3256|       9618|
    +---------------------------------------+------+-----------+-----+-----------+

    * Register: 
    +---------------------------------------+-----+----+-----+-----------+
    |                  Name                 |  FF | LUT| Bits| Const Bits|
    +---------------------------------------+-----+----+-----+-----------+
    |FIR_LP_V_load_reg_16254                |   15|   0|   15|          0|
    |FIR_LP_V_load_reg_16254_pp1_iter2_reg  |   15|   0|   15|          0|
    |acc_V_reg_4272                         |   40|   0|   40|          0|
    |add_ln1118_194_reg_15574               |   10|   0|   10|          0|
    |add_ln270_reg_14490                    |   32|   0|   32|          0|
    |add_ln324_reg_15482                    |    2|   0|    2|          0|
    |add_ln703_100_reg_18269                |   33|   0|   33|          0|
    |add_ln703_105_reg_18274                |   33|   0|   33|          0|
    |add_ln703_111_reg_18279                |   33|   0|   33|          0|
    |add_ln703_116_reg_18284                |   33|   0|   33|          0|
    |add_ln703_118_reg_18369                |   35|   0|   35|          0|
    |add_ln703_123_reg_18289                |   33|   0|   33|          0|
    |add_ln703_128_reg_18294                |   33|   0|   33|          0|
    |add_ln703_134_reg_18299                |   33|   0|   33|          0|
    |add_ln703_139_reg_18104                |   32|   0|   32|          0|
    |add_ln703_140_reg_18304                |   33|   0|   33|          0|
    |add_ln703_142_reg_18374                |   35|   0|   35|          0|
    |add_ln703_148_reg_18309                |   33|   0|   33|          0|
    |add_ln703_153_reg_18314                |   33|   0|   33|          0|
    |add_ln703_159_reg_18319                |   33|   0|   33|          0|
    |add_ln703_15_reg_18199                 |   33|   0|   33|          0|
    |add_ln703_164_reg_18324                |   33|   0|   33|          0|
    |add_ln703_166_reg_18379                |   35|   0|   35|          0|
    |add_ln703_171_reg_18329                |   33|   0|   33|          0|
    |add_ln703_176_reg_18334                |   33|   0|   33|          0|
    |add_ln703_182_reg_18339                |   33|   0|   33|          0|
    |add_ln703_187_reg_18184                |   32|   0|   32|          0|
    |add_ln703_188_reg_18344                |   33|   0|   33|          0|
    |add_ln703_190_reg_18384                |   35|   0|   35|          0|
    |add_ln703_192_reg_18394                |   37|   0|   37|          0|
    |add_ln703_20_reg_18204                 |   33|   0|   33|          0|
    |add_ln703_22_reg_18349                 |   35|   0|   35|          0|
    |add_ln703_27_reg_18209                 |   33|   0|   33|          0|
    |add_ln703_32_reg_18214                 |   33|   0|   33|          0|
    |add_ln703_38_reg_18219                 |   33|   0|   33|          0|
    |add_ln703_43_reg_18224                 |   33|   0|   33|          0|
    |add_ln703_45_reg_18354                 |   35|   0|   35|          0|
    |add_ln703_4_reg_18189                  |   33|   0|   33|          0|
    |add_ln703_51_reg_18229                 |   33|   0|   33|          0|
    |add_ln703_56_reg_18234                 |   33|   0|   33|          0|
    |add_ln703_62_reg_18239                 |   33|   0|   33|          0|
    |add_ln703_67_reg_18244                 |   33|   0|   33|          0|
    |add_ln703_69_reg_18359                 |   35|   0|   35|          0|
    |add_ln703_74_reg_18249                 |   33|   0|   33|          0|
    |add_ln703_79_reg_18254                 |   33|   0|   33|          0|
    |add_ln703_85_reg_18259                 |   33|   0|   33|          0|
    |add_ln703_90_reg_18024                 |   32|   0|   32|          0|
    |add_ln703_91_reg_18264                 |   33|   0|   33|          0|
    |add_ln703_93_reg_18364                 |   35|   0|   35|          0|
    |add_ln703_95_reg_18389                 |   37|   0|   37|          0|
    |add_ln703_9_reg_18194                  |   33|   0|   33|          0|
    |ap_CS_fsm                              |   10|   0|   10|          0|
    |ap_enable_reg_pp1_iter0                |    1|   0|    1|          0|
    |ap_enable_reg_pp1_iter1                |    1|   0|    1|          0|
    |ap_enable_reg_pp1_iter2                |    1|   0|    1|          0|
    |ap_enable_reg_pp1_iter3                |    1|   0|    1|          0|
    |ap_enable_reg_pp1_iter4                |    1|   0|    1|          0|
    |ap_enable_reg_pp1_iter5                |    1|   0|    1|          0|
    |ap_enable_reg_pp1_iter6                |    1|   0|    1|          0|
    |ap_enable_reg_pp1_iter7                |    1|   0|    1|          0|
    |ap_enable_reg_pp1_iter8                |    1|   0|    1|          0|
    |ap_enable_reg_pp1_iter9                |    1|   0|    1|          0|
    |ap_enable_reg_pp2_iter0                |    1|   0|    1|          0|
    |ap_enable_reg_pp2_iter1                |    1|   0|    1|          0|
    |ap_enable_reg_pp2_iter2                |    1|   0|    1|          0|
    |ap_enable_reg_pp2_iter3                |    1|   0|    1|          0|
    |ap_enable_reg_pp2_iter4                |    1|   0|    1|          0|
    |ap_enable_reg_pp2_iter5                |    1|   0|    1|          0|
    |ap_enable_reg_pp2_iter6                |    1|   0|    1|          0|
    |ap_enable_reg_pp2_iter7                |    1|   0|    1|          0|
    |ap_enable_reg_pp2_iter8                |    1|   0|    1|          0|
    |ap_enable_reg_pp2_iter9                |    1|   0|    1|          0|
    |b_reg_4237                             |    2|   0|    2|          0|
    |band_V_0_fu_1348                       |   40|   0|   40|          0|
    |band_V_1_reg_18399                     |   40|   0|   40|          0|
    |band_V_2_reg_18404                     |   40|   0|   40|          0|
    |band_V_3_reg_18409                     |   40|   0|   40|          0|
    |empty_14_reg_15487                     |    9|   0|    9|          0|
    |empty_14_reg_15487_pp1_iter1_reg       |    9|   0|    9|          0|
    |hist_V_0                               |   16|   0|   16|          0|
    |hist_V_0_load_reg_14499                |   16|   0|   16|          0|
    |hist_V_1                               |   16|   0|   16|          0|
    |hist_V_10                              |   16|   0|   16|          0|
    |hist_V_100                             |   16|   0|   16|          0|
    |hist_V_101                             |   16|   0|   16|          0|
    |hist_V_102                             |   16|   0|   16|          0|
    |hist_V_103                             |   16|   0|   16|          0|
    |hist_V_104                             |   16|   0|   16|          0|
    |hist_V_105                             |   16|   0|   16|          0|
    |hist_V_106                             |   16|   0|   16|          0|
    |hist_V_107                             |   16|   0|   16|          0|
    |hist_V_108                             |   16|   0|   16|          0|
    |hist_V_109                             |   16|   0|   16|          0|
    |hist_V_11                              |   16|   0|   16|          0|
    |hist_V_110                             |   16|   0|   16|          0|
    |hist_V_111                             |   16|   0|   16|          0|
    |hist_V_112                             |   16|   0|   16|          0|
    |hist_V_113                             |   16|   0|   16|          0|
    |hist_V_114                             |   16|   0|   16|          0|
    |hist_V_115                             |   16|   0|   16|          0|
    |hist_V_116                             |   16|   0|   16|          0|
    |hist_V_117                             |   16|   0|   16|          0|
    |hist_V_118                             |   16|   0|   16|          0|
    |hist_V_119                             |   16|   0|   16|          0|
    |hist_V_12                              |   16|   0|   16|          0|
    |hist_V_120                             |   16|   0|   16|          0|
    |hist_V_121                             |   16|   0|   16|          0|
    |hist_V_122                             |   16|   0|   16|          0|
    |hist_V_123                             |   16|   0|   16|          0|
    |hist_V_124                             |   16|   0|   16|          0|
    |hist_V_125                             |   16|   0|   16|          0|
    |hist_V_126                             |   16|   0|   16|          0|
    |hist_V_127                             |   16|   0|   16|          0|
    |hist_V_128                             |   16|   0|   16|          0|
    |hist_V_129                             |   16|   0|   16|          0|
    |hist_V_13                              |   16|   0|   16|          0|
    |hist_V_130                             |   16|   0|   16|          0|
    |hist_V_131                             |   16|   0|   16|          0|
    |hist_V_132                             |   16|   0|   16|          0|
    |hist_V_133                             |   16|   0|   16|          0|
    |hist_V_134                             |   16|   0|   16|          0|
    |hist_V_135                             |   16|   0|   16|          0|
    |hist_V_136                             |   16|   0|   16|          0|
    |hist_V_137                             |   16|   0|   16|          0|
    |hist_V_138                             |   16|   0|   16|          0|
    |hist_V_139                             |   16|   0|   16|          0|
    |hist_V_14                              |   16|   0|   16|          0|
    |hist_V_140                             |   16|   0|   16|          0|
    |hist_V_141                             |   16|   0|   16|          0|
    |hist_V_142                             |   16|   0|   16|          0|
    |hist_V_143                             |   16|   0|   16|          0|
    |hist_V_144                             |   16|   0|   16|          0|
    |hist_V_145                             |   16|   0|   16|          0|
    |hist_V_146                             |   16|   0|   16|          0|
    |hist_V_147                             |   16|   0|   16|          0|
    |hist_V_148                             |   16|   0|   16|          0|
    |hist_V_149                             |   16|   0|   16|          0|
    |hist_V_15                              |   16|   0|   16|          0|
    |hist_V_150                             |   16|   0|   16|          0|
    |hist_V_151                             |   16|   0|   16|          0|
    |hist_V_152                             |   16|   0|   16|          0|
    |hist_V_153                             |   16|   0|   16|          0|
    |hist_V_154                             |   16|   0|   16|          0|
    |hist_V_155                             |   16|   0|   16|          0|
    |hist_V_156                             |   16|   0|   16|          0|
    |hist_V_157                             |   16|   0|   16|          0|
    |hist_V_158                             |   16|   0|   16|          0|
    |hist_V_159                             |   16|   0|   16|          0|
    |hist_V_16                              |   16|   0|   16|          0|
    |hist_V_160                             |   16|   0|   16|          0|
    |hist_V_161                             |   16|   0|   16|          0|
    |hist_V_162                             |   16|   0|   16|          0|
    |hist_V_163                             |   16|   0|   16|          0|
    |hist_V_164                             |   16|   0|   16|          0|
    |hist_V_165                             |   16|   0|   16|          0|
    |hist_V_166                             |   16|   0|   16|          0|
    |hist_V_167                             |   16|   0|   16|          0|
    |hist_V_168                             |   16|   0|   16|          0|
    |hist_V_169                             |   16|   0|   16|          0|
    |hist_V_17                              |   16|   0|   16|          0|
    |hist_V_170                             |   16|   0|   16|          0|
    |hist_V_171                             |   16|   0|   16|          0|
    |hist_V_172                             |   16|   0|   16|          0|
    |hist_V_173                             |   16|   0|   16|          0|
    |hist_V_174                             |   16|   0|   16|          0|
    |hist_V_175                             |   16|   0|   16|          0|
    |hist_V_176                             |   16|   0|   16|          0|
    |hist_V_177                             |   16|   0|   16|          0|
    |hist_V_178                             |   16|   0|   16|          0|
    |hist_V_179                             |   16|   0|   16|          0|
    |hist_V_18                              |   16|   0|   16|          0|
    |hist_V_180                             |   16|   0|   16|          0|
    |hist_V_181                             |   16|   0|   16|          0|
    |hist_V_182                             |   16|   0|   16|          0|
    |hist_V_183                             |   16|   0|   16|          0|
    |hist_V_184                             |   16|   0|   16|          0|
    |hist_V_185                             |   16|   0|   16|          0|
    |hist_V_186                             |   16|   0|   16|          0|
    |hist_V_187                             |   16|   0|   16|          0|
    |hist_V_188                             |   16|   0|   16|          0|
    |hist_V_189                             |   16|   0|   16|          0|
    |hist_V_19                              |   16|   0|   16|          0|
    |hist_V_190                             |   16|   0|   16|          0|
    |hist_V_191                             |   16|   0|   16|          0|
    |hist_V_192                             |   16|   0|   16|          0|
    |hist_V_193                             |   16|   0|   16|          0|
    |hist_V_194                             |   16|   0|   16|          0|
    |hist_V_2                               |   16|   0|   16|          0|
    |hist_V_20                              |   16|   0|   16|          0|
    |hist_V_21                              |   16|   0|   16|          0|
    |hist_V_22                              |   16|   0|   16|          0|
    |hist_V_23                              |   16|   0|   16|          0|
    |hist_V_24                              |   16|   0|   16|          0|
    |hist_V_25                              |   16|   0|   16|          0|
    |hist_V_26                              |   16|   0|   16|          0|
    |hist_V_27                              |   16|   0|   16|          0|
    |hist_V_28                              |   16|   0|   16|          0|
    |hist_V_29                              |   16|   0|   16|          0|
    |hist_V_3                               |   16|   0|   16|          0|
    |hist_V_30                              |   16|   0|   16|          0|
    |hist_V_31                              |   16|   0|   16|          0|
    |hist_V_32                              |   16|   0|   16|          0|
    |hist_V_33                              |   16|   0|   16|          0|
    |hist_V_34                              |   16|   0|   16|          0|
    |hist_V_35                              |   16|   0|   16|          0|
    |hist_V_36                              |   16|   0|   16|          0|
    |hist_V_37                              |   16|   0|   16|          0|
    |hist_V_38                              |   16|   0|   16|          0|
    |hist_V_39                              |   16|   0|   16|          0|
    |hist_V_4                               |   16|   0|   16|          0|
    |hist_V_40                              |   16|   0|   16|          0|
    |hist_V_41                              |   16|   0|   16|          0|
    |hist_V_42                              |   16|   0|   16|          0|
    |hist_V_43                              |   16|   0|   16|          0|
    |hist_V_44                              |   16|   0|   16|          0|
    |hist_V_45                              |   16|   0|   16|          0|
    |hist_V_46                              |   16|   0|   16|          0|
    |hist_V_47                              |   16|   0|   16|          0|
    |hist_V_48                              |   16|   0|   16|          0|
    |hist_V_49                              |   16|   0|   16|          0|
    |hist_V_5                               |   16|   0|   16|          0|
    |hist_V_50                              |   16|   0|   16|          0|
    |hist_V_51                              |   16|   0|   16|          0|
    |hist_V_52                              |   16|   0|   16|          0|
    |hist_V_53                              |   16|   0|   16|          0|
    |hist_V_54                              |   16|   0|   16|          0|
    |hist_V_55                              |   16|   0|   16|          0|
    |hist_V_56                              |   16|   0|   16|          0|
    |hist_V_57                              |   16|   0|   16|          0|
    |hist_V_58                              |   16|   0|   16|          0|
    |hist_V_59                              |   16|   0|   16|          0|
    |hist_V_6                               |   16|   0|   16|          0|
    |hist_V_60                              |   16|   0|   16|          0|
    |hist_V_61                              |   16|   0|   16|          0|
    |hist_V_62                              |   16|   0|   16|          0|
    |hist_V_63                              |   16|   0|   16|          0|
    |hist_V_64                              |   16|   0|   16|          0|
    |hist_V_65                              |   16|   0|   16|          0|
    |hist_V_66                              |   16|   0|   16|          0|
    |hist_V_67                              |   16|   0|   16|          0|
    |hist_V_68                              |   16|   0|   16|          0|
    |hist_V_69                              |   16|   0|   16|          0|
    |hist_V_7                               |   16|   0|   16|          0|
    |hist_V_70                              |   16|   0|   16|          0|
    |hist_V_71                              |   16|   0|   16|          0|
    |hist_V_72                              |   16|   0|   16|          0|
    |hist_V_73                              |   16|   0|   16|          0|
    |hist_V_74                              |   16|   0|   16|          0|
    |hist_V_75                              |   16|   0|   16|          0|
    |hist_V_76                              |   16|   0|   16|          0|
    |hist_V_77                              |   16|   0|   16|          0|
    |hist_V_78                              |   16|   0|   16|          0|
    |hist_V_79                              |   16|   0|   16|          0|
    |hist_V_8                               |   16|   0|   16|          0|
    |hist_V_80                              |   16|   0|   16|          0|
    |hist_V_81                              |   16|   0|   16|          0|
    |hist_V_82                              |   16|   0|   16|          0|
    |hist_V_83                              |   16|   0|   16|          0|
    |hist_V_84                              |   16|   0|   16|          0|
    |hist_V_85                              |   16|   0|   16|          0|
    |hist_V_86                              |   16|   0|   16|          0|
    |hist_V_87                              |   16|   0|   16|          0|
    |hist_V_88                              |   16|   0|   16|          0|
    |hist_V_89                              |   16|   0|   16|          0|
    |hist_V_9                               |   16|   0|   16|          0|
    |hist_V_90                              |   16|   0|   16|          0|
    |hist_V_91                              |   16|   0|   16|          0|
    |hist_V_92                              |   16|   0|   16|          0|
    |hist_V_93                              |   16|   0|   16|          0|
    |hist_V_94                              |   16|   0|   16|          0|
    |hist_V_95                              |   16|   0|   16|          0|
    |hist_V_96                              |   16|   0|   16|          0|
    |hist_V_97                              |   16|   0|   16|          0|
    |hist_V_98                              |   16|   0|   16|          0|
    |hist_V_99                              |   16|   0|   16|          0|
    |i_reg_4261                             |    3|   0|    3|          0|
    |icmp_ln1497_reg_18470                  |    1|   0|    1|          0|
    |icmp_ln324_reg_15570                   |    1|   0|    1|          0|
    |icmp_ln399_reg_18419                   |    1|   0|    1|          0|
    |icmp_ln768_2_reg_18523                 |    1|   0|    1|          0|
    |icmp_ln786_2_reg_18528                 |    1|   0|    1|          0|
    |k_reg_3833                             |    8|   0|    8|          0|
    |n_reg_3822                             |   32|   0|   32|          0|
    |overflow_1_reg_18439                   |    1|   0|    1|          0|
    |p_Result_4_reg_18505                   |    1|   0|    1|          0|
    |p_Result_5_reg_18517                   |    1|   0|    1|          0|
    |p_Val2_12_reg_18511                    |   24|   0|   24|          0|
    |p_Val2_8_reg_18429                     |   40|   0|   40|          0|
    |p_Val2_9_reg_18434                     |   24|   0|   24|          0|
    |phi_mul_reg_4249                       |   10|   0|   10|          0|
    |phi_mul_reg_4249_pp1_iter1_reg         |   10|   0|   10|          0|
    |q_1_reg_14405                          |   16|   0|   16|          0|
    |q_2_reg_14410                          |   16|   0|   16|          0|
    |q_3_reg_14415                          |   16|   0|   16|          0|
    |q_reg_14400                            |   16|   0|   16|          0|
    |r_V_reg_18485                          |   49|   0|   49|          0|
    |ratio_V_reg_18465                      |   24|   0|   24|          0|
    |ret_V_2_reg_18480                      |   25|   0|   25|          0|
    |ret_V_reg_18490                        |   49|   0|   49|          0|
    |select_ln340_2_reg_18450               |   24|   0|   24|          0|
    |sext_ln1116_100_reg_15007              |   31|   0|   31|          0|
    |sext_ln1116_101_reg_15012              |   31|   0|   31|          0|
    |sext_ln1116_102_reg_15017              |   31|   0|   31|          0|
    |sext_ln1116_103_reg_15022              |   31|   0|   31|          0|
    |sext_ln1116_104_reg_15027              |   31|   0|   31|          0|
    |sext_ln1116_105_reg_15032              |   31|   0|   31|          0|
    |sext_ln1116_106_reg_15037              |   31|   0|   31|          0|
    |sext_ln1116_107_reg_15042              |   31|   0|   31|          0|
    |sext_ln1116_108_reg_15047              |   31|   0|   31|          0|
    |sext_ln1116_109_reg_15052              |   31|   0|   31|          0|
    |sext_ln1116_10_reg_14557               |   31|   0|   31|          0|
    |sext_ln1116_110_reg_15057              |   31|   0|   31|          0|
    |sext_ln1116_111_reg_15062              |   31|   0|   31|          0|
    |sext_ln1116_112_reg_15067              |   31|   0|   31|          0|
    |sext_ln1116_113_reg_15072              |   31|   0|   31|          0|
    |sext_ln1116_114_reg_15077              |   31|   0|   31|          0|
    |sext_ln1116_115_reg_15082              |   31|   0|   31|          0|
    |sext_ln1116_116_reg_15087              |   31|   0|   31|          0|
    |sext_ln1116_117_reg_15092              |   31|   0|   31|          0|
    |sext_ln1116_118_reg_15097              |   31|   0|   31|          0|
    |sext_ln1116_119_reg_15102              |   31|   0|   31|          0|
    |sext_ln1116_11_reg_14562               |   31|   0|   31|          0|
    |sext_ln1116_120_reg_15107              |   31|   0|   31|          0|
    |sext_ln1116_121_reg_15112              |   31|   0|   31|          0|
    |sext_ln1116_122_reg_15117              |   31|   0|   31|          0|
    |sext_ln1116_123_reg_15122              |   31|   0|   31|          0|
    |sext_ln1116_124_reg_15127              |   31|   0|   31|          0|
    |sext_ln1116_125_reg_15132              |   31|   0|   31|          0|
    |sext_ln1116_126_reg_15137              |   31|   0|   31|          0|
    |sext_ln1116_127_reg_15142              |   31|   0|   31|          0|
    |sext_ln1116_128_reg_15147              |   31|   0|   31|          0|
    |sext_ln1116_129_reg_15152              |   31|   0|   31|          0|
    |sext_ln1116_12_reg_14567               |   31|   0|   31|          0|
    |sext_ln1116_130_reg_15157              |   31|   0|   31|          0|
    |sext_ln1116_131_reg_15162              |   31|   0|   31|          0|
    |sext_ln1116_132_reg_15167              |   31|   0|   31|          0|
    |sext_ln1116_133_reg_15172              |   31|   0|   31|          0|
    |sext_ln1116_134_reg_15177              |   31|   0|   31|          0|
    |sext_ln1116_135_reg_15182              |   31|   0|   31|          0|
    |sext_ln1116_136_reg_15187              |   31|   0|   31|          0|
    |sext_ln1116_137_reg_15192              |   31|   0|   31|          0|
    |sext_ln1116_138_reg_15197              |   31|   0|   31|          0|
    |sext_ln1116_139_reg_15202              |   31|   0|   31|          0|
    |sext_ln1116_13_reg_14572               |   31|   0|   31|          0|
    |sext_ln1116_140_reg_15207              |   31|   0|   31|          0|
    |sext_ln1116_141_reg_15212              |   31|   0|   31|          0|
    |sext_ln1116_142_reg_15217              |   31|   0|   31|          0|
    |sext_ln1116_143_reg_15222              |   31|   0|   31|          0|
    |sext_ln1116_144_reg_15227              |   31|   0|   31|          0|
    |sext_ln1116_145_reg_15232              |   31|   0|   31|          0|
    |sext_ln1116_146_reg_15237              |   31|   0|   31|          0|
    |sext_ln1116_147_reg_15242              |   31|   0|   31|          0|
    |sext_ln1116_148_reg_15247              |   31|   0|   31|          0|
    |sext_ln1116_149_reg_15252              |   31|   0|   31|          0|
    |sext_ln1116_14_reg_14577               |   31|   0|   31|          0|
    |sext_ln1116_150_reg_15257              |   31|   0|   31|          0|
    |sext_ln1116_151_reg_15262              |   31|   0|   31|          0|
    |sext_ln1116_152_reg_15267              |   31|   0|   31|          0|
    |sext_ln1116_153_reg_15272              |   31|   0|   31|          0|
    |sext_ln1116_154_reg_15277              |   31|   0|   31|          0|
    |sext_ln1116_155_reg_15282              |   31|   0|   31|          0|
    |sext_ln1116_156_reg_15287              |   31|   0|   31|          0|
    |sext_ln1116_157_reg_15292              |   31|   0|   31|          0|
    |sext_ln1116_158_reg_15297              |   31|   0|   31|          0|
    |sext_ln1116_159_reg_15302              |   31|   0|   31|          0|
    |sext_ln1116_15_reg_14582               |   31|   0|   31|          0|
    |sext_ln1116_160_reg_15307              |   31|   0|   31|          0|
    |sext_ln1116_161_reg_15312              |   31|   0|   31|          0|
    |sext_ln1116_162_reg_15317              |   31|   0|   31|          0|
    |sext_ln1116_163_reg_15322              |   31|   0|   31|          0|
    |sext_ln1116_164_reg_15327              |   31|   0|   31|          0|
    |sext_ln1116_165_reg_15332              |   31|   0|   31|          0|
    |sext_ln1116_166_reg_15337              |   31|   0|   31|          0|
    |sext_ln1116_167_reg_15342              |   31|   0|   31|          0|
    |sext_ln1116_168_reg_15347              |   31|   0|   31|          0|
    |sext_ln1116_169_reg_15352              |   31|   0|   31|          0|
    |sext_ln1116_16_reg_14587               |   31|   0|   31|          0|
    |sext_ln1116_170_reg_15357              |   31|   0|   31|          0|
    |sext_ln1116_171_reg_15362              |   31|   0|   31|          0|
    |sext_ln1116_172_reg_15367              |   31|   0|   31|          0|
    |sext_ln1116_173_reg_15372              |   31|   0|   31|          0|
    |sext_ln1116_174_reg_15377              |   31|   0|   31|          0|
    |sext_ln1116_175_reg_15382              |   31|   0|   31|          0|
    |sext_ln1116_176_reg_15387              |   31|   0|   31|          0|
    |sext_ln1116_177_reg_15392              |   31|   0|   31|          0|
    |sext_ln1116_178_reg_15397              |   31|   0|   31|          0|
    |sext_ln1116_179_reg_15402              |   31|   0|   31|          0|
    |sext_ln1116_17_reg_14592               |   31|   0|   31|          0|
    |sext_ln1116_180_reg_15407              |   31|   0|   31|          0|
    |sext_ln1116_181_reg_15412              |   31|   0|   31|          0|
    |sext_ln1116_182_reg_15417              |   31|   0|   31|          0|
    |sext_ln1116_183_reg_15422              |   31|   0|   31|          0|
    |sext_ln1116_184_reg_15427              |   31|   0|   31|          0|
    |sext_ln1116_185_reg_15432              |   31|   0|   31|          0|
    |sext_ln1116_186_reg_15437              |   31|   0|   31|          0|
    |sext_ln1116_187_reg_15442              |   31|   0|   31|          0|
    |sext_ln1116_188_reg_15447              |   31|   0|   31|          0|
    |sext_ln1116_189_reg_15452              |   31|   0|   31|          0|
    |sext_ln1116_18_reg_14597               |   31|   0|   31|          0|
    |sext_ln1116_190_reg_15457              |   31|   0|   31|          0|
    |sext_ln1116_191_reg_15462              |   31|   0|   31|          0|
    |sext_ln1116_192_reg_15467              |   31|   0|   31|          0|
    |sext_ln1116_193_reg_15472              |   31|   0|   31|          0|
    |sext_ln1116_19_reg_14602               |   31|   0|   31|          0|
    |sext_ln1116_1_reg_14512                |   31|   0|   31|          0|
    |sext_ln1116_20_reg_14607               |   31|   0|   31|          0|
    |sext_ln1116_21_reg_14612               |   31|   0|   31|          0|
    |sext_ln1116_22_reg_14617               |   31|   0|   31|          0|
    |sext_ln1116_23_reg_14622               |   31|   0|   31|          0|
    |sext_ln1116_24_reg_14627               |   31|   0|   31|          0|
    |sext_ln1116_25_reg_14632               |   31|   0|   31|          0|
    |sext_ln1116_26_reg_14637               |   31|   0|   31|          0|
    |sext_ln1116_27_reg_14642               |   31|   0|   31|          0|
    |sext_ln1116_28_reg_14647               |   31|   0|   31|          0|
    |sext_ln1116_29_reg_14652               |   31|   0|   31|          0|
    |sext_ln1116_2_reg_14517                |   31|   0|   31|          0|
    |sext_ln1116_30_reg_14657               |   31|   0|   31|          0|
    |sext_ln1116_31_reg_14662               |   31|   0|   31|          0|
    |sext_ln1116_32_reg_14667               |   31|   0|   31|          0|
    |sext_ln1116_33_reg_14672               |   31|   0|   31|          0|
    |sext_ln1116_34_reg_14677               |   31|   0|   31|          0|
    |sext_ln1116_35_reg_14682               |   31|   0|   31|          0|
    |sext_ln1116_36_reg_14687               |   31|   0|   31|          0|
    |sext_ln1116_37_reg_14692               |   31|   0|   31|          0|
    |sext_ln1116_38_reg_14697               |   31|   0|   31|          0|
    |sext_ln1116_39_reg_14702               |   31|   0|   31|          0|
    |sext_ln1116_3_reg_14522                |   31|   0|   31|          0|
    |sext_ln1116_40_reg_14707               |   31|   0|   31|          0|
    |sext_ln1116_41_reg_14712               |   31|   0|   31|          0|
    |sext_ln1116_42_reg_14717               |   31|   0|   31|          0|
    |sext_ln1116_43_reg_14722               |   31|   0|   31|          0|
    |sext_ln1116_44_reg_14727               |   31|   0|   31|          0|
    |sext_ln1116_45_reg_14732               |   31|   0|   31|          0|
    |sext_ln1116_46_reg_14737               |   31|   0|   31|          0|
    |sext_ln1116_47_reg_14742               |   31|   0|   31|          0|
    |sext_ln1116_48_reg_14747               |   31|   0|   31|          0|
    |sext_ln1116_49_reg_14752               |   31|   0|   31|          0|
    |sext_ln1116_4_reg_14527                |   31|   0|   31|          0|
    |sext_ln1116_50_reg_14757               |   31|   0|   31|          0|
    |sext_ln1116_51_reg_14762               |   31|   0|   31|          0|
    |sext_ln1116_52_reg_14767               |   31|   0|   31|          0|
    |sext_ln1116_53_reg_14772               |   31|   0|   31|          0|
    |sext_ln1116_54_reg_14777               |   31|   0|   31|          0|
    |sext_ln1116_55_reg_14782               |   31|   0|   31|          0|
    |sext_ln1116_56_reg_14787               |   31|   0|   31|          0|
    |sext_ln1116_57_reg_14792               |   31|   0|   31|          0|
    |sext_ln1116_58_reg_14797               |   31|   0|   31|          0|
    |sext_ln1116_59_reg_14802               |   31|   0|   31|          0|
    |sext_ln1116_5_reg_14532                |   31|   0|   31|          0|
    |sext_ln1116_60_reg_14807               |   31|   0|   31|          0|
    |sext_ln1116_61_reg_14812               |   31|   0|   31|          0|
    |sext_ln1116_62_reg_14817               |   31|   0|   31|          0|
    |sext_ln1116_63_reg_14822               |   31|   0|   31|          0|
    |sext_ln1116_64_reg_14827               |   31|   0|   31|          0|
    |sext_ln1116_65_reg_14832               |   31|   0|   31|          0|
    |sext_ln1116_66_reg_14837               |   31|   0|   31|          0|
    |sext_ln1116_67_reg_14842               |   31|   0|   31|          0|
    |sext_ln1116_68_reg_14847               |   31|   0|   31|          0|
    |sext_ln1116_69_reg_14852               |   31|   0|   31|          0|
    |sext_ln1116_6_reg_14537                |   31|   0|   31|          0|
    |sext_ln1116_70_reg_14857               |   31|   0|   31|          0|
    |sext_ln1116_71_reg_14862               |   31|   0|   31|          0|
    |sext_ln1116_72_reg_14867               |   31|   0|   31|          0|
    |sext_ln1116_73_reg_14872               |   31|   0|   31|          0|
    |sext_ln1116_74_reg_14877               |   31|   0|   31|          0|
    |sext_ln1116_75_reg_14882               |   31|   0|   31|          0|
    |sext_ln1116_76_reg_14887               |   31|   0|   31|          0|
    |sext_ln1116_77_reg_14892               |   31|   0|   31|          0|
    |sext_ln1116_78_reg_14897               |   31|   0|   31|          0|
    |sext_ln1116_79_reg_14902               |   31|   0|   31|          0|
    |sext_ln1116_7_reg_14542                |   31|   0|   31|          0|
    |sext_ln1116_80_reg_14907               |   31|   0|   31|          0|
    |sext_ln1116_81_reg_14912               |   31|   0|   31|          0|
    |sext_ln1116_82_reg_14917               |   31|   0|   31|          0|
    |sext_ln1116_83_reg_14922               |   31|   0|   31|          0|
    |sext_ln1116_84_reg_14927               |   31|   0|   31|          0|
    |sext_ln1116_85_reg_14932               |   31|   0|   31|          0|
    |sext_ln1116_86_reg_14937               |   31|   0|   31|          0|
    |sext_ln1116_87_reg_14942               |   31|   0|   31|          0|
    |sext_ln1116_88_reg_14947               |   31|   0|   31|          0|
    |sext_ln1116_89_reg_14952               |   31|   0|   31|          0|
    |sext_ln1116_8_reg_14547                |   31|   0|   31|          0|
    |sext_ln1116_90_reg_14957               |   31|   0|   31|          0|
    |sext_ln1116_91_reg_14962               |   31|   0|   31|          0|
    |sext_ln1116_92_reg_14967               |   31|   0|   31|          0|
    |sext_ln1116_93_reg_14972               |   31|   0|   31|          0|
    |sext_ln1116_94_reg_14977               |   31|   0|   31|          0|
    |sext_ln1116_95_reg_14982               |   31|   0|   31|          0|
    |sext_ln1116_96_reg_14987               |   31|   0|   31|          0|
    |sext_ln1116_97_reg_14992               |   31|   0|   31|          0|
    |sext_ln1116_98_reg_14997               |   31|   0|   31|          0|
    |sext_ln1116_99_reg_15002               |   31|   0|   31|          0|
    |sext_ln1116_9_reg_14552                |   31|   0|   31|          0|
    |sext_ln1116_reg_14485                  |   31|   0|   31|          0|
    |sext_ln266_1_reg_14450                 |   17|   0|   24|          7|
    |sext_ln266_2_reg_14460                 |   17|   0|   24|          7|
    |sext_ln266_3_reg_14470                 |   17|   0|   24|          7|
    |sext_ln266_reg_14440                   |   17|   0|   24|          7|
    |sext_ln267_1_reg_14455                 |   17|   0|   24|          7|
    |sext_ln267_2_reg_14465                 |   17|   0|   24|          7|
    |sext_ln267_3_reg_14475                 |   17|   0|   24|          7|
    |sext_ln267_reg_14445                   |   17|   0|   24|          7|
    |sext_ln324_reg_15477                   |   31|   0|   31|          0|
    |thr_V_reg_18460                        |   24|   0|   24|          0|
    |thr_V_reg_18460_pp2_iter2_reg          |   24|   0|   24|          0|
    |tmp_7_reg_18475                        |    1|   0|    1|          0|
    |tobool98_reg_14395                     |    1|   0|    1|          0|
    |trunc_ln1265_reg_18423                 |    2|   0|    2|          0|
    |underflow_1_reg_18444                  |    1|   0|    1|          0|
    |x_V_reg_18455                          |   24|   0|   24|          0|
    |ylp_V_1_0798_fu_1352                   |   40|   0|   40|          0|
    |ylp_V_2_0799_fu_1356                   |   40|   0|   40|          0|
    |b_reg_4237                             |   64|  32|    2|          0|
    |icmp_ln1497_reg_18470                  |   64|  32|    1|          0|
    |icmp_ln324_reg_15570                   |   64|  32|    1|          0|
    |icmp_ln399_reg_18419                   |   64|  32|    1|          0|
    |p_Val2_8_reg_18429                     |   64|  32|   40|          0|
    |tmp_7_reg_18475                        |   64|  32|    1|          0|
    |x_V_reg_18455                          |   64|  32|   24|          0|
    +---------------------------------------+-----+----+-----+-----------+
    |Total                                  |12146| 224|11824|         56|
    +---------------------------------------+-----+----+-----+-----------+



================================================================
== Interface
================================================================
* Summary: 
+--------------------+-----+-----+------------+---------------+--------------+
|      RTL Ports     | Dir | Bits|  Protocol  | Source Object |    C Type    |
+--------------------+-----+-----+------------+---------------+--------------+
|ap_clk              |   in|    1|  ap_ctrl_hs|  fir_multiband|  return value|
|ap_rst              |   in|    1|  ap_ctrl_hs|  fir_multiband|  return value|
|ap_start            |   in|    1|  ap_ctrl_hs|  fir_multiband|  return value|
|ap_done             |  out|    1|  ap_ctrl_hs|  fir_multiband|  return value|
|ap_idle             |  out|    1|  ap_ctrl_hs|  fir_multiband|  return value|
|ap_ready            |  out|    1|  ap_ctrl_hs|  fir_multiband|  return value|
|in_r                |   in|   16|     ap_none|           in_r|       pointer|
|out_r               |  out|   16|      ap_vld|          out_r|       pointer|
|out_r_ap_vld        |  out|    1|      ap_vld|          out_r|       pointer|
|length_r            |   in|   32|     ap_none|       length_r|        scalar|
|drc_thr_address0    |  out|    2|   ap_memory|        drc_thr|         array|
|drc_thr_ce0         |  out|    1|   ap_memory|        drc_thr|         array|
|drc_thr_q0          |   in|   16|   ap_memory|        drc_thr|         array|
|drc_thr_address1    |  out|    2|   ap_memory|        drc_thr|         array|
|drc_thr_ce1         |  out|    1|   ap_memory|        drc_thr|         array|
|drc_thr_q1          |   in|   16|   ap_memory|        drc_thr|         array|
|drc_ratio_address0  |  out|    2|   ap_memory|      drc_ratio|         array|
|drc_ratio_ce0       |  out|    1|   ap_memory|      drc_ratio|         array|
|drc_ratio_q0        |   in|   16|   ap_memory|      drc_ratio|         array|
|drc_ratio_address1  |  out|    2|   ap_memory|      drc_ratio|         array|
|drc_ratio_ce1       |  out|    1|   ap_memory|      drc_ratio|         array|
|drc_ratio_q1        |   in|   16|   ap_memory|      drc_ratio|         array|
|reset               |   in|   32|     ap_none|          reset|        scalar|
|bypass              |   in|   32|     ap_none|         bypass|        scalar|
+--------------------+-----+-----+------------+---------------+--------------+

