

================================================================
== Vitis HLS Report for 'fir_multiband'
================================================================
* Date:           Wed Oct  7 19:26:45 2026

* Version:        2020.2 (Build 3064766 on Wed Nov 18 09:12:45 MST 2020)
* Project:        synth_proj
* Solution:       solution1 (Vivado IP Flow Target)
* Product family: zynq
* Target device:  xc7z020-clg400-1


================================================================
== Performance Estimates
================================================================
+ Timing: 
    * Summary: 
    +--------+----------+----------+------------+
    |  Clock |  Target  | Estimated| Uncertainty|
    +--------+----------+----------+------------+
    |ap_clk  |  10.00 ns|  6.965 ns|     2.70 ns|
    +--------+----------+----------+------------+

+ Latency: 
    * Summary: 
    +---------+---------+----------+----------+-----+-----+---------+
    |  Latency (cycles) |  Latency (absolute) |  Interval | Pipeline|
    |   min   |   max   |    min   |    max   | min | max |   Type  |
    +---------+---------+----------+----------+-----+-----+---------+
    |        ?|        ?|         ?|         ?|    ?|    ?|     none|
    +---------+---------+----------+----------+-----+-----+---------+

    + Detail: 
        * Instance: 
        N/A

        * Loop: 
        +----------------------+---------+---------+----------+-----------+-----------+------+----------+
        |                      |  Latency (cycles) | Iteration|  Initiation Interval  | Trip |          |
        |       Loop Name      |   min   |   max   |  Latency |  achieved |   target  | Count| Pipelined|
        +----------------------+---------+---------+----------+-----------+-----------+------+----------+
        |- VITIS_LOOP_270_3    |        ?|        ?|        28|          -|          -|     ?|        no|
        | + VITIS_LOOP_324_5   |       11|       11|        10|          1|          1|     3|       yes|
        | + VITIS_LOOP_399_10  |       12|       12|        10|          1|          1|     4|       yes|
        +----------------------+---------+---------+----------+-----------+-----------+------+----------+



================================================================
== Utilization Estimates
================================================================
* Summary: 
+-----------------+---------+-----+--------+-------+-----+
|       Name      | BRAM_18K| DSP |   FF   |  LUT  | URAM|
+-----------------+---------+-----+--------+-------+-----+
|DSP              |        -|  195|       -|      -|    -|
|Expression       |        -|    -|       0|   6250|    -|
|FIFO             |        -|    -|       -|      -|    -|
|Instance         |        -|    2|     334|    191|    -|
|Memory           |      194|    -|       0|      0|    -|
|Multiplexer      |        -|    -|       -|   1954|    -|
|Register         |        -|    -|   12120|    224|    -|
+-----------------+---------+-----+--------+-------+-----+
|Total            |      194|  197|   12454|   8619|    0|
+-----------------+---------+-----+--------+-------+-----+
|Available        |      280|  220|  106400|  53200|    0|
+-----------------+---------+-----+--------+-------+-----+
|Utilization (%)  |       69|   89|      11|     16|    0|
+-----------------+---------+-----+--------+-------+-----+

+ Detail: 
    * Instance: 
    +-----------------------+--------------------+---------+----+-----+----+-----+
    |        Instance       |       Module       | BRAM_18K| DSP|  FF | LUT| URAM|
    +-----------------------+--------------------+---------+----+-----+----+-----+
    |mul_25s_24s_49_1_1_U4  |mul_25s_24s_49_1_1  |        0|   1|    0|  47|    0|
    |mul_49s_24s_72_5_1_U5  |mul_49s_24s_72_5_1  |        0|   1|  334|  84|    0|
    |mux_42_24_1_1_U2       |mux_42_24_1_1       |        0|   0|    0|  20|    0|
    |mux_42_24_1_1_U3       |mux_42_24_1_1       |        0|   0|    0|  20|    0|
    |mux_42_40_1_1_U1       |mux_42_40_1_1       |        0|   0|    0|  20|    0|
    +-----------------------+--------------------+---------+----+-----+----+-----+
    |Total                  |                    |        0|   2|  334| 191|    0|
    +-----------------------+--------------------+---------+----+-----+----+-----+

    * DSP: 
    +------------------------------------+-------------------------------+--------------+
    |              Instance              |             Module            |  Expression  |
    +------------------------------------+-------------------------------+--------------+
    |mac_muladd_15s_16s_31s_31_4_1_U73   |mac_muladd_15s_16s_31s_31_4_1  |  i0 + i1 * i2|
    |mac_muladd_15s_16s_31s_31_4_1_U74   |mac_muladd_15s_16s_31s_31_4_1  |  i0 + i1 * i2|
    |mac_muladd_15s_16s_31s_31_4_1_U75   |mac_muladd_15s_16s_31s_31_4_1  |  i0 + i1 * i2|
    |mac_muladd_15s_16s_31s_31_4_1_U76   |mac_muladd_15s_16s_31s_31_4_1  |  i0 + i1 * i2|
    |mac_muladd_15s_16s_31s_31_4_1_U77   |mac_muladd_15s_16s_31s_31_4_1  |  i0 + i1 * i2|
    |mac_muladd_15s_16s_31s_31_4_1_U78   |mac_muladd_15s_16s_31s_31_4_1  |  i0 + i1 * i2|
    |mac_muladd_15s_16s_31s_31_4_1_U79   |mac_muladd_15s_16s_31s_31_4_1  |  i0 + i1 * i2|
    |mac_muladd_15s_16s_31s_31_4_1_U80   |mac_muladd_15s_16s_31s_31_4_1  |  i0 + i1 * i2|
    |mac_muladd_15s_16s_31s_31_4_1_U81   |mac_muladd_15s_16s_31s_31_4_1  |  i0 + i1 * i2|
    |mac_muladd_15s_16s_31s_31_4_1_U82   |mac_muladd_15s_16s_31s_31_4_1  |  i0 + i1 * i2|
    |mac_muladd_15s_16s_31s_31_4_1_U83   |mac_muladd_15s_16s_31s_31_4_1  |  i0 + i1 * i2|
    |mac_muladd_15s_16s_31s_31_4_1_U84   |mac_muladd_15s_16s_31s_31_4_1  |  i0 + i1 * i2|
    |mac_muladd_15s_16s_31s_31_4_1_U85   |mac_muladd_15s_16s_31s_31_4_1  |  i0 + i1 * i2|
    |mac_muladd_15s_16s_31s_31_4_1_U86   |mac_muladd_15s_16s_31s_31_4_1  |  i0 + i1 * i2|
    |mac_muladd_15s_16s_31s_31_4_1_U87   |mac_muladd_15s_16s_31s_31_4_1  |  i0 + i1 * i2|
    |mac_muladd_15s_16s_31s_31_4_1_U88   |mac_muladd_15s_16s_31s_31_4_1  |  i0 + i1 * i2|
    |mac_muladd_15s_16s_31s_31_4_1_U89   |mac_muladd_15s_16s_31s_31_4_1  |  i0 + i1 * i2|
    |mac_muladd_15s_16s_31s_31_4_1_U90   |mac_muladd_15s_16s_31s_31_4_1  |  i0 + i1 * i2|
    |mac_muladd_15s_16s_31s_31_4_1_U91   |mac_muladd_15s_16s_31s_31_4_1  |  i0 + i1 * i2|
    |mac_muladd_15s_16s_31s_31_4_1_U92   |mac_muladd_15s_16s_31s_31_4_1  |  i0 + i1 * i2|
    |mac_muladd_15s_16s_31s_31_4_1_U93   |mac_muladd_15s_16s_31s_31_4_1  |  i0 + i1 * i2|
    |mac_muladd_15s_16s_31s_31_4_1_U94   |mac_muladd_15s_16s_31s_31_4_1  |  i0 + i1 * i2|
    |mac_muladd_15s_16s_31s_31_4_1_U95   |mac_muladd_15s_16s_31s_31_4_1  |  i0 + i1 * i2|
    |mac_muladd_15s_16s_31s_31_4_1_U96   |mac_muladd_15s_16s_31s_31_4_1  |  i0 + i1 * i2|
    |mac_muladd_15s_16s_31s_31_4_1_U97   |mac_muladd_15s_16s_31s_31_4_1  |  i0 + i1 * i2|
    |mac_muladd_15s_16s_31s_31_4_1_U98   |mac_muladd_15s_16s_31s_31_4_1  |  i0 + i1 * i2|
    |mac_muladd_15s_16s_31s_31_4_1_U99   |mac_muladd_15s_16s_31s_31_4_1  |  i0 + i1 * i2|
    |mac_muladd_15s_16s_31s_31_4_1_U100  |mac_muladd_15s_16s_31s_31_4_1  |  i0 + i1 * i2|
    |mac_muladd_15s_16s_31s_31_4_1_U101  |mac_muladd_15s_16s_31s_31_4_1  |  i0 + i1 * i2|
    |mac_muladd_15s_16s_31s_31_4_1_U102  |mac_muladd_15s_16s_31s_31_4_1  |  i0 + i1 * i2|
    |mac_muladd_15s_16s_31s_31_4_1_U103  |mac_muladd_15s_16s_31s_31_4_1  |  i0 + i1 * i2|
    |mac_muladd_15s_16s_31s_31_4_1_U104  |mac_muladd_15s_16s_31s_31_4_1  |  i0 + i1 * i2|
    |mac_muladd_15s_16s_31s_31_4_1_U105  |mac_muladd_15s_16s_31s_31_4_1  |  i0 + i1 * i2|
    |mac_muladd_15s_16s_31s_31_4_1_U106  |mac_muladd_15s_16s_31s_31_4_1  |  i0 + i1 * i2|
    |mac_muladd_15s_16s_31s_31_4_1_U107  |mac_muladd_15s_16s_31s_31_4_1  |  i0 + i1 * i2|
    |mac_muladd_15s_16s_31s_31_4_1_U108  |mac_muladd_15s_16s_31s_31_4_1  |  i0 + i1 * i2|
    |mac_muladd_15s_16s_31s_31_4_1_U109  |mac_muladd_15s_16s_31s_31_4_1  |  i0 + i1 * i2|
    |mac_muladd_15s_16s_31s_31_4_1_U110  |mac_muladd_15s_16s_31s_31_4_1  |  i0 + i1 * i2|
    |mac_muladd_15s_16s_31s_31_4_1_U111  |mac_muladd_15s_16s_31s_31_4_1  |  i0 + i1 * i2|
    |mac_muladd_15s_16s_31s_31_4_1_U112  |mac_muladd_15s_16s_31s_31_4_1  |  i0 + i1 * i2|
    |mac_muladd_15s_16s_31s_31_4_1_U113  |mac_muladd_15s_16s_31s_31_4_1  |  i0 + i1 * i2|
    |mac_muladd_15s_16s_31s_31_4_1_U114  |mac_muladd_15s_16s_31s_31_4_1  |  i0 + i1 * i2|
    |mac_muladd_15s_16s_31s_31_4_1_U115  |mac_muladd_15s_16s_31s_31_4_1  |  i0 + i1 * i2|
    |mac_muladd_15s_16s_31s_31_4_1_U116  |mac_muladd_15s_16s_31s_31_4_1  |  i0 + i1 * i2|
    |mac_muladd_15s_16s_31s_31_4_1_U117  |mac_muladd_15s_16s_31s_31_4_1  |  i0 + i1 * i2|
    |mac_muladd_15s_16s_31s_31_4_1_U118  |mac_muladd_15s_16s_31s_31_4_1  |  i0 + i1 * i2|
    |mac_muladd_15s_16s_31s_31_4_1_U119  |mac_muladd_15s_16s_31s_31_4_1  |  i0 + i1 * i2|
    |mac_muladd_15s_16s_31s_31_4_1_U120  |mac_muladd_15s_16s_31s_31_4_1  |  i0 + i1 * i2|
    |mac_muladd_15s_16s_31s_31_4_1_U121  |mac_muladd_15s_16s_31s_31_4_1  |  i0 + i1 * i2|
    |mac_muladd_15s_16s_31s_31_4_1_U122  |mac_muladd_15s_16s_31s_31_4_1  |  i0 + i1 * i2|
    |mac_muladd_15s_16s_31s_31_4_1_U123  |mac_muladd_15s_16s_31s_31_4_1  |  i0 + i1 * i2|
    |mac_muladd_15s_16s_31s_31_4_1_U124  |mac_muladd_15s_16s_31s_31_4_1  |  i0 + i1 * i2|
    |mac_muladd_15s_16s_31s_31_4_1_U125  |mac_muladd_15s_16s_31s_31_4_1  |  i0 + i1 * i2|
    |mac_muladd_15s_16s_31s_31_4_1_U126  |mac_muladd_15s_16s_31s_31_4_1  |  i0 + i1 * i2|
    |mac_muladd_15s_16s_31s_31_4_1_U127  |mac_muladd_15s_16s_31s_31_4_1  |  i0 + i1 * i2|
    |mac_muladd_15s_16s_31s_31_4_1_U128  |mac_muladd_15s_16s_31s_31_4_1  |  i0 + i1 * i2|
    |mac_muladd_15s_16s_31s_31_4_1_U129  |mac_muladd_15s_16s_31s_31_4_1  |  i0 + i1 * i2|
    |mac_muladd_15s_16s_31s_31_4_1_U130  |mac_muladd_15s_16s_31s_31_4_1  |  i0 + i1 * i2|
    |mac_muladd_15s_16s_31s_31_4_1_U131  |mac_muladd_15s_16s_31s_31_4_1  |  i0 + i1 * i2|
    |mac_muladd_15s_16s_31s_31_4_1_U132  |mac_muladd_15s_16s_31s_31_4_1  |  i0 + i1 * i2|
    |mac_muladd_15s_16s_31s_31_4_1_U133  |mac_muladd_15s_16s_31s_31_4_1  |  i0 + i1 * i2|
    |mac_muladd_15s_16s_31s_31_4_1_U134  |mac_muladd_15s_16s_31s_31_4_1  |  i0 + i1 * i2|
    |mac_muladd_15s_16s_31s_31_4_1_U135  |mac_muladd_15s_16s_31s_31_4_1  |  i0 + i1 * i2|
    |mac_muladd_15s_16s_31s_31_4_1_U136  |mac_muladd_15s_16s_31s_31_4_1  |  i0 + i1 * i2|
    |mac_muladd_15s_16s_31s_31_4_1_U137  |mac_muladd_15s_16s_31s_31_4_1  |  i0 + i1 * i2|
    |mac_muladd_15s_16s_31s_31_4_1_U138  |mac_muladd_15s_16s_31s_31_4_1  |  i0 + i1 * i2|
    |mac_muladd_15s_16s_31s_31_4_1_U139  |mac_muladd_15s_16s_31s_31_4_1  |  i0 + i1 * i2|
    |mac_muladd_15s_16s_31s_32_4_1_U140  |mac_muladd_15s_16s_31s_32_4_1  |  i0 + i1 * i2|
    |mac_muladd_15s_16s_31s_32_4_1_U141  |mac_muladd_15s_16s_31s_32_4_1  |  i0 + i1 * i2|
    |mac_muladd_15s_16s_31s_32_4_1_U142  |mac_muladd_15s_16s_31s_32_4_1  |  i0 + i1 * i2|
    |mac_muladd_15s_16s_31s_32_4_1_U143  |mac_muladd_15s_16s_31s_32_4_1  |  i0 + i1 * i2|
    |mac_muladd_15s_16s_31s_32_4_1_U144  |mac_muladd_15s_16s_31s_32_4_1  |  i0 + i1 * i2|
    |mac_muladd_15s_16s_31s_32_4_1_U145  |mac_muladd_15s_16s_31s_32_4_1  |  i0 + i1 * i2|
    |mac_muladd_15s_16s_31s_32_4_1_U146  |mac_muladd_15s_16s_31s_32_4_1  |  i0 + i1 * i2|
    |mac_muladd_15s_16s_31s_32_4_1_U147  |mac_muladd_15s_16s_31s_32_4_1  |  i0 + i1 * i2|
    |mac_muladd_15s_16s_31s_32_4_1_U148  |mac_muladd_15s_16s_31s_32_4_1  |  i0 + i1 * i2|
    |mac_muladd_15s_16s_31s_32_4_1_U149  |mac_muladd_15s_16s_31s_32_4_1  |  i0 + i1 * i2|
    |mac_muladd_15s_16s_31s_32_4_1_U150  |mac_muladd_15s_16s_31s_32_4_1  |  i0 + i1 * i2|
    |mac_muladd_15s_16s_31s_32_4_1_U151  |mac_muladd_15s_16s_31s_32_4_1  |  i0 + i1 * i2|
    |mac_muladd_15s_16s_31s_32_4_1_U152  |mac_muladd_15s_16s_31s_32_4_1  |  i0 + i1 * i2|
    |mac_muladd_15s_16s_31s_32_4_1_U153  |mac_muladd_15s_16s_31s_32_4_1  |  i0 + i1 * i2|
    |mac_muladd_15s_16s_31s_32_4_1_U154  |mac_muladd_15s_16s_31s_32_4_1  |  i0 + i1 * i2|
    |mac_muladd_15s_16s_31s_32_4_1_U155  |mac_muladd_15s_16s_31s_32_4_1  |  i0 + i1 * i2|
    |mac_muladd_15s_16s_31s_32_4_1_U156  |mac_muladd_15s_16s_31s_32_4_1  |  i0 + i1 * i2|
    |mac_muladd_15s_16s_31s_32_4_1_U157  |mac_muladd_15s_16s_31s_32_4_1  |  i0 + i1 * i2|
    |mac_muladd_15s_16s_31s_32_4_1_U158  |mac_muladd_15s_16s_31s_32_4_1  |  i0 + i1 * i2|
    |mac_muladd_15s_16s_31s_32_4_1_U159  |mac_muladd_15s_16s_31s_32_4_1  |  i0 + i1 * i2|
    |mac_muladd_15s_16s_31s_32_4_1_U160  |mac_muladd_15s_16s_31s_32_4_1  |  i0 + i1 * i2|
    |mac_muladd_15s_16s_31s_32_4_1_U161  |mac_muladd_15s_16s_31s_32_4_1  |  i0 + i1 * i2|
    |mac_muladd_15s_16s_31s_32_4_1_U162  |mac_muladd_15s_16s_31s_32_4_1  |  i0 + i1 * i2|
    |mac_muladd_15s_16s_31s_32_4_1_U163  |mac_muladd_15s_16s_31s_32_4_1  |  i0 + i1 * i2|
    |mac_muladd_15s_16s_31s_32_4_1_U164  |mac_muladd_15s_16s_31s_32_4_1  |  i0 + i1 * i2|
    |mac_muladd_15s_16s_31s_32_4_1_U165  |mac_muladd_15s_16s_31s_32_4_1  |  i0 + i1 * i2|
    |mac_muladd_15s_16s_31s_32_4_1_U166  |mac_muladd_15s_16s_31s_32_4_1  |  i0 + i1 * i2|
    |mac_muladd_15s_16s_31s_32_4_1_U167  |mac_muladd_15s_16s_31s_32_4_1  |  i0 + i1 * i2|
    |mac_muladd_15s_16s_31s_32_4_1_U168  |mac_muladd_15s_16s_31s_32_4_1  |  i0 + i1 * i2|
    |mac_muladd_15s_16s_31s_32_4_1_U169  |mac_muladd_15s_16s_31s_32_4_1  |  i0 + i1 * i2|
    |mac_muladd_15s_16s_31s_32_4_1_U170  |mac_muladd_15s_16s_31s_32_4_1  |  i0 + i1 * i2|
    |mac_muladd_15s_16s_31s_32_4_1_U171  |mac_muladd_15s_16s_31s_32_4_1  |  i0 + i1 * i2|
    |mac_muladd_15s_16s_31s_32_4_1_U172  |mac_muladd_15s_16s_31s_32_4_1  |  i0 + i1 * i2|
    |mac_muladd_15s_16s_31s_32_4_1_U173  |mac_muladd_15s_16s_31s_32_4_1  |  i0 + i1 * i2|
    |mac_muladd_15s_16s_31s_32_4_1_U174  |mac_muladd_15s_16s_31s_32_4_1  |  i0 + i1 * i2|
    |mac_muladd_15s_16s_31s_32_4_1_U175  |mac_muladd_15s_16s_31s_32_4_1  |  i0 + i1 * i2|
    |mac_muladd_15s_16s_31s_32_4_1_U176  |mac_muladd_15s_16s_31s_32_4_1  |  i0 + i1 * i2|
    |mac_muladd_15s_16s_31s_32_4_1_U177  |mac_muladd_15s_16s_31s_32_4_1  |  i0 + i1 * i2|
    |mac_muladd_15s_16s_31s_32_4_1_U178  |mac_muladd_15s_16s_31s_32_4_1  |  i0 + i1 * i2|
    |mac_muladd_15s_16s_31s_32_4_1_U179  |mac_muladd_15s_16s_31s_32_4_1  |  i0 + i1 * i2|
    |mac_muladd_15s_16s_31s_32_4_1_U180  |mac_muladd_15s_16s_31s_32_4_1  |  i0 + i1 * i2|
    |mac_muladd_15s_16s_31s_32_4_1_U181  |mac_muladd_15s_16s_31s_32_4_1  |  i0 + i1 * i2|
    |mac_muladd_15s_16s_31s_32_4_1_U182  |mac_muladd_15s_16s_31s_32_4_1  |  i0 + i1 * i2|
    |mac_muladd_15s_16s_31s_32_4_1_U183  |mac_muladd_15s_16s_31s_32_4_1  |  i0 + i1 * i2|
    |mac_muladd_15s_16s_31s_32_4_1_U184  |mac_muladd_15s_16s_31s_32_4_1  |  i0 + i1 * i2|
    |mac_muladd_15s_16s_31s_32_4_1_U185  |mac_muladd_15s_16s_31s_32_4_1  |  i0 + i1 * i2|
    |mac_muladd_15s_16s_31s_32_4_1_U186  |mac_muladd_15s_16s_31s_32_4_1  |  i0 + i1 * i2|
    |mac_muladd_15s_16s_31s_32_4_1_U187  |mac_muladd_15s_16s_31s_32_4_1  |  i0 + i1 * i2|
    |mac_muladd_15s_16s_31s_32_4_1_U188  |mac_muladd_15s_16s_31s_32_4_1  |  i0 + i1 * i2|
    |mac_muladd_15s_16s_31s_32_4_1_U189  |mac_muladd_15s_16s_31s_32_4_1  |  i0 + i1 * i2|
    |mac_muladd_15s_16s_31s_32_4_1_U190  |mac_muladd_15s_16s_31s_32_4_1  |  i0 + i1 * i2|
    |mac_muladd_15s_16s_31s_32_4_1_U191  |mac_muladd_15s_16s_31s_32_4_1  |  i0 + i1 * i2|
    |mac_muladd_15s_16s_31s_32_4_1_U192  |mac_muladd_15s_16s_31s_32_4_1  |  i0 + i1 * i2|
    |mac_muladd_15s_16s_31s_32_4_1_U193  |mac_muladd_15s_16s_31s_32_4_1  |  i0 + i1 * i2|
    |mac_muladd_15s_16s_31s_32_4_1_U194  |mac_muladd_15s_16s_31s_32_4_1  |  i0 + i1 * i2|
    |mac_muladd_15s_16s_31s_32_4_1_U195  |mac_muladd_15s_16s_31s_32_4_1  |  i0 + i1 * i2|
    |mac_muladd_15s_16s_31s_32_4_1_U196  |mac_muladd_15s_16s_31s_32_4_1  |  i0 + i1 * i2|
    |mac_muladd_15s_16s_31s_32_4_1_U197  |mac_muladd_15s_16s_31s_32_4_1  |  i0 + i1 * i2|
    |mac_muladd_15s_16s_31s_32_4_1_U198  |mac_muladd_15s_16s_31s_32_4_1  |  i0 + i1 * i2|
    |mac_muladd_15s_16s_31s_32_4_1_U199  |mac_muladd_15s_16s_31s_32_4_1  |  i0 + i1 * i2|
    |mac_muladd_15s_16s_31s_32_4_1_U200  |mac_muladd_15s_16s_31s_32_4_1  |  i0 + i1 * i2|
    |mul_mul_15s_16s_31_4_1_U6           |mul_mul_15s_16s_31_4_1         |       i0 * i1|
    |mul_mul_15s_16s_31_4_1_U7           |mul_mul_15s_16s_31_4_1         |       i0 * i1|
    |mul_mul_15s_16s_31_4_1_U8           |mul_mul_15s_16s_31_4_1         |       i0 * i1|
    |mul_mul_15s_16s_31_4_1_U9           |mul_mul_15s_16s_31_4_1         |       i0 * i1|
    |mul_mul_15s_16s_31_4_1_U10          |mul_mul_15s_16s_31_4_1         |       i0 * i1|
    |mul_mul_15s_16s_31_4_1_U11          |mul_mul_15s_16s_31_4_1         |       i0 * i1|
    |mul_mul_15s_16s_31_4_1_U12          |mul_mul_15s_16s_31_4_1         |       i0 * i1|
    |mul_mul_15s_16s_31_4_1_U13          |mul_mul_15s_16s_31_4_1         |       i0 * i1|
    |mul_mul_15s_16s_31_4_1_U14          |mul_mul_15s_16s_31_4_1         |       i0 * i1|
    |mul_mul_15s_16s_31_4_1_U15          |mul_mul_15s_16s_31_4_1         |       i0 * i1|
    |mul_mul_15s_16s_31_4_1_U16          |mul_mul_15s_16s_31_4_1         |       i0 * i1|
    |mul_mul_15s_16s_31_4_1_U17          |mul_mul_15s_16s_31_4_1         |       i0 * i1|
    |mul_mul_15s_16s_31_4_1_U18          |mul_mul_15s_16s_31_4_1         |       i0 * i1|
    |mul_mul_15s_16s_31_4_1_U19          |mul_mul_15s_16s_31_4_1         |       i0 * i1|
    |mul_mul_15s_16s_31_4_1_U20          |mul_mul_15s_16s_31_4_1         |       i0 * i1|
    |mul_mul_15s_16s_31_4_1_U21          |mul_mul_15s_16s_31_4_1         |       i0 * i1|
    |mul_mul_15s_16s_31_4_1_U22          |mul_mul_15s_16s_31_4_1         |       i0 * i1|
    |mul_mul_15s_16s_31_4_1_U23          |mul_mul_15s_16s_31_4_1         |       i0 * i1|
    |mul_mul_15s_16s_31_4_1_U24          |mul_mul_15s_16s_31_4_1         |       i0 * i1|
    |mul_mul_15s_16s_31_4_1_U25          |mul_mul_15s_16s_31_4_1         |       i0 * i1|
    |mul_mul_15s_16s_31_4_1_U26          |mul_mul_15s_16s_31_4_1         |       i0 * i1|
    |mul_mul_15s_16s_31_4_1_U27          |mul_mul_15s_16s_31_4_1         |       i0 * i1|
    |mul_mul_15s_16s_31_4_1_U28          |mul_mul_15s_16s_31_4_1         |       i0 * i1|
    |mul_mul_15s_16s_31_4_1_U29          |mul_mul_15s_16s_31_4_1         |       i0 * i1|
    |mul_mul_15s_16s_31_4_1_U30          |mul_mul_15s_16s_31_4_1         |       i0 * i1|
    |mul_mul_15s_16s_31_4_1_U31          |mul_mul_15s_16s_31_4_1         |       i0 * i1|
    |mul_mul_15s_16s_31_4_1_U32          |mul_mul_15s_16s_31_4_1         |       i0 * i1|
    |mul_mul_15s_16s_31_4_1_U33          |mul_mul_15s_16s_31_4_1         |       i0 * i1|
    |mul_mul_15s_16s_31_4_1_U34          |mul_mul_15s_16s_31_4_1         |       i0 * i1|
    |mul_mul_15s_16s_31_4_1_U35          |mul_mul_15s_16s_31_4_1         |       i0 * i1|
    |mul_mul_15s_16s_31_4_1_U36          |mul_mul_15s_16s_31_4_1         |       i0 * i1|
    |mul_mul_15s_16s_31_4_1_U37          |mul_mul_15s_16s_31_4_1         |       i0 * i1|
    |mul_mul_15s_16s_31_4_1_U38          |mul_mul_15s_16s_31_4_1         |       i0 * i1|
    |mul_mul_15s_16s_31_4_1_U39          |mul_mul_15s_16s_31_4_1         |       i0 * i1|
    |mul_mul_15s_16s_31_4_1_U40          |mul_mul_15s_16s_31_4_1         |       i0 * i1|
    |mul_mul_15s_16s_31_4_1_U41          |mul_mul_15s_16s_31_4_1         |       i0 * i1|
    |mul_mul_15s_16s_31_4_1_U42          |mul_mul_15s_16s_31_4_1         |       i0 * i1|
    |mul_mul_15s_16s_31_4_1_U43          |mul_mul_15s_16s_31_4_1         |       i0 * i1|
    |mul_mul_15s_16s_31_4_1_U44          |mul_mul_15s_16s_31_4_1         |       i0 * i1|
    |mul_mul_15s_16s_31_4_1_U45          |mul_mul_15s_16s_31_4_1         |       i0 * i1|
    |mul_mul_15s_16s_31_4_1_U46          |mul_mul_15s_16s_31_4_1         |       i0 * i1|
    |mul_mul_15s_16s_31_4_1_U47          |mul_mul_15s_16s_31_4_1         |       i0 * i1|
    |mul_mul_15s_16s_31_4_1_U48          |mul_mul_15s_16s_31_4_1         |       i0 * i1|
    |mul_mul_15s_16s_31_4_1_U49          |mul_mul_15s_16s_31_4_1         |       i0 * i1|
    |mul_mul_15s_16s_31_4_1_U50          |mul_mul_15s_16s_31_4_1         |       i0 * i1|
    |mul_mul_15s_16s_31_4_1_U51          |mul_mul_15s_16s_31_4_1         |       i0 * i1|
    |mul_mul_15s_16s_31_4_1_U52          |mul_mul_15s_16s_31_4_1         |       i0 * i1|
    |mul_mul_15s_16s_31_4_1_U53          |mul_mul_15s_16s_31_4_1         |       i0 * i1|
    |mul_mul_15s_16s_31_4_1_U54          |mul_mul_15s_16s_31_4_1         |       i0 * i1|
    |mul_mul_15s_16s_31_4_1_U55          |mul_mul_15s_16s_31_4_1         |       i0 * i1|
    |mul_mul_15s_16s_31_4_1_U56          |mul_mul_15s_16s_31_4_1         |       i0 * i1|
    |mul_mul_15s_16s_31_4_1_U57          |mul_mul_15s_16s_31_4_1         |       i0 * i1|
    |mul_mul_15s_16s_31_4_1_U58          |mul_mul_15s_16s_31_4_1         |       i0 * i1|
    |mul_mul_15s_16s_31_4_1_U59          |mul_mul_15s_16s_31_4_1         |       i0 * i1|
    |mul_mul_15s_16s_31_4_1_U60          |mul_mul_15s_16s_31_4_1         |       i0 * i1|
    |mul_mul_15s_16s_31_4_1_U61          |mul_mul_15s_16s_31_4_1         |       i0 * i1|
    |mul_mul_15s_16s_31_4_1_U62          |mul_mul_15s_16s_31_4_1         |       i0 * i1|
    |mul_mul_15s_16s_31_4_1_U63          |mul_mul_15s_16s_31_4_1         |       i0 * i1|
    |mul_mul_15s_16s_31_4_1_U64          |mul_mul_15s_16s_31_4_1         |       i0 * i1|
    |mul_mul_15s_16s_31_4_1_U65          |mul_mul_15s_16s_31_4_1         |       i0 * i1|
    |mul_mul_15s_16s_31_4_1_U66          |mul_mul_15s_16s_31_4_1         |       i0 * i1|
    |mul_mul_15s_16s_31_4_1_U67          |mul_mul_15s_16s_31_4_1         |       i0 * i1|
    |mul_mul_15s_16s_31_4_1_U68          |mul_mul_15s_16s_31_4_1         |       i0 * i1|
    |mul_mul_15s_16s_31_4_1_U69          |mul_mul_15s_16s_31_4_1         |       i0 * i1|
    |mul_mul_15s_16s_31_4_1_U70          |mul_mul_15s_16s_31_4_1         |       i0 * i1|
    |mul_mul_15s_16s_31_4_1_U71          |mul_mul_15s_16s_31_4_1         |       i0 * i1|
    |mul_mul_15s_16s_31_4_1_U72          |mul_mul_15s_16s_31_4_1         |       i0 * i1|
    +------------------------------------+-------------------------------+--------------+

    * Memory: 
    +------------+----------+---------+---+----+-----+------+-----+------+-------------+
    |   Memory   |  Module  | BRAM_18K| FF| LUT| URAM| Words| Bits| Banks| W*Bits*Banks|
    +------------+----------+---------+---+----+-----+------+-----+------+-------------+
    |FIR_LP_V_U  |FIR_LP_V  |      194|  0|   0|    0|   585|   15|     1|         8775|
    +------------+----------+---------+---+----+-----+------+-----+------+-------------+
    |Total       |          |      194|  0|   0|    0|   585|   15|     1|         8775|
    +------------+----------+---------+---+----+-----+------+-----+------+-------------+

    * FIFO: 
    N/A

    * Expression: 
    +----------------------------+----------+----+---+----+------------+------------+
    |        Variable Name       | Operation| DSP| FF| LUT| Bitwidth P0| Bitwidth P1|
    +----------------------------+----------+----+---+----+------------+------------+
    |acc_V_1_fu_11833_p2         |         +|   0|  0|  47|          40|          40|
    |add_ln1118_100_fu_7884_p2   |         +|   0|  0|  14|           9|           7|
    |add_ln1118_101_fu_9508_p2   |         +|   0|  0|  14|           9|           7|
    |add_ln1118_102_fu_7895_p2   |         +|   0|  0|  14|           9|           7|
    |add_ln1118_103_fu_7906_p2   |         +|   0|  0|  14|           9|           7|
    |add_ln1118_104_fu_8607_p2   |         +|   0|  0|  14|           9|           7|
    |add_ln1118_105_fu_8617_p2   |         +|   0|  0|  14|           9|           7|
    |add_ln1118_106_fu_7917_p2   |         +|   0|  0|  14|           9|           7|
    |add_ln1118_107_fu_9518_p2   |         +|   0|  0|  14|           9|           7|
    |add_ln1118_108_fu_9528_p2   |         +|   0|  0|  14|           9|           7|
    |add_ln1118_109_fu_8627_p2   |         +|   0|  0|  14|           9|           7|
    |add_ln1118_10_fu_7543_p2    |         +|   0|  0|  14|           9|           4|
    |add_ln1118_110_fu_9538_p2   |         +|   0|  0|  14|           9|           7|
    |add_ln1118_111_fu_8637_p2   |         +|   0|  0|  14|           9|           7|
    |add_ln1118_112_fu_8647_p2   |         +|   0|  0|  14|           9|           7|
    |add_ln1118_113_fu_8657_p2   |         +|   0|  0|  14|           9|           7|
    |add_ln1118_114_fu_8667_p2   |         +|   0|  0|  14|           9|           7|
    |add_ln1118_115_fu_7928_p2   |         +|   0|  0|  14|           9|           7|
    |add_ln1118_116_fu_9548_p2   |         +|   0|  0|  14|           9|           7|
    |add_ln1118_117_fu_7939_p2   |         +|   0|  0|  14|           9|           7|
    |add_ln1118_118_fu_7950_p2   |         +|   0|  0|  14|           9|           7|
    |add_ln1118_119_fu_7961_p2   |         +|   0|  0|  14|           9|           7|
    |add_ln1118_11_fu_8287_p2    |         +|   0|  0|  14|           9|           4|
    |add_ln1118_120_fu_8677_p2   |         +|   0|  0|  14|           9|           7|
    |add_ln1118_121_fu_7972_p2   |         +|   0|  0|  13|          10|           7|
    |add_ln1118_122_fu_7983_p2   |         +|   0|  0|  13|          10|           7|
    |add_ln1118_123_fu_7994_p2   |         +|   0|  0|  13|          10|           7|
    |add_ln1118_124_fu_9558_p2   |         +|   0|  0|  13|          10|           7|
    |add_ln1118_125_fu_8687_p2   |         +|   0|  0|  13|          10|           7|
    |add_ln1118_126_fu_8005_p2   |         +|   0|  0|  13|          10|           7|
    |add_ln1118_127_fu_9569_p2   |         +|   0|  0|  13|          10|           8|
    |add_ln1118_128_fu_9580_p2   |         +|   0|  0|  13|          10|           8|
    |add_ln1118_129_fu_8016_p2   |         +|   0|  0|  13|          10|           8|
    |add_ln1118_12_fu_9238_p2    |         +|   0|  0|  14|           9|           4|
    |add_ln1118_130_fu_9591_p2   |         +|   0|  0|  13|          10|           8|
    |add_ln1118_131_fu_8698_p2   |         +|   0|  0|  13|          10|           8|
    |add_ln1118_132_fu_8709_p2   |         +|   0|  0|  13|          10|           8|
    |add_ln1118_133_fu_8720_p2   |         +|   0|  0|  13|          10|           8|
    |add_ln1118_134_fu_8731_p2   |         +|   0|  0|  13|          10|           8|
    |add_ln1118_135_fu_8027_p2   |         +|   0|  0|  13|          10|           8|
    |add_ln1118_136_fu_9602_p2   |         +|   0|  0|  13|          10|           8|
    |add_ln1118_137_fu_8038_p2   |         +|   0|  0|  13|          10|           8|
    |add_ln1118_138_fu_8049_p2   |         +|   0|  0|  13|          10|           8|
    |add_ln1118_139_fu_9613_p2   |         +|   0|  0|  13|          10|           8|
    |add_ln1118_13_fu_8297_p2    |         +|   0|  0|  14|           9|           4|
    |add_ln1118_140_fu_8742_p2   |         +|   0|  0|  13|          10|           8|
    |add_ln1118_141_fu_8060_p2   |         +|   0|  0|  13|          10|           8|
    |add_ln1118_142_fu_9624_p2   |         +|   0|  0|  13|          10|           8|
    |add_ln1118_143_fu_9635_p2   |         +|   0|  0|  13|          10|           8|
    |add_ln1118_144_fu_8071_p2   |         +|   0|  0|  13|          10|           8|
    |add_ln1118_145_fu_9646_p2   |         +|   0|  0|  13|          10|           8|
    |add_ln1118_146_fu_8753_p2   |         +|   0|  0|  13|          10|           8|
    |add_ln1118_147_fu_9657_p2   |         +|   0|  0|  13|          10|           8|
    |add_ln1118_148_fu_9668_p2   |         +|   0|  0|  13|          10|           8|
    |add_ln1118_149_fu_8082_p2   |         +|   0|  0|  13|          10|           8|
    |add_ln1118_14_fu_9248_p2    |         +|   0|  0|  14|           9|           4|
    |add_ln1118_150_fu_9679_p2   |         +|   0|  0|  13|          10|           8|
    |add_ln1118_151_fu_8764_p2   |         +|   0|  0|  13|          10|           8|
    |add_ln1118_152_fu_8775_p2   |         +|   0|  0|  13|          10|           8|
    |add_ln1118_153_fu_8786_p2   |         +|   0|  0|  13|          10|           8|
    |add_ln1118_154_fu_8797_p2   |         +|   0|  0|  13|          10|           8|
    |add_ln1118_155_fu_8093_p2   |         +|   0|  0|  13|          10|           8|
    |add_ln1118_156_fu_9690_p2   |         +|   0|  0|  13|          10|           8|
    |add_ln1118_157_fu_8104_p2   |         +|   0|  0|  13|          10|           8|
    |add_ln1118_158_fu_8115_p2   |         +|   0|  0|  13|          10|           8|
    |add_ln1118_159_fu_9701_p2   |         +|   0|  0|  13|          10|           8|
    |add_ln1118_15_fu_8307_p2    |         +|   0|  0|  14|           9|           5|
    |add_ln1118_160_fu_8808_p2   |         +|   0|  0|  13|          10|           8|
    |add_ln1118_161_fu_8126_p2   |         +|   0|  0|  13|          10|           8|
    |add_ln1118_162_fu_9712_p2   |         +|   0|  0|  13|          10|           8|
    |add_ln1118_163_fu_9723_p2   |         +|   0|  0|  13|          10|           8|
    |add_ln1118_164_fu_8137_p2   |         +|   0|  0|  13|          10|           8|
    |add_ln1118_165_fu_9734_p2   |         +|   0|  0|  13|          10|           8|
    |add_ln1118_166_fu_8819_p2   |         +|   0|  0|  13|          10|           8|
    |add_ln1118_167_fu_8830_p2   |         +|   0|  0|  13|          10|           8|
    |add_ln1118_168_fu_8841_p2   |         +|   0|  0|  13|          10|           8|
    |add_ln1118_169_fu_8852_p2   |         +|   0|  0|  13|          10|           8|
    |add_ln1118_16_fu_8317_p2    |         +|   0|  0|  14|           9|           5|
    |add_ln1118_170_fu_8148_p2   |         +|   0|  0|  13|          10|           8|
    |add_ln1118_171_fu_9745_p2   |         +|   0|  0|  13|          10|           8|
    |add_ln1118_172_fu_8863_p2   |         +|   0|  0|  13|          10|           8|
    |add_ln1118_173_fu_8159_p2   |         +|   0|  0|  13|          10|           8|
    |add_ln1118_174_fu_8874_p2   |         +|   0|  0|  13|          10|           8|
    |add_ln1118_175_fu_8170_p2   |         +|   0|  0|  13|          10|           8|
    |add_ln1118_176_fu_9756_p2   |         +|   0|  0|  13|          10|           8|
    |add_ln1118_177_fu_8181_p2   |         +|   0|  0|  13|          10|           8|
    |add_ln1118_178_fu_9767_p2   |         +|   0|  0|  13|          10|           8|
    |add_ln1118_179_fu_9778_p2   |         +|   0|  0|  13|          10|           8|
    |add_ln1118_17_fu_8327_p2    |         +|   0|  0|  14|           9|           5|
    |add_ln1118_180_fu_8885_p2   |         +|   0|  0|  13|          10|           8|
    |add_ln1118_181_fu_8192_p2   |         +|   0|  0|  13|          10|           8|
    |add_ln1118_182_fu_9789_p2   |         +|   0|  0|  13|          10|           8|
    |add_ln1118_183_fu_8896_p2   |         +|   0|  0|  13|          10|           8|
    |add_ln1118_184_fu_9800_p2   |         +|   0|  0|  13|          10|           8|
    |add_ln1118_185_fu_8907_p2   |         +|   0|  0|  13|          10|           8|
    |add_ln1118_186_fu_8203_p2   |         +|   0|  0|  13|          10|           8|
    |add_ln1118_187_fu_8918_p2   |         +|   0|  0|  13|          10|           8|
    |add_ln1118_188_fu_9811_p2   |         +|   0|  0|  13|          10|           8|
    |add_ln1118_189_fu_8214_p2   |         +|   0|  0|  13|          10|           8|
    |add_ln1118_18_fu_7554_p2    |         +|   0|  0|  14|           9|           5|
    |add_ln1118_190_fu_9822_p2   |         +|   0|  0|  13|          10|           8|
    |add_ln1118_191_fu_8929_p2   |         +|   0|  0|  13|          10|           8|
    |add_ln1118_192_fu_8225_p2   |         +|   0|  0|  13|          10|           8|
    |add_ln1118_193_fu_8236_p2   |         +|   0|  0|  13|          10|           8|
    |add_ln1118_194_fu_7504_p2   |         +|   0|  0|  13|          10|           8|
    |add_ln1118_19_fu_7565_p2    |         +|   0|  0|  14|           9|           5|
    |add_ln1118_1_fu_7510_p2     |         +|   0|  0|  14|           9|           2|
    |add_ln1118_20_fu_9258_p2    |         +|   0|  0|  14|           9|           5|
    |add_ln1118_21_fu_7576_p2    |         +|   0|  0|  14|           9|           5|
    |add_ln1118_22_fu_8337_p2    |         +|   0|  0|  14|           9|           5|
    |add_ln1118_23_fu_7587_p2    |         +|   0|  0|  14|           9|           5|
    |add_ln1118_24_fu_7598_p2    |         +|   0|  0|  14|           9|           5|
    |add_ln1118_25_fu_9268_p2    |         +|   0|  0|  14|           9|           5|
    |add_ln1118_26_fu_9278_p2    |         +|   0|  0|  14|           9|           5|
    |add_ln1118_27_fu_7609_p2    |         +|   0|  0|  14|           9|           5|
    |add_ln1118_28_fu_9288_p2    |         +|   0|  0|  14|           9|           5|
    |add_ln1118_29_fu_8347_p2    |         +|   0|  0|  14|           9|           5|
    |add_ln1118_2_fu_7521_p2     |         +|   0|  0|  14|           9|           2|
    |add_ln1118_30_fu_7620_p2    |         +|   0|  0|  14|           9|           5|
    |add_ln1118_31_fu_7631_p2    |         +|   0|  0|  14|           9|           6|
    |add_ln1118_32_fu_9298_p2    |         +|   0|  0|  14|           9|           6|
    |add_ln1118_33_fu_8357_p2    |         +|   0|  0|  14|           9|           6|
    |add_ln1118_34_fu_9308_p2    |         +|   0|  0|  14|           9|           6|
    |add_ln1118_35_fu_8367_p2    |         +|   0|  0|  14|           9|           6|
    |add_ln1118_36_fu_8377_p2    |         +|   0|  0|  14|           9|           6|
    |add_ln1118_37_fu_8387_p2    |         +|   0|  0|  14|           9|           6|
    |add_ln1118_38_fu_7642_p2    |         +|   0|  0|  14|           9|           6|
    |add_ln1118_39_fu_7653_p2    |         +|   0|  0|  14|           9|           6|
    |add_ln1118_3_fu_9208_p2     |         +|   0|  0|  14|           9|           3|
    |add_ln1118_40_fu_9318_p2    |         +|   0|  0|  14|           9|           6|
    |add_ln1118_41_fu_9328_p2    |         +|   0|  0|  14|           9|           6|
    |add_ln1118_42_fu_7664_p2    |         +|   0|  0|  14|           9|           6|
    |add_ln1118_43_fu_9338_p2    |         +|   0|  0|  14|           9|           6|
    |add_ln1118_44_fu_8397_p2    |         +|   0|  0|  14|           9|           6|
    |add_ln1118_45_fu_7675_p2    |         +|   0|  0|  14|           9|           6|
    |add_ln1118_46_fu_7686_p2    |         +|   0|  0|  14|           9|           6|
    |add_ln1118_47_fu_7697_p2    |         +|   0|  0|  14|           9|           6|
    |add_ln1118_48_fu_9348_p2    |         +|   0|  0|  14|           9|           6|
    |add_ln1118_49_fu_8407_p2    |         +|   0|  0|  14|           9|           6|
    |add_ln1118_4_fu_7532_p2     |         +|   0|  0|  14|           9|           3|
    |add_ln1118_50_fu_7708_p2    |         +|   0|  0|  14|           9|           6|
    |add_ln1118_51_fu_7719_p2    |         +|   0|  0|  14|           9|           6|
    |add_ln1118_52_fu_9358_p2    |         +|   0|  0|  14|           9|           6|
    |add_ln1118_53_fu_8417_p2    |         +|   0|  0|  14|           9|           6|
    |add_ln1118_54_fu_9368_p2    |         +|   0|  0|  14|           9|           6|
    |add_ln1118_55_fu_8427_p2    |         +|   0|  0|  14|           9|           6|
    |add_ln1118_56_fu_8437_p2    |         +|   0|  0|  14|           9|           6|
    |add_ln1118_57_fu_8447_p2    |         +|   0|  0|  14|           9|           6|
    |add_ln1118_58_fu_7730_p2    |         +|   0|  0|  14|           9|           6|
    |add_ln1118_59_fu_7741_p2    |         +|   0|  0|  14|           9|           6|
    |add_ln1118_5_fu_9218_p2     |         +|   0|  0|  14|           9|           3|
    |add_ln1118_60_fu_8457_p2    |         +|   0|  0|  14|           9|           6|
    |add_ln1118_61_fu_9378_p2    |         +|   0|  0|  14|           9|           6|
    |add_ln1118_62_fu_7752_p2    |         +|   0|  0|  14|           9|           6|
    |add_ln1118_63_fu_9388_p2    |         +|   0|  0|  14|           9|           7|
    |add_ln1118_64_fu_8467_p2    |         +|   0|  0|  14|           9|           7|
    |add_ln1118_65_fu_8477_p2    |         +|   0|  0|  14|           9|           7|
    |add_ln1118_66_fu_7763_p2    |         +|   0|  0|  14|           9|           7|
    |add_ln1118_67_fu_9398_p2    |         +|   0|  0|  14|           9|           7|
    |add_ln1118_68_fu_8487_p2    |         +|   0|  0|  14|           9|           7|
    |add_ln1118_69_fu_9408_p2    |         +|   0|  0|  14|           9|           7|
    |add_ln1118_6_fu_8257_p2     |         +|   0|  0|  14|           9|           3|
    |add_ln1118_70_fu_7774_p2    |         +|   0|  0|  14|           9|           7|
    |add_ln1118_71_fu_8497_p2    |         +|   0|  0|  14|           9|           7|
    |add_ln1118_72_fu_9418_p2    |         +|   0|  0|  14|           9|           7|
    |add_ln1118_73_fu_8507_p2    |         +|   0|  0|  14|           9|           7|
    |add_ln1118_74_fu_9428_p2    |         +|   0|  0|  14|           9|           7|
    |add_ln1118_75_fu_9438_p2    |         +|   0|  0|  14|           9|           7|
    |add_ln1118_76_fu_8517_p2    |         +|   0|  0|  14|           9|           7|
    |add_ln1118_77_fu_8527_p2    |         +|   0|  0|  14|           9|           7|
    |add_ln1118_78_fu_7785_p2    |         +|   0|  0|  14|           9|           7|
    |add_ln1118_79_fu_7796_p2    |         +|   0|  0|  14|           9|           7|
    |add_ln1118_7_fu_9228_p2     |         +|   0|  0|  14|           9|           4|
    |add_ln1118_80_fu_7807_p2    |         +|   0|  0|  14|           9|           7|
    |add_ln1118_81_fu_9448_p2    |         +|   0|  0|  14|           9|           7|
    |add_ln1118_82_fu_7818_p2    |         +|   0|  0|  14|           9|           7|
    |add_ln1118_83_fu_9458_p2    |         +|   0|  0|  14|           9|           7|
    |add_ln1118_84_fu_8537_p2    |         +|   0|  0|  14|           9|           7|
    |add_ln1118_85_fu_8547_p2    |         +|   0|  0|  14|           9|           7|
    |add_ln1118_86_fu_7829_p2    |         +|   0|  0|  14|           9|           7|
    |add_ln1118_87_fu_9468_p2    |         +|   0|  0|  14|           9|           7|
    |add_ln1118_88_fu_8557_p2    |         +|   0|  0|  14|           9|           7|
    |add_ln1118_89_fu_9478_p2    |         +|   0|  0|  14|           9|           7|
    |add_ln1118_8_fu_8267_p2     |         +|   0|  0|  14|           9|           4|
    |add_ln1118_90_fu_9488_p2    |         +|   0|  0|  14|           9|           7|
    |add_ln1118_91_fu_8567_p2    |         +|   0|  0|  14|           9|           7|
    |add_ln1118_92_fu_8577_p2    |         +|   0|  0|  14|           9|           7|
    |add_ln1118_93_fu_7840_p2    |         +|   0|  0|  14|           9|           7|
    |add_ln1118_94_fu_7851_p2    |         +|   0|  0|  14|           9|           7|
    |add_ln1118_95_fu_7862_p2    |         +|   0|  0|  14|           9|           7|
    |add_ln1118_96_fu_9498_p2    |         +|   0|  0|  14|           9|           7|
    |add_ln1118_97_fu_8587_p2    |         +|   0|  0|  14|           9|           7|
    |add_ln1118_98_fu_8597_p2    |         +|   0|  0|  14|           9|           7|
    |add_ln1118_99_fu_7873_p2    |         +|   0|  0|  14|           9|           7|
    |add_ln1118_9_fu_8277_p2     |         +|   0|  0|  14|           9|           4|
    |add_ln1118_fu_8247_p2       |         +|   0|  0|  14|           9|           1|
    |add_ln270_fu_4757_p2        |         +|   0|  0|  39|          32|           1|
    |add_ln324_fu_7483_p2        |         +|   0|  0|  10|           2|           1|
    |add_ln399_fu_11393_p2       |         +|   0|  0|  11|           3|           1|
    |add_ln703_100_fu_10761_p2   |         +|   0|  0|  40|          33|          33|
    |add_ln703_105_fu_10773_p2   |         +|   0|  0|  40|          33|          33|
    |add_ln703_106_fu_11105_p2   |         +|   0|  0|  41|          34|          34|
    |add_ln703_10_fu_10953_p2    |         +|   0|  0|  41|          34|          34|
    |add_ln703_111_fu_10785_p2   |         +|   0|  0|  40|          33|          33|
    |add_ln703_116_fu_10797_p2   |         +|   0|  0|  40|          33|          33|
    |add_ln703_117_fu_11121_p2   |         +|   0|  0|  41|          34|          34|
    |add_ln703_118_fu_11131_p2   |         +|   0|  0|  42|          35|          35|
    |add_ln703_123_fu_10809_p2   |         +|   0|  0|  40|          33|          33|
    |add_ln703_128_fu_10821_p2   |         +|   0|  0|  40|          33|          33|
    |add_ln703_129_fu_11143_p2   |         +|   0|  0|  41|          34|          34|
    |add_ln703_134_fu_10833_p2   |         +|   0|  0|  40|          33|          33|
    |add_ln703_139_fu_10500_p2   |         +|   0|  0|  39|          32|          32|
    |add_ln703_140_fu_10845_p2   |         +|   0|  0|  40|          33|          33|
    |add_ln703_141_fu_11159_p2   |         +|   0|  0|  41|          34|          34|
    |add_ln703_142_fu_11169_p2   |         +|   0|  0|  42|          35|          35|
    |add_ln703_143_fu_11295_p2   |         +|   0|  0|  43|          36|          36|
    |add_ln703_148_fu_10857_p2   |         +|   0|  0|  40|          33|          33|
    |add_ln703_153_fu_10869_p2   |         +|   0|  0|  40|          33|          33|
    |add_ln703_154_fu_11181_p2   |         +|   0|  0|  41|          34|          34|
    |add_ln703_159_fu_10881_p2   |         +|   0|  0|  40|          33|          33|
    |add_ln703_15_fu_10593_p2    |         +|   0|  0|  40|          33|          33|
    |add_ln703_164_fu_10893_p2   |         +|   0|  0|  40|          33|          33|
    |add_ln703_165_fu_11197_p2   |         +|   0|  0|  41|          34|          34|
    |add_ln703_166_fu_11207_p2   |         +|   0|  0|  42|          35|          35|
    |add_ln703_171_fu_10905_p2   |         +|   0|  0|  40|          33|          33|
    |add_ln703_176_fu_10917_p2   |         +|   0|  0|  40|          33|          33|
    |add_ln703_177_fu_11219_p2   |         +|   0|  0|  41|          34|          34|
    |add_ln703_182_fu_10929_p2   |         +|   0|  0|  40|          33|          33|
    |add_ln703_187_fu_10557_p2   |         +|   0|  0|  39|          32|          32|
    |add_ln703_188_fu_10941_p2   |         +|   0|  0|  40|          33|          33|
    |add_ln703_189_fu_11235_p2   |         +|   0|  0|  41|          34|          34|
    |add_ln703_190_fu_11245_p2   |         +|   0|  0|  42|          35|          35|
    |add_ln703_191_fu_11311_p2   |         +|   0|  0|  43|          36|          36|
    |add_ln703_192_fu_11321_p2   |         +|   0|  0|  44|          37|          37|
    |add_ln703_20_fu_10605_p2    |         +|   0|  0|  40|          33|          33|
    |add_ln703_21_fu_10969_p2    |         +|   0|  0|  41|          34|          34|
    |add_ln703_22_fu_10979_p2    |         +|   0|  0|  42|          35|          35|
    |add_ln703_27_fu_10617_p2    |         +|   0|  0|  40|          33|          33|
    |add_ln703_32_fu_10629_p2    |         +|   0|  0|  40|          33|          33|
    |add_ln703_33_fu_10991_p2    |         +|   0|  0|  41|          34|          34|
    |add_ln703_38_fu_10641_p2    |         +|   0|  0|  40|          33|          33|
    |add_ln703_43_fu_10653_p2    |         +|   0|  0|  40|          33|          33|
    |add_ln703_44_fu_11007_p2    |         +|   0|  0|  41|          34|          34|
    |add_ln703_45_fu_11017_p2    |         +|   0|  0|  42|          35|          35|
    |add_ln703_46_fu_11257_p2    |         +|   0|  0|  43|          36|          36|
    |add_ln703_4_fu_10569_p2     |         +|   0|  0|  40|          33|          33|
    |add_ln703_51_fu_10665_p2    |         +|   0|  0|  40|          33|          33|
    |add_ln703_56_fu_10677_p2    |         +|   0|  0|  40|          33|          33|
    |add_ln703_57_fu_11029_p2    |         +|   0|  0|  41|          34|          34|
    |add_ln703_62_fu_10689_p2    |         +|   0|  0|  40|          33|          33|
    |add_ln703_67_fu_10701_p2    |         +|   0|  0|  40|          33|          33|
    |add_ln703_68_fu_11045_p2    |         +|   0|  0|  41|          34|          34|
    |add_ln703_69_fu_11055_p2    |         +|   0|  0|  42|          35|          35|
    |add_ln703_74_fu_10713_p2    |         +|   0|  0|  40|          33|          33|
    |add_ln703_79_fu_10725_p2    |         +|   0|  0|  40|          33|          33|
    |add_ln703_80_fu_11067_p2    |         +|   0|  0|  41|          34|          34|
    |add_ln703_85_fu_10737_p2    |         +|   0|  0|  40|          33|          33|
    |add_ln703_90_fu_10443_p2    |         +|   0|  0|  39|          32|          32|
    |add_ln703_91_fu_10749_p2    |         +|   0|  0|  40|          33|          33|
    |add_ln703_92_fu_11083_p2    |         +|   0|  0|  41|          34|          34|
    |add_ln703_93_fu_11093_p2    |         +|   0|  0|  42|          35|          35|
    |add_ln703_94_fu_11273_p2    |         +|   0|  0|  43|          36|          36|
    |add_ln703_95_fu_11283_p2    |         +|   0|  0|  44|          37|          37|
    |add_ln703_9_fu_10581_p2     |         +|   0|  0|  40|          33|          33|
    |ret_V_fu_11660_p2           |         +|   0|  0|  56|          49|          49|
    |ylp_V_0_fu_11333_p2         |         +|   0|  0|  45|          38|          38|
    |band_V_1_fu_11364_p2        |         -|   0|  0|  47|          40|          40|
    |band_V_2_fu_11370_p2        |         -|   0|  0|  47|          40|          40|
    |band_V_3_fu_11387_p2        |         -|   0|  0|  47|          40|          40|
    |p_Val2_10_fu_11571_p2       |         -|   0|  0|  31|           1|          24|
    |ret_V_2_fu_11631_p2         |         -|   0|  0|  32|          25|          25|
    |overflow_1_fu_11474_p2      |       and|   0|  0|   2|           1|           1|
    |overflow_3_fu_11748_p2      |       and|   0|  0|   2|           1|           1|
    |overflow_fu_11893_p2        |       and|   0|  0|   2|           1|           1|
    |underflow_1_fu_11498_p2     |       and|   0|  0|   2|           1|           1|
    |underflow_2_fu_11764_p2     |       and|   0|  0|   2|           1|           1|
    |underflow_fu_11917_p2       |       and|   0|  0|   2|           1|           1|
    |icmp_ln1497_fu_11609_p2     |      icmp|   0|  0|  15|          24|          24|
    |icmp_ln246_fu_3485_p2       |      icmp|   0|  0|  18|          32|           1|
    |icmp_ln270_fu_4763_p2       |      icmp|   0|  0|  18|          32|          32|
    |icmp_ln324_fu_7498_p2       |      icmp|   0|  0|   8|           2|           2|
    |icmp_ln399_fu_11399_p2      |      icmp|   0|  0|   9|           3|           4|
    |icmp_ln768_1_fu_11456_p2    |      icmp|   0|  0|  10|           6|           1|
    |icmp_ln768_2_fu_11727_p2    |      icmp|   0|  0|   9|           4|           1|
    |icmp_ln768_fu_11875_p2      |      icmp|   0|  0|  10|           7|           1|
    |icmp_ln786_1_fu_11486_p2    |      icmp|   0|  0|  10|           6|           2|
    |icmp_ln786_2_fu_11733_p2    |      icmp|   0|  0|   9|           4|           2|
    |icmp_ln786_fu_11905_p2      |      icmp|   0|  0|  10|           7|           2|
    |tobool98_fu_4655_p2         |      icmp|   0|  0|  18|          32|           1|
    |or_ln340_1_fu_11935_p2      |        or|   0|  0|   2|           1|           1|
    |or_ln340_2_fu_11504_p2      |        or|   0|  0|   2|           1|           1|
    |or_ln340_3_fu_11523_p2      |        or|   0|  0|   2|           1|           1|
    |or_ln340_4_fu_11769_p2      |        or|   0|  0|   2|           1|           1|
    |or_ln340_5_fu_11781_p2      |        or|   0|  0|   2|           1|           1|
    |or_ln340_fu_11923_p2        |        or|   0|  0|   2|           1|           1|
    |or_ln785_1_fu_11462_p2      |        or|   0|  0|   2|           1|           1|
    |or_ln785_2_fu_11739_p2      |        or|   0|  0|   2|           1|           1|
    |or_ln785_fu_11881_p2        |        or|   0|  0|   2|           1|           1|
    |or_ln786_1_fu_11492_p2      |        or|   0|  0|   2|           1|           1|
    |or_ln786_2_fu_11759_p2      |        or|   0|  0|   2|           1|           1|
    |or_ln786_fu_11911_p2        |        or|   0|  0|   2|           1|           1|
    |sign_V_fu_11672_p2          |        or|   0|  0|  24|          23|          24|
    |a_V_fu_11597_p3             |    select|   0|  0|  23|           1|          23|
    |out_r                       |    select|   0|  0|  16|           1|          16|
    |p_pn_fu_11827_p3            |    select|   0|  0|  40|           1|          40|
    |select_ln1497_fu_11809_p3   |    select|   0|  0|  24|           1|          24|
    |select_ln340_2_fu_11510_p3  |    select|   0|  0|  24|           1|          23|
    |select_ln340_4_fu_11589_p3  |    select|   0|  0|  23|           1|           2|
    |select_ln340_5_fu_11787_p3  |    select|   0|  0|  24|           1|          23|
    |select_ln340_6_fu_11801_p3  |    select|   0|  0|  24|           1|          24|
    |select_ln340_fu_11941_p3    |    select|   0|  0|  16|           1|          15|
    |select_ln388_1_fu_11528_p3  |    select|   0|  0|  25|           1|          25|
    |select_ln388_2_fu_11794_p3  |    select|   0|  0|  25|           1|          25|
    |select_ln388_fu_11949_p3    |    select|   0|  0|  17|           1|          17|
    |x_V_fu_11534_p3             |    select|   0|  0|  24|           1|          24|
    |ap_enable_pp0               |       xor|   0|  0|   2|           1|           2|
    |ap_enable_pp1               |       xor|   0|  0|   2|           1|           2|
    |ap_enable_reg_pp0_iter1     |       xor|   0|  0|   2|           2|           1|
    |xor_ln340_1_fu_11518_p2     |       xor|   0|  0|   2|           1|           2|
    |xor_ln340_2_fu_11775_p2     |       xor|   0|  0|   2|           1|           2|
    |xor_ln340_fu_11929_p2       |       xor|   0|  0|   2|           1|           2|
    |xor_ln785_1_fu_11468_p2     |       xor|   0|  0|   2|           1|           2|
    |xor_ln785_2_fu_11743_p2     |       xor|   0|  0|   2|           1|           2|
    |xor_ln785_fu_11887_p2       |       xor|   0|  0|   2|           1|           2|
    |xor_ln786_1_fu_11480_p2     |       xor|   0|  0|   2|           1|           2|
    |xor_ln786_2_fu_11754_p2     |       xor|   0|  0|   2|           1|           2|
    |xor_ln786_fu_11899_p2       |       xor|   0|  0|   2|           1|           2|
    +----------------------------+----------+----+---+----+------------+------------+
    |Total                       |          |   0|  0|6250|        4559|        4225|
    +----------------------------+----------+----+---+----+------------+------------+

    * Multiplexer: 
    +-----------------------------------+----+-----------+-----+-----------+
    |                Name               | LUT| Input Size| Bits| Total Bits|
    +-----------------------------------+----+-----------+-----+-----------+
    |acc_V_reg_3470                     |   9|          2|   40|         80|
    |ap_NS_fsm                          |  48|          9|    1|          9|
    |ap_enable_reg_pp0_iter1            |   9|          2|    1|          2|
    |ap_enable_reg_pp0_iter9            |   9|          2|    1|          2|
    |ap_enable_reg_pp1_iter8            |   9|          2|    1|          2|
    |ap_enable_reg_pp1_iter9            |  14|          3|    1|          3|
    |ap_phi_mux_b_phi_fu_3439_p4        |   9|          2|    2|          4|
    |ap_phi_mux_phi_mul_phi_fu_3451_p4  |   9|          2|   10|         20|
    |b_reg_3435                         |   9|          2|    2|          4|
    |drc_ratio_address0                 |  14|          3|    2|          6|
    |drc_ratio_address1                 |  14|          3|    2|          6|
    |drc_thr_address0                   |  14|          3|    2|          6|
    |drc_thr_address1                   |  14|          3|    2|          6|
    |hist_V_0                           |   9|          2|   16|         32|
    |hist_V_1                           |   9|          2|   16|         32|
    |hist_V_10                          |   9|          2|   16|         32|
    |hist_V_100                         |   9|          2|   16|         32|
    |hist_V_101                         |   9|          2|   16|         32|
    |hist_V_102                         |   9|          2|   16|         32|
    |hist_V_103                         |   9|          2|   16|         32|
    |hist_V_104                         |   9|          2|   16|         32|
    |hist_V_105                         |   9|          2|   16|         32|
    |hist_V_106                         |   9|          2|   16|         32|
    |hist_V_107                         |   9|          2|   16|         32|
    |hist_V_108                         |   9|          2|   16|         32|
    |hist_V_109                         |   9|          2|   16|         32|
    |hist_V_11                          |   9|          2|   16|         32|
    |hist_V_110                         |   9|          2|   16|         32|
    |hist_V_111                         |   9|          2|   16|         32|
    |hist_V_112                         |   9|          2|   16|         32|
    |hist_V_113                         |   9|          2|   16|         32|
    |hist_V_114                         |   9|          2|   16|         32|
    |hist_V_115                         |   9|          2|   16|         32|
    |hist_V_116                         |   9|          2|   16|         32|
    |hist_V_117                         |   9|          2|   16|         32|
    |hist_V_118                         |   9|          2|   16|         32|
    |hist_V_119                         |   9|          2|   16|         32|
    |hist_V_12                          |   9|          2|   16|         32|
    |hist_V_120                         |   9|          2|   16|         32|
    |hist_V_121                         |   9|          2|   16|         32|
    |hist_V_122                         |   9|          2|   16|         32|
    |hist_V_123                         |   9|          2|   16|         32|
    |hist_V_124                         |   9|          2|   16|         32|
    |hist_V_125                         |   9|          2|   16|         32|
    |hist_V_126                         |   9|          2|   16|         32|
    |hist_V_127                         |   9|          2|   16|         32|
    |hist_V_128                         |   9|          2|   16|         32|
    |hist_V_129                         |   9|          2|   16|         32|
    |hist_V_13                          |   9|          2|   16|         32|
    |hist_V_130                         |   9|          2|   16|         32|
    |hist_V_131                         |   9|          2|   16|         32|
    |hist_V_132                         |   9|          2|   16|         32|
    |hist_V_133                         |   9|          2|   16|         32|
    |hist_V_134                         |   9|          2|   16|         32|
    |hist_V_135                         |   9|          2|   16|         32|
    |hist_V_136                         |   9|          2|   16|         32|
    |hist_V_137                         |   9|          2|   16|         32|
    |hist_V_138                         |   9|          2|   16|         32|
    |hist_V_139                         |   9|          2|   16|         32|
    |hist_V_14                          |   9|          2|   16|         32|
    |hist_V_140                         |   9|          2|   16|         32|
    |hist_V_141                         |   9|          2|   16|         32|
    |hist_V_142                         |   9|          2|   16|         32|
    |hist_V_143                         |   9|          2|   16|         32|
    |hist_V_144                         |   9|          2|   16|         32|
    |hist_V_145                         |   9|          2|   16|         32|
    |hist_V_146                         |   9|          2|   16|         32|
    |hist_V_147                         |   9|          2|   16|         32|
    |hist_V_148                         |   9|          2|   16|         32|
    |hist_V_149                         |   9|          2|   16|         32|
    |hist_V_15                          |   9|          2|   16|         32|
    |hist_V_150                         |   9|          2|   16|         32|
    |hist_V_151                         |   9|          2|   16|         32|
    |hist_V_152                         |   9|          2|   16|         32|
    |hist_V_153                         |   9|          2|   16|         32|
    |hist_V_154                         |   9|          2|   16|         32|
    |hist_V_155                         |   9|          2|   16|         32|
    |hist_V_156                         |   9|          2|   16|         32|
    |hist_V_157                         |   9|          2|   16|         32|
    |hist_V_158                         |   9|          2|   16|         32|
    |hist_V_159                         |   9|          2|   16|         32|
    |hist_V_16                          |   9|          2|   16|         32|
    |hist_V_160                         |   9|          2|   16|         32|
    |hist_V_161                         |   9|          2|   16|         32|
    |hist_V_162                         |   9|          2|   16|         32|
    |hist_V_163                         |   9|          2|   16|         32|
    |hist_V_164                         |   9|          2|   16|         32|
    |hist_V_165                         |   9|          2|   16|         32|
    |hist_V_166                         |   9|          2|   16|         32|
    |hist_V_167                         |   9|          2|   16|         32|
    |hist_V_168                         |   9|          2|   16|         32|
    |hist_V_169                         |   9|          2|   16|         32|
    |hist_V_17                          |   9|          2|   16|         32|
    |hist_V_170                         |   9|          2|   16|         32|
    |hist_V_171                         |   9|          2|   16|         32|
    |hist_V_172                         |   9|          2|   16|         32|
    |hist_V_173                         |   9|          2|   16|         32|
    |hist_V_174                         |   9|          2|   16|         32|
    |hist_V_175                         |   9|          2|   16|         32|
    |hist_V_176                         |   9|          2|   16|         32|
    |hist_V_177                         |   9|          2|   16|         32|
    |hist_V_178                         |   9|          2|   16|         32|
    |hist_V_179                         |   9|          2|   16|         32|
    |hist_V_18                          |   9|          2|   16|         32|
    |hist_V_180                         |   9|          2|   16|         32|
    |hist_V_181                         |   9|          2|   16|         32|
    |hist_V_182                         |   9|          2|   16|         32|
    |hist_V_183                         |   9|          2|   16|         32|
    |hist_V_184                         |   9|          2|   16|         32|
    |hist_V_185                         |   9|          2|   16|         32|
    |hist_V_186                         |   9|          2|   16|         32|
    |hist_V_187                         |   9|          2|   16|         32|
    |hist_V_188                         |   9|          2|   16|         32|
    |hist_V_189                         |   9|          2|   16|         32|
    |hist_V_19                          |   9|          2|   16|         32|
    |hist_V_190                         |   9|          2|   16|         32|
    |hist_V_191                         |   9|          2|   16|         32|
    |hist_V_192                         |   9|          2|   16|         32|
    |hist_V_193                         |   9|          2|   16|         32|
    |hist_V_2                           |   9|          2|   16|         32|
    |hist_V_20                          |   9|          2|   16|         32|
    |hist_V_21                          |   9|          2|   16|         32|
    |hist_V_22                          |   9|          2|   16|         32|
    |hist_V_23                          |   9|          2|   16|         32|
    |hist_V_24                          |   9|          2|   16|         32|
    |hist_V_25                          |   9|          2|   16|         32|
    |hist_V_26                          |   9|          2|   16|         32|
    |hist_V_27                          |   9|          2|   16|         32|
    |hist_V_28                          |   9|          2|   16|         32|
    |hist_V_29                          |   9|          2|   16|         32|
    |hist_V_3                           |   9|          2|   16|         32|
    |hist_V_30                          |   9|          2|   16|         32|
    |hist_V_31                          |   9|          2|   16|         32|
    |hist_V_32                          |   9|          2|   16|         32|
    |hist_V_33                          |   9|          2|   16|         32|
    |hist_V_34                          |   9|          2|   16|         32|
    |hist_V_35                          |   9|          2|   16|         32|
    |hist_V_36                          |   9|          2|   16|         32|
    |hist_V_37                          |   9|          2|   16|         32|
    |hist_V_38                          |   9|          2|   16|         32|
    |hist_V_39                          |   9|          2|   16|         32|
    |hist_V_4                           |   9|          2|   16|         32|
    |hist_V_40                          |   9|          2|   16|         32|
    |hist_V_41                          |   9|          2|   16|         32|
    |hist_V_42                          |   9|          2|   16|         32|
    |hist_V_43                          |   9|          2|   16|         32|
    |hist_V_44                          |   9|          2|   16|         32|
    |hist_V_45                          |   9|          2|   16|         32|
    |hist_V_46                          |   9|          2|   16|         32|
    |hist_V_47                          |   9|          2|   16|         32|
    |hist_V_48                          |   9|          2|   16|         32|
    |hist_V_49                          |   9|          2|   16|         32|
    |hist_V_5                           |   9|          2|   16|         32|
    |hist_V_50                          |   9|          2|   16|         32|
    |hist_V_51                          |   9|          2|   16|         32|
    |hist_V_52                          |   9|          2|   16|         32|
    |hist_V_53                          |   9|          2|   16|         32|
    |hist_V_54                          |   9|          2|   16|         32|
    |hist_V_55                          |   9|          2|   16|         32|
    |hist_V_56                          |   9|          2|   16|         32|
    |hist_V_57                          |   9|          2|   16|         32|
    |hist_V_58                          |   9|          2|   16|         32|
    |hist_V_59                          |   9|          2|   16|         32|
    |hist_V_6                           |   9|          2|   16|         32|
    |hist_V_60                          |   9|          2|   16|         32|
    |hist_V_61                          |   9|          2|   16|         32|
    |hist_V_62                          |   9|          2|   16|         32|
    |hist_V_63                          |   9|          2|   16|         32|
    |hist_V_64                          |   9|          2|   16|         32|
    |hist_V_65                          |   9|          2|   16|         32|
    |hist_V_66                          |   9|          2|   16|         32|
    |hist_V_67                          |   9|          2|   16|         32|
    |hist_V_68                          |   9|          2|   16|         32|
    |hist_V_69                          |   9|          2|   16|         32|
    |hist_V_7                           |   9|          2|   16|         32|
    |hist_V_70                          |   9|          2|   16|         32|
    |hist_V_71                          |   9|          2|   16|         32|
    |hist_V_72                          |   9|          2|   16|         32|
    |hist_V_73                          |   9|          2|   16|         32|
    |hist_V_74                          |   9|          2|   16|         32|
    |hist_V_75                          |   9|          2|   16|         32|
    |hist_V_76                          |   9|          2|   16|         32|
    |hist_V_77                          |   9|          2|   16|         32|
    |hist_V_78                          |   9|          2|   16|         32|
    |hist_V_79                          |   9|          2|   16|         32|
    |hist_V_8                           |   9|          2|   16|         32|
    |hist_V_80                          |   9|          2|   16|         32|
    |hist_V_81                          |   9|          2|   16|         32|
    |hist_V_82                          |   9|          2|   16|         32|
    |hist_V_83                          |   9|          2|   16|         32|
    |hist_V_84                          |   9|          2|   16|         32|
    |hist_V_85                          |   9|          2|   16|         32|
    |hist_V_86                          |   9|          2|   16|         32|
    |hist_V_87                          |   9|          2|   16|         32|
    |hist_V_88                          |   9|          2|   16|         32|
    |hist_V_89                          |   9|          2|   16|         32|
    |hist_V_9                           |   9|          2|   16|         32|
    |hist_V_90                          |   9|          2|   16|         32|
    |hist_V_91                          |   9|          2|   16|         32|
    |hist_V_92                          |   9|          2|   16|         32|
    |hist_V_93                          |   9|          2|   16|         32|
    |hist_V_94                          |   9|          2|   16|         32|
    |hist_V_95                          |   9|          2|   16|         32|
    |hist_V_96                          |   9|          2|   16|         32|
    |hist_V_97                          |   9|          2|   16|         32|
    |hist_V_98                          |   9|          2|   16|         32|
    |hist_V_99                          |   9|          2|   16|         32|
    |i_reg_3459                         |   9|          2|    3|          6|
    |n_reg_3424                         |   9|          2|   32|         64|
    |phi_mul_reg_3447                   |   9|          2|   10|         20|
    +-----------------------------------+----+-----------+-----+-----------+
    |Total                              |1954|        432| 3216|       6448|
    +-----------------------------------+----+-----------+-----+-----------+

    * Register: 
    +---------------------------------------+-----+----+-----+-----------+
    |                  Name                 |  FF | LUT| Bits| Const Bits|
    +---------------------------------------+-----+----+-----+-----------+
    |FIR_LP_V_load_reg_15222                |   15|   0|   15|          0|
    |FIR_LP_V_load_reg_15222_pp0_iter2_reg  |   15|   0|   15|          0|
    |acc_V_reg_3470                         |   40|   0|   40|          0|
    |add_ln1118_194_reg_14542               |   10|   0|   10|          0|
    |add_ln270_reg_13466                    |   32|   0|   32|          0|
    |add_ln324_reg_14450                    |    2|   0|    2|          0|
    |add_ln703_100_reg_17237                |   33|   0|   33|          0|
    |add_ln703_105_reg_17242                |   33|   0|   33|          0|
    |add_ln703_111_reg_17247                |   33|   0|   33|          0|
    |add_ln703_116_reg_17252                |   33|   0|   33|          0|
    |add_ln703_118_reg_17337                |   35|   0|   35|          0|
    |add_ln703_123_reg_17257                |   33|   0|   33|          0|
    |add_ln703_128_reg_17262                |   33|   0|   33|          0|
    |add_ln703_134_reg_17267                |   33|   0|   33|          0|
    |add_ln703_139_reg_17072                |   32|   0|   32|          0|
    |add_ln703_140_reg_17272                |   33|   0|   33|          0|
    |add_ln703_142_reg_17342                |   35|   0|   35|          0|
    |add_ln703_148_reg_17277                |   33|   0|   33|          0|
    |add_ln703_153_reg_17282                |   33|   0|   33|          0|
    |add_ln703_159_reg_17287                |   33|   0|   33|          0|
    |add_ln703_15_reg_17167                 |   33|   0|   33|          0|
    |add_ln703_164_reg_17292                |   33|   0|   33|          0|
    |add_ln703_166_reg_17347                |   35|   0|   35|          0|
    |add_ln703_171_reg_17297                |   33|   0|   33|          0|
    |add_ln703_176_reg_17302                |   33|   0|   33|          0|
    |add_ln703_182_reg_17307                |   33|   0|   33|          0|
    |add_ln703_187_reg_17152                |   32|   0|   32|          0|
    |add_ln703_188_reg_17312                |   33|   0|   33|          0|
    |add_ln703_190_reg_17352                |   35|   0|   35|          0|
    |add_ln703_192_reg_17362                |   37|   0|   37|          0|
    |add_ln703_20_reg_17172                 |   33|   0|   33|          0|
    |add_ln703_22_reg_17317                 |   35|   0|   35|          0|
    |add_ln703_27_reg_17177                 |   33|   0|   33|          0|
    |add_ln703_32_reg_17182                 |   33|   0|   33|          0|
    |add_ln703_38_reg_17187                 |   33|   0|   33|          0|
    |add_ln703_43_reg_17192                 |   33|   0|   33|          0|
    |add_ln703_45_reg_17322                 |   35|   0|   35|          0|
    |add_ln703_4_reg_17157                  |   33|   0|   33|          0|
    |add_ln703_51_reg_17197                 |   33|   0|   33|          0|
    |add_ln703_56_reg_17202                 |   33|   0|   33|          0|
    |add_ln703_62_reg_17207                 |   33|   0|   33|          0|
    |add_ln703_67_reg_17212                 |   33|   0|   33|          0|
    |add_ln703_69_reg_17327                 |   35|   0|   35|          0|
    |add_ln703_74_reg_17217                 |   33|   0|   33|          0|
    |add_ln703_79_reg_17222                 |   33|   0|   33|          0|
    |add_ln703_85_reg_17227                 |   33|   0|   33|          0|
    |add_ln703_90_reg_16992                 |   32|   0|   32|          0|
    |add_ln703_91_reg_17232                 |   33|   0|   33|          0|
    |add_ln703_93_reg_17332                 |   35|   0|   35|          0|
    |add_ln703_95_reg_17357                 |   37|   0|   37|          0|
    |add_ln703_9_reg_17162                  |   33|   0|   33|          0|
    |ap_CS_fsm                              |    8|   0|    8|          0|
    |ap_enable_reg_pp0_iter0                |    1|   0|    1|          0|
    |ap_enable_reg_pp0_iter1                |    1|   0|    1|          0|
    |ap_enable_reg_pp0_iter2                |    1|   0|    1|          0|
    |ap_enable_reg_pp0_iter3                |    1|   0|    1|          0|
    |ap_enable_reg_pp0_iter4                |    1|   0|    1|          0|
    |ap_enable_reg_pp0_iter5                |    1|   0|    1|          0|
    |ap_enable_reg_pp0_iter6                |    1|   0|    1|          0|
    |ap_enable_reg_pp0_iter7                |    1|   0|    1|          0|
    |ap_enable_reg_pp0_iter8                |    1|   0|    1|          0|
    |ap_enable_reg_pp0_iter9                |    1|   0|    1|          0|
    |ap_enable_reg_pp1_iter0                |    1|   0|    1|          0|
    |ap_enable_reg_pp1_iter1                |    1|   0|    1|          0|
    |ap_enable_reg_pp1_iter2                |    1|   0|    1|          0|
    |ap_enable_reg_pp1_iter3                |    1|   0|    1|          0|
    |ap_enable_reg_pp1_iter4                |    1|   0|    1|          0|
    |ap_enable_reg_pp1_iter5                |    1|   0|    1|          0|
    |ap_enable_reg_pp1_iter6                |    1|   0|    1|          0|
    |ap_enable_reg_pp1_iter7                |    1|   0|    1|          0|
    |ap_enable_reg_pp1_iter8                |    1|   0|    1|          0|
    |ap_enable_reg_pp1_iter9                |    1|   0|    1|          0|
    |b_reg_3435                             |    2|   0|    2|          0|
    |band_V_0_fu_950                        |   40|   0|   40|          0|
    |band_V_1_reg_17367                     |   40|   0|   40|          0|
    |band_V_2_reg_17372                     |   40|   0|   40|          0|
    |band_V_3_reg_17377                     |   40|   0|   40|          0|
    |empty_reg_14455                        |    9|   0|    9|          0|
    |empty_reg_14455_pp0_iter1_reg          |    9|   0|    9|          0|
    |hist_V_0                               |   16|   0|   16|          0|
    |hist_V_1                               |   16|   0|   16|          0|
    |hist_V_10                              |   16|   0|   16|          0|
    |hist_V_100                             |   16|   0|   16|          0|
    |hist_V_101                             |   16|   0|   16|          0|
    |hist_V_102                             |   16|   0|   16|          0|
    |hist_V_103                             |   16|   0|   16|          0|
    |hist_V_104                             |   16|   0|   16|          0|
    |hist_V_105                             |   16|   0|   16|          0|
    |hist_V_106                             |   16|   0|   16|          0|
    |hist_V_107                             |   16|   0|   16|          0|
    |hist_V_108                             |   16|   0|   16|          0|
    |hist_V_109                             |   16|   0|   16|          0|
    |hist_V_11                              |   16|   0|   16|          0|
    |hist_V_110                             |   16|   0|   16|          0|
    |hist_V_111                             |   16|   0|   16|          0|
    |hist_V_112                             |   16|   0|   16|          0|
    |hist_V_113                             |   16|   0|   16|          0|
    |hist_V_114                             |   16|   0|   16|          0|
    |hist_V_115                             |   16|   0|   16|          0|
    |hist_V_116                             |   16|   0|   16|          0|
    |hist_V_117                             |   16|   0|   16|          0|
    |hist_V_118                             |   16|   0|   16|          0|
    |hist_V_119                             |   16|   0|   16|          0|
    |hist_V_12                              |   16|   0|   16|          0|
    |hist_V_120                             |   16|   0|   16|          0|
    |hist_V_121                             |   16|   0|   16|          0|
    |hist_V_122                             |   16|   0|   16|          0|
    |hist_V_123                             |   16|   0|   16|          0|
    |hist_V_124                             |   16|   0|   16|          0|
    |hist_V_125                             |   16|   0|   16|          0|
    |hist_V_126                             |   16|   0|   16|          0|
    |hist_V_127                             |   16|   0|   16|          0|
    |hist_V_128                             |   16|   0|   16|          0|
    |hist_V_129                             |   16|   0|   16|          0|
    |hist_V_13                              |   16|   0|   16|          0|
    |hist_V_130                             |   16|   0|   16|          0|
    |hist_V_131                             |   16|   0|   16|          0|
    |hist_V_132                             |   16|   0|   16|          0|
    |hist_V_133                             |   16|   0|   16|          0|
    |hist_V_134                             |   16|   0|   16|          0|
    |hist_V_135                             |   16|   0|   16|          0|
    |hist_V_136                             |   16|   0|   16|          0|
    |hist_V_137                             |   16|   0|   16|          0|
    |hist_V_138                             |   16|   0|   16|          0|
    |hist_V_139                             |   16|   0|   16|          0|
    |hist_V_14                              |   16|   0|   16|          0|
    |hist_V_140                             |   16|   0|   16|          0|
    |hist_V_141                             |   16|   0|   16|          0|
    |hist_V_142                             |   16|   0|   16|          0|
    |hist_V_143                             |   16|   0|   16|          0|
    |hist_V_144                             |   16|   0|   16|          0|
    |hist_V_145                             |   16|   0|   16|          0|
    |hist_V_146                             |   16|   0|   16|          0|
    |hist_V_147                             |   16|   0|   16|          0|
    |hist_V_148                             |   16|   0|   16|          0|
    |hist_V_149                             |   16|   0|   16|          0|
    |hist_V_15                              |   16|   0|   16|          0|
    |hist_V_150                             |   16|   0|   16|          0|
    |hist_V_151                             |   16|   0|   16|          0|
    |hist_V_152                             |   16|   0|   16|          0|
    |hist_V_153                             |   16|   0|   16|          0|
    |hist_V_154                             |   16|   0|   16|          0|
    |hist_V_155                             |   16|   0|   16|          0|
    |hist_V_156                             |   16|   0|   16|          0|
    |hist_V_157                             |   16|   0|   16|          0|
    |hist_V_158                             |   16|   0|   16|          0|
    |hist_V_159                             |   16|   0|   16|          0|
    |hist_V_16                              |   16|   0|   16|          0|
    |hist_V_160                             |   16|   0|   16|          0|
    |hist_V_161                             |   16|   0|   16|          0|
    |hist_V_162                             |   16|   0|   16|          0|
    |hist_V_163                             |   16|   0|   16|          0|
    |hist_V_164                             |   16|   0|   16|          0|
    |hist_V_165                             |   16|   0|   16|          0|
    |hist_V_166                             |   16|   0|   16|          0|
    |hist_V_167                             |   16|   0|   16|          0|
    |hist_V_168                             |   16|   0|   16|          0|
    |hist_V_169                             |   16|   0|   16|          0|
    |hist_V_17                              |   16|   0|   16|          0|
    |hist_V_170                             |   16|   0|   16|          0|
    |hist_V_171                             |   16|   0|   16|          0|
    |hist_V_172                             |   16|   0|   16|          0|
    |hist_V_173                             |   16|   0|   16|          0|
    |hist_V_174                             |   16|   0|   16|          0|
    |hist_V_175                             |   16|   0|   16|          0|
    |hist_V_176                             |   16|   0|   16|          0|
    |hist_V_177                             |   16|   0|   16|          0|
    |hist_V_178                             |   16|   0|   16|          0|
    |hist_V_179                             |   16|   0|   16|          0|
    |hist_V_18                              |   16|   0|   16|          0|
    |hist_V_180                             |   16|   0|   16|          0|
    |hist_V_181                             |   16|   0|   16|          0|
    |hist_V_182                             |   16|   0|   16|          0|
    |hist_V_183                             |   16|   0|   16|          0|
    |hist_V_184                             |   16|   0|   16|          0|
    |hist_V_185                             |   16|   0|   16|          0|
    |hist_V_186                             |   16|   0|   16|          0|
    |hist_V_187                             |   16|   0|   16|          0|
    |hist_V_188                             |   16|   0|   16|          0|
    |hist_V_189                             |   16|   0|   16|          0|
    |hist_V_19                              |   16|   0|   16|          0|
    |hist_V_190                             |   16|   0|   16|          0|
    |hist_V_191                             |   16|   0|   16|          0|
    |hist_V_192                             |   16|   0|   16|          0|
    |hist_V_193                             |   16|   0|   16|          0|
    |hist_V_2                               |   16|   0|   16|          0|
    |hist_V_20                              |   16|   0|   16|          0|
    |hist_V_21                              |   16|   0|   16|          0|
    |hist_V_22                              |   16|   0|   16|          0|
    |hist_V_23                              |   16|   0|   16|          0|
    |hist_V_24                              |   16|   0|   16|          0|
    |hist_V_25                              |   16|   0|   16|          0|
    |hist_V_26                              |   16|   0|   16|          0|
    |hist_V_27                              |   16|   0|   16|          0|
    |hist_V_28                              |   16|   0|   16|          0|
    |hist_V_29                              |   16|   0|   16|          0|
    |hist_V_3                               |   16|   0|   16|          0|
    |hist_V_30                              |   16|   0|   16|          0|
    |hist_V_31                              |   16|   0|   16|          0|
    |hist_V_32                              |   16|   0|   16|          0|
    |hist_V_33                              |   16|   0|   16|          0|
    |hist_V_34                              |   16|   0|   16|          0|
    |hist_V_35                              |   16|   0|   16|          0|
    |hist_V_36                              |   16|   0|   16|          0|
    |hist_V_37                              |   16|   0|   16|          0|
    |hist_V_38                              |   16|   0|   16|          0|
    |hist_V_39                              |   16|   0|   16|          0|
    |hist_V_4                               |   16|   0|   16|          0|
    |hist_V_40                              |   16|   0|   16|          0|
    |hist_V_41                              |   16|   0|   16|          0|
    |hist_V_42                              |   16|   0|   16|          0|
    |hist_V_43                              |   16|   0|   16|          0|
    |hist_V_44                              |   16|   0|   16|          0|
    |hist_V_45                              |   16|   0|   16|          0|
    |hist_V_46                              |   16|   0|   16|          0|
    |hist_V_47                              |   16|   0|   16|          0|
    |hist_V_48                              |   16|   0|   16|          0|
    |hist_V_49                              |   16|   0|   16|          0|
    |hist_V_5                               |   16|   0|   16|          0|
    |hist_V_50                              |   16|   0|   16|          0|
    |hist_V_51                              |   16|   0|   16|          0|
    |hist_V_52                              |   16|   0|   16|          0|
    |hist_V_53                              |   16|   0|   16|          0|
    |hist_V_54                              |   16|   0|   16|          0|
    |hist_V_55                              |   16|   0|   16|          0|
    |hist_V_56                              |   16|   0|   16|          0|
    |hist_V_57                              |   16|   0|   16|          0|
    |hist_V_58                              |   16|   0|   16|          0|
    |hist_V_59                              |   16|   0|   16|          0|
    |hist_V_6                               |   16|   0|   16|          0|
    |hist_V_60                              |   16|   0|   16|          0|
    |hist_V_61                              |   16|   0|   16|          0|
    |hist_V_62                              |   16|   0|   16|          0|
    |hist_V_63                              |   16|   0|   16|          0|
    |hist_V_64                              |   16|   0|   16|          0|
    |hist_V_65                              |   16|   0|   16|          0|
    |hist_V_66                              |   16|   0|   16|          0|
    |hist_V_67                              |   16|   0|   16|          0|
    |hist_V_68                              |   16|   0|   16|          0|
    |hist_V_69                              |   16|   0|   16|          0|
    |hist_V_7                               |   16|   0|   16|          0|
    |hist_V_70                              |   16|   0|   16|          0|
    |hist_V_71                              |   16|   0|   16|          0|
    |hist_V_72                              |   16|   0|   16|          0|
    |hist_V_73                              |   16|   0|   16|          0|
    |hist_V_74                              |   16|   0|   16|          0|
    |hist_V_75                              |   16|   0|   16|          0|
    |hist_V_76                              |   16|   0|   16|          0|
    |hist_V_77                              |   16|   0|   16|          0|
    |hist_V_78                              |   16|   0|   16|          0|
    |hist_V_79                              |   16|   0|   16|          0|
    |hist_V_8                               |   16|   0|   16|          0|
    |hist_V_80                              |   16|   0|   16|          0|
    |hist_V_81                              |   16|   0|   16|          0|
    |hist_V_82                              |   16|   0|   16|          0|
    |hist_V_83                              |   16|   0|   16|          0|
    |hist_V_84                              |   16|   0|   16|          0|
    |hist_V_85                              |   16|   0|   16|          0|
    |hist_V_86                              |   16|   0|   16|          0|
    |hist_V_87                              |   16|   0|   16|          0|
    |hist_V_88                              |   16|   0|   16|          0|
    |hist_V_89                              |   16|   0|   16|          0|
    |hist_V_9                               |   16|   0|   16|          0|
    |hist_V_90                              |   16|   0|   16|          0|
    |hist_V_91                              |   16|   0|   16|          0|
    |hist_V_92                              |   16|   0|   16|          0|
    |hist_V_93                              |   16|   0|   16|          0|
    |hist_V_94                              |   16|   0|   16|          0|
    |hist_V_95                              |   16|   0|   16|          0|
    |hist_V_95_load_reg_13475               |   16|   0|   16|          0|
    |hist_V_96                              |   16|   0|   16|          0|
    |hist_V_97                              |   16|   0|   16|          0|
    |hist_V_98                              |   16|   0|   16|          0|
    |hist_V_99                              |   16|   0|   16|          0|
    |i_reg_3459                             |    3|   0|    3|          0|
    |icmp_ln1497_reg_17438                  |    1|   0|    1|          0|
    |icmp_ln324_reg_14538                   |    1|   0|    1|          0|
    |icmp_ln399_reg_17387                   |    1|   0|    1|          0|
    |icmp_ln768_2_reg_17491                 |    1|   0|    1|          0|
    |icmp_ln786_2_reg_17496                 |    1|   0|    1|          0|
    |n_reg_3424                             |   32|   0|   32|          0|
    |overflow_1_reg_17407                   |    1|   0|    1|          0|
    |p_Result_4_reg_17473                   |    1|   0|    1|          0|
    |p_Result_5_reg_17485                   |    1|   0|    1|          0|
    |p_Val2_12_reg_17479                    |   24|   0|   24|          0|
    |p_Val2_8_reg_17397                     |   40|   0|   40|          0|
    |p_Val2_9_reg_17402                     |   24|   0|   24|          0|
    |phi_mul_reg_3447                       |   10|   0|   10|          0|
    |phi_mul_reg_3447_pp0_iter1_reg         |   10|   0|   10|          0|
    |q_1_reg_13381                          |   16|   0|   16|          0|
    |q_2_reg_13386                          |   16|   0|   16|          0|
    |q_3_reg_13391                          |   16|   0|   16|          0|
    |q_reg_13376                            |   16|   0|   16|          0|
    |r_V_reg_17453                          |   49|   0|   49|          0|
    |ratio_V_reg_17433                      |   24|   0|   24|          0|
    |ret_V_2_reg_17448                      |   25|   0|   25|          0|
    |ret_V_reg_17458                        |   49|   0|   49|          0|
    |select_ln340_2_reg_17418               |   24|   0|   24|          0|
    |sext_ln1116_100_reg_13975              |   31|   0|   31|          0|
    |sext_ln1116_101_reg_13980              |   31|   0|   31|          0|
    |sext_ln1116_102_reg_13985              |   31|   0|   31|          0|
    |sext_ln1116_103_reg_13990              |   31|   0|   31|          0|
    |sext_ln1116_104_reg_13995              |   31|   0|   31|          0|
    |sext_ln1116_105_reg_14000              |   31|   0|   31|          0|
    |sext_ln1116_106_reg_14005              |   31|   0|   31|          0|
    |sext_ln1116_107_reg_14010              |   31|   0|   31|          0|
    |sext_ln1116_108_reg_14015              |   31|   0|   31|          0|
    |sext_ln1116_109_reg_14020              |   31|   0|   31|          0|
    |sext_ln1116_10_reg_13525               |   31|   0|   31|          0|
    |sext_ln1116_110_reg_14025              |   31|   0|   31|          0|
    |sext_ln1116_111_reg_14030              |   31|   0|   31|          0|
    |sext_ln1116_112_reg_14035              |   31|   0|   31|          0|
    |sext_ln1116_113_reg_14040              |   31|   0|   31|          0|
    |sext_ln1116_114_reg_14045              |   31|   0|   31|          0|
    |sext_ln1116_115_reg_14050              |   31|   0|   31|          0|
    |sext_ln1116_116_reg_14055              |   31|   0|   31|          0|
    |sext_ln1116_117_reg_14060              |   31|   0|   31|          0|
    |sext_ln1116_118_reg_14065              |   31|   0|   31|          0|
    |sext_ln1116_119_reg_14070              |   31|   0|   31|          0|
    |sext_ln1116_11_reg_13530               |   31|   0|   31|          0|
    |sext_ln1116_120_reg_14075              |   31|   0|   31|          0|
    |sext_ln1116_121_reg_14080              |   31|   0|   31|          0|
    |sext_ln1116_122_reg_14085              |   31|   0|   31|          0|
    |sext_ln1116_123_reg_14090              |   31|   0|   31|          0|
    |sext_ln1116_124_reg_14095              |   31|   0|   31|          0|
    |sext_ln1116_125_reg_14100              |   31|   0|   31|          0|
    |sext_ln1116_126_reg_14105              |   31|   0|   31|          0|
    |sext_ln1116_127_reg_14110              |   31|   0|   31|          0|
    |sext_ln1116_128_reg_14115              |   31|   0|   31|          0|
    |sext_ln1116_129_reg_14120              |   31|   0|   31|          0|
    |sext_ln1116_12_reg_13535               |   31|   0|   31|          0|
    |sext_ln1116_130_reg_14125              |   31|   0|   31|          0|
    |sext_ln1116_131_reg_14130              |   31|   0|   31|          0|
    |sext_ln1116_132_reg_14135              |   31|   0|   31|          0|
    |sext_ln1116_133_reg_14140              |   31|   0|   31|          0|
    |sext_ln1116_134_reg_14145              |   31|   0|   31|          0|
    |sext_ln1116_135_reg_14150              |   31|   0|   31|          0|
    |sext_ln1116_136_reg_14155              |   31|   0|   31|          0|
    |sext_ln1116_137_reg_14160              |   31|   0|   31|          0|
    |sext_ln1116_138_reg_14165              |   31|   0|   31|          0|
    |sext_ln1116_139_reg_14170              |   31|   0|   31|          0|
    |sext_ln1116_13_reg_13540               |   31|   0|   31|          0|
    |sext_ln1116_140_reg_14175              |   31|   0|   31|          0|
    |sext_ln1116_141_reg_14180              |   31|   0|   31|          0|
    |sext_ln1116_142_reg_14185              |   31|   0|   31|          0|
    |sext_ln1116_143_reg_14190              |   31|   0|   31|          0|
    |sext_ln1116_144_reg_14195              |   31|   0|   31|          0|
    |sext_ln1116_145_reg_14200              |   31|   0|   31|          0|
    |sext_ln1116_146_reg_14205              |   31|   0|   31|          0|
    |sext_ln1116_147_reg_14210              |   31|   0|   31|          0|
    |sext_ln1116_148_reg_14215              |   31|   0|   31|          0|
    |sext_ln1116_149_reg_14220              |   31|   0|   31|          0|
    |sext_ln1116_14_reg_13545               |   31|   0|   31|          0|
    |sext_ln1116_150_reg_14225              |   31|   0|   31|          0|
    |sext_ln1116_151_reg_14230              |   31|   0|   31|          0|
    |sext_ln1116_152_reg_14235              |   31|   0|   31|          0|
    |sext_ln1116_153_reg_14240              |   31|   0|   31|          0|
    |sext_ln1116_154_reg_14245              |   31|   0|   31|          0|
    |sext_ln1116_155_reg_14250              |   31|   0|   31|          0|
    |sext_ln1116_156_reg_14255              |   31|   0|   31|          0|
    |sext_ln1116_157_reg_14260              |   31|   0|   31|          0|
    |sext_ln1116_158_reg_14265              |   31|   0|   31|          0|
    |sext_ln1116_159_reg_14270              |   31|   0|   31|          0|
    |sext_ln1116_15_reg_13550               |   31|   0|   31|          0|
    |sext_ln1116_160_reg_14275              |   31|   0|   31|          0|
    |sext_ln1116_161_reg_14280              |   31|   0|   31|          0|
    |sext_ln1116_162_reg_14285              |   31|   0|   31|          0|
    |sext_ln1116_163_reg_14290              |   31|   0|   31|          0|
    |sext_ln1116_164_reg_14295              |   31|   0|   31|          0|
    |sext_ln1116_165_reg_14300              |   31|   0|   31|          0|
    |sext_ln1116_166_reg_14305              |   31|   0|   31|          0|
    |sext_ln1116_167_reg_14310              |   31|   0|   31|          0|
    |sext_ln1116_168_reg_14315              |   31|   0|   31|          0|
    |sext_ln1116_169_reg_14320              |   31|   0|   31|          0|
    |sext_ln1116_16_reg_13555               |   31|   0|   31|          0|
    |sext_ln1116_170_reg_14325              |   31|   0|   31|          0|
    |sext_ln1116_171_reg_14330              |   31|   0|   31|          0|
    |sext_ln1116_172_reg_14335              |   31|   0|   31|          0|
    |sext_ln1116_173_reg_14340              |   31|   0|   31|          0|
    |sext_ln1116_174_reg_14345              |   31|   0|   31|          0|
    |sext_ln1116_175_reg_14350              |   31|   0|   31|          0|
    |sext_ln1116_176_reg_14355              |   31|   0|   31|          0|
    |sext_ln1116_177_reg_14360              |   31|   0|   31|          0|
    |sext_ln1116_178_reg_14365              |   31|   0|   31|          0|
    |sext_ln1116_179_reg_14370              |   31|   0|   31|          0|
    |sext_ln1116_17_reg_13560               |   31|   0|   31|          0|
    |sext_ln1116_180_reg_14375              |   31|   0|   31|          0|
    |sext_ln1116_181_reg_14380              |   31|   0|   31|          0|
    |sext_ln1116_182_reg_14385              |   31|   0|   31|          0|
    |sext_ln1116_183_reg_14390              |   31|   0|   31|          0|
    |sext_ln1116_184_reg_14395              |   31|   0|   31|          0|
    |sext_ln1116_185_reg_14400              |   31|   0|   31|          0|
    |sext_ln1116_186_reg_14405              |   31|   0|   31|          0|
    |sext_ln1116_187_reg_14410              |   31|   0|   31|          0|
    |sext_ln1116_188_reg_14415              |   31|   0|   31|          0|
    |sext_ln1116_189_reg_14420              |   31|   0|   31|          0|
    |sext_ln1116_18_reg_13565               |   31|   0|   31|          0|
    |sext_ln1116_190_reg_14425              |   31|   0|   31|          0|
    |sext_ln1116_191_reg_14430              |   31|   0|   31|          0|
    |sext_ln1116_192_reg_14435              |   31|   0|   31|          0|
    |sext_ln1116_193_reg_14440              |   31|   0|   31|          0|
    |sext_ln1116_19_reg_13570               |   31|   0|   31|          0|
    |sext_ln1116_1_reg_13480                |   31|   0|   31|          0|
    |sext_ln1116_20_reg_13575               |   31|   0|   31|          0|
    |sext_ln1116_21_reg_13580               |   31|   0|   31|          0|
    |sext_ln1116_22_reg_13585               |   31|   0|   31|          0|
    |sext_ln1116_23_reg_13590               |   31|   0|   31|          0|
    |sext_ln1116_24_reg_13595               |   31|   0|   31|          0|
    |sext_ln1116_25_reg_13600               |   31|   0|   31|          0|
    |sext_ln1116_26_reg_13605               |   31|   0|   31|          0|
    |sext_ln1116_27_reg_13610               |   31|   0|   31|          0|
    |sext_ln1116_28_reg_13615               |   31|   0|   31|          0|
    |sext_ln1116_29_reg_13620               |   31|   0|   31|          0|
    |sext_ln1116_2_reg_13485                |   31|   0|   31|          0|
    |sext_ln1116_30_reg_13625               |   31|   0|   31|          0|
    |sext_ln1116_31_reg_13630               |   31|   0|   31|          0|
    |sext_ln1116_32_reg_13635               |   31|   0|   31|          0|
    |sext_ln1116_33_reg_13640               |   31|   0|   31|          0|
    |sext_ln1116_34_reg_13645               |   31|   0|   31|          0|
    |sext_ln1116_35_reg_13650               |   31|   0|   31|          0|
    |sext_ln1116_36_reg_13655               |   31|   0|   31|          0|
    |sext_ln1116_37_reg_13660               |   31|   0|   31|          0|
    |sext_ln1116_38_reg_13665               |   31|   0|   31|          0|
    |sext_ln1116_39_reg_13670               |   31|   0|   31|          0|
    |sext_ln1116_3_reg_13490                |   31|   0|   31|          0|
    |sext_ln1116_40_reg_13675               |   31|   0|   31|          0|
    |sext_ln1116_41_reg_13680               |   31|   0|   31|          0|
    |sext_ln1116_42_reg_13685               |   31|   0|   31|          0|
    |sext_ln1116_43_reg_13690               |   31|   0|   31|          0|
    |sext_ln1116_44_reg_13695               |   31|   0|   31|          0|
    |sext_ln1116_45_reg_13700               |   31|   0|   31|          0|
    |sext_ln1116_46_reg_13705               |   31|   0|   31|          0|
    |sext_ln1116_47_reg_13710               |   31|   0|   31|          0|
    |sext_ln1116_48_reg_13715               |   31|   0|   31|          0|
    |sext_ln1116_49_reg_13720               |   31|   0|   31|          0|
    |sext_ln1116_4_reg_13495                |   31|   0|   31|          0|
    |sext_ln1116_50_reg_13725               |   31|   0|   31|          0|
    |sext_ln1116_51_reg_13730               |   31|   0|   31|          0|
    |sext_ln1116_52_reg_13735               |   31|   0|   31|          0|
    |sext_ln1116_53_reg_13740               |   31|   0|   31|          0|
    |sext_ln1116_54_reg_13745               |   31|   0|   31|          0|
    |sext_ln1116_55_reg_13750               |   31|   0|   31|          0|
    |sext_ln1116_56_reg_13755               |   31|   0|   31|          0|
    |sext_ln1116_57_reg_13760               |   31|   0|   31|          0|
    |sext_ln1116_58_reg_13765               |   31|   0|   31|          0|
    |sext_ln1116_59_reg_13770               |   31|   0|   31|          0|
    |sext_ln1116_5_reg_13500                |   31|   0|   31|          0|
    |sext_ln1116_60_reg_13775               |   31|   0|   31|          0|
    |sext_ln1116_61_reg_13780               |   31|   0|   31|          0|
    |sext_ln1116_62_reg_13785               |   31|   0|   31|          0|
    |sext_ln1116_63_reg_13790               |   31|   0|   31|          0|
    |sext_ln1116_64_reg_13795               |   31|   0|   31|          0|
    |sext_ln1116_65_reg_13800               |   31|   0|   31|          0|
    |sext_ln1116_66_reg_13805               |   31|   0|   31|          0|
    |sext_ln1116_67_reg_13810               |   31|   0|   31|          0|
    |sext_ln1116_68_reg_13815               |   31|   0|   31|          0|
    |sext_ln1116_69_reg_13820               |   31|   0|   31|          0|
    |sext_ln1116_6_reg_13505                |   31|   0|   31|          0|
    |sext_ln1116_70_reg_13825               |   31|   0|   31|          0|
    |sext_ln1116_71_reg_13830               |   31|   0|   31|          0|
    |sext_ln1116_72_reg_13835               |   31|   0|   31|          0|
    |sext_ln1116_73_reg_13840               |   31|   0|   31|          0|
    |sext_ln1116_74_reg_13845               |   31|   0|   31|          0|
    |sext_ln1116_75_reg_13850               |   31|   0|   31|          0|
    |sext_ln1116_76_reg_13855               |   31|   0|   31|          0|
    |sext_ln1116_77_reg_13860               |   31|   0|   31|          0|
    |sext_ln1116_78_reg_13865               |   31|   0|   31|          0|
    |sext_ln1116_79_reg_13870               |   31|   0|   31|          0|
    |sext_ln1116_7_reg_13510                |   31|   0|   31|          0|
    |sext_ln1116_80_reg_13875               |   31|   0|   31|          0|
    |sext_ln1116_81_reg_13880               |   31|   0|   31|          0|
    |sext_ln1116_82_reg_13885               |   31|   0|   31|          0|
    |sext_ln1116_83_reg_13890               |   31|   0|   31|          0|
    |sext_ln1116_84_reg_13895               |   31|   0|   31|          0|
    |sext_ln1116_85_reg_13900               |   31|   0|   31|          0|
    |sext_ln1116_86_reg_13905               |   31|   0|   31|          0|
    |sext_ln1116_87_reg_13910               |   31|   0|   31|          0|
    |sext_ln1116_88_reg_13915               |   31|   0|   31|          0|
    |sext_ln1116_89_reg_13920               |   31|   0|   31|          0|
    |sext_ln1116_8_reg_13515                |   31|   0|   31|          0|
    |sext_ln1116_90_reg_13925               |   31|   0|   31|          0|
    |sext_ln1116_91_reg_13930               |   31|   0|   31|          0|
    |sext_ln1116_92_reg_13935               |   31|   0|   31|          0|
    |sext_ln1116_93_reg_13940               |   31|   0|   31|          0|
    |sext_ln1116_94_reg_13945               |   31|   0|   31|          0|
    |sext_ln1116_95_reg_13950               |   31|   0|   31|          0|
    |sext_ln1116_96_reg_13955               |   31|   0|   31|          0|
    |sext_ln1116_97_reg_13960               |   31|   0|   31|          0|
    |sext_ln1116_98_reg_13965               |   31|   0|   31|          0|
    |sext_ln1116_99_reg_13970               |   31|   0|   31|          0|
    |sext_ln1116_9_reg_13520                |   31|   0|   31|          0|
    |sext_ln1116_reg_13461                  |   31|   0|   31|          0|
    |sext_ln266_1_reg_13426                 |   17|   0|   24|          7|
    |sext_ln266_2_reg_13436                 |   17|   0|   24|          7|
    |sext_ln266_3_reg_13446                 |   17|   0|   24|          7|
    |sext_ln266_reg_13416                   |   17|   0|   24|          7|
    |sext_ln267_1_reg_13431                 |   17|   0|   24|          7|
    |sext_ln267_2_reg_13441                 |   17|   0|   24|          7|
    |sext_ln267_3_reg_13451                 |   17|   0|   24|          7|
    |sext_ln267_reg_13421                   |   17|   0|   24|          7|
    |sext_ln324_reg_14445                   |   31|   0|   31|          0|
    |thr_V_reg_17428                        |   24|   0|   24|          0|
    |thr_V_reg_17428_pp1_iter2_reg          |   24|   0|   24|          0|
    |tmp_7_reg_17443                        |    1|   0|    1|          0|
    |tobool98_reg_13371                     |    1|   0|    1|          0|
    |trunc_ln1265_reg_17391                 |    2|   0|    2|          0|
    |underflow_1_reg_17412                  |    1|   0|    1|          0|
    |x_V_reg_17423                          |   24|   0|   24|          0|
    |ylp_V_1_0216_fu_954                    |   40|   0|   40|          0|
    |ylp_V_2_0217_fu_958                    |   40|   0|   40|          0|
    |b_reg_3435                             |   64|  32|    2|          0|
    |icmp_ln1497_reg_17438                  |   64|  32|    1|          0|
    |icmp_ln324_reg_14538                   |   64|  32|    1|          0|
    |icmp_ln399_reg_17387                   |   64|  32|    1|          0|
    |p_Val2_8_reg_17397                     |   64|  32|   40|          0|
    |tmp_7_reg_17443                        |   64|  32|    1|          0|
    |x_V_reg_17423                          |   64|  32|   24|          0|
    +---------------------------------------+-----+----+-----+-----------+
    |Total                                  |12120| 224|11798|         56|
    +---------------------------------------+-----+----+-----+-----------+



================================================================
== Interface
================================================================
* Summary: 
+--------------------+-----+-----+------------+---------------+--------------+
|      RTL Ports     | Dir | Bits|  Protocol  | Source Object |    C Type    |
+--------------------+-----+-----+------------+---------------+--------------+
|ap_clk              |   in|    1|  ap_ctrl_hs|  fir_multiband|  return value|
|ap_rst              |   in|    1|  ap_ctrl_hs|  fir_multiband|  return value|
|ap_start            |   in|    1|  ap_ctrl_hs|  fir_multiband|  return value|
|ap_done             |  out|    1|  ap_ctrl_hs|  fir_multiband|  return value|
|ap_idle             |  out|    1|  ap_ctrl_hs|  fir_multiband|  return value|
|ap_ready            |  out|    1|  ap_ctrl_hs|  fir_multiband|  return value|
|in_r                |   in|   16|     ap_none|           in_r|       pointer|
|out_r               |  out|   16|      ap_vld|          out_r|       pointer|
|out_r_ap_vld        |  out|    1|      ap_vld|          out_r|       pointer|
|length_r            |   in|   32|     ap_none|       length_r|        scalar|
|drc_thr_address0    |  out|    2|   ap_memory|        drc_thr|         array|
|drc_thr_ce0         |  out|    1|   ap_memory|        drc_thr|         array|
|drc_thr_q0          |   in|   16|   ap_memory|        drc_thr|         array|
|drc_thr_address1    |  out|    2|   ap_memory|        drc_thr|         array|
|drc_thr_ce1         |  out|    1|   ap_memory|        drc_thr|         array|
|drc_thr_q1          |   in|   16|   ap_memory|        drc_thr|         array|
|drc_ratio_address0  |  out|    2|   ap_memory|      drc_ratio|         array|
|drc_ratio_ce0       |  out|    1|   ap_memory|      drc_ratio|         array|
|drc_ratio_q0        |   in|   16|   ap_memory|      drc_ratio|         array|
|drc_ratio_address1  |  out|    2|   ap_memory|      drc_ratio|         array|
|drc_ratio_ce1       |  out|    1|   ap_memory|      drc_ratio|         array|
|drc_ratio_q1        |   in|   16|   ap_memory|      drc_ratio|         array|
|reset               |   in|   32|     ap_none|          reset|        scalar|
|bypass              |   in|   32|     ap_none|         bypass|        scalar|
+--------------------+-----+-----+------------+---------------+--------------+

