

================================================================
== Vitis HLS Report for 'fir_multiband'
================================================================
* Date:           Fri Oct  9 21:13:39 2026

* Version:        2020.2 (Build 3064766 on Wed Nov 18 09:12:45 MST 2020)
* Project:        synth_proj
* Solution:       solution1 (Vivado IP Flow Target)
* Product family: zynq
* Target device:  xc7z020-clg400-1


================================================================
== Performance Estimates
================================================================
+ Timing: 
    * Summary: 
    +--------+----------+----------+------------+
    |  Clock |  Target  | Estimated| Uncertainty|
    +--------+----------+----------+------------+
    |ap_clk  |  10.00 ns|  7.300 ns|     2.70 ns|
    +--------+----------+----------+------------+

+ Latency: 
    * Summary: 
    +---------+---------+----------+----------+-----+-----+---------+
    |  Latency (cycles) |  Latency (absolute) |  Interval | Pipeline|
    |   min   |   max   |    min   |    max   | min | max |   Type  |
    +---------+---------+----------+----------+-----+-----+---------+
    |        ?|        ?|         ?|         ?|    ?|    ?|     none|
    +---------+---------+----------+----------+-----+-----+---------+

    + Detail: 
        * Instance: 
        N/A

        * Loop: 
        +----------------------+---------+---------+----------+-----------+-----------+------+----------+
        |                      |  Latency (cycles) | Iteration|  Initiation Interval  | Trip |          |
        |       Loop Name      |   min   |   max   |  Latency |  achieved |   target  | Count| Pipelined|
        +----------------------+---------+---------+----------+-----------+-----------+------+----------+
        |- VITIS_LOOP_287_3    |        ?|        ?|        35|          -|          -|     ?|        no|
        | + VITIS_LOOP_341_5   |       11|       11|        10|          1|          1|     3|       yes|
        | + VITIS_LOOP_433_10  |       16|       16|        14|          1|          1|     4|       yes|
        +----------------------+---------+---------+----------+-----------+-----------+------+----------+



================================================================
== Utilization Estimates
================================================================
* Summary: 
+-----------------+---------+-----+--------+-------+-----+
|       Name      | BRAM_18K| DSP |   FF   |  LUT  | URAM|
+-----------------+---------+-----+--------+-------+-----+
|DSP              |        -|  196|       -|      -|    -|
|Expression       |        -|    -|       0|   6309|    -|
|FIFO             |        -|    -|       -|      -|    -|
|Instance         |        8|    2|    1401|   1586|    -|
|Memory           |      194|    -|       0|      0|    -|
|Multiplexer      |        -|    -|       -|   2078|    -|
|Register         |        -|    -|   12463|    256|    -|
+-----------------+---------+-----+--------+-------+-----+
|Total            |      202|  198|   13864|  10229|    0|
+-----------------+---------+-----+--------+-------+-----+
|Available        |      280|  220|  106400|  53200|    0|
+-----------------+---------+-----+--------+-------+-----+
|Utilization (%)  |       72|   90|      13|     19|    0|
+-----------------+---------+-----+--------+-------+-----+

+ Detail: 
    * Instance: 
    +-----------------------+--------------------+---------+----+-----+-----+-----+
    |        Instance       |       Module       | BRAM_18K| DSP|  FF | LUT | URAM|
    +-----------------------+--------------------+---------+----+-----+-----+-----+
    |control_s_axi_U        |control_s_axi       |        6|   0|  530|  698|    0|
    |gmem_m_axi_U           |gmem_m_axi          |        2|   0|  537|  677|    0|
    |mul_25s_24s_49_1_1_U5  |mul_25s_24s_49_1_1  |        0|   1|    0|   47|    0|
    |mul_49s_24s_72_5_1_U6  |mul_49s_24s_72_5_1  |        0|   1|  334|   84|    0|
    |mux_42_16_1_1_U2       |mux_42_16_1_1       |        0|   0|    0|   20|    0|
    |mux_42_24_1_1_U3       |mux_42_24_1_1       |        0|   0|    0|   20|    0|
    |mux_42_24_1_1_U4       |mux_42_24_1_1       |        0|   0|    0|   20|    0|
    |mux_42_40_1_1_U1       |mux_42_40_1_1       |        0|   0|    0|   20|    0|
    +-----------------------+--------------------+---------+----+-----+-----+-----+
    |Total                  |                    |        8|   2| 1401| 1586|    0|
    +-----------------------+--------------------+---------+----+-----+-----+-----+

    * DSP: 
    +------------------------------------+-------------------------------+--------------+
    |              Instance              |             Module            |  Expression  |
    +------------------------------------+-------------------------------+--------------+
    |mac_muladd_15s_16s_31s_31_4_1_U74   |mac_muladd_15s_16s_31s_31_4_1  |  i0 + i1 * i2|
    |mac_muladd_15s_16s_31s_31_4_1_U75   |mac_muladd_15s_16s_31s_31_4_1  |  i0 + i1 * i2|
    |mac_muladd_15s_16s_31s_31_4_1_U76   |mac_muladd_15s_16s_31s_31_4_1  |  i0 + i1 * i2|
    |mac_muladd_15s_16s_31s_31_4_1_U77   |mac_muladd_15s_16s_31s_31_4_1  |  i0 + i1 * i2|
    |mac_muladd_15s_16s_31s_31_4_1_U78   |mac_muladd_15s_16s_31s_31_4_1  |  i0 + i1 * i2|
    |mac_muladd_15s_16s_31s_31_4_1_U79   |mac_muladd_15s_16s_31s_31_4_1  |  i0 + i1 * i2|
    |mac_muladd_15s_16s_31s_31_4_1_U80   |mac_muladd_15s_16s_31s_31_4_1  |  i0 + i1 * i2|
    |mac_muladd_15s_16s_31s_31_4_1_U81   |mac_muladd_15s_16s_31s_31_4_1  |  i0 + i1 * i2|
    |mac_muladd_15s_16s_31s_31_4_1_U82   |mac_muladd_15s_16s_31s_31_4_1  |  i0 + i1 * i2|
    |mac_muladd_15s_16s_31s_31_4_1_U83   |mac_muladd_15s_16s_31s_31_4_1  |  i0 + i1 * i2|
    |mac_muladd_15s_16s_31s_31_4_1_U84   |mac_muladd_15s_16s_31s_31_4_1  |  i0 + i1 * i2|
    |mac_muladd_15s_16s_31s_31_4_1_U85   |mac_muladd_15s_16s_31s_31_4_1  |  i0 + i1 * i2|
    |mac_muladd_15s_16s_31s_31_4_1_U86   |mac_muladd_15s_16s_31s_31_4_1  |  i0 + i1 * i2|
    |mac_muladd_15s_16s_31s_31_4_1_U87   |mac_muladd_15s_16s_31s_31_4_1  |  i0 + i1 * i2|
    |mac_muladd_15s_16s_31s_31_4_1_U88   |mac_muladd_15s_16s_31s_31_4_1  |  i0 + i1 * i2|
    |mac_muladd_15s_16s_31s_31_4_1_U89   |mac_muladd_15s_16s_31s_31_4_1  |  i0 + i1 * i2|
    |mac_muladd_15s_16s_31s_31_4_1_U90   |mac_muladd_15s_16s_31s_31_4_1  |  i0 + i1 * i2|
    |mac_muladd_15s_16s_31s_31_4_1_U91   |mac_muladd_15s_16s_31s_31_4_1  |  i0 + i1 * i2|
    |mac_muladd_15s_16s_31s_31_4_1_U92   |mac_muladd_15s_16s_31s_31_4_1  |  i0 + i1 * i2|
    |mac_muladd_15s_16s_31s_31_4_1_U93   |mac_muladd_15s_16s_31s_31_4_1  |  i0 + i1 * i2|
    |mac_muladd_15s_16s_31s_31_4_1_U94   |mac_muladd_15s_16s_31s_31_4_1  |  i0 + i1 * i2|
    |mac_muladd_15s_16s_31s_31_4_1_U95   |mac_muladd_15s_16s_31s_31_4_1  |  i0 + i1 * i2|
    |mac_muladd_15s_16s_31s_31_4_1_U96   |mac_muladd_15s_16s_31s_31_4_1  |  i0 + i1 * i2|
    |mac_muladd_15s_16s_31s_31_4_1_U97   |mac_muladd_15s_16s_31s_31_4_1  |  i0 + i1 * i2|
    |mac_muladd_15s_16s_31s_31_4_1_U98   |mac_muladd_15s_16s_31s_31_4_1  |  i0 + i1 * i2|
    |mac_muladd_15s_16s_31s_31_4_1_U99   |mac_muladd_15s_16s_31s_31_4_1  |  i0 + i1 * i2|
    |mac_muladd_15s_16s_31s_31_4_1_U100  |mac_muladd_15s_16s_31s_31_4_1  |  i0 + i1 * i2|
    |mac_muladd_15s_16s_31s_31_4_1_U101  |mac_muladd_15s_16s_31s_31_4_1  |  i0 + i1 * i2|
    |mac_muladd_15s_16s_31s_31_4_1_U102  |mac_muladd_15s_16s_31s_31_4_1  |  i0 + i1 * i2|
    |mac_muladd_15s_16s_31s_31_4_1_U103  |mac_muladd_15s_16s_31s_31_4_1  |  i0 + i1 * i2|
    |mac_muladd_15s_16s_31s_31_4_1_U104  |mac_muladd_15s_16s_31s_31_4_1  |  i0 + i1 * i2|
    |mac_muladd_15s_16s_31s_31_4_1_U105  |mac_muladd_15s_16s_31s_31_4_1  |  i0 + i1 * i2|
    |mac_muladd_15s_16s_31s_31_4_1_U106  |mac_muladd_15s_16s_31s_31_4_1  |  i0 + i1 * i2|
    |mac_muladd_15s_16s_31s_31_4_1_U107  |mac_muladd_15s_16s_31s_31_4_1  |  i0 + i1 * i2|
    |mac_muladd_15s_16s_31s_31_4_1_U108  |mac_muladd_15s_16s_31s_31_4_1  |  i0 + i1 * i2|
    |mac_muladd_15s_16s_31s_31_4_1_U109  |mac_muladd_15s_16s_31s_31_4_1  |  i0 + i1 * i2|
    |mac_muladd_15s_16s_31s_31_4_1_U110  |mac_muladd_15s_16s_31s_31_4_1  |  i0 + i1 * i2|
    |mac_muladd_15s_16s_31s_31_4_1_U111  |mac_muladd_15s_16s_31s_31_4_1  |  i0 + i1 * i2|
    |mac_muladd_15s_16s_31s_31_4_1_U112  |mac_muladd_15s_16s_31s_31_4_1  |  i0 + i1 * i2|
    |mac_muladd_15s_16s_31s_31_4_1_U113  |mac_muladd_15s_16s_31s_31_4_1  |  i0 + i1 * i2|
    |mac_muladd_15s_16s_31s_31_4_1_U114  |mac_muladd_15s_16s_31s_31_4_1  |  i0 + i1 * i2|
    |mac_muladd_15s_16s_31s_31_4_1_U115  |mac_muladd_15s_16s_31s_31_4_1  |  i0 + i1 * i2|
    |mac_muladd_15s_16s_31s_31_4_1_U116  |mac_muladd_15s_16s_31s_31_4_1  |  i0 + i1 * i2|
    |mac_muladd_15s_16s_31s_31_4_1_U117  |mac_muladd_15s_16s_31s_31_4_1  |  i0 + i1 * i2|
    |mac_muladd_15s_16s_31s_31_4_1_U118  |mac_muladd_15s_16s_31s_31_4_1  |  i0 + i1 * i2|
    |mac_muladd_15s_16s_31s_31_4_1_U119  |mac_muladd_15s_16s_31s_31_4_1  |  i0 + i1 * i2|
    |mac_muladd_15s_16s_31s_31_4_1_U120  |mac_muladd_15s_16s_31s_31_4_1  |  i0 + i1 * i2|
    |mac_muladd_15s_16s_31s_31_4_1_U121  |mac_muladd_15s_16s_31s_31_4_1  |  i0 + i1 * i2|
    |mac_muladd_15s_16s_31s_31_4_1_U122  |mac_muladd_15s_16s_31s_31_4_1  |  i0 + i1 * i2|
    |mac_muladd_15s_16s_31s_31_4_1_U123  |mac_muladd_15s_16s_31s_31_4_1  |  i0 + i1 * i2|
    |mac_muladd_15s_16s_31s_31_4_1_U124  |mac_muladd_15s_16s_31s_31_4_1  |  i0 + i1 * i2|
    |mac_muladd_15s_16s_31s_31_4_1_U125  |mac_muladd_15s_16s_31s_31_4_1  |  i0 + i1 * i2|
    |mac_muladd_15s_16s_31s_31_4_1_U126  |mac_muladd_15s_16s_31s_31_4_1  |  i0 + i1 * i2|
    |mac_muladd_15s_16s_31s_31_4_1_U127  |mac_muladd_15s_16s_31s_31_4_1  |  i0 + i1 * i2|
    |mac_muladd_15s_16s_31s_31_4_1_U128  |mac_muladd_15s_16s_31s_31_4_1  |  i0 + i1 * i2|
    |mac_muladd_15s_16s_31s_31_4_1_U129  |mac_muladd_15s_16s_31s_31_4_1  |  i0 + i1 * i2|
    |mac_muladd_15s_16s_31s_31_4_1_U130  |mac_muladd_15s_16s_31s_31_4_1  |  i0 + i1 * i2|
    |mac_muladd_15s_16s_31s_31_4_1_U131  |mac_muladd_15s_16s_31s_31_4_1  |  i0 + i1 * i2|
    |mac_muladd_15s_16s_31s_31_4_1_U132  |mac_muladd_15s_16s_31s_31_4_1  |  i0 + i1 * i2|
    |mac_muladd_15s_16s_31s_31_4_1_U133  |mac_muladd_15s_16s_31s_31_4_1  |  i0 + i1 * i2|
    |mac_muladd_15s_16s_31s_31_4_1_U134  |mac_muladd_15s_16s_31s_31_4_1  |  i0 + i1 * i2|
    |mac_muladd_15s_16s_31s_31_4_1_U135  |mac_muladd_15s_16s_31s_31_4_1  |  i0 + i1 * i2|
    |mac_muladd_15s_16s_31s_31_4_1_U136  |mac_muladd_15s_16s_31s_31_4_1  |  i0 + i1 * i2|
    |mac_muladd_15s_16s_31s_31_4_1_U137  |mac_muladd_15s_16s_31s_31_4_1  |  i0 + i1 * i2|
    |mac_muladd_15s_16s_31s_31_4_1_U138  |mac_muladd_15s_16s_31s_31_4_1  |  i0 + i1 * i2|
    |mac_muladd_15s_16s_31s_31_4_1_U139  |mac_muladd_15s_16s_31s_31_4_1  |  i0 + i1 * i2|
    |mac_muladd_15s_16s_31s_31_4_1_U140  |mac_muladd_15s_16s_31s_31_4_1  |  i0 + i1 * i2|
    |mac_muladd_15s_16s_31s_32_4_1_U141  |mac_muladd_15s_16s_31s_32_4_1  |  i0 + i1 * i2|
    |mac_muladd_15s_16s_31s_32_4_1_U142  |mac_muladd_15s_16s_31s_32_4_1  |  i0 + i1 * i2|
    |mac_muladd_15s_16s_31s_32_4_1_U143  |mac_muladd_15s_16s_31s_32_4_1  |  i0 + i1 * i2|
    |mac_muladd_15s_16s_31s_32_4_1_U144  |mac_muladd_15s_16s_31s_32_4_1  |  i0 + i1 * i2|
    |mac_muladd_15s_16s_31s_32_4_1_U145  |mac_muladd_15s_16s_31s_32_4_1  |  i0 + i1 * i2|
    |mac_muladd_15s_16s_31s_32_4_1_U146  |mac_muladd_15s_16s_31s_32_4_1  |  i0 + i1 * i2|
    |mac_muladd_15s_16s_31s_32_4_1_U147  |mac_muladd_15s_16s_31s_32_4_1  |  i0 + i1 * i2|
    |mac_muladd_15s_16s_31s_32_4_1_U148  |mac_muladd_15s_16s_31s_32_4_1  |  i0 + i1 * i2|
    |mac_muladd_15s_16s_31s_32_4_1_U149  |mac_muladd_15s_16s_31s_32_4_1  |  i0 + i1 * i2|
    |mac_muladd_15s_16s_31s_32_4_1_U150  |mac_muladd_15s_16s_31s_32_4_1  |  i0 + i1 * i2|
    |mac_muladd_15s_16s_31s_32_4_1_U151  |mac_muladd_15s_16s_31s_32_4_1  |  i0 + i1 * i2|
    |mac_muladd_15s_16s_31s_32_4_1_U152  |mac_muladd_15s_16s_31s_32_4_1  |  i0 + i1 * i2|
    |mac_muladd_15s_16s_31s_32_4_1_U153  |mac_muladd_15s_16s_31s_32_4_1  |  i0 + i1 * i2|
    |mac_muladd_15s_16s_31s_32_4_1_U154  |mac_muladd_15s_16s_31s_32_4_1  |  i0 + i1 * i2|
    |mac_muladd_15s_16s_31s_32_4_1_U155  |mac_muladd_15s_16s_31s_32_4_1  |  i0 + i1 * i2|
    |mac_muladd_15s_16s_31s_32_4_1_U156  |mac_muladd_15s_16s_31s_32_4_1  |  i0 + i1 * i2|
    |mac_muladd_15s_16s_31s_32_4_1_U157  |mac_muladd_15s_16s_31s_32_4_1  |  i0 + i1 * i2|
    |mac_muladd_15s_16s_31s_32_4_1_U158  |mac_muladd_15s_16s_31s_32_4_1  |  i0 + i1 * i2|
    |mac_muladd_15s_16s_31s_32_4_1_U159  |mac_muladd_15s_16s_31s_32_4_1  |  i0 + i1 * i2|
    |mac_muladd_15s_16s_31s_32_4_1_U160  |mac_muladd_15s_16s_31s_32_4_1  |  i0 + i1 * i2|
    |mac_muladd_15s_16s_31s_32_4_1_U161  |mac_muladd_15s_16s_31s_32_4_1  |  i0 + i1 * i2|
    |mac_muladd_15s_16s_31s_32_4_1_U162  |mac_muladd_15s_16s_31s_32_4_1  |  i0 + i1 * i2|
    |mac_muladd_15s_16s_31s_32_4_1_U163  |mac_muladd_15s_16s_31s_32_4_1  |  i0 + i1 * i2|
    |mac_muladd_15s_16s_31s_32_4_1_U164  |mac_muladd_15s_16s_31s_32_4_1  |  i0 + i1 * i2|
    |mac_muladd_15s_16s_31s_32_4_1_U165  |mac_muladd_15s_16s_31s_32_4_1  |  i0 + i1 * i2|
    |mac_muladd_15s_16s_31s_32_4_1_U166  |mac_muladd_15s_16s_31s_32_4_1  |  i0 + i1 * i2|
    |mac_muladd_15s_16s_31s_32_4_1_U167  |mac_muladd_15s_16s_31s_32_4_1  |  i0 + i1 * i2|
    |mac_muladd_15s_16s_31s_32_4_1_U168  |mac_muladd_15s_16s_31s_32_4_1  |  i0 + i1 * i2|
    |mac_muladd_15s_16s_31s_32_4_1_U169  |mac_muladd_15s_16s_31s_32_4_1  |  i0 + i1 * i2|
    |mac_muladd_15s_16s_31s_32_4_1_U170  |mac_muladd_15s_16s_31s_32_4_1  |  i0 + i1 * i2|
    |mac_muladd_15s_16s_31s_32_4_1_U171  |mac_muladd_15s_16s_31s_32_4_1  |  i0 + i1 * i2|
    |mac_muladd_15s_16s_31s_32_4_1_U172  |mac_muladd_15s_16s_31s_32_4_1  |  i0 + i1 * i2|
    |mac_muladd_15s_16s_31s_32_4_1_U173  |mac_muladd_15s_16s_31s_32_4_1  |  i0 + i1 * i2|
    |mac_muladd_15s_16s_31s_32_4_1_U174  |mac_muladd_15s_16s_31s_32_4_1  |  i0 + i1 * i2|
    |mac_muladd_15s_16s_31s_32_4_1_U175  |mac_muladd_15s_16s_31s_32_4_1  |  i0 + i1 * i2|
    |mac_muladd_15s_16s_31s_32_4_1_U176  |mac_muladd_15s_16s_31s_32_4_1  |  i0 + i1 * i2|
    |mac_muladd_15s_16s_31s_32_4_1_U177  |mac_muladd_15s_16s_31s_32_4_1  |  i0 + i1 * i2|
    |mac_muladd_15s_16s_31s_32_4_1_U178  |mac_muladd_15s_16s_31s_32_4_1  |  i0 + i1 * i2|
    |mac_muladd_15s_16s_31s_32_4_1_U179  |mac_muladd_15s_16s_31s_32_4_1  |  i0 + i1 * i2|
    |mac_muladd_15s_16s_31s_32_4_1_U180  |mac_muladd_15s_16s_31s_32_4_1  |  i0 + i1 * i2|
    |mac_muladd_15s_16s_31s_32_4_1_U181  |mac_muladd_15s_16s_31s_32_4_1  |  i0 + i1 * i2|
    |mac_muladd_15s_16s_31s_32_4_1_U182  |mac_muladd_15s_16s_31s_32_4_1  |  i0 + i1 * i2|
    |mac_muladd_15s_16s_31s_32_4_1_U183  |mac_muladd_15s_16s_31s_32_4_1  |  i0 + i1 * i2|
    |mac_muladd_15s_16s_31s_32_4_1_U184  |mac_muladd_15s_16s_31s_32_4_1  |  i0 + i1 * i2|
    |mac_muladd_15s_16s_31s_32_4_1_U185  |mac_muladd_15s_16s_31s_32_4_1  |  i0 + i1 * i2|
    |mac_muladd_15s_16s_31s_32_4_1_U186  |mac_muladd_15s_16s_31s_32_4_1  |  i0 + i1 * i2|
    |mac_muladd_15s_16s_31s_32_4_1_U187  |mac_muladd_15s_16s_31s_32_4_1  |  i0 + i1 * i2|
    |mac_muladd_15s_16s_31s_32_4_1_U188  |mac_muladd_15s_16s_31s_32_4_1  |  i0 + i1 * i2|
    |mac_muladd_15s_16s_31s_32_4_1_U189  |mac_muladd_15s_16s_31s_32_4_1  |  i0 + i1 * i2|
    |mac_muladd_15s_16s_31s_32_4_1_U190  |mac_muladd_15s_16s_31s_32_4_1  |  i0 + i1 * i2|
    |mac_muladd_15s_16s_31s_32_4_1_U191  |mac_muladd_15s_16s_31s_32_4_1  |  i0 + i1 * i2|
    |mac_muladd_15s_16s_31s_32_4_1_U192  |mac_muladd_15s_16s_31s_32_4_1  |  i0 + i1 * i2|
    |mac_muladd_15s_16s_31s_32_4_1_U193  |mac_muladd_15s_16s_31s_32_4_1  |  i0 + i1 * i2|
    |mac_muladd_15s_16s_31s_32_4_1_U194  |mac_muladd_15s_16s_31s_32_4_1  |  i0 + i1 * i2|
    |mac_muladd_15s_16s_31s_32_4_1_U195  |mac_muladd_15s_16s_31s_32_4_1  |  i0 + i1 * i2|
    |mac_muladd_15s_16s_31s_32_4_1_U196  |mac_muladd_15s_16s_31s_32_4_1  |  i0 + i1 * i2|
    |mac_muladd_15s_16s_31s_32_4_1_U197  |mac_muladd_15s_16s_31s_32_4_1  |  i0 + i1 * i2|
    |mac_muladd_15s_16s_31s_32_4_1_U198  |mac_muladd_15s_16s_31s_32_4_1  |  i0 + i1 * i2|
    |mac_muladd_15s_16s_31s_32_4_1_U199  |mac_muladd_15s_16s_31s_32_4_1  |  i0 + i1 * i2|
    |mac_muladd_15s_16s_31s_32_4_1_U200  |mac_muladd_15s_16s_31s_32_4_1  |  i0 + i1 * i2|
    |mac_muladd_15s_16s_31s_32_4_1_U201  |mac_muladd_15s_16s_31s_32_4_1  |  i0 + i1 * i2|
    |mul_mul_15s_16s_31_4_1_U7           |mul_mul_15s_16s_31_4_1         |       i0 * i1|
    |mul_mul_15s_16s_31_4_1_U8           |mul_mul_15s_16s_31_4_1         |       i0 * i1|
    |mul_mul_15s_16s_31_4_1_U9           |mul_mul_15s_16s_31_4_1         |       i0 * i1|
    |mul_mul_15s_16s_31_4_1_U10          |mul_mul_15s_16s_31_4_1         |       i0 * i1|
    |mul_mul_15s_16s_31_4_1_U11          |mul_mul_15s_16s_31_4_1         |       i0 * i1|
    |mul_mul_15s_16s_31_4_1_U12          |mul_mul_15s_16s_31_4_1         |       i0 * i1|
    |mul_mul_15s_16s_31_4_1_U13          |mul_mul_15s_16s_31_4_1         |       i0 * i1|
    |mul_mul_15s_16s_31_4_1_U14          |mul_mul_15s_16s_31_4_1         |       i0 * i1|
    |mul_mul_15s_16s_31_4_1_U15          |mul_mul_15s_16s_31_4_1         |       i0 * i1|
    |mul_mul_15s_16s_31_4_1_U16          |mul_mul_15s_16s_31_4_1         |       i0 * i1|
    |mul_mul_15s_16s_31_4_1_U17          |mul_mul_15s_16s_31_4_1         |       i0 * i1|
    |mul_mul_15s_16s_31_4_1_U18          |mul_mul_15s_16s_31_4_1         |       i0 * i1|
    |mul_mul_15s_16s_31_4_1_U19          |mul_mul_15s_16s_31_4_1         |       i0 * i1|
    |mul_mul_15s_16s_31_4_1_U20          |mul_mul_15s_16s_31_4_1         |       i0 * i1|
    |mul_mul_15s_16s_31_4_1_U21          |mul_mul_15s_16s_31_4_1         |       i0 * i1|
    |mul_mul_15s_16s_31_4_1_U22          |mul_mul_15s_16s_31_4_1         |       i0 * i1|
    |mul_mul_15s_16s_31_4_1_U23          |mul_mul_15s_16s_31_4_1         |       i0 * i1|
    |mul_mul_15s_16s_31_4_1_U24          |mul_mul_15s_16s_31_4_1         |       i0 * i1|
    |mul_mul_15s_16s_31_4_1_U25          |mul_mul_15s_16s_31_4_1         |       i0 * i1|
    |mul_mul_15s_16s_31_4_1_U26          |mul_mul_15s_16s_31_4_1         |       i0 * i1|
    |mul_mul_15s_16s_31_4_1_U27          |mul_mul_15s_16s_31_4_1         |       i0 * i1|
    |mul_mul_15s_16s_31_4_1_U28          |mul_mul_15s_16s_31_4_1         |       i0 * i1|
    |mul_mul_15s_16s_31_4_1_U29          |mul_mul_15s_16s_31_4_1         |       i0 * i1|
    |mul_mul_15s_16s_31_4_1_U30          |mul_mul_15s_16s_31_4_1         |       i0 * i1|
    |mul_mul_15s_16s_31_4_1_U31          |mul_mul_15s_16s_31_4_1         |       i0 * i1|
    |mul_mul_15s_16s_31_4_1_U32          |mul_mul_15s_16s_31_4_1         |       i0 * i1|
    |mul_mul_15s_16s_31_4_1_U33          |mul_mul_15s_16s_31_4_1         |       i0 * i1|
    |mul_mul_15s_16s_31_4_1_U34          |mul_mul_15s_16s_31_4_1         |       i0 * i1|
    |mul_mul_15s_16s_31_4_1_U35          |mul_mul_15s_16s_31_4_1         |       i0 * i1|
    |mul_mul_15s_16s_31_4_1_U36          |mul_mul_15s_16s_31_4_1         |       i0 * i1|
    |mul_mul_15s_16s_31_4_1_U37          |mul_mul_15s_16s_31_4_1         |       i0 * i1|
    |mul_mul_15s_16s_31_4_1_U38          |mul_mul_15s_16s_31_4_1         |       i0 * i1|
    |mul_mul_15s_16s_31_4_1_U39          |mul_mul_15s_16s_31_4_1         |       i0 * i1|
    |mul_mul_15s_16s_31_4_1_U40          |mul_mul_15s_16s_31_4_1         |       i0 * i1|
    |mul_mul_15s_16s_31_4_1_U41          |mul_mul_15s_16s_31_4_1         |       i0 * i1|
    |mul_mul_15s_16s_31_4_1_U42          |mul_mul_15s_16s_31_4_1         |       i0 * i1|
    |mul_mul_15s_16s_31_4_1_U43          |mul_mul_15s_16s_31_4_1         |       i0 * i1|
    |mul_mul_15s_16s_31_4_1_U44          |mul_mul_15s_16s_31_4_1         |       i0 * i1|
    |mul_mul_15s_16s_31_4_1_U45          |mul_mul_15s_16s_31_4_1         |       i0 * i1|
    |mul_mul_15s_16s_31_4_1_U46          |mul_mul_15s_16s_31_4_1         |       i0 * i1|
    |mul_mul_15s_16s_31_4_1_U47          |mul_mul_15s_16s_31_4_1         |       i0 * i1|
    |mul_mul_15s_16s_31_4_1_U48          |mul_mul_15s_16s_31_4_1         |       i0 * i1|
    |mul_mul_15s_16s_31_4_1_U49          |mul_mul_15s_16s_31_4_1         |       i0 * i1|
    |mul_mul_15s_16s_31_4_1_U50          |mul_mul_15s_16s_31_4_1         |       i0 * i1|
    |mul_mul_15s_16s_31_4_1_U51          |mul_mul_15s_16s_31_4_1         |       i0 * i1|
    |mul_mul_15s_16s_31_4_1_U52          |mul_mul_15s_16s_31_4_1         |       i0 * i1|
    |mul_mul_15s_16s_31_4_1_U53          |mul_mul_15s_16s_31_4_1         |       i0 * i1|
    |mul_mul_15s_16s_31_4_1_U54          |mul_mul_15s_16s_31_4_1         |       i0 * i1|
    |mul_mul_15s_16s_31_4_1_U55          |mul_mul_15s_16s_31_4_1         |       i0 * i1|
    |mul_mul_15s_16s_31_4_1_U56          |mul_mul_15s_16s_31_4_1         |       i0 * i1|
    |mul_mul_15s_16s_31_4_1_U57          |mul_mul_15s_16s_31_4_1         |       i0 * i1|
    |mul_mul_15s_16s_31_4_1_U58          |mul_mul_15s_16s_31_4_1         |       i0 * i1|
    |mul_mul_15s_16s_31_4_1_U59          |mul_mul_15s_16s_31_4_1         |       i0 * i1|
    |mul_mul_15s_16s_31_4_1_U60          |mul_mul_15s_16s_31_4_1         |       i0 * i1|
    |mul_mul_15s_16s_31_4_1_U61          |mul_mul_15s_16s_31_4_1         |       i0 * i1|
    |mul_mul_15s_16s_31_4_1_U62          |mul_mul_15s_16s_31_4_1         |       i0 * i1|
    |mul_mul_15s_16s_31_4_1_U63          |mul_mul_15s_16s_31_4_1         |       i0 * i1|
    |mul_mul_15s_16s_31_4_1_U64          |mul_mul_15s_16s_31_4_1         |       i0 * i1|
    |mul_mul_15s_16s_31_4_1_U65          |mul_mul_15s_16s_31_4_1         |       i0 * i1|
    |mul_mul_15s_16s_31_4_1_U66          |mul_mul_15s_16s_31_4_1         |       i0 * i1|
    |mul_mul_15s_16s_31_4_1_U67          |mul_mul_15s_16s_31_4_1         |       i0 * i1|
    |mul_mul_15s_16s_31_4_1_U68          |mul_mul_15s_16s_31_4_1         |       i0 * i1|
    |mul_mul_15s_16s_31_4_1_U69          |mul_mul_15s_16s_31_4_1         |       i0 * i1|
    |mul_mul_15s_16s_31_4_1_U70          |mul_mul_15s_16s_31_4_1         |       i0 * i1|
    |mul_mul_15s_16s_31_4_1_U71          |mul_mul_15s_16s_31_4_1         |       i0 * i1|
    |mul_mul_15s_16s_31_4_1_U72          |mul_mul_15s_16s_31_4_1         |       i0 * i1|
    |mul_mul_15s_16s_31_4_1_U73          |mul_mul_15s_16s_31_4_1         |       i0 * i1|
    |mul_mul_24s_16s_40_4_1_U202         |mul_mul_24s_16s_40_4_1         |       i0 * i1|
    +------------------------------------+-------------------------------+--------------+

    * Memory: 
    +------------+----------+---------+---+----+-----+------+-----+------+-------------+
    |   Memory   |  Module  | BRAM_18K| FF| LUT| URAM| Words| Bits| Banks| W*Bits*Banks|
    +------------+----------+---------+---+----+-----+------+-----+------+-------------+
    |FIR_LP_V_U  |FIR_LP_V  |      194|  0|   0|    0|   585|   15|     1|         8775|
    +------------+----------+---------+---+----+-----+------+-----+------+-------------+
    |Total       |          |      194|  0|   0|    0|   585|   15|     1|         8775|
    +------------+----------+---------+---+----+-----+------+-----+------+-------------+

    * FIFO: 
    N/A

    * Expression: 
    +----------------------------+----------+----+---+----+------------+------------+
    |        Variable Name       | Operation| DSP| FF| LUT| Bitwidth P0| Bitwidth P1|
    +----------------------------+----------+----+---+----+------------+------------+
    |acc_V_1_fu_12092_p2         |         +|   0|  0|  47|          40|          40|
    |add_ln1118_100_fu_8043_p2   |         +|   0|  0|  14|           9|           7|
    |add_ln1118_101_fu_9667_p2   |         +|   0|  0|  14|           9|           7|
    |add_ln1118_102_fu_8054_p2   |         +|   0|  0|  14|           9|           7|
    |add_ln1118_103_fu_8065_p2   |         +|   0|  0|  14|           9|           7|
    |add_ln1118_104_fu_8766_p2   |         +|   0|  0|  14|           9|           7|
    |add_ln1118_105_fu_8776_p2   |         +|   0|  0|  14|           9|           7|
    |add_ln1118_106_fu_8076_p2   |         +|   0|  0|  14|           9|           7|
    |add_ln1118_107_fu_9677_p2   |         +|   0|  0|  14|           9|           7|
    |add_ln1118_108_fu_9687_p2   |         +|   0|  0|  14|           9|           7|
    |add_ln1118_109_fu_8786_p2   |         +|   0|  0|  14|           9|           7|
    |add_ln1118_10_fu_7702_p2    |         +|   0|  0|  14|           9|           4|
    |add_ln1118_110_fu_9697_p2   |         +|   0|  0|  14|           9|           7|
    |add_ln1118_111_fu_8796_p2   |         +|   0|  0|  14|           9|           7|
    |add_ln1118_112_fu_8806_p2   |         +|   0|  0|  14|           9|           7|
    |add_ln1118_113_fu_8816_p2   |         +|   0|  0|  14|           9|           7|
    |add_ln1118_114_fu_8826_p2   |         +|   0|  0|  14|           9|           7|
    |add_ln1118_115_fu_8087_p2   |         +|   0|  0|  14|           9|           7|
    |add_ln1118_116_fu_9707_p2   |         +|   0|  0|  14|           9|           7|
    |add_ln1118_117_fu_8098_p2   |         +|   0|  0|  14|           9|           7|
    |add_ln1118_118_fu_8109_p2   |         +|   0|  0|  14|           9|           7|
    |add_ln1118_119_fu_8120_p2   |         +|   0|  0|  14|           9|           7|
    |add_ln1118_11_fu_8446_p2    |         +|   0|  0|  14|           9|           4|
    |add_ln1118_120_fu_8836_p2   |         +|   0|  0|  14|           9|           7|
    |add_ln1118_121_fu_8131_p2   |         +|   0|  0|  13|          10|           7|
    |add_ln1118_122_fu_8142_p2   |         +|   0|  0|  13|          10|           7|
    |add_ln1118_123_fu_8153_p2   |         +|   0|  0|  13|          10|           7|
    |add_ln1118_124_fu_9717_p2   |         +|   0|  0|  13|          10|           7|
    |add_ln1118_125_fu_8846_p2   |         +|   0|  0|  13|          10|           7|
    |add_ln1118_126_fu_8164_p2   |         +|   0|  0|  13|          10|           7|
    |add_ln1118_127_fu_9728_p2   |         +|   0|  0|  13|          10|           8|
    |add_ln1118_128_fu_9739_p2   |         +|   0|  0|  13|          10|           8|
    |add_ln1118_129_fu_8175_p2   |         +|   0|  0|  13|          10|           8|
    |add_ln1118_12_fu_9397_p2    |         +|   0|  0|  14|           9|           4|
    |add_ln1118_130_fu_9750_p2   |         +|   0|  0|  13|          10|           8|
    |add_ln1118_131_fu_8857_p2   |         +|   0|  0|  13|          10|           8|
    |add_ln1118_132_fu_8868_p2   |         +|   0|  0|  13|          10|           8|
    |add_ln1118_133_fu_8879_p2   |         +|   0|  0|  13|          10|           8|
    |add_ln1118_134_fu_8890_p2   |         +|   0|  0|  13|          10|           8|
    |add_ln1118_135_fu_8186_p2   |         +|   0|  0|  13|          10|           8|
    |add_ln1118_136_fu_9761_p2   |         +|   0|  0|  13|          10|           8|
    |add_ln1118_137_fu_8197_p2   |         +|   0|  0|  13|          10|           8|
    |add_ln1118_138_fu_8208_p2   |         +|   0|  0|  13|          10|           8|
    |add_ln1118_139_fu_9772_p2   |         +|   0|  0|  13|          10|           8|
    |add_ln1118_13_fu_8456_p2    |         +|   0|  0|  14|           9|           4|
    |add_ln1118_140_fu_8901_p2   |         +|   0|  0|  13|          10|           8|
    |add_ln1118_141_fu_8219_p2   |         +|   0|  0|  13|          10|           8|
    |add_ln1118_142_fu_9783_p2   |         +|   0|  0|  13|          10|           8|
    |add_ln1118_143_fu_9794_p2   |         +|   0|  0|  13|          10|           8|
    |add_ln1118_144_fu_8230_p2   |         +|   0|  0|  13|          10|           8|
    |add_ln1118_145_fu_9805_p2   |         +|   0|  0|  13|          10|           8|
    |add_ln1118_146_fu_8912_p2   |         +|   0|  0|  13|          10|           8|
    |add_ln1118_147_fu_9816_p2   |         +|   0|  0|  13|          10|           8|
    |add_ln1118_148_fu_9827_p2   |         +|   0|  0|  13|          10|           8|
    |add_ln1118_149_fu_8241_p2   |         +|   0|  0|  13|          10|           8|
    |add_ln1118_14_fu_9407_p2    |         +|   0|  0|  14|           9|           4|
    |add_ln1118_150_fu_9838_p2   |         +|   0|  0|  13|          10|           8|
    |add_ln1118_151_fu_8923_p2   |         +|   0|  0|  13|          10|           8|
    |add_ln1118_152_fu_8934_p2   |         +|   0|  0|  13|          10|           8|
    |add_ln1118_153_fu_8945_p2   |         +|   0|  0|  13|          10|           8|
    |add_ln1118_154_fu_8956_p2   |         +|   0|  0|  13|          10|           8|
    |add_ln1118_155_fu_8252_p2   |         +|   0|  0|  13|          10|           8|
    |add_ln1118_156_fu_9849_p2   |         +|   0|  0|  13|          10|           8|
    |add_ln1118_157_fu_8263_p2   |         +|   0|  0|  13|          10|           8|
    |add_ln1118_158_fu_8274_p2   |         +|   0|  0|  13|          10|           8|
    |add_ln1118_159_fu_9860_p2   |         +|   0|  0|  13|          10|           8|
    |add_ln1118_15_fu_8466_p2    |         +|   0|  0|  14|           9|           5|
    |add_ln1118_160_fu_8967_p2   |         +|   0|  0|  13|          10|           8|
    |add_ln1118_161_fu_8285_p2   |         +|   0|  0|  13|          10|           8|
    |add_ln1118_162_fu_9871_p2   |         +|   0|  0|  13|          10|           8|
    |add_ln1118_163_fu_9882_p2   |         +|   0|  0|  13|          10|           8|
    |add_ln1118_164_fu_8296_p2   |         +|   0|  0|  13|          10|           8|
    |add_ln1118_165_fu_9893_p2   |         +|   0|  0|  13|          10|           8|
    |add_ln1118_166_fu_8978_p2   |         +|   0|  0|  13|          10|           8|
    |add_ln1118_167_fu_8989_p2   |         +|   0|  0|  13|          10|           8|
    |add_ln1118_168_fu_9000_p2   |         +|   0|  0|  13|          10|           8|
    |add_ln1118_169_fu_9011_p2   |         +|   0|  0|  13|          10|           8|
    |add_ln1118_16_fu_8476_p2    |         +|   0|  0|  14|           9|           5|
    |add_ln1118_170_fu_8307_p2   |         +|   0|  0|  13|          10|           8|
    |add_ln1118_171_fu_9904_p2   |         +|   0|  0|  13|          10|           8|
    |add_ln1118_172_fu_9022_p2   |         +|   0|  0|  13|          10|           8|
    |add_ln1118_173_fu_8318_p2   |         +|   0|  0|  13|          10|           8|
    |add_ln1118_174_fu_9033_p2   |         +|   0|  0|  13|          10|           8|
    |add_ln1118_175_fu_8329_p2   |         +|   0|  0|  13|          10|           8|
    |add_ln1118_176_fu_9915_p2   |         +|   0|  0|  13|          10|           8|
    |add_ln1118_177_fu_8340_p2   |         +|   0|  0|  13|          10|           8|
    |add_ln1118_178_fu_9926_p2   |         +|   0|  0|  13|          10|           8|
    |add_ln1118_179_fu_9937_p2   |         +|   0|  0|  13|          10|           8|
    |add_ln1118_17_fu_8486_p2    |         +|   0|  0|  14|           9|           5|
    |add_ln1118_180_fu_9044_p2   |         +|   0|  0|  13|          10|           8|
    |add_ln1118_181_fu_8351_p2   |         +|   0|  0|  13|          10|           8|
    |add_ln1118_182_fu_9948_p2   |         +|   0|  0|  13|          10|           8|
    |add_ln1118_183_fu_9055_p2   |         +|   0|  0|  13|          10|           8|
    |add_ln1118_184_fu_9959_p2   |         +|   0|  0|  13|          10|           8|
    |add_ln1118_185_fu_9066_p2   |         +|   0|  0|  13|          10|           8|
    |add_ln1118_186_fu_8362_p2   |         +|   0|  0|  13|          10|           8|
    |add_ln1118_187_fu_9077_p2   |         +|   0|  0|  13|          10|           8|
    |add_ln1118_188_fu_9970_p2   |         +|   0|  0|  13|          10|           8|
    |add_ln1118_189_fu_8373_p2   |         +|   0|  0|  13|          10|           8|
    |add_ln1118_18_fu_7713_p2    |         +|   0|  0|  14|           9|           5|
    |add_ln1118_190_fu_9981_p2   |         +|   0|  0|  13|          10|           8|
    |add_ln1118_191_fu_9088_p2   |         +|   0|  0|  13|          10|           8|
    |add_ln1118_192_fu_8384_p2   |         +|   0|  0|  13|          10|           8|
    |add_ln1118_193_fu_8395_p2   |         +|   0|  0|  13|          10|           8|
    |add_ln1118_194_fu_7663_p2   |         +|   0|  0|  13|          10|           8|
    |add_ln1118_19_fu_7724_p2    |         +|   0|  0|  14|           9|           5|
    |add_ln1118_1_fu_7669_p2     |         +|   0|  0|  14|           9|           2|
    |add_ln1118_20_fu_9417_p2    |         +|   0|  0|  14|           9|           5|
    |add_ln1118_21_fu_7735_p2    |         +|   0|  0|  14|           9|           5|
    |add_ln1118_22_fu_8496_p2    |         +|   0|  0|  14|           9|           5|
    |add_ln1118_23_fu_7746_p2    |         +|   0|  0|  14|           9|           5|
    |add_ln1118_24_fu_7757_p2    |         +|   0|  0|  14|           9|           5|
    |add_ln1118_25_fu_9427_p2    |         +|   0|  0|  14|           9|           5|
    |add_ln1118_26_fu_9437_p2    |         +|   0|  0|  14|           9|           5|
    |add_ln1118_27_fu_7768_p2    |         +|   0|  0|  14|           9|           5|
    |add_ln1118_28_fu_9447_p2    |         +|   0|  0|  14|           9|           5|
    |add_ln1118_29_fu_8506_p2    |         +|   0|  0|  14|           9|           5|
    |add_ln1118_2_fu_7680_p2     |         +|   0|  0|  14|           9|           2|
    |add_ln1118_30_fu_7779_p2    |         +|   0|  0|  14|           9|           5|
    |add_ln1118_31_fu_7790_p2    |         +|   0|  0|  14|           9|           6|
    |add_ln1118_32_fu_9457_p2    |         +|   0|  0|  14|           9|           6|
    |add_ln1118_33_fu_8516_p2    |         +|   0|  0|  14|           9|           6|
    |add_ln1118_34_fu_9467_p2    |         +|   0|  0|  14|           9|           6|
    |add_ln1118_35_fu_8526_p2    |         +|   0|  0|  14|           9|           6|
    |add_ln1118_36_fu_8536_p2    |         +|   0|  0|  14|           9|           6|
    |add_ln1118_37_fu_8546_p2    |         +|   0|  0|  14|           9|           6|
    |add_ln1118_38_fu_7801_p2    |         +|   0|  0|  14|           9|           6|
    |add_ln1118_39_fu_7812_p2    |         +|   0|  0|  14|           9|           6|
    |add_ln1118_3_fu_9367_p2     |         +|   0|  0|  14|           9|           3|
    |add_ln1118_40_fu_9477_p2    |         +|   0|  0|  14|           9|           6|
    |add_ln1118_41_fu_9487_p2    |         +|   0|  0|  14|           9|           6|
    |add_ln1118_42_fu_7823_p2    |         +|   0|  0|  14|           9|           6|
    |add_ln1118_43_fu_9497_p2    |         +|   0|  0|  14|           9|           6|
    |add_ln1118_44_fu_8556_p2    |         +|   0|  0|  14|           9|           6|
    |add_ln1118_45_fu_7834_p2    |         +|   0|  0|  14|           9|           6|
    |add_ln1118_46_fu_7845_p2    |         +|   0|  0|  14|           9|           6|
    |add_ln1118_47_fu_7856_p2    |         +|   0|  0|  14|           9|           6|
    |add_ln1118_48_fu_9507_p2    |         +|   0|  0|  14|           9|           6|
    |add_ln1118_49_fu_8566_p2    |         +|   0|  0|  14|           9|           6|
    |add_ln1118_4_fu_7691_p2     |         +|   0|  0|  14|           9|           3|
    |add_ln1118_50_fu_7867_p2    |         +|   0|  0|  14|           9|           6|
    |add_ln1118_51_fu_7878_p2    |         +|   0|  0|  14|           9|           6|
    |add_ln1118_52_fu_9517_p2    |         +|   0|  0|  14|           9|           6|
    |add_ln1118_53_fu_8576_p2    |         +|   0|  0|  14|           9|           6|
    |add_ln1118_54_fu_9527_p2    |         +|   0|  0|  14|           9|           6|
    |add_ln1118_55_fu_8586_p2    |         +|   0|  0|  14|           9|           6|
    |add_ln1118_56_fu_8596_p2    |         +|   0|  0|  14|           9|           6|
    |add_ln1118_57_fu_8606_p2    |         +|   0|  0|  14|           9|           6|
    |add_ln1118_58_fu_7889_p2    |         +|   0|  0|  14|           9|           6|
    |add_ln1118_59_fu_7900_p2    |         +|   0|  0|  14|           9|           6|
    |add_ln1118_5_fu_9377_p2     |         +|   0|  0|  14|           9|           3|
    |add_ln1118_60_fu_8616_p2    |         +|   0|  0|  14|           9|           6|
    |add_ln1118_61_fu_9537_p2    |         +|   0|  0|  14|           9|           6|
    |add_ln1118_62_fu_7911_p2    |         +|   0|  0|  14|           9|           6|
    |add_ln1118_63_fu_9547_p2    |         +|   0|  0|  14|           9|           7|
    |add_ln1118_64_fu_8626_p2    |         +|   0|  0|  14|           9|           7|
    |add_ln1118_65_fu_8636_p2    |         +|   0|  0|  14|           9|           7|
    |add_ln1118_66_fu_7922_p2    |         +|   0|  0|  14|           9|           7|
    |add_ln1118_67_fu_9557_p2    |         +|   0|  0|  14|           9|           7|
    |add_ln1118_68_fu_8646_p2    |         +|   0|  0|  14|           9|           7|
    |add_ln1118_69_fu_9567_p2    |         +|   0|  0|  14|           9|           7|
    |add_ln1118_6_fu_8416_p2     |         +|   0|  0|  14|           9|           3|
    |add_ln1118_70_fu_7933_p2    |         +|   0|  0|  14|           9|           7|
    |add_ln1118_71_fu_8656_p2    |         +|   0|  0|  14|           9|           7|
    |add_ln1118_72_fu_9577_p2    |         +|   0|  0|  14|           9|           7|
    |add_ln1118_73_fu_8666_p2    |         +|   0|  0|  14|           9|           7|
    |add_ln1118_74_fu_9587_p2    |         +|   0|  0|  14|           9|           7|
    |add_ln1118_75_fu_9597_p2    |         +|   0|  0|  14|           9|           7|
    |add_ln1118_76_fu_8676_p2    |         +|   0|  0|  14|           9|           7|
    |add_ln1118_77_fu_8686_p2    |         +|   0|  0|  14|           9|           7|
    |add_ln1118_78_fu_7944_p2    |         +|   0|  0|  14|           9|           7|
    |add_ln1118_79_fu_7955_p2    |         +|   0|  0|  14|           9|           7|
    |add_ln1118_7_fu_9387_p2     |         +|   0|  0|  14|           9|           4|
    |add_ln1118_80_fu_7966_p2    |         +|   0|  0|  14|           9|           7|
    |add_ln1118_81_fu_9607_p2    |         +|   0|  0|  14|           9|           7|
    |add_ln1118_82_fu_7977_p2    |         +|   0|  0|  14|           9|           7|
    |add_ln1118_83_fu_9617_p2    |         +|   0|  0|  14|           9|           7|
    |add_ln1118_84_fu_8696_p2    |         +|   0|  0|  14|           9|           7|
    |add_ln1118_85_fu_8706_p2    |         +|   0|  0|  14|           9|           7|
    |add_ln1118_86_fu_7988_p2    |         +|   0|  0|  14|           9|           7|
    |add_ln1118_87_fu_9627_p2    |         +|   0|  0|  14|           9|           7|
    |add_ln1118_88_fu_8716_p2    |         +|   0|  0|  14|           9|           7|
    |add_ln1118_89_fu_9637_p2    |         +|   0|  0|  14|           9|           7|
    |add_ln1118_8_fu_8426_p2     |         +|   0|  0|  14|           9|           4|
    |add_ln1118_90_fu_9647_p2    |         +|   0|  0|  14|           9|           7|
    |add_ln1118_91_fu_8726_p2    |         +|   0|  0|  14|           9|           7|
    |add_ln1118_92_fu_8736_p2    |         +|   0|  0|  14|           9|           7|
    |add_ln1118_93_fu_7999_p2    |         +|   0|  0|  14|           9|           7|
    |add_ln1118_94_fu_8010_p2    |         +|   0|  0|  14|           9|           7|
    |add_ln1118_95_fu_8021_p2    |         +|   0|  0|  14|           9|           7|
    |add_ln1118_96_fu_9657_p2    |         +|   0|  0|  14|           9|           7|
    |add_ln1118_97_fu_8746_p2    |         +|   0|  0|  14|           9|           7|
    |add_ln1118_98_fu_8756_p2    |         +|   0|  0|  14|           9|           7|
    |add_ln1118_99_fu_8032_p2    |         +|   0|  0|  14|           9|           7|
    |add_ln1118_9_fu_8436_p2     |         +|   0|  0|  14|           9|           4|
    |add_ln1118_fu_8406_p2       |         +|   0|  0|  14|           9|           1|
    |add_ln287_fu_4913_p2        |         +|   0|  0|  39|          32|           1|
    |add_ln341_fu_7642_p2        |         +|   0|  0|  10|           2|           1|
    |add_ln433_fu_11552_p2       |         +|   0|  0|  11|           3|           1|
    |add_ln703_100_fu_10920_p2   |         +|   0|  0|  40|          33|          33|
    |add_ln703_105_fu_10932_p2   |         +|   0|  0|  40|          33|          33|
    |add_ln703_106_fu_11264_p2   |         +|   0|  0|  41|          34|          34|
    |add_ln703_10_fu_11112_p2    |         +|   0|  0|  41|          34|          34|
    |add_ln703_111_fu_10944_p2   |         +|   0|  0|  40|          33|          33|
    |add_ln703_116_fu_10956_p2   |         +|   0|  0|  40|          33|          33|
    |add_ln703_117_fu_11280_p2   |         +|   0|  0|  41|          34|          34|
    |add_ln703_118_fu_11290_p2   |         +|   0|  0|  42|          35|          35|
    |add_ln703_123_fu_10968_p2   |         +|   0|  0|  40|          33|          33|
    |add_ln703_128_fu_10980_p2   |         +|   0|  0|  40|          33|          33|
    |add_ln703_129_fu_11302_p2   |         +|   0|  0|  41|          34|          34|
    |add_ln703_134_fu_10992_p2   |         +|   0|  0|  40|          33|          33|
    |add_ln703_139_fu_10659_p2   |         +|   0|  0|  39|          32|          32|
    |add_ln703_140_fu_11004_p2   |         +|   0|  0|  40|          33|          33|
    |add_ln703_141_fu_11318_p2   |         +|   0|  0|  41|          34|          34|
    |add_ln703_142_fu_11328_p2   |         +|   0|  0|  42|          35|          35|
    |add_ln703_143_fu_11454_p2   |         +|   0|  0|  43|          36|          36|
    |add_ln703_148_fu_11016_p2   |         +|   0|  0|  40|          33|          33|
    |add_ln703_153_fu_11028_p2   |         +|   0|  0|  40|          33|          33|
    |add_ln703_154_fu_11340_p2   |         +|   0|  0|  41|          34|          34|
    |add_ln703_159_fu_11040_p2   |         +|   0|  0|  40|          33|          33|
    |add_ln703_15_fu_10752_p2    |         +|   0|  0|  40|          33|          33|
    |add_ln703_164_fu_11052_p2   |         +|   0|  0|  40|          33|          33|
    |add_ln703_165_fu_11356_p2   |         +|   0|  0|  41|          34|          34|
    |add_ln703_166_fu_11366_p2   |         +|   0|  0|  42|          35|          35|
    |add_ln703_171_fu_11064_p2   |         +|   0|  0|  40|          33|          33|
    |add_ln703_176_fu_11076_p2   |         +|   0|  0|  40|          33|          33|
    |add_ln703_177_fu_11378_p2   |         +|   0|  0|  41|          34|          34|
    |add_ln703_182_fu_11088_p2   |         +|   0|  0|  40|          33|          33|
    |add_ln703_187_fu_10716_p2   |         +|   0|  0|  39|          32|          32|
    |add_ln703_188_fu_11100_p2   |         +|   0|  0|  40|          33|          33|
    |add_ln703_189_fu_11394_p2   |         +|   0|  0|  41|          34|          34|
    |add_ln703_190_fu_11404_p2   |         +|   0|  0|  42|          35|          35|
    |add_ln703_191_fu_11470_p2   |         +|   0|  0|  43|          36|          36|
    |add_ln703_192_fu_11480_p2   |         +|   0|  0|  44|          37|          37|
    |add_ln703_20_fu_10764_p2    |         +|   0|  0|  40|          33|          33|
    |add_ln703_21_fu_11128_p2    |         +|   0|  0|  41|          34|          34|
    |add_ln703_22_fu_11138_p2    |         +|   0|  0|  42|          35|          35|
    |add_ln703_27_fu_10776_p2    |         +|   0|  0|  40|          33|          33|
    |add_ln703_32_fu_10788_p2    |         +|   0|  0|  40|          33|          33|
    |add_ln703_33_fu_11150_p2    |         +|   0|  0|  41|          34|          34|
    |add_ln703_38_fu_10800_p2    |         +|   0|  0|  40|          33|          33|
    |add_ln703_43_fu_10812_p2    |         +|   0|  0|  40|          33|          33|
    |add_ln703_44_fu_11166_p2    |         +|   0|  0|  41|          34|          34|
    |add_ln703_45_fu_11176_p2    |         +|   0|  0|  42|          35|          35|
    |add_ln703_46_fu_11416_p2    |         +|   0|  0|  43|          36|          36|
    |add_ln703_4_fu_10728_p2     |         +|   0|  0|  40|          33|          33|
    |add_ln703_51_fu_10824_p2    |         +|   0|  0|  40|          33|          33|
    |add_ln703_56_fu_10836_p2    |         +|   0|  0|  40|          33|          33|
    |add_ln703_57_fu_11188_p2    |         +|   0|  0|  41|          34|          34|
    |add_ln703_62_fu_10848_p2    |         +|   0|  0|  40|          33|          33|
    |add_ln703_67_fu_10860_p2    |         +|   0|  0|  40|          33|          33|
    |add_ln703_68_fu_11204_p2    |         +|   0|  0|  41|          34|          34|
    |add_ln703_69_fu_11214_p2    |         +|   0|  0|  42|          35|          35|
    |add_ln703_74_fu_10872_p2    |         +|   0|  0|  40|          33|          33|
    |add_ln703_79_fu_10884_p2    |         +|   0|  0|  40|          33|          33|
    |add_ln703_80_fu_11226_p2    |         +|   0|  0|  41|          34|          34|
    |add_ln703_85_fu_10896_p2    |         +|   0|  0|  40|          33|          33|
    |add_ln703_90_fu_10602_p2    |         +|   0|  0|  39|          32|          32|
    |add_ln703_91_fu_10908_p2    |         +|   0|  0|  40|          33|          33|
    |add_ln703_92_fu_11242_p2    |         +|   0|  0|  41|          34|          34|
    |add_ln703_93_fu_11252_p2    |         +|   0|  0|  42|          35|          35|
    |add_ln703_94_fu_11432_p2    |         +|   0|  0|  43|          36|          36|
    |add_ln703_95_fu_11442_p2    |         +|   0|  0|  44|          37|          37|
    |add_ln703_9_fu_10740_p2     |         +|   0|  0|  40|          33|          33|
    |ret_V_fu_11919_p2           |         +|   0|  0|  56|          49|          49|
    |ylp_V_0_fu_11492_p2         |         +|   0|  0|  45|          38|          38|
    |band_V_1_fu_11523_p2        |         -|   0|  0|  47|          40|          40|
    |band_V_2_fu_11529_p2        |         -|   0|  0|  47|          40|          40|
    |band_V_3_fu_11546_p2        |         -|   0|  0|  47|          40|          40|
    |p_Val2_15_fu_11839_p2       |         -|   0|  0|  31|           1|          24|
    |ret_V_2_fu_11890_p2         |         -|   0|  0|  32|          25|          25|
    |overflow_1_fu_11633_p2      |       and|   0|  0|   2|           1|           1|
    |overflow_2_fu_11751_p2      |       and|   0|  0|   2|           1|           1|
    |overflow_4_fu_12007_p2      |       and|   0|  0|   2|           1|           1|
    |overflow_fu_12152_p2        |       and|   0|  0|   2|           1|           1|
    |underflow_1_fu_11657_p2     |       and|   0|  0|   2|           1|           1|
    |underflow_2_fu_11775_p2     |       and|   0|  0|   2|           1|           1|
    |underflow_3_fu_12023_p2     |       and|   0|  0|   2|           1|           1|
    |underflow_fu_12176_p2       |       and|   0|  0|   2|           1|           1|
    |icmp_ln1497_fu_11876_p2     |      icmp|   0|  0|  15|          24|          24|
    |icmp_ln260_fu_3607_p2       |      icmp|   0|  0|  18|          32|           1|
    |icmp_ln287_fu_4919_p2       |      icmp|   0|  0|  18|          32|          32|
    |icmp_ln341_fu_7657_p2       |      icmp|   0|  0|   8|           2|           2|
    |icmp_ln433_fu_11558_p2      |      icmp|   0|  0|   9|           3|           4|
    |icmp_ln768_1_fu_11615_p2    |      icmp|   0|  0|  10|           6|           1|
    |icmp_ln768_2_fu_11733_p2    |      icmp|   0|  0|  11|           8|           1|
    |icmp_ln768_3_fu_11986_p2    |      icmp|   0|  0|   9|           4|           1|
    |icmp_ln768_fu_12134_p2      |      icmp|   0|  0|  10|           7|           1|
    |icmp_ln786_1_fu_11645_p2    |      icmp|   0|  0|  10|           6|           2|
    |icmp_ln786_2_fu_11763_p2    |      icmp|   0|  0|  11|           8|           2|
    |icmp_ln786_3_fu_11992_p2    |      icmp|   0|  0|   9|           4|           2|
    |icmp_ln786_fu_12164_p2      |      icmp|   0|  0|  10|           7|           2|
    |tobool108_fu_4777_p2        |      icmp|   0|  0|  18|          32|           1|
    |ap_block_state2_io          |        or|   0|  0|   2|           1|           1|
    |or_ln340_1_fu_12194_p2      |        or|   0|  0|   2|           1|           1|
    |or_ln340_2_fu_12028_p2      |        or|   0|  0|   2|           1|           1|
    |or_ln340_3_fu_12040_p2      |        or|   0|  0|   2|           1|           1|
    |or_ln340_fu_12182_p2        |        or|   0|  0|   2|           1|           1|
    |or_ln384_1_fu_11789_p2      |        or|   0|  0|   2|           1|           1|
    |or_ln384_fu_11671_p2        |        or|   0|  0|   2|           1|           1|
    |or_ln785_1_fu_11621_p2      |        or|   0|  0|   2|           1|           1|
    |or_ln785_2_fu_11739_p2      |        or|   0|  0|   2|           1|           1|
    |or_ln785_3_fu_11998_p2      |        or|   0|  0|   2|           1|           1|
    |or_ln785_fu_12140_p2        |        or|   0|  0|   2|           1|           1|
    |or_ln786_1_fu_11651_p2      |        or|   0|  0|   2|           1|           1|
    |or_ln786_2_fu_11769_p2      |        or|   0|  0|   2|           1|           1|
    |or_ln786_3_fu_12018_p2      |        or|   0|  0|   2|           1|           1|
    |or_ln786_fu_12170_p2        |        or|   0|  0|   2|           1|           1|
    |sign_V_fu_11931_p2          |        or|   0|  0|  24|          23|          24|
    |a_V_fu_11864_p3             |    select|   0|  0|  23|           1|          23|
    |gb_V_1_fu_11795_p3          |    select|   0|  0|  24|           1|          24|
    |p_pn_fu_12086_p3            |    select|   0|  0|  40|           1|          40|
    |r_V_fu_11677_p3             |    select|   0|  0|  24|           1|          24|
    |s_V_10_fu_12216_p3          |    select|   0|  0|  16|           1|          16|
    |select_ln1497_fu_12068_p3   |    select|   0|  0|  24|           1|          24|
    |select_ln340_2_fu_11856_p3  |    select|   0|  0|  23|           1|           2|
    |select_ln340_3_fu_12046_p3  |    select|   0|  0|  24|           1|          23|
    |select_ln340_4_fu_12060_p3  |    select|   0|  0|  24|           1|          24|
    |select_ln340_fu_12200_p3    |    select|   0|  0|  16|           1|          15|
    |select_ln384_1_fu_11663_p3  |    select|   0|  0|  25|           1|          23|
    |select_ln384_fu_11781_p3    |    select|   0|  0|  25|           1|          23|
    |select_ln388_1_fu_12053_p3  |    select|   0|  0|  25|           1|          25|
    |select_ln388_fu_12208_p3    |    select|   0|  0|  17|           1|          17|
    |ap_enable_pp0               |       xor|   0|  0|   2|           1|           2|
    |ap_enable_pp1               |       xor|   0|  0|   2|           1|           2|
    |ap_enable_reg_pp0_iter1     |       xor|   0|  0|   2|           2|           1|
    |xor_ln340_1_fu_12034_p2     |       xor|   0|  0|   2|           1|           2|
    |xor_ln340_fu_12188_p2       |       xor|   0|  0|   2|           1|           2|
    |xor_ln785_1_fu_11627_p2     |       xor|   0|  0|   2|           1|           2|
    |xor_ln785_2_fu_11745_p2     |       xor|   0|  0|   2|           1|           2|
    |xor_ln785_3_fu_12002_p2     |       xor|   0|  0|   2|           1|           2|
    |xor_ln785_fu_12146_p2       |       xor|   0|  0|   2|           1|           2|
    |xor_ln786_1_fu_11639_p2     |       xor|   0|  0|   2|           1|           2|
    |xor_ln786_2_fu_11757_p2     |       xor|   0|  0|   2|           1|           2|
    |xor_ln786_3_fu_12013_p2     |       xor|   0|  0|   2|           1|           2|
    |xor_ln786_fu_12158_p2       |       xor|   0|  0|   2|           1|           2|
    +----------------------------+----------+----+---+----+------------+------------+
    |Total                       |          |   0|  0|6309|        4582|        4257|
    +----------------------------+----------+----+---+----+------------+------------+

    * Multiplexer: 
    +-----------------------------------+-----+-----------+-----+-----------+
    |                Name               | LUT | Input Size| Bits| Total Bits|
    +-----------------------------------+-----+-----------+-----+-----------+
    |acc_V_reg_3592                     |    9|          2|   40|         80|
    |ap_NS_fsm                          |  113|         22|    1|         22|
    |ap_enable_reg_pp0_iter1            |    9|          2|    1|          2|
    |ap_enable_reg_pp0_iter9            |    9|          2|    1|          2|
    |ap_enable_reg_pp1_iter12           |    9|          2|    1|          2|
    |ap_enable_reg_pp1_iter13           |    9|          2|    1|          2|
    |ap_phi_mux_b_phi_fu_3561_p4        |    9|          2|    2|          4|
    |ap_phi_mux_phi_mul_phi_fu_3573_p4  |    9|          2|   10|         20|
    |b_reg_3557                         |    9|          2|    2|          4|
    |band_gain_address0                 |   25|          5|    2|         10|
    |drc_ratio_address0                 |   25|          5|    2|         10|
    |drc_thr_address0                   |   25|          5|    2|         10|
    |gmem_blk_n_AR                      |    9|          2|    1|          2|
    |gmem_blk_n_AW                      |    9|          2|    1|          2|
    |gmem_blk_n_B                       |    9|          2|    1|          2|
    |gmem_blk_n_R                       |    9|          2|    1|          2|
    |gmem_blk_n_W                       |    9|          2|    1|          2|
    |hist_V_0_0                         |    9|          2|   16|         32|
    |hist_V_0_1                         |    9|          2|   16|         32|
    |hist_V_0_10                        |    9|          2|   16|         32|
    |hist_V_0_11                        |    9|          2|   16|         32|
    |hist_V_0_12                        |    9|          2|   16|         32|
    |hist_V_0_13                        |    9|          2|   16|         32|
    |hist_V_0_14                        |    9|          2|   16|         32|
    |hist_V_0_15                        |    9|          2|   16|         32|
    |hist_V_0_16                        |    9|          2|   16|         32|
    |hist_V_0_17                        |    9|          2|   16|         32|
    |hist_V_0_18                        |    9|          2|   16|         32|
    |hist_V_0_19                        |    9|          2|   16|         32|
    |hist_V_0_2                         |    9|          2|   16|         32|
    |hist_V_0_20                        |    9|          2|   16|         32|
    |hist_V_0_21                        |    9|          2|   16|         32|
    |hist_V_0_22                        |    9|          2|   16|         32|
    |hist_V_0_23                        |    9|          2|   16|         32|
    |hist_V_0_24                        |    9|          2|   16|         32|
    |hist_V_0_25                        |    9|          2|   16|         32|
    |hist_V_0_26                        |    9|          2|   16|         32|
    |hist_V_0_27                        |    9|          2|   16|         32|
    |hist_V_0_28                        |    9|          2|   16|         32|
    |hist_V_0_29                        |    9|          2|   16|         32|
    |hist_V_0_3                         |    9|          2|   16|         32|
    |hist_V_0_30                        |    9|          2|   16|         32|
    |hist_V_0_31                        |    9|          2|   16|         32|
    |hist_V_0_32                        |    9|          2|   16|         32|
    |hist_V_0_33                        |    9|          2|   16|         32|
    |hist_V_0_34                        |    9|          2|   16|         32|
    |hist_V_0_35                        |    9|          2|   16|         32|
    |hist_V_0_36                        |    9|          2|   16|         32|
    |hist_V_0_37                        |    9|          2|   16|         32|
    |hist_V_0_38                        |    9|          2|   16|         32|
    |hist_V_0_4                         |    9|          2|   16|         32|
    |hist_V_0_5                         |    9|          2|   16|         32|
    |hist_V_0_6                         |    9|          2|   16|         32|
    |hist_V_0_7                         |    9|          2|   16|         32|
    |hist_V_0_8                         |    9|          2|   16|         32|
    |hist_V_0_9                         |    9|          2|   16|         32|
    |hist_V_1_0                         |    9|          2|   16|         32|
    |hist_V_1_1                         |    9|          2|   16|         32|
    |hist_V_1_10                        |    9|          2|   16|         32|
    |hist_V_1_11                        |    9|          2|   16|         32|
    |hist_V_1_12                        |    9|          2|   16|         32|
    |hist_V_1_13                        |    9|          2|   16|         32|
    |hist_V_1_14                        |    9|          2|   16|         32|
    |hist_V_1_15                        |    9|          2|   16|         32|
    |hist_V_1_16                        |    9|          2|   16|         32|
    |hist_V_1_17                        |    9|          2|   16|         32|
    |hist_V_1_18                        |    9|          2|   16|         32|
    |hist_V_1_19                        |    9|          2|   16|         32|
    |hist_V_1_2                         |    9|          2|   16|         32|
    |hist_V_1_20                        |    9|          2|   16|         32|
    |hist_V_1_21                        |    9|          2|   16|         32|
    |hist_V_1_22                        |    9|          2|   16|         32|
    |hist_V_1_23                        |    9|          2|   16|         32|
    |hist_V_1_24                        |    9|          2|   16|         32|
    |hist_V_1_25                        |    9|          2|   16|         32|
    |hist_V_1_26                        |    9|          2|   16|         32|
    |hist_V_1_27                        |    9|          2|   16|         32|
    |hist_V_1_28                        |    9|          2|   16|         32|
    |hist_V_1_29                        |    9|          2|   16|         32|
    |hist_V_1_3                         |    9|          2|   16|         32|
    |hist_V_1_30                        |    9|          2|   16|         32|
    |hist_V_1_31                        |    9|          2|   16|         32|
    |hist_V_1_32                        |    9|          2|   16|         32|
    |hist_V_1_33                        |    9|          2|   16|         32|
    |hist_V_1_34                        |    9|          2|   16|         32|
    |hist_V_1_35                        |    9|          2|   16|         32|
    |hist_V_1_36                        |    9|          2|   16|         32|
    |hist_V_1_37                        |    9|          2|   16|         32|
    |hist_V_1_38                        |    9|          2|   16|         32|
    |hist_V_1_4                         |    9|          2|   16|         32|
    |hist_V_1_5                         |    9|          2|   16|         32|
    |hist_V_1_6                         |    9|          2|   16|         32|
    |hist_V_1_7                         |    9|          2|   16|         32|
    |hist_V_1_8                         |    9|          2|   16|         32|
    |hist_V_1_9                         |    9|          2|   16|         32|
    |hist_V_2_0                         |    9|          2|   16|         32|
    |hist_V_2_1                         |    9|          2|   16|         32|
    |hist_V_2_10                        |    9|          2|   16|         32|
    |hist_V_2_11                        |    9|          2|   16|         32|
    |hist_V_2_12                        |    9|          2|   16|         32|
    |hist_V_2_13                        |    9|          2|   16|         32|
    |hist_V_2_14                        |    9|          2|   16|         32|
    |hist_V_2_15                        |    9|          2|   16|         32|
    |hist_V_2_16                        |    9|          2|   16|         32|
    |hist_V_2_17                        |    9|          2|   16|         32|
    |hist_V_2_18                        |    9|          2|   16|         32|
    |hist_V_2_19                        |    9|          2|   16|         32|
    |hist_V_2_2                         |    9|          2|   16|         32|
    |hist_V_2_20                        |    9|          2|   16|         32|
    |hist_V_2_21                        |    9|          2|   16|         32|
    |hist_V_2_22                        |    9|          2|   16|         32|
    |hist_V_2_23                        |    9|          2|   16|         32|
    |hist_V_2_24                        |    9|          2|   16|         32|
    |hist_V_2_25                        |    9|          2|   16|         32|
    |hist_V_2_26                        |    9|          2|   16|         32|
    |hist_V_2_27                        |    9|          2|   16|         32|
    |hist_V_2_28                        |    9|          2|   16|         32|
    |hist_V_2_29                        |    9|          2|   16|         32|
    |hist_V_2_3                         |    9|          2|   16|         32|
    |hist_V_2_30                        |    9|          2|   16|         32|
    |hist_V_2_31                        |    9|          2|   16|         32|
    |hist_V_2_32                        |    9|          2|   16|         32|
    |hist_V_2_33                        |    9|          2|   16|         32|
    |hist_V_2_34                        |    9|          2|   16|         32|
    |hist_V_2_35                        |    9|          2|   16|         32|
    |hist_V_2_36                        |    9|          2|   16|         32|
    |hist_V_2_37                        |    9|          2|   16|         32|
    |hist_V_2_38                        |    9|          2|   16|         32|
    |hist_V_2_4                         |    9|          2|   16|         32|
    |hist_V_2_5                         |    9|          2|   16|         32|
    |hist_V_2_6                         |    9|          2|   16|         32|
    |hist_V_2_7                         |    9|          2|   16|         32|
    |hist_V_2_8                         |    9|          2|   16|         32|
    |hist_V_2_9                         |    9|          2|   16|         32|
    |hist_V_3_0                         |    9|          2|   16|         32|
    |hist_V_3_1                         |    9|          2|   16|         32|
    |hist_V_3_10                        |    9|          2|   16|         32|
    |hist_V_3_11                        |    9|          2|   16|         32|
    |hist_V_3_12                        |    9|          2|   16|         32|
    |hist_V_3_13                        |    9|          2|   16|         32|
    |hist_V_3_14                        |    9|          2|   16|         32|
    |hist_V_3_15                        |    9|          2|   16|         32|
    |hist_V_3_16                        |    9|          2|   16|         32|
    |hist_V_3_17                        |    9|          2|   16|         32|
    |hist_V_3_18                        |    9|          2|   16|         32|
    |hist_V_3_19                        |    9|          2|   16|         32|
    |hist_V_3_2                         |    9|          2|   16|         32|
    |hist_V_3_20                        |    9|          2|   16|         32|
    |hist_V_3_21                        |    9|          2|   16|         32|
    |hist_V_3_22                        |    9|          2|   16|         32|
    |hist_V_3_23                        |    9|          2|   16|         32|
    |hist_V_3_24                        |    9|          2|   16|         32|
    |hist_V_3_25                        |    9|          2|   16|         32|
    |hist_V_3_26                        |    9|          2|   16|         32|
    |hist_V_3_27                        |    9|          2|   16|         32|
    |hist_V_3_28                        |    9|          2|   16|         32|
    |hist_V_3_29                        |    9|          2|   16|         32|
    |hist_V_3_3                         |    9|          2|   16|         32|
    |hist_V_3_30                        |    9|          2|   16|         32|
    |hist_V_3_31                        |    9|          2|   16|         32|
    |hist_V_3_32                        |    9|          2|   16|         32|
    |hist_V_3_33                        |    9|          2|   16|         32|
    |hist_V_3_34                        |    9|          2|   16|         32|
    |hist_V_3_35                        |    9|          2|   16|         32|
    |hist_V_3_36                        |    9|          2|   16|         32|
    |hist_V_3_37                        |    9|          2|   16|         32|
    |hist_V_3_38                        |    9|          2|   16|         32|
    |hist_V_3_4                         |    9|          2|   16|         32|
    |hist_V_3_5                         |    9|          2|   16|         32|
    |hist_V_3_6                         |    9|          2|   16|         32|
    |hist_V_3_7                         |    9|          2|   16|         32|
    |hist_V_3_8                         |    9|          2|   16|         32|
    |hist_V_3_9                         |    9|          2|   16|         32|
    |hist_V_4_0                         |    9|          2|   16|         32|
    |hist_V_4_1                         |    9|          2|   16|         32|
    |hist_V_4_10                        |    9|          2|   16|         32|
    |hist_V_4_11                        |    9|          2|   16|         32|
    |hist_V_4_12                        |    9|          2|   16|         32|
    |hist_V_4_13                        |    9|          2|   16|         32|
    |hist_V_4_14                        |    9|          2|   16|         32|
    |hist_V_4_15                        |    9|          2|   16|         32|
    |hist_V_4_16                        |    9|          2|   16|         32|
    |hist_V_4_17                        |    9|          2|   16|         32|
    |hist_V_4_18                        |    9|          2|   16|         32|
    |hist_V_4_19                        |    9|          2|   16|         32|
    |hist_V_4_2                         |    9|          2|   16|         32|
    |hist_V_4_20                        |    9|          2|   16|         32|
    |hist_V_4_21                        |    9|          2|   16|         32|
    |hist_V_4_22                        |    9|          2|   16|         32|
    |hist_V_4_23                        |    9|          2|   16|         32|
    |hist_V_4_24                        |    9|          2|   16|         32|
    |hist_V_4_25                        |    9|          2|   16|         32|
    |hist_V_4_26                        |    9|          2|   16|         32|
    |hist_V_4_27                        |    9|          2|   16|         32|
    |hist_V_4_28                        |    9|          2|   16|         32|
    |hist_V_4_29                        |    9|          2|   16|         32|
    |hist_V_4_3                         |    9|          2|   16|         32|
    |hist_V_4_30                        |    9|          2|   16|         32|
    |hist_V_4_31                        |    9|          2|   16|         32|
    |hist_V_4_32                        |    9|          2|   16|         32|
    |hist_V_4_33                        |    9|          2|   16|         32|
    |hist_V_4_34                        |    9|          2|   16|         32|
    |hist_V_4_35                        |    9|          2|   16|         32|
    |hist_V_4_36                        |    9|          2|   16|         32|
    |hist_V_4_37                        |    9|          2|   16|         32|
    |hist_V_4_4                         |    9|          2|   16|         32|
    |hist_V_4_5                         |    9|          2|   16|         32|
    |hist_V_4_6                         |    9|          2|   16|         32|
    |hist_V_4_7                         |    9|          2|   16|         32|
    |hist_V_4_8                         |    9|          2|   16|         32|
    |hist_V_4_9                         |    9|          2|   16|         32|
    |i_reg_3581                         |    9|          2|    3|          6|
    |n_reg_3546                         |    9|          2|   32|         64|
    |phi_mul_reg_3569                   |    9|          2|   10|         20|
    +-----------------------------------+-----+-----------+-----+-----------+
    |Total                              | 2078|        457| 3219|       6476|
    +-----------------------------------+-----+-----------+-----+-----------+

    * Register: 
    +---------------------------------------+-----+----+-----+-----------+
    |                  Name                 |  FF | LUT| Bits| Const Bits|
    +---------------------------------------+-----+----+-----+-----------+
    |FIR_LP_V_load_reg_15554                |   15|   0|   15|          0|
    |FIR_LP_V_load_reg_15554_pp0_iter2_reg  |   15|   0|   15|          0|
    |acc_V_reg_3592                         |   40|   0|   40|          0|
    |add_ln1118_194_reg_14874               |   10|   0|   10|          0|
    |add_ln287_reg_13788                    |   32|   0|   32|          0|
    |add_ln341_reg_14782                    |    2|   0|    2|          0|
    |add_ln703_100_reg_17569                |   33|   0|   33|          0|
    |add_ln703_105_reg_17574                |   33|   0|   33|          0|
    |add_ln703_111_reg_17579                |   33|   0|   33|          0|
    |add_ln703_116_reg_17584                |   33|   0|   33|          0|
    |add_ln703_118_reg_17669                |   35|   0|   35|          0|
    |add_ln703_123_reg_17589                |   33|   0|   33|          0|
    |add_ln703_128_reg_17594                |   33|   0|   33|          0|
    |add_ln703_134_reg_17599                |   33|   0|   33|          0|
    |add_ln703_139_reg_17404                |   32|   0|   32|          0|
    |add_ln703_140_reg_17604                |   33|   0|   33|          0|
    |add_ln703_142_reg_17674                |   35|   0|   35|          0|
    |add_ln703_148_reg_17609                |   33|   0|   33|          0|
    |add_ln703_153_reg_17614                |   33|   0|   33|          0|
    |add_ln703_159_reg_17619                |   33|   0|   33|          0|
    |add_ln703_15_reg_17499                 |   33|   0|   33|          0|
    |add_ln703_164_reg_17624                |   33|   0|   33|          0|
    |add_ln703_166_reg_17679                |   35|   0|   35|          0|
    |add_ln703_171_reg_17629                |   33|   0|   33|          0|
    |add_ln703_176_reg_17634                |   33|   0|   33|          0|
    |add_ln703_182_reg_17639                |   33|   0|   33|          0|
    |add_ln703_187_reg_17484                |   32|   0|   32|          0|
    |add_ln703_188_reg_17644                |   33|   0|   33|          0|
    |add_ln703_190_reg_17684                |   35|   0|   35|          0|
    |add_ln703_192_reg_17694                |   37|   0|   37|          0|
    |add_ln703_20_reg_17504                 |   33|   0|   33|          0|
    |add_ln703_22_reg_17649                 |   35|   0|   35|          0|
    |add_ln703_27_reg_17509                 |   33|   0|   33|          0|
    |add_ln703_32_reg_17514                 |   33|   0|   33|          0|
    |add_ln703_38_reg_17519                 |   33|   0|   33|          0|
    |add_ln703_43_reg_17524                 |   33|   0|   33|          0|
    |add_ln703_45_reg_17654                 |   35|   0|   35|          0|
    |add_ln703_4_reg_17489                  |   33|   0|   33|          0|
    |add_ln703_51_reg_17529                 |   33|   0|   33|          0|
    |add_ln703_56_reg_17534                 |   33|   0|   33|          0|
    |add_ln703_62_reg_17539                 |   33|   0|   33|          0|
    |add_ln703_67_reg_17544                 |   33|   0|   33|          0|
    |add_ln703_69_reg_17659                 |   35|   0|   35|          0|
    |add_ln703_74_reg_17549                 |   33|   0|   33|          0|
    |add_ln703_79_reg_17554                 |   33|   0|   33|          0|
    |add_ln703_85_reg_17559                 |   33|   0|   33|          0|
    |add_ln703_90_reg_17324                 |   32|   0|   32|          0|
    |add_ln703_91_reg_17564                 |   33|   0|   33|          0|
    |add_ln703_93_reg_17664                 |   35|   0|   35|          0|
    |add_ln703_95_reg_17689                 |   37|   0|   37|          0|
    |add_ln703_9_reg_17494                  |   33|   0|   33|          0|
    |ap_CS_fsm                              |   21|   0|   21|          0|
    |ap_enable_reg_pp0_iter0                |    1|   0|    1|          0|
    |ap_enable_reg_pp0_iter1                |    1|   0|    1|          0|
    |ap_enable_reg_pp0_iter2                |    1|   0|    1|          0|
    |ap_enable_reg_pp0_iter3                |    1|   0|    1|          0|
    |ap_enable_reg_pp0_iter4                |    1|   0|    1|          0|
    |ap_enable_reg_pp0_iter5                |    1|   0|    1|          0|
    |ap_enable_reg_pp0_iter6                |    1|   0|    1|          0|
    |ap_enable_reg_pp0_iter7                |    1|   0|    1|          0|
    |ap_enable_reg_pp0_iter8                |    1|   0|    1|          0|
    |ap_enable_reg_pp0_iter9                |    1|   0|    1|          0|
    |ap_enable_reg_pp1_iter0                |    1|   0|    1|          0|
    |ap_enable_reg_pp1_iter1                |    1|   0|    1|          0|
    |ap_enable_reg_pp1_iter10               |    1|   0|    1|          0|
    |ap_enable_reg_pp1_iter11               |    1|   0|    1|          0|
    |ap_enable_reg_pp1_iter12               |    1|   0|    1|          0|
    |ap_enable_reg_pp1_iter13               |    1|   0|    1|          0|
    |ap_enable_reg_pp1_iter2                |    1|   0|    1|          0|
    |ap_enable_reg_pp1_iter3                |    1|   0|    1|          0|
    |ap_enable_reg_pp1_iter4                |    1|   0|    1|          0|
    |ap_enable_reg_pp1_iter5                |    1|   0|    1|          0|
    |ap_enable_reg_pp1_iter6                |    1|   0|    1|          0|
    |ap_enable_reg_pp1_iter7                |    1|   0|    1|          0|
    |ap_enable_reg_pp1_iter8                |    1|   0|    1|          0|
    |ap_enable_reg_pp1_iter9                |    1|   0|    1|          0|
    |b_reg_3557                             |    2|   0|    2|          0|
    |band_V_0_fu_1014                       |   40|   0|   40|          0|
    |band_V_1_reg_17699                     |   40|   0|   40|          0|
    |band_V_2_reg_17704                     |   40|   0|   40|          0|
    |band_V_3_reg_17709                     |   40|   0|   40|          0|
    |empty_31_reg_14787                     |    9|   0|    9|          0|
    |empty_31_reg_14787_pp0_iter1_reg       |    9|   0|    9|          0|
    |gb_V_1_reg_17750                       |   24|   0|   24|          0|
    |gmem_addr_1_reg_13632                  |   64|   0|   64|          0|
    |gmem_addr_reg_13626                    |   64|   0|   64|          0|
    |hist_V_0_0                             |   16|   0|   16|          0|
    |hist_V_0_1                             |   16|   0|   16|          0|
    |hist_V_0_10                            |   16|   0|   16|          0|
    |hist_V_0_11                            |   16|   0|   16|          0|
    |hist_V_0_12                            |   16|   0|   16|          0|
    |hist_V_0_13                            |   16|   0|   16|          0|
    |hist_V_0_14                            |   16|   0|   16|          0|
    |hist_V_0_15                            |   16|   0|   16|          0|
    |hist_V_0_16                            |   16|   0|   16|          0|
    |hist_V_0_17                            |   16|   0|   16|          0|
    |hist_V_0_18                            |   16|   0|   16|          0|
    |hist_V_0_19                            |   16|   0|   16|          0|
    |hist_V_0_19_load_reg_13802             |   16|   0|   16|          0|
    |hist_V_0_2                             |   16|   0|   16|          0|
    |hist_V_0_20                            |   16|   0|   16|          0|
    |hist_V_0_21                            |   16|   0|   16|          0|
    |hist_V_0_22                            |   16|   0|   16|          0|
    |hist_V_0_23                            |   16|   0|   16|          0|
    |hist_V_0_24                            |   16|   0|   16|          0|
    |hist_V_0_25                            |   16|   0|   16|          0|
    |hist_V_0_26                            |   16|   0|   16|          0|
    |hist_V_0_27                            |   16|   0|   16|          0|
    |hist_V_0_28                            |   16|   0|   16|          0|
    |hist_V_0_29                            |   16|   0|   16|          0|
    |hist_V_0_3                             |   16|   0|   16|          0|
    |hist_V_0_30                            |   16|   0|   16|          0|
    |hist_V_0_31                            |   16|   0|   16|          0|
    |hist_V_0_32                            |   16|   0|   16|          0|
    |hist_V_0_33                            |   16|   0|   16|          0|
    |hist_V_0_34                            |   16|   0|   16|          0|
    |hist_V_0_35                            |   16|   0|   16|          0|
    |hist_V_0_36                            |   16|   0|   16|          0|
    |hist_V_0_37                            |   16|   0|   16|          0|
    |hist_V_0_38                            |   16|   0|   16|          0|
    |hist_V_0_4                             |   16|   0|   16|          0|
    |hist_V_0_5                             |   16|   0|   16|          0|
    |hist_V_0_6                             |   16|   0|   16|          0|
    |hist_V_0_7                             |   16|   0|   16|          0|
    |hist_V_0_8                             |   16|   0|   16|          0|
    |hist_V_0_9                             |   16|   0|   16|          0|
    |hist_V_1_0                             |   16|   0|   16|          0|
    |hist_V_1_1                             |   16|   0|   16|          0|
    |hist_V_1_10                            |   16|   0|   16|          0|
    |hist_V_1_11                            |   16|   0|   16|          0|
    |hist_V_1_12                            |   16|   0|   16|          0|
    |hist_V_1_13                            |   16|   0|   16|          0|
    |hist_V_1_14                            |   16|   0|   16|          0|
    |hist_V_1_15                            |   16|   0|   16|          0|
    |hist_V_1_16                            |   16|   0|   16|          0|
    |hist_V_1_17                            |   16|   0|   16|          0|
    |hist_V_1_18                            |   16|   0|   16|          0|
    |hist_V_1_19                            |   16|   0|   16|          0|
    |hist_V_1_2                             |   16|   0|   16|          0|
    |hist_V_1_20                            |   16|   0|   16|          0|
    |hist_V_1_21                            |   16|   0|   16|          0|
    |hist_V_1_22                            |   16|   0|   16|          0|
    |hist_V_1_23                            |   16|   0|   16|          0|
    |hist_V_1_24                            |   16|   0|   16|          0|
    |hist_V_1_25                            |   16|   0|   16|          0|
    |hist_V_1_26                            |   16|   0|   16|          0|
    |hist_V_1_27                            |   16|   0|   16|          0|
    |hist_V_1_28                            |   16|   0|   16|          0|
    |hist_V_1_29                            |   16|   0|   16|          0|
    |hist_V_1_3                             |   16|   0|   16|          0|
    |hist_V_1_30                            |   16|   0|   16|          0|
    |hist_V_1_31                            |   16|   0|   16|          0|
    |hist_V_1_32                            |   16|   0|   16|          0|
    |hist_V_1_33                            |   16|   0|   16|          0|
    |hist_V_1_34                            |   16|   0|   16|          0|
    |hist_V_1_35                            |   16|   0|   16|          0|
    |hist_V_1_36                            |   16|   0|   16|          0|
    |hist_V_1_37                            |   16|   0|   16|          0|
    |hist_V_1_38                            |   16|   0|   16|          0|
    |hist_V_1_4                             |   16|   0|   16|          0|
    |hist_V_1_5                             |   16|   0|   16|          0|
    |hist_V_1_6                             |   16|   0|   16|          0|
    |hist_V_1_7                             |   16|   0|   16|          0|
    |hist_V_1_8                             |   16|   0|   16|          0|
    |hist_V_1_9                             |   16|   0|   16|          0|
    |hist_V_2_0                             |   16|   0|   16|          0|
    |hist_V_2_1                             |   16|   0|   16|          0|
    |hist_V_2_10                            |   16|   0|   16|          0|
    |hist_V_2_11                            |   16|   0|   16|          0|
    |hist_V_2_12                            |   16|   0|   16|          0|
    |hist_V_2_13                            |   16|   0|   16|          0|
    |hist_V_2_14                            |   16|   0|   16|          0|
    |hist_V_2_15                            |   16|   0|   16|          0|
    |hist_V_2_16                            |   16|   0|   16|          0|
    |hist_V_2_17                            |   16|   0|   16|          0|
    |hist_V_2_18                            |   16|   0|   16|          0|
    |hist_V_2_19                            |   16|   0|   16|          0|
    |hist_V_2_2                             |   16|   0|   16|          0|
    |hist_V_2_20                            |   16|   0|   16|          0|
    |hist_V_2_21                            |   16|   0|   16|          0|
    |hist_V_2_22                            |   16|   0|   16|          0|
    |hist_V_2_23                            |   16|   0|   16|          0|
    |hist_V_2_24                            |   16|   0|   16|          0|
    |hist_V_2_25                            |   16|   0|   16|          0|
    |hist_V_2_26                            |   16|   0|   16|          0|
    |hist_V_2_27                            |   16|   0|   16|          0|
    |hist_V_2_28                            |   16|   0|   16|          0|
    |hist_V_2_29                            |   16|   0|   16|          0|
    |hist_V_2_3                             |   16|   0|   16|          0|
    |hist_V_2_30                            |   16|   0|   16|          0|
    |hist_V_2_31                            |   16|   0|   16|          0|
    |hist_V_2_32                            |   16|   0|   16|          0|
    |hist_V_2_33                            |   16|   0|   16|          0|
    |hist_V_2_34                            |   16|   0|   16|          0|
    |hist_V_2_35                            |   16|   0|   16|          0|
    |hist_V_2_36                            |   16|   0|   16|          0|
    |hist_V_2_37                            |   16|   0|   16|          0|
    |hist_V_2_38                            |   16|   0|   16|          0|
    |hist_V_2_4                             |   16|   0|   16|          0|
    |hist_V_2_5                             |   16|   0|   16|          0|
    |hist_V_2_6                             |   16|   0|   16|          0|
    |hist_V_2_7                             |   16|   0|   16|          0|
    |hist_V_2_8                             |   16|   0|   16|          0|
    |hist_V_2_9                             |   16|   0|   16|          0|
    |hist_V_3_0                             |   16|   0|   16|          0|
    |hist_V_3_1                             |   16|   0|   16|          0|
    |hist_V_3_10                            |   16|   0|   16|          0|
    |hist_V_3_11                            |   16|   0|   16|          0|
    |hist_V_3_12                            |   16|   0|   16|          0|
    |hist_V_3_13                            |   16|   0|   16|          0|
    |hist_V_3_14                            |   16|   0|   16|          0|
    |hist_V_3_15                            |   16|   0|   16|          0|
    |hist_V_3_16                            |   16|   0|   16|          0|
    |hist_V_3_17                            |   16|   0|   16|          0|
    |hist_V_3_18                            |   16|   0|   16|          0|
    |hist_V_3_19                            |   16|   0|   16|          0|
    |hist_V_3_2                             |   16|   0|   16|          0|
    |hist_V_3_20                            |   16|   0|   16|          0|
    |hist_V_3_21                            |   16|   0|   16|          0|
    |hist_V_3_22                            |   16|   0|   16|          0|
    |hist_V_3_23                            |   16|   0|   16|          0|
    |hist_V_3_24                            |   16|   0|   16|          0|
    |hist_V_3_25                            |   16|   0|   16|          0|
    |hist_V_3_26                            |   16|   0|   16|          0|
    |hist_V_3_27                            |   16|   0|   16|          0|
    |hist_V_3_28                            |   16|   0|   16|          0|
    |hist_V_3_29                            |   16|   0|   16|          0|
    |hist_V_3_3                             |   16|   0|   16|          0|
    |hist_V_3_30                            |   16|   0|   16|          0|
    |hist_V_3_31                            |   16|   0|   16|          0|
    |hist_V_3_32                            |   16|   0|   16|          0|
    |hist_V_3_33                            |   16|   0|   16|          0|
    |hist_V_3_34                            |   16|   0|   16|          0|
    |hist_V_3_35                            |   16|   0|   16|          0|
    |hist_V_3_36                            |   16|   0|   16|          0|
    |hist_V_3_37                            |   16|   0|   16|          0|
    |hist_V_3_38                            |   16|   0|   16|          0|
    |hist_V_3_4                             |   16|   0|   16|          0|
    |hist_V_3_5                             |   16|   0|   16|          0|
    |hist_V_3_6                             |   16|   0|   16|          0|
    |hist_V_3_7                             |   16|   0|   16|          0|
    |hist_V_3_8                             |   16|   0|   16|          0|
    |hist_V_3_9                             |   16|   0|   16|          0|
    |hist_V_4_0                             |   16|   0|   16|          0|
    |hist_V_4_1                             |   16|   0|   16|          0|
    |hist_V_4_10                            |   16|   0|   16|          0|
    |hist_V_4_11                            |   16|   0|   16|          0|
    |hist_V_4_12                            |   16|   0|   16|          0|
    |hist_V_4_13                            |   16|   0|   16|          0|
    |hist_V_4_14                            |   16|   0|   16|          0|
    |hist_V_4_15                            |   16|   0|   16|          0|
    |hist_V_4_16                            |   16|   0|   16|          0|
    |hist_V_4_17                            |   16|   0|   16|          0|
    |hist_V_4_18                            |   16|   0|   16|          0|
    |hist_V_4_19                            |   16|   0|   16|          0|
    |hist_V_4_2                             |   16|   0|   16|          0|
    |hist_V_4_20                            |   16|   0|   16|          0|
    |hist_V_4_21                            |   16|   0|   16|          0|
    |hist_V_4_22                            |   16|   0|   16|          0|
    |hist_V_4_23                            |   16|   0|   16|          0|
    |hist_V_4_24                            |   16|   0|   16|          0|
    |hist_V_4_25                            |   16|   0|   16|          0|
    |hist_V_4_26                            |   16|   0|   16|          0|
    |hist_V_4_27                            |   16|   0|   16|          0|
    |hist_V_4_28                            |   16|   0|   16|          0|
    |hist_V_4_29                            |   16|   0|   16|          0|
    |hist_V_4_3                             |   16|   0|   16|          0|
    |hist_V_4_30                            |   16|   0|   16|          0|
    |hist_V_4_31                            |   16|   0|   16|          0|
    |hist_V_4_32                            |   16|   0|   16|          0|
    |hist_V_4_33                            |   16|   0|   16|          0|
    |hist_V_4_34                            |   16|   0|   16|          0|
    |hist_V_4_35                            |   16|   0|   16|          0|
    |hist_V_4_36                            |   16|   0|   16|          0|
    |hist_V_4_37                            |   16|   0|   16|          0|
    |hist_V_4_4                             |   16|   0|   16|          0|
    |hist_V_4_5                             |   16|   0|   16|          0|
    |hist_V_4_6                             |   16|   0|   16|          0|
    |hist_V_4_7                             |   16|   0|   16|          0|
    |hist_V_4_8                             |   16|   0|   16|          0|
    |hist_V_4_9                             |   16|   0|   16|          0|
    |i_reg_3581                             |    3|   0|    3|          0|
    |icmp_ln1497_reg_17773                  |    1|   0|    1|          0|
    |icmp_ln341_reg_14870                   |    1|   0|    1|          0|
    |icmp_ln433_reg_17719                   |    1|   0|    1|          0|
    |icmp_ln768_3_reg_17821                 |    1|   0|    1|          0|
    |icmp_ln786_3_reg_17826                 |    1|   0|    1|          0|
    |length_read_reg_13593                  |   32|   0|   32|          0|
    |n_reg_3546                             |   32|   0|   32|          0|
    |p_Result_7_reg_17803                   |    1|   0|    1|          0|
    |p_Result_8_reg_17815                   |    1|   0|    1|          0|
    |p_Val2_11_reg_17730                    |   40|   0|   40|          0|
    |p_Val2_17_reg_17809                    |   24|   0|   24|          0|
    |phi_mul_reg_3569                       |   10|   0|   10|          0|
    |phi_mul_reg_3569_pp0_iter1_reg         |   10|   0|   10|          0|
    |q_11_reg_13783                         |   16|   0|   16|          0|
    |q_12_reg_13796                         |   16|   0|   16|          0|
    |q_1_reg_13658                          |   16|   0|   16|          0|
    |q_2_reg_13663                          |   16|   0|   16|          0|
    |q_3_reg_13683                          |   16|   0|   16|          0|
    |q_4_reg_13688                          |   16|   0|   16|          0|
    |q_5_reg_13693                          |   16|   0|   16|          0|
    |q_6_reg_13713                          |   16|   0|   16|          0|
    |q_7_reg_13718                          |   16|   0|   16|          0|
    |q_8_reg_13723                          |   16|   0|   16|          0|
    |q_reg_13653                            |   16|   0|   16|          0|
    |r_V_7_reg_17783                        |   49|   0|   49|          0|
    |r_V_reg_17735                          |   24|   0|   24|          0|
    |ratio_V_reg_17768                      |   24|   0|   24|          0|
    |ret_V_2_reg_17778                      |   25|   0|   25|          0|
    |ret_V_reg_17788                        |   49|   0|   49|          0|
    |s_V_10_reg_17836                       |   16|   0|   16|          0|
    |sext_ln1116_100_reg_14307              |   31|   0|   31|          0|
    |sext_ln1116_101_reg_14312              |   31|   0|   31|          0|
    |sext_ln1116_102_reg_14317              |   31|   0|   31|          0|
    |sext_ln1116_103_reg_14322              |   31|   0|   31|          0|
    |sext_ln1116_104_reg_14327              |   31|   0|   31|          0|
    |sext_ln1116_105_reg_14332              |   31|   0|   31|          0|
    |sext_ln1116_106_reg_14337              |   31|   0|   31|          0|
    |sext_ln1116_107_reg_14342              |   31|   0|   31|          0|
    |sext_ln1116_108_reg_14347              |   31|   0|   31|          0|
    |sext_ln1116_109_reg_14352              |   31|   0|   31|          0|
    |sext_ln1116_10_reg_13857               |   31|   0|   31|          0|
    |sext_ln1116_110_reg_14357              |   31|   0|   31|          0|
    |sext_ln1116_111_reg_14362              |   31|   0|   31|          0|
    |sext_ln1116_112_reg_14367              |   31|   0|   31|          0|
    |sext_ln1116_113_reg_14372              |   31|   0|   31|          0|
    |sext_ln1116_114_reg_14377              |   31|   0|   31|          0|
    |sext_ln1116_115_reg_14382              |   31|   0|   31|          0|
    |sext_ln1116_116_reg_14387              |   31|   0|   31|          0|
    |sext_ln1116_117_reg_14392              |   31|   0|   31|          0|
    |sext_ln1116_118_reg_14397              |   31|   0|   31|          0|
    |sext_ln1116_119_reg_14402              |   31|   0|   31|          0|
    |sext_ln1116_11_reg_13862               |   31|   0|   31|          0|
    |sext_ln1116_120_reg_14407              |   31|   0|   31|          0|
    |sext_ln1116_121_reg_14412              |   31|   0|   31|          0|
    |sext_ln1116_122_reg_14417              |   31|   0|   31|          0|
    |sext_ln1116_123_reg_14422              |   31|   0|   31|          0|
    |sext_ln1116_124_reg_14427              |   31|   0|   31|          0|
    |sext_ln1116_125_reg_14432              |   31|   0|   31|          0|
    |sext_ln1116_126_reg_14437              |   31|   0|   31|          0|
    |sext_ln1116_127_reg_14442              |   31|   0|   31|          0|
    |sext_ln1116_128_reg_14447              |   31|   0|   31|          0|
    |sext_ln1116_129_reg_14452              |   31|   0|   31|          0|
    |sext_ln1116_12_reg_13867               |   31|   0|   31|          0|
    |sext_ln1116_130_reg_14457              |   31|   0|   31|          0|
    |sext_ln1116_131_reg_14462              |   31|   0|   31|          0|
    |sext_ln1116_132_reg_14467              |   31|   0|   31|          0|
    |sext_ln1116_133_reg_14472              |   31|   0|   31|          0|
    |sext_ln1116_134_reg_14477              |   31|   0|   31|          0|
    |sext_ln1116_135_reg_14482              |   31|   0|   31|          0|
    |sext_ln1116_136_reg_14487              |   31|   0|   31|          0|
    |sext_ln1116_137_reg_14492              |   31|   0|   31|          0|
    |sext_ln1116_138_reg_14497              |   31|   0|   31|          0|
    |sext_ln1116_139_reg_14502              |   31|   0|   31|          0|
    |sext_ln1116_13_reg_13872               |   31|   0|   31|          0|
    |sext_ln1116_140_reg_14507              |   31|   0|   31|          0|
    |sext_ln1116_141_reg_14512              |   31|   0|   31|          0|
    |sext_ln1116_142_reg_14517              |   31|   0|   31|          0|
    |sext_ln1116_143_reg_14522              |   31|   0|   31|          0|
    |sext_ln1116_144_reg_14527              |   31|   0|   31|          0|
    |sext_ln1116_145_reg_14532              |   31|   0|   31|          0|
    |sext_ln1116_146_reg_14537              |   31|   0|   31|          0|
    |sext_ln1116_147_reg_14542              |   31|   0|   31|          0|
    |sext_ln1116_148_reg_14547              |   31|   0|   31|          0|
    |sext_ln1116_149_reg_14552              |   31|   0|   31|          0|
    |sext_ln1116_14_reg_13877               |   31|   0|   31|          0|
    |sext_ln1116_150_reg_14557              |   31|   0|   31|          0|
    |sext_ln1116_151_reg_14562              |   31|   0|   31|          0|
    |sext_ln1116_152_reg_14567              |   31|   0|   31|          0|
    |sext_ln1116_153_reg_14572              |   31|   0|   31|          0|
    |sext_ln1116_154_reg_14577              |   31|   0|   31|          0|
    |sext_ln1116_155_reg_14582              |   31|   0|   31|          0|
    |sext_ln1116_156_reg_14587              |   31|   0|   31|          0|
    |sext_ln1116_157_reg_14592              |   31|   0|   31|          0|
    |sext_ln1116_158_reg_14597              |   31|   0|   31|          0|
    |sext_ln1116_159_reg_14602              |   31|   0|   31|          0|
    |sext_ln1116_15_reg_13882               |   31|   0|   31|          0|
    |sext_ln1116_160_reg_14607              |   31|   0|   31|          0|
    |sext_ln1116_161_reg_14612              |   31|   0|   31|          0|
    |sext_ln1116_162_reg_14617              |   31|   0|   31|          0|
    |sext_ln1116_163_reg_14622              |   31|   0|   31|          0|
    |sext_ln1116_164_reg_14627              |   31|   0|   31|          0|
    |sext_ln1116_165_reg_14632              |   31|   0|   31|          0|
    |sext_ln1116_166_reg_14637              |   31|   0|   31|          0|
    |sext_ln1116_167_reg_14642              |   31|   0|   31|          0|
    |sext_ln1116_168_reg_14647              |   31|   0|   31|          0|
    |sext_ln1116_169_reg_14652              |   31|   0|   31|          0|
    |sext_ln1116_16_reg_13887               |   31|   0|   31|          0|
    |sext_ln1116_170_reg_14657              |   31|   0|   31|          0|
    |sext_ln1116_171_reg_14662              |   31|   0|   31|          0|
    |sext_ln1116_172_reg_14667              |   31|   0|   31|          0|
    |sext_ln1116_173_reg_14672              |   31|   0|   31|          0|
    |sext_ln1116_174_reg_14677              |   31|   0|   31|          0|
    |sext_ln1116_175_reg_14682              |   31|   0|   31|          0|
    |sext_ln1116_176_reg_14687              |   31|   0|   31|          0|
    |sext_ln1116_177_reg_14692              |   31|   0|   31|          0|
    |sext_ln1116_178_reg_14697              |   31|   0|   31|          0|
    |sext_ln1116_179_reg_14702              |   31|   0|   31|          0|
    |sext_ln1116_17_reg_13892               |   31|   0|   31|          0|
    |sext_ln1116_180_reg_14707              |   31|   0|   31|          0|
    |sext_ln1116_181_reg_14712              |   31|   0|   31|          0|
    |sext_ln1116_182_reg_14717              |   31|   0|   31|          0|
    |sext_ln1116_183_reg_14722              |   31|   0|   31|          0|
    |sext_ln1116_184_reg_14727              |   31|   0|   31|          0|
    |sext_ln1116_185_reg_14732              |   31|   0|   31|          0|
    |sext_ln1116_186_reg_14737              |   31|   0|   31|          0|
    |sext_ln1116_187_reg_14742              |   31|   0|   31|          0|
    |sext_ln1116_188_reg_14747              |   31|   0|   31|          0|
    |sext_ln1116_189_reg_14752              |   31|   0|   31|          0|
    |sext_ln1116_18_reg_13897               |   31|   0|   31|          0|
    |sext_ln1116_190_reg_14757              |   31|   0|   31|          0|
    |sext_ln1116_191_reg_14762              |   31|   0|   31|          0|
    |sext_ln1116_192_reg_14767              |   31|   0|   31|          0|
    |sext_ln1116_193_reg_14772              |   31|   0|   31|          0|
    |sext_ln1116_19_reg_13902               |   31|   0|   31|          0|
    |sext_ln1116_1_reg_13812                |   31|   0|   31|          0|
    |sext_ln1116_20_reg_13907               |   31|   0|   31|          0|
    |sext_ln1116_21_reg_13912               |   31|   0|   31|          0|
    |sext_ln1116_22_reg_13917               |   31|   0|   31|          0|
    |sext_ln1116_23_reg_13922               |   31|   0|   31|          0|
    |sext_ln1116_24_reg_13927               |   31|   0|   31|          0|
    |sext_ln1116_25_reg_13932               |   31|   0|   31|          0|
    |sext_ln1116_26_reg_13937               |   31|   0|   31|          0|
    |sext_ln1116_27_reg_13942               |   31|   0|   31|          0|
    |sext_ln1116_28_reg_13947               |   31|   0|   31|          0|
    |sext_ln1116_29_reg_13952               |   31|   0|   31|          0|
    |sext_ln1116_2_reg_13817                |   31|   0|   31|          0|
    |sext_ln1116_30_reg_13957               |   31|   0|   31|          0|
    |sext_ln1116_31_reg_13962               |   31|   0|   31|          0|
    |sext_ln1116_32_reg_13967               |   31|   0|   31|          0|
    |sext_ln1116_33_reg_13972               |   31|   0|   31|          0|
    |sext_ln1116_34_reg_13977               |   31|   0|   31|          0|
    |sext_ln1116_35_reg_13982               |   31|   0|   31|          0|
    |sext_ln1116_36_reg_13987               |   31|   0|   31|          0|
    |sext_ln1116_37_reg_13992               |   31|   0|   31|          0|
    |sext_ln1116_38_reg_13997               |   31|   0|   31|          0|
    |sext_ln1116_39_reg_14002               |   31|   0|   31|          0|
    |sext_ln1116_3_reg_13822                |   31|   0|   31|          0|
    |sext_ln1116_40_reg_14007               |   31|   0|   31|          0|
    |sext_ln1116_41_reg_14012               |   31|   0|   31|          0|
    |sext_ln1116_42_reg_14017               |   31|   0|   31|          0|
    |sext_ln1116_43_reg_14022               |   31|   0|   31|          0|
    |sext_ln1116_44_reg_14027               |   31|   0|   31|          0|
    |sext_ln1116_45_reg_14032               |   31|   0|   31|          0|
    |sext_ln1116_46_reg_14037               |   31|   0|   31|          0|
    |sext_ln1116_47_reg_14042               |   31|   0|   31|          0|
    |sext_ln1116_48_reg_14047               |   31|   0|   31|          0|
    |sext_ln1116_49_reg_14052               |   31|   0|   31|          0|
    |sext_ln1116_4_reg_13827                |   31|   0|   31|          0|
    |sext_ln1116_50_reg_14057               |   31|   0|   31|          0|
    |sext_ln1116_51_reg_14062               |   31|   0|   31|          0|
    |sext_ln1116_52_reg_14067               |   31|   0|   31|          0|
    |sext_ln1116_53_reg_14072               |   31|   0|   31|          0|
    |sext_ln1116_54_reg_14077               |   31|   0|   31|          0|
    |sext_ln1116_55_reg_14082               |   31|   0|   31|          0|
    |sext_ln1116_56_reg_14087               |   31|   0|   31|          0|
    |sext_ln1116_57_reg_14092               |   31|   0|   31|          0|
    |sext_ln1116_58_reg_14097               |   31|   0|   31|          0|
    |sext_ln1116_59_reg_14102               |   31|   0|   31|          0|
    |sext_ln1116_5_reg_13832                |   31|   0|   31|          0|
    |sext_ln1116_60_reg_14107               |   31|   0|   31|          0|
    |sext_ln1116_61_reg_14112               |   31|   0|   31|          0|
    |sext_ln1116_62_reg_14117               |   31|   0|   31|          0|
    |sext_ln1116_63_reg_14122               |   31|   0|   31|          0|
    |sext_ln1116_64_reg_14127               |   31|   0|   31|          0|
    |sext_ln1116_65_reg_14132               |   31|   0|   31|          0|
    |sext_ln1116_66_reg_14137               |   31|   0|   31|          0|
    |sext_ln1116_67_reg_14142               |   31|   0|   31|          0|
    |sext_ln1116_68_reg_14147               |   31|   0|   31|          0|
    |sext_ln1116_69_reg_14152               |   31|   0|   31|          0|
    |sext_ln1116_6_reg_13837                |   31|   0|   31|          0|
    |sext_ln1116_70_reg_14157               |   31|   0|   31|          0|
    |sext_ln1116_71_reg_14162               |   31|   0|   31|          0|
    |sext_ln1116_72_reg_14167               |   31|   0|   31|          0|
    |sext_ln1116_73_reg_14172               |   31|   0|   31|          0|
    |sext_ln1116_74_reg_14177               |   31|   0|   31|          0|
    |sext_ln1116_75_reg_14182               |   31|   0|   31|          0|
    |sext_ln1116_76_reg_14187               |   31|   0|   31|          0|
    |sext_ln1116_77_reg_14192               |   31|   0|   31|          0|
    |sext_ln1116_78_reg_14197               |   31|   0|   31|          0|
    |sext_ln1116_79_reg_14202               |   31|   0|   31|          0|
    |sext_ln1116_7_reg_13842                |   31|   0|   31|          0|
    |sext_ln1116_80_reg_14207               |   31|   0|   31|          0|
    |sext_ln1116_81_reg_14212               |   31|   0|   31|          0|
    |sext_ln1116_82_reg_14217               |   31|   0|   31|          0|
    |sext_ln1116_83_reg_14222               |   31|   0|   31|          0|
    |sext_ln1116_84_reg_14227               |   31|   0|   31|          0|
    |sext_ln1116_85_reg_14232               |   31|   0|   31|          0|
    |sext_ln1116_86_reg_14237               |   31|   0|   31|          0|
    |sext_ln1116_87_reg_14242               |   31|   0|   31|          0|
    |sext_ln1116_88_reg_14247               |   31|   0|   31|          0|
    |sext_ln1116_89_reg_14252               |   31|   0|   31|          0|
    |sext_ln1116_8_reg_13847                |   31|   0|   31|          0|
    |sext_ln1116_90_reg_14257               |   31|   0|   31|          0|
    |sext_ln1116_91_reg_14262               |   31|   0|   31|          0|
    |sext_ln1116_92_reg_14267               |   31|   0|   31|          0|
    |sext_ln1116_93_reg_14272               |   31|   0|   31|          0|
    |sext_ln1116_94_reg_14277               |   31|   0|   31|          0|
    |sext_ln1116_95_reg_14282               |   31|   0|   31|          0|
    |sext_ln1116_96_reg_14287               |   31|   0|   31|          0|
    |sext_ln1116_97_reg_14292               |   31|   0|   31|          0|
    |sext_ln1116_98_reg_14297               |   31|   0|   31|          0|
    |sext_ln1116_99_reg_14302               |   31|   0|   31|          0|
    |sext_ln1116_9_reg_13852                |   31|   0|   31|          0|
    |sext_ln1116_reg_13807                  |   31|   0|   31|          0|
    |sext_ln282_1_reg_13753                 |   17|   0|   24|          7|
    |sext_ln282_2_reg_13763                 |   17|   0|   24|          7|
    |sext_ln282_3_reg_13773                 |   17|   0|   24|          7|
    |sext_ln282_reg_13743                   |   17|   0|   24|          7|
    |sext_ln283_1_reg_13758                 |   17|   0|   24|          7|
    |sext_ln283_2_reg_13768                 |   17|   0|   24|          7|
    |sext_ln283_3_reg_13778                 |   17|   0|   24|          7|
    |sext_ln283_reg_13748                   |   17|   0|   24|          7|
    |sext_ln341_reg_14777                   |   31|   0|   31|          0|
    |thr_V_reg_17763                        |   24|   0|   24|          0|
    |thr_V_reg_17763_pp1_iter6_reg          |   24|   0|   24|          0|
    |tmp_10_reg_17758                       |    1|   0|    1|          0|
    |tobool108_reg_13621                    |    1|   0|    1|          0|
    |trunc_ln700_reg_17723                  |    2|   0|    2|          0|
    |ylp_V_1_0232_fu_1018                   |   40|   0|   40|          0|
    |ylp_V_2_0233_fu_1022                   |   40|   0|   40|          0|
    |b_reg_3557                             |   64|  32|    2|          0|
    |gb_V_1_reg_17750                       |   64|  32|   24|          0|
    |icmp_ln1497_reg_17773                  |   64|  32|    1|          0|
    |icmp_ln341_reg_14870                   |   64|  32|    1|          0|
    |icmp_ln433_reg_17719                   |   64|  32|    1|          0|
    |p_Val2_11_reg_17730                    |   64|  32|   40|          0|
    |tmp_10_reg_17758                       |   64|  32|    1|          0|
    |trunc_ln700_reg_17723                  |   64|  32|    2|          0|
    +---------------------------------------+-----+----+-----+-----------+
    |Total                                  |12463| 256|12079|         56|
    +---------------------------------------+-----+----+-----+-----------+



================================================================
== Interface
================================================================
* Summary: 
+-----------------------+-----+-----+------------+---------------+--------------+
|       RTL Ports       | Dir | Bits|  Protocol  | Source Object |    C Type    |
+-----------------------+-----+-----+------------+---------------+--------------+
|s_axi_control_AWVALID  |   in|    1|       s_axi|        control|         array|
|s_axi_control_AWREADY  |  out|    1|       s_axi|        control|         array|
|s_axi_control_AWADDR   |   in|    7|       s_axi|        control|         array|
|s_axi_control_WVALID   |   in|    1|       s_axi|        control|         array|
|s_axi_control_WREADY   |  out|    1|       s_axi|        control|         array|
|s_axi_control_WDATA    |   in|   32|       s_axi|        control|         array|
|s_axi_control_WSTRB    |   in|    4|       s_axi|        control|         array|
|s_axi_control_ARVALID  |   in|    1|       s_axi|        control|         array|
|s_axi_control_ARREADY  |  out|    1|       s_axi|        control|         array|
|s_axi_control_ARADDR   |   in|    7|       s_axi|        control|         array|
|s_axi_control_RVALID   |  out|    1|       s_axi|        control|         array|
|s_axi_control_RREADY   |   in|    1|       s_axi|        control|         array|
|s_axi_control_RDATA    |  out|   32|       s_axi|        control|         array|
|s_axi_control_RRESP    |  out|    2|       s_axi|        control|         array|
|s_axi_control_BVALID   |  out|    1|       s_axi|        control|         array|
|s_axi_control_BREADY   |   in|    1|       s_axi|        control|         array|
|s_axi_control_BRESP    |  out|    2|       s_axi|        control|         array|
|ap_clk                 |   in|    1|  ap_ctrl_hs|  fir_multiband|  return value|
|ap_rst_n               |   in|    1|  ap_ctrl_hs|  fir_multiband|  return value|
|interrupt              |  out|    1|  ap_ctrl_hs|  fir_multiband|  return value|
|m_axi_gmem_AWVALID     |  out|    1|       m_axi|           gmem|       pointer|
|m_axi_gmem_AWREADY     |   in|    1|       m_axi|           gmem|       pointer|
|m_axi_gmem_AWADDR      |  out|   64|       m_axi|           gmem|       pointer|
|m_axi_gmem_AWID        |  out|    1|       m_axi|           gmem|       pointer|
|m_axi_gmem_AWLEN       |  out|    8|       m_axi|           gmem|       pointer|
|m_axi_gmem_AWSIZE      |  out|    3|       m_axi|           gmem|       pointer|
|m_axi_gmem_AWBURST     |  out|    2|       m_axi|           gmem|       pointer|
|m_axi_gmem_AWLOCK      |  out|    2|       m_axi|           gmem|       pointer|
|m_axi_gmem_AWCACHE     |  out|    4|       m_axi|           gmem|       pointer|
|m_axi_gmem_AWPROT      |  out|    3|       m_axi|           gmem|       pointer|
|m_axi_gmem_AWQOS       |  out|    4|       m_axi|           gmem|       pointer|
|m_axi_gmem_AWREGION    |  out|    4|       m_axi|           gmem|       pointer|
|m_axi_gmem_AWUSER      |  out|    1|       m_axi|           gmem|       pointer|
|m_axi_gmem_WVALID      |  out|    1|       m_axi|           gmem|       pointer|
|m_axi_gmem_WREADY      |   in|    1|       m_axi|           gmem|       pointer|
|m_axi_gmem_WDATA       |  out|   32|       m_axi|           gmem|       pointer|
|m_axi_gmem_WSTRB       |  out|    4|       m_axi|           gmem|       pointer|
|m_axi_gmem_WLAST       |  out|    1|       m_axi|           gmem|       pointer|
|m_axi_gmem_WID         |  out|    1|       m_axi|           gmem|       pointer|
|m_axi_gmem_WUSER       |  out|    1|       m_axi|           gmem|       pointer|
|m_axi_gmem_ARVALID     |  out|    1|       m_axi|           gmem|       pointer|
|m_axi_gmem_ARREADY     |   in|    1|       m_axi|           gmem|       pointer|
|m_axi_gmem_ARADDR      |  out|   64|       m_axi|           gmem|       pointer|
|m_axi_gmem_ARID        |  out|    1|       m_axi|           gmem|       pointer|
|m_axi_gmem_ARLEN       |  out|    8|       m_axi|           gmem|       pointer|
|m_axi_gmem_ARSIZE      |  out|    3|       m_axi|           gmem|       pointer|
|m_axi_gmem_ARBURST     |  out|    2|       m_axi|           gmem|       pointer|
|m_axi_gmem_ARLOCK      |  out|    2|       m_axi|           gmem|       pointer|
|m_axi_gmem_ARCACHE     |  out|    4|       m_axi|           gmem|       pointer|
|m_axi_gmem_ARPROT      |  out|    3|       m_axi|           gmem|       pointer|
|m_axi_gmem_ARQOS       |  out|    4|       m_axi|           gmem|       pointer|
|m_axi_gmem_ARREGION    |  out|    4|       m_axi|           gmem|       pointer|
|m_axi_gmem_ARUSER      |  out|    1|       m_axi|           gmem|       pointer|
|m_axi_gmem_RVALID      |   in|    1|       m_axi|           gmem|       pointer|
|m_axi_gmem_RREADY      |  out|    1|       m_axi|           gmem|       pointer|
|m_axi_gmem_RDATA       |   in|   32|       m_axi|           gmem|       pointer|
|m_axi_gmem_RLAST       |   in|    1|       m_axi|           gmem|       pointer|
|m_axi_gmem_RID         |   in|    1|       m_axi|           gmem|       pointer|
|m_axi_gmem_RUSER       |   in|    1|       m_axi|           gmem|       pointer|
|m_axi_gmem_RRESP       |   in|    2|       m_axi|           gmem|       pointer|
|m_axi_gmem_BVALID      |   in|    1|       m_axi|           gmem|       pointer|
|m_axi_gmem_BREADY      |  out|    1|       m_axi|           gmem|       pointer|
|m_axi_gmem_BRESP       |   in|    2|       m_axi|           gmem|       pointer|
|m_axi_gmem_BID         |   in|    1|       m_axi|           gmem|       pointer|
|m_axi_gmem_BUSER       |   in|    1|       m_axi|           gmem|       pointer|
+-----------------------+-----+-----+------------+---------------+--------------+

