

================================================================
== Vitis HLS Report for 'fir_multiband'
================================================================
* Date:           Fri Oct  9 21:21:03 2026

* Version:        2020.2 (Build 3064766 on Wed Nov 18 09:12:45 MST 2020)
* Project:        synth_proj
* Solution:       solution1 (Vivado IP Flow Target)
* Product family: zynq
* Target device:  xc7z020-clg400-1


================================================================
== Performance Estimates
================================================================
+ Timing: 
    * Summary: 
    +--------+----------+----------+------------+
    |  Clock |  Target  | Estimated| Uncertainty|
    +--------+----------+----------+------------+
    |ap_clk  |  10.00 ns|  7.300 ns|     2.70 ns|
    +--------+----------+----------+------------+

+ Latency: 
    * Summary: 
    +---------+---------+----------+----------+-----+-----+---------+
    |  Latency (cycles) |  Latency (absolute) |  Interval | Pipeline|
    |   min   |   max   |    min   |    max   | min | max |   Type  |
    +---------+---------+----------+----------+-----+-----+---------+
    |        ?|        ?|         ?|         ?|    ?|    ?|     none|
    +---------+---------+----------+----------+-----+-----+---------+

    + Detail: 
        * Instance: 
        N/A

        * Loop: 
        +----------------------+---------+---------+----------+-----------+-----------+------+----------+
        |                      |  Latency (cycles) | Iteration|  Initiation Interval  | Trip |          |
        |       Loop Name      |   min   |   max   |  Latency |  achieved |   target  | Count| Pipelined|
        +----------------------+---------+---------+----------+-----------+-----------+------+----------+
        |- VITIS_LOOP_270_3    |        ?|        ?|        31|          -|          -|     ?|        no|
        | + VITIS_LOOP_324_5   |       11|       11|        10|          1|          1|     3|       yes|
        | + VITIS_LOOP_399_10  |       12|       12|        10|          1|          1|     4|       yes|
        +----------------------+---------+---------+----------+-----------+-----------+------+----------+



================================================================
== Utilization Estimates
================================================================
* Summary: 
+-----------------+---------+-----+--------+-------+-----+
|       Name      | BRAM_18K| DSP |   FF   |  LUT  | URAM|
+-----------------+---------+-----+--------+-------+-----+
|DSP              |        -|  195|       -|      -|    -|
|Expression       |        -|    -|       0|   6252|    -|
|FIFO             |        -|    -|       -|      -|    -|
|Instance         |        6|    2|    1321|   1496|    -|
|Memory           |      194|    -|       0|      0|    -|
|Multiplexer      |        -|    -|       -|   2053|    -|
|Register         |        -|    -|   12357|    224|    -|
+-----------------+---------+-----+--------+-------+-----+
|Total            |      200|  197|   13678|  10025|    0|
+-----------------+---------+-----+--------+-------+-----+
|Available        |      280|  220|  106400|  53200|    0|
+-----------------+---------+-----+--------+-------+-----+
|Utilization (%)  |       71|   89|      12|     18|    0|
+-----------------+---------+-----+--------+-------+-----+

+ Detail: 
    * Instance: 
    +-----------------------+--------------------+---------+----+-----+-----+-----+
    |        Instance       |       Module       | BRAM_18K| DSP|  FF | LUT | URAM|
    +-----------------------+--------------------+---------+----+-----+-----+-----+
    |control_s_axi_U        |control_s_axi       |        4|   0|  450|  628|    0|
    |gmem_m_axi_U           |gmem_m_axi          |        2|   0|  537|  677|    0|
    |mul_25s_24s_49_1_1_U4  |mul_25s_24s_49_1_1  |        0|   1|    0|   47|    0|
    |mul_49s_24s_72_5_1_U5  |mul_49s_24s_72_5_1  |        0|   1|  334|   84|    0|
    |mux_42_24_1_1_U2       |mux_42_24_1_1       |        0|   0|    0|   20|    0|
    |mux_42_24_1_1_U3       |mux_42_24_1_1       |        0|   0|    0|   20|    0|
    |mux_42_40_1_1_U1       |mux_42_40_1_1       |        0|   0|    0|   20|    0|
    +-----------------------+--------------------+---------+----+-----+-----+-----+
    |Total                  |                    |        6|   2| 1321| 1496|    0|
    +-----------------------+--------------------+---------+----+-----+-----+-----+

    * DSP: 
    +------------------------------------+-------------------------------+--------------+
    |              Instance              |             Module            |  Expression  |
    +------------------------------------+-------------------------------+--------------+
    |mac_muladd_15s_16s_31s_31_4_1_U73   |mac_muladd_15s_16s_31s_31_4_1  |  i0 + i1 * i2|
    |mac_muladd_15s_16s_31s_31_4_1_U74   |mac_muladd_15s_16s_31s_31_4_1  |  i0 + i1 * i2|
    |mac_muladd_15s_16s_31s_31_4_1_U75   |mac_muladd_15s_16s_31s_31_4_1  |  i0 + i1 * i2|
    |mac_muladd_15s_16s_31s_31_4_1_U76   |mac_muladd_15s_16s_31s_31_4_1  |  i0 + i1 * i2|
    |mac_muladd_15s_16s_31s_31_4_1_U77   |mac_muladd_15s_16s_31s_31_4_1  |  i0 + i1 * i2|
    |mac_muladd_15s_16s_31s_31_4_1_U78   |mac_muladd_15s_16s_31s_31_4_1  |  i0 + i1 * i2|
    |mac_muladd_15s_16s_31s_31_4_1_U79   |mac_muladd_15s_16s_31s_31_4_1  |  i0 + i1 * i2|
    |mac_muladd_15s_16s_31s_31_4_1_U80   |mac_muladd_15s_16s_31s_31_4_1  |  i0 + i1 * i2|
    |mac_muladd_15s_16s_31s_31_4_1_U81   |mac_muladd_15s_16s_31s_31_4_1  |  i0 + i1 * i2|
    |mac_muladd_15s_16s_31s_31_4_1_U82   |mac_muladd_15s_16s_31s_31_4_1  |  i0 + i1 * i2|
    |mac_muladd_15s_16s_31s_31_4_1_U83   |mac_muladd_15s_16s_31s_31_4_1  |  i0 + i1 * i2|
    |mac_muladd_15s_16s_31s_31_4_1_U84   |mac_muladd_15s_16s_31s_31_4_1  |  i0 + i1 * i2|
    |mac_muladd_15s_16s_31s_31_4_1_U85   |mac_muladd_15s_16s_31s_31_4_1  |  i0 + i1 * i2|
    |mac_muladd_15s_16s_31s_31_4_1_U86   |mac_muladd_15s_16s_31s_31_4_1  |  i0 + i1 * i2|
    |mac_muladd_15s_16s_31s_31_4_1_U87   |mac_muladd_15s_16s_31s_31_4_1  |  i0 + i1 * i2|
    |mac_muladd_15s_16s_31s_31_4_1_U88   |mac_muladd_15s_16s_31s_31_4_1  |  i0 + i1 * i2|
    |mac_muladd_15s_16s_31s_31_4_1_U89   |mac_muladd_15s_16s_31s_31_4_1  |  i0 + i1 * i2|
    |mac_muladd_15s_16s_31s_31_4_1_U90   |mac_muladd_15s_16s_31s_31_4_1  |  i0 + i1 * i2|
    |mac_muladd_15s_16s_31s_31_4_1_U91   |mac_muladd_15s_16s_31s_31_4_1  |  i0 + i1 * i2|
    |mac_muladd_15s_16s_31s_31_4_1_U92   |mac_muladd_15s_16s_31s_31_4_1  |  i0 + i1 * i2|
    |mac_muladd_15s_16s_31s_31_4_1_U93   |mac_muladd_15s_16s_31s_31_4_1  |  i0 + i1 * i2|
    |mac_muladd_15s_16s_31s_31_4_1_U94   |mac_muladd_15s_16s_31s_31_4_1  |  i0 + i1 * i2|
    |mac_muladd_15s_16s_31s_31_4_1_U95   |mac_muladd_15s_16s_31s_31_4_1  |  i0 + i1 * i2|
    |mac_muladd_15s_16s_31s_31_4_1_U96   |mac_muladd_15s_16s_31s_31_4_1  |  i0 + i1 * i2|
    |mac_muladd_15s_16s_31s_31_4_1_U97   |mac_muladd_15s_16s_31s_31_4_1  |  i0 + i1 * i2|
    |mac_muladd_15s_16s_31s_31_4_1_U98   |mac_muladd_15s_16s_31s_31_4_1  |  i0 + i1 * i2|
    |mac_muladd_15s_16s_31s_31_4_1_U99   |mac_muladd_15s_16s_31s_31_4_1  |  i0 + i1 * i2|
    |mac_muladd_15s_16s_31s_31_4_1_U100  |mac_muladd_15s_16s_31s_31_4_1  |  i0 + i1 * i2|
    |mac_muladd_15s_16s_31s_31_4_1_U101  |mac_muladd_15s_16s_31s_31_4_1  |  i0 + i1 * i2|
    |mac_muladd_15s_16s_31s_31_4_1_U102  |mac_muladd_15s_16s_31s_31_4_1  |  i0 + i1 * i2|
    |mac_muladd_15s_16s_31s_31_4_1_U103  |mac_muladd_15s_16s_31s_31_4_1  |  i0 + i1 * i2|
    |mac_muladd_15s_16s_31s_31_4_1_U104  |mac_muladd_15s_16s_31s_31_4_1  |  i0 + i1 * i2|
    |mac_muladd_15s_16s_31s_31_4_1_U105  |mac_muladd_15s_16s_31s_31_4_1  |  i0 + i1 * i2|
    |mac_muladd_15s_16s_31s_31_4_1_U106  |mac_muladd_15s_16s_31s_31_4_1  |  i0 + i1 * i2|
    |mac_muladd_15s_16s_31s_31_4_1_U107  |mac_muladd_15s_16s_31s_31_4_1  |  i0 + i1 * i2|
    |mac_muladd_15s_16s_31s_31_4_1_U108  |mac_muladd_15s_16s_31s_31_4_1  |  i0 + i1 * i2|
    |mac_muladd_15s_16s_31s_31_4_1_U109  |mac_muladd_15s_16s_31s_31_4_1  |  i0 + i1 * i2|
    |mac_muladd_15s_16s_31s_31_4_1_U110  |mac_muladd_15s_16s_31s_31_4_1  |  i0 + i1 * i2|
    |mac_muladd_15s_16s_31s_31_4_1_U111  |mac_muladd_15s_16s_31s_31_4_1  |  i0 + i1 * i2|
    |mac_muladd_15s_16s_31s_31_4_1_U112  |mac_muladd_15s_16s_31s_31_4_1  |  i0 + i1 * i2|
    |mac_muladd_15s_16s_31s_31_4_1_U113  |mac_muladd_15s_16s_31s_31_4_1  |  i0 + i1 * i2|
    |mac_muladd_15s_16s_31s_31_4_1_U114  |mac_muladd_15s_16s_31s_31_4_1  |  i0 + i1 * i2|
    |mac_muladd_15s_16s_31s_31_4_1_U115  |mac_muladd_15s_16s_31s_31_4_1  |  i0 + i1 * i2|
    |mac_muladd_15s_16s_31s_31_4_1_U116  |mac_muladd_15s_16s_31s_31_4_1  |  i0 + i1 * i2|
    |mac_muladd_15s_16s_31s_31_4_1_U117  |mac_muladd_15s_16s_31s_31_4_1  |  i0 + i1 * i2|
    |mac_muladd_15s_16s_31s_31_4_1_U118  |mac_muladd_15s_16s_31s_31_4_1  |  i0 + i1 * i2|
    |mac_muladd_15s_16s_31s_31_4_1_U119  |mac_muladd_15s_16s_31s_31_4_1  |  i0 + i1 * i2|
    |mac_muladd_15s_16s_31s_31_4_1_U120  |mac_muladd_15s_16s_31s_31_4_1  |  i0 + i1 * i2|
    |mac_muladd_15s_16s_31s_31_4_1_U121  |mac_muladd_15s_16s_31s_31_4_1  |  i0 + i1 * i2|
    |mac_muladd_15s_16s_31s_31_4_1_U122  |mac_muladd_15s_16s_31s_31_4_1  |  i0 + i1 * i2|
    |mac_muladd_15s_16s_31s_31_4_1_U123  |mac_muladd_15s_16s_31s_31_4_1  |  i0 + i1 * i2|
    |mac_muladd_15s_16s_31s_31_4_1_U124  |mac_muladd_15s_16s_31s_31_4_1  |  i0 + i1 * i2|
    |mac_muladd_15s_16s_31s_31_4_1_U125  |mac_muladd_15s_16s_31s_31_4_1  |  i0 + i1 * i2|
    |mac_muladd_15s_16s_31s_31_4_1_U126  |mac_muladd_15s_16s_31s_31_4_1  |  i0 + i1 * i2|
    |mac_muladd_15s_16s_31s_31_4_1_U127  |mac_muladd_15s_16s_31s_31_4_1  |  i0 + i1 * i2|
    |mac_muladd_15s_16s_31s_31_4_1_U128  |mac_muladd_15s_16s_31s_31_4_1  |  i0 + i1 * i2|
    |mac_muladd_15s_16s_31s_31_4_1_U129  |mac_muladd_15s_16s_31s_31_4_1  |  i0 + i1 * i2|
    |mac_muladd_15s_16s_31s_31_4_1_U130  |mac_muladd_15s_16s_31s_31_4_1  |  i0 + i1 * i2|
    |mac_muladd_15s_16s_31s_31_4_1_U131  |mac_muladd_15s_16s_31s_31_4_1  |  i0 + i1 * i2|
    |mac_muladd_15s_16s_31s_31_4_1_U132  |mac_muladd_15s_16s_31s_31_4_1  |  i0 + i1 * i2|
    |mac_muladd_15s_16s_31s_31_4_1_U133  |mac_muladd_15s_16s_31s_31_4_1  |  i0 + i1 * i2|
    |mac_muladd_15s_16s_31s_31_4_1_U134  |mac_muladd_15s_16s_31s_31_4_1  |  i0 + i1 * i2|
    |mac_muladd_15s_16s_31s_31_4_1_U135  |mac_muladd_15s_16s_31s_31_4_1  |  i0 + i1 * i2|
    |mac_muladd_15s_16s_31s_31_4_1_U136  |mac_muladd_15s_16s_31s_31_4_1  |  i0 + i1 * i2|
    |mac_muladd_15s_16s_31s_31_4_1_U137  |mac_muladd_15s_16s_31s_31_4_1  |  i0 + i1 * i2|
    |mac_muladd_15s_16s_31s_31_4_1_U138  |mac_muladd_15s_16s_31s_31_4_1  |  i0 + i1 * i2|
    |mac_muladd_15s_16s_31s_31_4_1_U139  |mac_muladd_15s_16s_31s_31_4_1  |  i0 + i1 * i2|
    |mac_muladd_15s_16s_31s_32_4_1_U140  |mac_muladd_15s_16s_31s_32_4_1  |  i0 + i1 * i2|
    |mac_muladd_15s_16s_31s_32_4_1_U141  |mac_muladd_15s_16s_31s_32_4_1  |  i0 + i1 * i2|
    |mac_muladd_15s_16s_31s_32_4_1_U142  |mac_muladd_15s_16s_31s_32_4_1  |  i0 + i1 * i2|
    |mac_muladd_15s_16s_31s_32_4_1_U143  |mac_muladd_15s_16s_31s_32_4_1  |  i0 + i1 * i2|
    |mac_muladd_15s_16s_31s_32_4_1_U144  |mac_muladd_15s_16s_31s_32_4_1  |  i0 + i1 * i2|
    |mac_muladd_15s_16s_31s_32_4_1_U145  |mac_muladd_15s_16s_31s_32_4_1  |  i0 + i1 * i2|
    |mac_muladd_15s_16s_31s_32_4_1_U146  |mac_muladd_15s_16s_31s_32_4_1  |  i0 + i1 * i2|
    |mac_muladd_15s_16s_31s_32_4_1_U147  |mac_muladd_15s_16s_31s_32_4_1  |  i0 + i1 * i2|
    |mac_muladd_15s_16s_31s_32_4_1_U148  |mac_muladd_15s_16s_31s_32_4_1  |  i0 + i1 * i2|
    |mac_muladd_15s_16s_31s_32_4_1_U149  |mac_muladd_15s_16s_31s_32_4_1  |  i0 + i1 * i2|
    |mac_muladd_15s_16s_31s_32_4_1_U150  |mac_muladd_15s_16s_31s_32_4_1  |  i0 + i1 * i2|
    |mac_muladd_15s_16s_31s_32_4_1_U151  |mac_muladd_15s_16s_31s_32_4_1  |  i0 + i1 * i2|
    |mac_muladd_15s_16s_31s_32_4_1_U152  |mac_muladd_15s_16s_31s_32_4_1  |  i0 + i1 * i2|
    |mac_muladd_15s_16s_31s_32_4_1_U153  |mac_muladd_15s_16s_31s_32_4_1  |  i0 + i1 * i2|
    |mac_muladd_15s_16s_31s_32_4_1_U154  |mac_muladd_15s_16s_31s_32_4_1  |  i0 + i1 * i2|
    |mac_muladd_15s_16s_31s_32_4_1_U155  |mac_muladd_15s_16s_31s_32_4_1  |  i0 + i1 * i2|
    |mac_muladd_15s_16s_31s_32_4_1_U156  |mac_muladd_15s_16s_31s_32_4_1  |  i0 + i1 * i2|
    |mac_muladd_15s_16s_31s_32_4_1_U157  |mac_muladd_15s_16s_31s_32_4_1  |  i0 + i1 * i2|
    |mac_muladd_15s_16s_31s_32_4_1_U158  |mac_muladd_15s_16s_31s_32_4_1  |  i0 + i1 * i2|
    |mac_muladd_15s_16s_31s_32_4_1_U159  |mac_muladd_15s_16s_31s_32_4_1  |  i0 + i1 * i2|
    |mac_muladd_15s_16s_31s_32_4_1_U160  |mac_muladd_15s_16s_31s_32_4_1  |  i0 + i1 * i2|
    |mac_muladd_15s_16s_31s_32_4_1_U161  |mac_muladd_15s_16s_31s_32_4_1  |  i0 + i1 * i2|
    |mac_muladd_15s_16s_31s_32_4_1_U162  |mac_muladd_15s_16s_31s_32_4_1  |  i0 + i1 * i2|
    |mac_muladd_15s_16s_31s_32_4_1_U163  |mac_muladd_15s_16s_31s_32_4_1  |  i0 + i1 * i2|
    |mac_muladd_15s_16s_31s_32_4_1_U164  |mac_muladd_15s_16s_31s_32_4_1  |  i0 + i1 * i2|
    |mac_muladd_15s_16s_31s_32_4_1_U165  |mac_muladd_15s_16s_31s_32_4_1  |  i0 + i1 * i2|
    |mac_muladd_15s_16s_31s_32_4_1_U166  |mac_muladd_15s_16s_31s_32_4_1  |  i0 + i1 * i2|
    |mac_muladd_15s_16s_31s_32_4_1_U167  |mac_muladd_15s_16s_31s_32_4_1  |  i0 + i1 * i2|
    |mac_muladd_15s_16s_31s_32_4_1_U168  |mac_muladd_15s_16s_31s_32_4_1  |  i0 + i1 * i2|
    |mac_muladd_15s_16s_31s_32_4_1_U169  |mac_muladd_15s_16s_31s_32_4_1  |  i0 + i1 * i2|
    |mac_muladd_15s_16s_31s_32_4_1_U170  |mac_muladd_15s_16s_31s_32_4_1  |  i0 + i1 * i2|
    |mac_muladd_15s_16s_31s_32_4_1_U171  |mac_muladd_15s_16s_31s_32_4_1  |  i0 + i1 * i2|
    |mac_muladd_15s_16s_31s_32_4_1_U172  |mac_muladd_15s_16s_31s_32_4_1  |  i0 + i1 * i2|
    |mac_muladd_15s_16s_31s_32_4_1_U173  |mac_muladd_15s_16s_31s_32_4_1  |  i0 + i1 * i2|
    |mac_muladd_15s_16s_31s_32_4_1_U174  |mac_muladd_15s_16s_31s_32_4_1  |  i0 + i1 * i2|
    |mac_muladd_15s_16s_31s_32_4_1_U175  |mac_muladd_15s_16s_31s_32_4_1  |  i0 + i1 * i2|
    |mac_muladd_15s_16s_31s_32_4_1_U176  |mac_muladd_15s_16s_31s_32_4_1  |  i0 + i1 * i2|
    |mac_muladd_15s_16s_31s_32_4_1_U177  |mac_muladd_15s_16s_31s_32_4_1  |  i0 + i1 * i2|
    |mac_muladd_15s_16s_31s_32_4_1_U178  |mac_muladd_15s_16s_31s_32_4_1  |  i0 + i1 * i2|
    |mac_muladd_15s_16s_31s_32_4_1_U179  |mac_muladd_15s_16s_31s_32_4_1  |  i0 + i1 * i2|
    |mac_muladd_15s_16s_31s_32_4_1_U180  |mac_muladd_15s_16s_31s_32_4_1  |  i0 + i1 * i2|
    |mac_muladd_15s_16s_31s_32_4_1_U181  |mac_muladd_15s_16s_31s_32_4_1  |  i0 + i1 * i2|
    |mac_muladd_15s_16s_31s_32_4_1_U182  |mac_muladd_15s_16s_31s_32_4_1  |  i0 + i1 * i2|
    |mac_muladd_15s_16s_31s_32_4_1_U183  |mac_muladd_15s_16s_31s_32_4_1  |  i0 + i1 * i2|
    |mac_muladd_15s_16s_31s_32_4_1_U184  |mac_muladd_15s_16s_31s_32_4_1  |  i0 + i1 * i2|
    |mac_muladd_15s_16s_31s_32_4_1_U185  |mac_muladd_15s_16s_31s_32_4_1  |  i0 + i1 * i2|
    |mac_muladd_15s_16s_31s_32_4_1_U186  |mac_muladd_15s_16s_31s_32_4_1  |  i0 + i1 * i2|
    |mac_muladd_15s_16s_31s_32_4_1_U187  |mac_muladd_15s_16s_31s_32_4_1  |  i0 + i1 * i2|
    |mac_muladd_15s_16s_31s_32_4_1_U188  |mac_muladd_15s_16s_31s_32_4_1  |  i0 + i1 * i2|
    |mac_muladd_15s_16s_31s_32_4_1_U189  |mac_muladd_15s_16s_31s_32_4_1  |  i0 + i1 * i2|
    |mac_muladd_15s_16s_31s_32_4_1_U190  |mac_muladd_15s_16s_31s_32_4_1  |  i0 + i1 * i2|
    |mac_muladd_15s_16s_31s_32_4_1_U191  |mac_muladd_15s_16s_31s_32_4_1  |  i0 + i1 * i2|
    |mac_muladd_15s_16s_31s_32_4_1_U192  |mac_muladd_15s_16s_31s_32_4_1  |  i0 + i1 * i2|
    |mac_muladd_15s_16s_31s_32_4_1_U193  |mac_muladd_15s_16s_31s_32_4_1  |  i0 + i1 * i2|
    |mac_muladd_15s_16s_31s_32_4_1_U194  |mac_muladd_15s_16s_31s_32_4_1  |  i0 + i1 * i2|
    |mac_muladd_15s_16s_31s_32_4_1_U195  |mac_muladd_15s_16s_31s_32_4_1  |  i0 + i1 * i2|
    |mac_muladd_15s_16s_31s_32_4_1_U196  |mac_muladd_15s_16s_31s_32_4_1  |  i0 + i1 * i2|
    |mac_muladd_15s_16s_31s_32_4_1_U197  |mac_muladd_15s_16s_31s_32_4_1  |  i0 + i1 * i2|
    |mac_muladd_15s_16s_31s_32_4_1_U198  |mac_muladd_15s_16s_31s_32_4_1  |  i0 + i1 * i2|
    |mac_muladd_15s_16s_31s_32_4_1_U199  |mac_muladd_15s_16s_31s_32_4_1  |  i0 + i1 * i2|
    |mac_muladd_15s_16s_31s_32_4_1_U200  |mac_muladd_15s_16s_31s_32_4_1  |  i0 + i1 * i2|
    |mul_mul_15s_16s_31_4_1_U6           |mul_mul_15s_16s_31_4_1         |       i0 * i1|
    |mul_mul_15s_16s_31_4_1_U7           |mul_mul_15s_16s_31_4_1         |       i0 * i1|
    |mul_mul_15s_16s_31_4_1_U8           |mul_mul_15s_16s_31_4_1         |       i0 * i1|
    |mul_mul_15s_16s_31_4_1_U9           |mul_mul_15s_16s_31_4_1         |       i0 * i1|
    |mul_mul_15s_16s_31_4_1_U10          |mul_mul_15s_16s_31_4_1         |       i0 * i1|
    |mul_mul_15s_16s_31_4_1_U11          |mul_mul_15s_16s_31_4_1         |       i0 * i1|
    |mul_mul_15s_16s_31_4_1_U12          |mul_mul_15s_16s_31_4_1         |       i0 * i1|
    |mul_mul_15s_16s_31_4_1_U13          |mul_mul_15s_16s_31_4_1         |       i0 * i1|
    |mul_mul_15s_16s_31_4_1_U14          |mul_mul_15s_16s_31_4_1         |       i0 * i1|
    |mul_mul_15s_16s_31_4_1_U15          |mul_mul_15s_16s_31_4_1         |       i0 * i1|
    |mul_mul_15s_16s_31_4_1_U16          |mul_mul_15s_16s_31_4_1         |       i0 * i1|
    |mul_mul_15s_16s_31_4_1_U17          |mul_mul_15s_16s_31_4_1         |       i0 * i1|
    |mul_mul_15s_16s_31_4_1_U18          |mul_mul_15s_16s_31_4_1         |       i0 * i1|
    |mul_mul_15s_16s_31_4_1_U19          |mul_mul_15s_16s_31_4_1         |       i0 * i1|
    |mul_mul_15s_16s_31_4_1_U20          |mul_mul_15s_16s_31_4_1         |       i0 * i1|
    |mul_mul_15s_16s_31_4_1_U21          |mul_mul_15s_16s_31_4_1         |       i0 * i1|
    |mul_mul_15s_16s_31_4_1_U22          |mul_mul_15s_16s_31_4_1         |       i0 * i1|
    |mul_mul_15s_16s_31_4_1_U23          |mul_mul_15s_16s_31_4_1         |       i0 * i1|
    |mul_mul_15s_16s_31_4_1_U24          |mul_mul_15s_16s_31_4_1         |       i0 * i1|
    |mul_mul_15s_16s_31_4_1_U25          |mul_mul_15s_16s_31_4_1         |       i0 * i1|
    |mul_mul_15s_16s_31_4_1_U26          |mul_mul_15s_16s_31_4_1         |       i0 * i1|
    |mul_mul_15s_16s_31_4_1_U27          |mul_mul_15s_16s_31_4_1         |       i0 * i1|
    |mul_mul_15s_16s_31_4_1_U28          |mul_mul_15s_16s_31_4_1         |       i0 * i1|
    |mul_mul_15s_16s_31_4_1_U29          |mul_mul_15s_16s_31_4_1         |       i0 * i1|
    |mul_mul_15s_16s_31_4_1_U30          |mul_mul_15s_16s_31_4_1         |       i0 * i1|
    |mul_mul_15s_16s_31_4_1_U31          |mul_mul_15s_16s_31_4_1         |       i0 * i1|
    |mul_mul_15s_16s_31_4_1_U32          |mul_mul_15s_16s_31_4_1         |       i0 * i1|
    |mul_mul_15s_16s_31_4_1_U33          |mul_mul_15s_16s_31_4_1         |       i0 * i1|
    |mul_mul_15s_16s_31_4_1_U34          |mul_mul_15s_16s_31_4_1         |       i0 * i1|
    |mul_mul_15s_16s_31_4_1_U35          |mul_mul_15s_16s_31_4_1         |       i0 * i1|
    |mul_mul_15s_16s_31_4_1_U36          |mul_mul_15s_16s_31_4_1         |       i0 * i1|
    |mul_mul_15s_16s_31_4_1_U37          |mul_mul_15s_16s_31_4_1         |       i0 * i1|
    |mul_mul_15s_16s_31_4_1_U38          |mul_mul_15s_16s_31_4_1         |       i0 * i1|
    |mul_mul_15s_16s_31_4_1_U39          |mul_mul_15s_16s_31_4_1         |       i0 * i1|
    |mul_mul_15s_16s_31_4_1_U40          |mul_mul_15s_16s_31_4_1         |       i0 * i1|
    |mul_mul_15s_16s_31_4_1_U41          |mul_mul_15s_16s_31_4_1         |       i0 * i1|
    |mul_mul_15s_16s_31_4_1_U42          |mul_mul_15s_16s_31_4_1         |       i0 * i1|
    |mul_mul_15s_16s_31_4_1_U43          |mul_mul_15s_16s_31_4_1         |       i0 * i1|
    |mul_mul_15s_16s_31_4_1_U44          |mul_mul_15s_16s_31_4_1         |       i0 * i1|
    |mul_mul_15s_16s_31_4_1_U45          |mul_mul_15s_16s_31_4_1         |       i0 * i1|
    |mul_mul_15s_16s_31_4_1_U46          |mul_mul_15s_16s_31_4_1         |       i0 * i1|
    |mul_mul_15s_16s_31_4_1_U47          |mul_mul_15s_16s_31_4_1         |       i0 * i1|
    |mul_mul_15s_16s_31_4_1_U48          |mul_mul_15s_16s_31_4_1         |       i0 * i1|
    |mul_mul_15s_16s_31_4_1_U49          |mul_mul_15s_16s_31_4_1         |       i0 * i1|
    |mul_mul_15s_16s_31_4_1_U50          |mul_mul_15s_16s_31_4_1         |       i0 * i1|
    |mul_mul_15s_16s_31_4_1_U51          |mul_mul_15s_16s_31_4_1         |       i0 * i1|
    |mul_mul_15s_16s_31_4_1_U52          |mul_mul_15s_16s_31_4_1         |       i0 * i1|
    |mul_mul_15s_16s_31_4_1_U53          |mul_mul_15s_16s_31_4_1         |       i0 * i1|
    |mul_mul_15s_16s_31_4_1_U54          |mul_mul_15s_16s_31_4_1         |       i0 * i1|
    |mul_mul_15s_16s_31_4_1_U55          |mul_mul_15s_16s_31_4_1         |       i0 * i1|
    |mul_mul_15s_16s_31_4_1_U56          |mul_mul_15s_16s_31_4_1         |       i0 * i1|
    |mul_mul_15s_16s_31_4_1_U57          |mul_mul_15s_16s_31_4_1         |       i0 * i1|
    |mul_mul_15s_16s_31_4_1_U58          |mul_mul_15s_16s_31_4_1         |       i0 * i1|
    |mul_mul_15s_16s_31_4_1_U59          |mul_mul_15s_16s_31_4_1         |       i0 * i1|
    |mul_mul_15s_16s_31_4_1_U60          |mul_mul_15s_16s_31_4_1         |       i0 * i1|
    |mul_mul_15s_16s_31_4_1_U61          |mul_mul_15s_16s_31_4_1         |       i0 * i1|
    |mul_mul_15s_16s_31_4_1_U62          |mul_mul_15s_16s_31_4_1         |       i0 * i1|
    |mul_mul_15s_16s_31_4_1_U63          |mul_mul_15s_16s_31_4_1         |       i0 * i1|
    |mul_mul_15s_16s_31_4_1_U64          |mul_mul_15s_16s_31_4_1         |       i0 * i1|
    |mul_mul_15s_16s_31_4_1_U65          |mul_mul_15s_16s_31_4_1         |       i0 * i1|
    |mul_mul_15s_16s_31_4_1_U66          |mul_mul_15s_16s_31_4_1         |       i0 * i1|
    |mul_mul_15s_16s_31_4_1_U67          |mul_mul_15s_16s_31_4_1         |       i0 * i1|
    |mul_mul_15s_16s_31_4_1_U68          |mul_mul_15s_16s_31_4_1         |       i0 * i1|
    |mul_mul_15s_16s_31_4_1_U69          |mul_mul_15s_16s_31_4_1         |       i0 * i1|
    |mul_mul_15s_16s_31_4_1_U70          |mul_mul_15s_16s_31_4_1         |       i0 * i1|
    |mul_mul_15s_16s_31_4_1_U71          |mul_mul_15s_16s_31_4_1         |       i0 * i1|
    |mul_mul_15s_16s_31_4_1_U72          |mul_mul_15s_16s_31_4_1         |       i0 * i1|
    +------------------------------------+-------------------------------+--------------+

    * Memory: 
    +------------+----------+---------+---+----+-----+------+-----+------+-------------+
    |   Memory   |  Module  | BRAM_18K| FF| LUT| URAM| Words| Bits| Banks| W*Bits*Banks|
    +------------+----------+---------+---+----+-----+------+-----+------+-------------+
    |FIR_LP_V_U  |FIR_LP_V  |      194|  0|   0|    0|   585|   15|     1|         8775|
    +------------+----------+---------+---+----+-----+------+-----+------+-------------+
    |Total       |          |      194|  0|   0|    0|   585|   15|     1|         8775|
    +------------+----------+---------+---+----+-----+------+-----+------+-------------+

    * FIFO: 
    N/A

    * Expression: 
    +----------------------------+----------+----+---+----+------------+------------+
    |        Variable Name       | Operation| DSP| FF| LUT| Bitwidth P0| Bitwidth P1|
    +----------------------------+----------+----+---+----+------------+------------+
    |acc_V_1_fu_11935_p2         |         +|   0|  0|  47|          40|          40|
    |add_ln1118_100_fu_7986_p2   |         +|   0|  0|  14|           9|           7|
    |add_ln1118_101_fu_9610_p2   |         +|   0|  0|  14|           9|           7|
    |add_ln1118_102_fu_7997_p2   |         +|   0|  0|  14|           9|           7|
    |add_ln1118_103_fu_8008_p2   |         +|   0|  0|  14|           9|           7|
    |add_ln1118_104_fu_8709_p2   |         +|   0|  0|  14|           9|           7|
    |add_ln1118_105_fu_8719_p2   |         +|   0|  0|  14|           9|           7|
    |add_ln1118_106_fu_8019_p2   |         +|   0|  0|  14|           9|           7|
    |add_ln1118_107_fu_9620_p2   |         +|   0|  0|  14|           9|           7|
    |add_ln1118_108_fu_9630_p2   |         +|   0|  0|  14|           9|           7|
    |add_ln1118_109_fu_8729_p2   |         +|   0|  0|  14|           9|           7|
    |add_ln1118_10_fu_7645_p2    |         +|   0|  0|  14|           9|           4|
    |add_ln1118_110_fu_9640_p2   |         +|   0|  0|  14|           9|           7|
    |add_ln1118_111_fu_8739_p2   |         +|   0|  0|  14|           9|           7|
    |add_ln1118_112_fu_8749_p2   |         +|   0|  0|  14|           9|           7|
    |add_ln1118_113_fu_8759_p2   |         +|   0|  0|  14|           9|           7|
    |add_ln1118_114_fu_8769_p2   |         +|   0|  0|  14|           9|           7|
    |add_ln1118_115_fu_8030_p2   |         +|   0|  0|  14|           9|           7|
    |add_ln1118_116_fu_9650_p2   |         +|   0|  0|  14|           9|           7|
    |add_ln1118_117_fu_8041_p2   |         +|   0|  0|  14|           9|           7|
    |add_ln1118_118_fu_8052_p2   |         +|   0|  0|  14|           9|           7|
    |add_ln1118_119_fu_8063_p2   |         +|   0|  0|  14|           9|           7|
    |add_ln1118_11_fu_8389_p2    |         +|   0|  0|  14|           9|           4|
    |add_ln1118_120_fu_8779_p2   |         +|   0|  0|  14|           9|           7|
    |add_ln1118_121_fu_8074_p2   |         +|   0|  0|  13|          10|           7|
    |add_ln1118_122_fu_8085_p2   |         +|   0|  0|  13|          10|           7|
    |add_ln1118_123_fu_8096_p2   |         +|   0|  0|  13|          10|           7|
    |add_ln1118_124_fu_9660_p2   |         +|   0|  0|  13|          10|           7|
    |add_ln1118_125_fu_8789_p2   |         +|   0|  0|  13|          10|           7|
    |add_ln1118_126_fu_8107_p2   |         +|   0|  0|  13|          10|           7|
    |add_ln1118_127_fu_9671_p2   |         +|   0|  0|  13|          10|           8|
    |add_ln1118_128_fu_9682_p2   |         +|   0|  0|  13|          10|           8|
    |add_ln1118_129_fu_8118_p2   |         +|   0|  0|  13|          10|           8|
    |add_ln1118_12_fu_9340_p2    |         +|   0|  0|  14|           9|           4|
    |add_ln1118_130_fu_9693_p2   |         +|   0|  0|  13|          10|           8|
    |add_ln1118_131_fu_8800_p2   |         +|   0|  0|  13|          10|           8|
    |add_ln1118_132_fu_8811_p2   |         +|   0|  0|  13|          10|           8|
    |add_ln1118_133_fu_8822_p2   |         +|   0|  0|  13|          10|           8|
    |add_ln1118_134_fu_8833_p2   |         +|   0|  0|  13|          10|           8|
    |add_ln1118_135_fu_8129_p2   |         +|   0|  0|  13|          10|           8|
    |add_ln1118_136_fu_9704_p2   |         +|   0|  0|  13|          10|           8|
    |add_ln1118_137_fu_8140_p2   |         +|   0|  0|  13|          10|           8|
    |add_ln1118_138_fu_8151_p2   |         +|   0|  0|  13|          10|           8|
    |add_ln1118_139_fu_9715_p2   |         +|   0|  0|  13|          10|           8|
    |add_ln1118_13_fu_8399_p2    |         +|   0|  0|  14|           9|           4|
    |add_ln1118_140_fu_8844_p2   |         +|   0|  0|  13|          10|           8|
    |add_ln1118_141_fu_8162_p2   |         +|   0|  0|  13|          10|           8|
    |add_ln1118_142_fu_9726_p2   |         +|   0|  0|  13|          10|           8|
    |add_ln1118_143_fu_9737_p2   |         +|   0|  0|  13|          10|           8|
    |add_ln1118_144_fu_8173_p2   |         +|   0|  0|  13|          10|           8|
    |add_ln1118_145_fu_9748_p2   |         +|   0|  0|  13|          10|           8|
    |add_ln1118_146_fu_8855_p2   |         +|   0|  0|  13|          10|           8|
    |add_ln1118_147_fu_9759_p2   |         +|   0|  0|  13|          10|           8|
    |add_ln1118_148_fu_9770_p2   |         +|   0|  0|  13|          10|           8|
    |add_ln1118_149_fu_8184_p2   |         +|   0|  0|  13|          10|           8|
    |add_ln1118_14_fu_9350_p2    |         +|   0|  0|  14|           9|           4|
    |add_ln1118_150_fu_9781_p2   |         +|   0|  0|  13|          10|           8|
    |add_ln1118_151_fu_8866_p2   |         +|   0|  0|  13|          10|           8|
    |add_ln1118_152_fu_8877_p2   |         +|   0|  0|  13|          10|           8|
    |add_ln1118_153_fu_8888_p2   |         +|   0|  0|  13|          10|           8|
    |add_ln1118_154_fu_8899_p2   |         +|   0|  0|  13|          10|           8|
    |add_ln1118_155_fu_8195_p2   |         +|   0|  0|  13|          10|           8|
    |add_ln1118_156_fu_9792_p2   |         +|   0|  0|  13|          10|           8|
    |add_ln1118_157_fu_8206_p2   |         +|   0|  0|  13|          10|           8|
    |add_ln1118_158_fu_8217_p2   |         +|   0|  0|  13|          10|           8|
    |add_ln1118_159_fu_9803_p2   |         +|   0|  0|  13|          10|           8|
    |add_ln1118_15_fu_8409_p2    |         +|   0|  0|  14|           9|           5|
    |add_ln1118_160_fu_8910_p2   |         +|   0|  0|  13|          10|           8|
    |add_ln1118_161_fu_8228_p2   |         +|   0|  0|  13|          10|           8|
    |add_ln1118_162_fu_9814_p2   |         +|   0|  0|  13|          10|           8|
    |add_ln1118_163_fu_9825_p2   |         +|   0|  0|  13|          10|           8|
    |add_ln1118_164_fu_8239_p2   |         +|   0|  0|  13|          10|           8|
    |add_ln1118_165_fu_9836_p2   |         +|   0|  0|  13|          10|           8|
    |add_ln1118_166_fu_8921_p2   |         +|   0|  0|  13|          10|           8|
    |add_ln1118_167_fu_8932_p2   |         +|   0|  0|  13|          10|           8|
    |add_ln1118_168_fu_8943_p2   |         +|   0|  0|  13|          10|           8|
    |add_ln1118_169_fu_8954_p2   |         +|   0|  0|  13|          10|           8|
    |add_ln1118_16_fu_8419_p2    |         +|   0|  0|  14|           9|           5|
    |add_ln1118_170_fu_8250_p2   |         +|   0|  0|  13|          10|           8|
    |add_ln1118_171_fu_9847_p2   |         +|   0|  0|  13|          10|           8|
    |add_ln1118_172_fu_8965_p2   |         +|   0|  0|  13|          10|           8|
    |add_ln1118_173_fu_8261_p2   |         +|   0|  0|  13|          10|           8|
    |add_ln1118_174_fu_8976_p2   |         +|   0|  0|  13|          10|           8|
    |add_ln1118_175_fu_8272_p2   |         +|   0|  0|  13|          10|           8|
    |add_ln1118_176_fu_9858_p2   |         +|   0|  0|  13|          10|           8|
    |add_ln1118_177_fu_8283_p2   |         +|   0|  0|  13|          10|           8|
    |add_ln1118_178_fu_9869_p2   |         +|   0|  0|  13|          10|           8|
    |add_ln1118_179_fu_9880_p2   |         +|   0|  0|  13|          10|           8|
    |add_ln1118_17_fu_8429_p2    |         +|   0|  0|  14|           9|           5|
    |add_ln1118_180_fu_8987_p2   |         +|   0|  0|  13|          10|           8|
    |add_ln1118_181_fu_8294_p2   |         +|   0|  0|  13|          10|           8|
    |add_ln1118_182_fu_9891_p2   |         +|   0|  0|  13|          10|           8|
    |add_ln1118_183_fu_8998_p2   |         +|   0|  0|  13|          10|           8|
    |add_ln1118_184_fu_9902_p2   |         +|   0|  0|  13|          10|           8|
    |add_ln1118_185_fu_9009_p2   |         +|   0|  0|  13|          10|           8|
    |add_ln1118_186_fu_8305_p2   |         +|   0|  0|  13|          10|           8|
    |add_ln1118_187_fu_9020_p2   |         +|   0|  0|  13|          10|           8|
    |add_ln1118_188_fu_9913_p2   |         +|   0|  0|  13|          10|           8|
    |add_ln1118_189_fu_8316_p2   |         +|   0|  0|  13|          10|           8|
    |add_ln1118_18_fu_7656_p2    |         +|   0|  0|  14|           9|           5|
    |add_ln1118_190_fu_9924_p2   |         +|   0|  0|  13|          10|           8|
    |add_ln1118_191_fu_9031_p2   |         +|   0|  0|  13|          10|           8|
    |add_ln1118_192_fu_8327_p2   |         +|   0|  0|  13|          10|           8|
    |add_ln1118_193_fu_8338_p2   |         +|   0|  0|  13|          10|           8|
    |add_ln1118_194_fu_7606_p2   |         +|   0|  0|  13|          10|           8|
    |add_ln1118_19_fu_7667_p2    |         +|   0|  0|  14|           9|           5|
    |add_ln1118_1_fu_7612_p2     |         +|   0|  0|  14|           9|           2|
    |add_ln1118_20_fu_9360_p2    |         +|   0|  0|  14|           9|           5|
    |add_ln1118_21_fu_7678_p2    |         +|   0|  0|  14|           9|           5|
    |add_ln1118_22_fu_8439_p2    |         +|   0|  0|  14|           9|           5|
    |add_ln1118_23_fu_7689_p2    |         +|   0|  0|  14|           9|           5|
    |add_ln1118_24_fu_7700_p2    |         +|   0|  0|  14|           9|           5|
    |add_ln1118_25_fu_9370_p2    |         +|   0|  0|  14|           9|           5|
    |add_ln1118_26_fu_9380_p2    |         +|   0|  0|  14|           9|           5|
    |add_ln1118_27_fu_7711_p2    |         +|   0|  0|  14|           9|           5|
    |add_ln1118_28_fu_9390_p2    |         +|   0|  0|  14|           9|           5|
    |add_ln1118_29_fu_8449_p2    |         +|   0|  0|  14|           9|           5|
    |add_ln1118_2_fu_7623_p2     |         +|   0|  0|  14|           9|           2|
    |add_ln1118_30_fu_7722_p2    |         +|   0|  0|  14|           9|           5|
    |add_ln1118_31_fu_7733_p2    |         +|   0|  0|  14|           9|           6|
    |add_ln1118_32_fu_9400_p2    |         +|   0|  0|  14|           9|           6|
    |add_ln1118_33_fu_8459_p2    |         +|   0|  0|  14|           9|           6|
    |add_ln1118_34_fu_9410_p2    |         +|   0|  0|  14|           9|           6|
    |add_ln1118_35_fu_8469_p2    |         +|   0|  0|  14|           9|           6|
    |add_ln1118_36_fu_8479_p2    |         +|   0|  0|  14|           9|           6|
    |add_ln1118_37_fu_8489_p2    |         +|   0|  0|  14|           9|           6|
    |add_ln1118_38_fu_7744_p2    |         +|   0|  0|  14|           9|           6|
    |add_ln1118_39_fu_7755_p2    |         +|   0|  0|  14|           9|           6|
    |add_ln1118_3_fu_9310_p2     |         +|   0|  0|  14|           9|           3|
    |add_ln1118_40_fu_9420_p2    |         +|   0|  0|  14|           9|           6|
    |add_ln1118_41_fu_9430_p2    |         +|   0|  0|  14|           9|           6|
    |add_ln1118_42_fu_7766_p2    |         +|   0|  0|  14|           9|           6|
    |add_ln1118_43_fu_9440_p2    |         +|   0|  0|  14|           9|           6|
    |add_ln1118_44_fu_8499_p2    |         +|   0|  0|  14|           9|           6|
    |add_ln1118_45_fu_7777_p2    |         +|   0|  0|  14|           9|           6|
    |add_ln1118_46_fu_7788_p2    |         +|   0|  0|  14|           9|           6|
    |add_ln1118_47_fu_7799_p2    |         +|   0|  0|  14|           9|           6|
    |add_ln1118_48_fu_9450_p2    |         +|   0|  0|  14|           9|           6|
    |add_ln1118_49_fu_8509_p2    |         +|   0|  0|  14|           9|           6|
    |add_ln1118_4_fu_7634_p2     |         +|   0|  0|  14|           9|           3|
    |add_ln1118_50_fu_7810_p2    |         +|   0|  0|  14|           9|           6|
    |add_ln1118_51_fu_7821_p2    |         +|   0|  0|  14|           9|           6|
    |add_ln1118_52_fu_9460_p2    |         +|   0|  0|  14|           9|           6|
    |add_ln1118_53_fu_8519_p2    |         +|   0|  0|  14|           9|           6|
    |add_ln1118_54_fu_9470_p2    |         +|   0|  0|  14|           9|           6|
    |add_ln1118_55_fu_8529_p2    |         +|   0|  0|  14|           9|           6|
    |add_ln1118_56_fu_8539_p2    |         +|   0|  0|  14|           9|           6|
    |add_ln1118_57_fu_8549_p2    |         +|   0|  0|  14|           9|           6|
    |add_ln1118_58_fu_7832_p2    |         +|   0|  0|  14|           9|           6|
    |add_ln1118_59_fu_7843_p2    |         +|   0|  0|  14|           9|           6|
    |add_ln1118_5_fu_9320_p2     |         +|   0|  0|  14|           9|           3|
    |add_ln1118_60_fu_8559_p2    |         +|   0|  0|  14|           9|           6|
    |add_ln1118_61_fu_9480_p2    |         +|   0|  0|  14|           9|           6|
    |add_ln1118_62_fu_7854_p2    |         +|   0|  0|  14|           9|           6|
    |add_ln1118_63_fu_9490_p2    |         +|   0|  0|  14|           9|           7|
    |add_ln1118_64_fu_8569_p2    |         +|   0|  0|  14|           9|           7|
    |add_ln1118_65_fu_8579_p2    |         +|   0|  0|  14|           9|           7|
    |add_ln1118_66_fu_7865_p2    |         +|   0|  0|  14|           9|           7|
    |add_ln1118_67_fu_9500_p2    |         +|   0|  0|  14|           9|           7|
    |add_ln1118_68_fu_8589_p2    |         +|   0|  0|  14|           9|           7|
    |add_ln1118_69_fu_9510_p2    |         +|   0|  0|  14|           9|           7|
    |add_ln1118_6_fu_8359_p2     |         +|   0|  0|  14|           9|           3|
    |add_ln1118_70_fu_7876_p2    |         +|   0|  0|  14|           9|           7|
    |add_ln1118_71_fu_8599_p2    |         +|   0|  0|  14|           9|           7|
    |add_ln1118_72_fu_9520_p2    |         +|   0|  0|  14|           9|           7|
    |add_ln1118_73_fu_8609_p2    |         +|   0|  0|  14|           9|           7|
    |add_ln1118_74_fu_9530_p2    |         +|   0|  0|  14|           9|           7|
    |add_ln1118_75_fu_9540_p2    |         +|   0|  0|  14|           9|           7|
    |add_ln1118_76_fu_8619_p2    |         +|   0|  0|  14|           9|           7|
    |add_ln1118_77_fu_8629_p2    |         +|   0|  0|  14|           9|           7|
    |add_ln1118_78_fu_7887_p2    |         +|   0|  0|  14|           9|           7|
    |add_ln1118_79_fu_7898_p2    |         +|   0|  0|  14|           9|           7|
    |add_ln1118_7_fu_9330_p2     |         +|   0|  0|  14|           9|           4|
    |add_ln1118_80_fu_7909_p2    |         +|   0|  0|  14|           9|           7|
    |add_ln1118_81_fu_9550_p2    |         +|   0|  0|  14|           9|           7|
    |add_ln1118_82_fu_7920_p2    |         +|   0|  0|  14|           9|           7|
    |add_ln1118_83_fu_9560_p2    |         +|   0|  0|  14|           9|           7|
    |add_ln1118_84_fu_8639_p2    |         +|   0|  0|  14|           9|           7|
    |add_ln1118_85_fu_8649_p2    |         +|   0|  0|  14|           9|           7|
    |add_ln1118_86_fu_7931_p2    |         +|   0|  0|  14|           9|           7|
    |add_ln1118_87_fu_9570_p2    |         +|   0|  0|  14|           9|           7|
    |add_ln1118_88_fu_8659_p2    |         +|   0|  0|  14|           9|           7|
    |add_ln1118_89_fu_9580_p2    |         +|   0|  0|  14|           9|           7|
    |add_ln1118_8_fu_8369_p2     |         +|   0|  0|  14|           9|           4|
    |add_ln1118_90_fu_9590_p2    |         +|   0|  0|  14|           9|           7|
    |add_ln1118_91_fu_8669_p2    |         +|   0|  0|  14|           9|           7|
    |add_ln1118_92_fu_8679_p2    |         +|   0|  0|  14|           9|           7|
    |add_ln1118_93_fu_7942_p2    |         +|   0|  0|  14|           9|           7|
    |add_ln1118_94_fu_7953_p2    |         +|   0|  0|  14|           9|           7|
    |add_ln1118_95_fu_7964_p2    |         +|   0|  0|  14|           9|           7|
    |add_ln1118_96_fu_9600_p2    |         +|   0|  0|  14|           9|           7|
    |add_ln1118_97_fu_8689_p2    |         +|   0|  0|  14|           9|           7|
    |add_ln1118_98_fu_8699_p2    |         +|   0|  0|  14|           9|           7|
    |add_ln1118_99_fu_7975_p2    |         +|   0|  0|  14|           9|           7|
    |add_ln1118_9_fu_8379_p2     |         +|   0|  0|  14|           9|           4|
    |add_ln1118_fu_8349_p2       |         +|   0|  0|  14|           9|           1|
    |add_ln270_fu_4856_p2        |         +|   0|  0|  39|          32|           1|
    |add_ln324_fu_7585_p2        |         +|   0|  0|  10|           2|           1|
    |add_ln399_fu_11495_p2       |         +|   0|  0|  11|           3|           1|
    |add_ln703_100_fu_10863_p2   |         +|   0|  0|  40|          33|          33|
    |add_ln703_105_fu_10875_p2   |         +|   0|  0|  40|          33|          33|
    |add_ln703_106_fu_11207_p2   |         +|   0|  0|  41|          34|          34|
    |add_ln703_10_fu_11055_p2    |         +|   0|  0|  41|          34|          34|
    |add_ln703_111_fu_10887_p2   |         +|   0|  0|  40|          33|          33|
    |add_ln703_116_fu_10899_p2   |         +|   0|  0|  40|          33|          33|
    |add_ln703_117_fu_11223_p2   |         +|   0|  0|  41|          34|          34|
    |add_ln703_118_fu_11233_p2   |         +|   0|  0|  42|          35|          35|
    |add_ln703_123_fu_10911_p2   |         +|   0|  0|  40|          33|          33|
    |add_ln703_128_fu_10923_p2   |         +|   0|  0|  40|          33|          33|
    |add_ln703_129_fu_11245_p2   |         +|   0|  0|  41|          34|          34|
    |add_ln703_134_fu_10935_p2   |         +|   0|  0|  40|          33|          33|
    |add_ln703_139_fu_10602_p2   |         +|   0|  0|  39|          32|          32|
    |add_ln703_140_fu_10947_p2   |         +|   0|  0|  40|          33|          33|
    |add_ln703_141_fu_11261_p2   |         +|   0|  0|  41|          34|          34|
    |add_ln703_142_fu_11271_p2   |         +|   0|  0|  42|          35|          35|
    |add_ln703_143_fu_11397_p2   |         +|   0|  0|  43|          36|          36|
    |add_ln703_148_fu_10959_p2   |         +|   0|  0|  40|          33|          33|
    |add_ln703_153_fu_10971_p2   |         +|   0|  0|  40|          33|          33|
    |add_ln703_154_fu_11283_p2   |         +|   0|  0|  41|          34|          34|
    |add_ln703_159_fu_10983_p2   |         +|   0|  0|  40|          33|          33|
    |add_ln703_15_fu_10695_p2    |         +|   0|  0|  40|          33|          33|
    |add_ln703_164_fu_10995_p2   |         +|   0|  0|  40|          33|          33|
    |add_ln703_165_fu_11299_p2   |         +|   0|  0|  41|          34|          34|
    |add_ln703_166_fu_11309_p2   |         +|   0|  0|  42|          35|          35|
    |add_ln703_171_fu_11007_p2   |         +|   0|  0|  40|          33|          33|
    |add_ln703_176_fu_11019_p2   |         +|   0|  0|  40|          33|          33|
    |add_ln703_177_fu_11321_p2   |         +|   0|  0|  41|          34|          34|
    |add_ln703_182_fu_11031_p2   |         +|   0|  0|  40|          33|          33|
    |add_ln703_187_fu_10659_p2   |         +|   0|  0|  39|          32|          32|
    |add_ln703_188_fu_11043_p2   |         +|   0|  0|  40|          33|          33|
    |add_ln703_189_fu_11337_p2   |         +|   0|  0|  41|          34|          34|
    |add_ln703_190_fu_11347_p2   |         +|   0|  0|  42|          35|          35|
    |add_ln703_191_fu_11413_p2   |         +|   0|  0|  43|          36|          36|
    |add_ln703_192_fu_11423_p2   |         +|   0|  0|  44|          37|          37|
    |add_ln703_20_fu_10707_p2    |         +|   0|  0|  40|          33|          33|
    |add_ln703_21_fu_11071_p2    |         +|   0|  0|  41|          34|          34|
    |add_ln703_22_fu_11081_p2    |         +|   0|  0|  42|          35|          35|
    |add_ln703_27_fu_10719_p2    |         +|   0|  0|  40|          33|          33|
    |add_ln703_32_fu_10731_p2    |         +|   0|  0|  40|          33|          33|
    |add_ln703_33_fu_11093_p2    |         +|   0|  0|  41|          34|          34|
    |add_ln703_38_fu_10743_p2    |         +|   0|  0|  40|          33|          33|
    |add_ln703_43_fu_10755_p2    |         +|   0|  0|  40|          33|          33|
    |add_ln703_44_fu_11109_p2    |         +|   0|  0|  41|          34|          34|
    |add_ln703_45_fu_11119_p2    |         +|   0|  0|  42|          35|          35|
    |add_ln703_46_fu_11359_p2    |         +|   0|  0|  43|          36|          36|
    |add_ln703_4_fu_10671_p2     |         +|   0|  0|  40|          33|          33|
    |add_ln703_51_fu_10767_p2    |         +|   0|  0|  40|          33|          33|
    |add_ln703_56_fu_10779_p2    |         +|   0|  0|  40|          33|          33|
    |add_ln703_57_fu_11131_p2    |         +|   0|  0|  41|          34|          34|
    |add_ln703_62_fu_10791_p2    |         +|   0|  0|  40|          33|          33|
    |add_ln703_67_fu_10803_p2    |         +|   0|  0|  40|          33|          33|
    |add_ln703_68_fu_11147_p2    |         +|   0|  0|  41|          34|          34|
    |add_ln703_69_fu_11157_p2    |         +|   0|  0|  42|          35|          35|
    |add_ln703_74_fu_10815_p2    |         +|   0|  0|  40|          33|          33|
    |add_ln703_79_fu_10827_p2    |         +|   0|  0|  40|          33|          33|
    |add_ln703_80_fu_11169_p2    |         +|   0|  0|  41|          34|          34|
    |add_ln703_85_fu_10839_p2    |         +|   0|  0|  40|          33|          33|
    |add_ln703_90_fu_10545_p2    |         +|   0|  0|  39|          32|          32|
    |add_ln703_91_fu_10851_p2    |         +|   0|  0|  40|          33|          33|
    |add_ln703_92_fu_11185_p2    |         +|   0|  0|  41|          34|          34|
    |add_ln703_93_fu_11195_p2    |         +|   0|  0|  42|          35|          35|
    |add_ln703_94_fu_11375_p2    |         +|   0|  0|  43|          36|          36|
    |add_ln703_95_fu_11385_p2    |         +|   0|  0|  44|          37|          37|
    |add_ln703_9_fu_10683_p2     |         +|   0|  0|  40|          33|          33|
    |ret_V_fu_11762_p2           |         +|   0|  0|  56|          49|          49|
    |ylp_V_0_fu_11435_p2         |         +|   0|  0|  45|          38|          38|
    |band_V_1_fu_11466_p2        |         -|   0|  0|  47|          40|          40|
    |band_V_2_fu_11472_p2        |         -|   0|  0|  47|          40|          40|
    |band_V_3_fu_11489_p2        |         -|   0|  0|  47|          40|          40|
    |p_Val2_10_fu_11673_p2       |         -|   0|  0|  31|           1|          24|
    |ret_V_2_fu_11733_p2         |         -|   0|  0|  32|          25|          25|
    |overflow_1_fu_11576_p2      |       and|   0|  0|   2|           1|           1|
    |overflow_3_fu_11850_p2      |       and|   0|  0|   2|           1|           1|
    |overflow_fu_11995_p2        |       and|   0|  0|   2|           1|           1|
    |underflow_1_fu_11600_p2     |       and|   0|  0|   2|           1|           1|
    |underflow_2_fu_11866_p2     |       and|   0|  0|   2|           1|           1|
    |underflow_fu_12019_p2       |       and|   0|  0|   2|           1|           1|
    |icmp_ln1497_fu_11711_p2     |      icmp|   0|  0|  15|          24|          24|
    |icmp_ln246_fu_3550_p2       |      icmp|   0|  0|  18|          32|           1|
    |icmp_ln270_fu_4862_p2       |      icmp|   0|  0|  18|          32|          32|
    |icmp_ln324_fu_7600_p2       |      icmp|   0|  0|   8|           2|           2|
    |icmp_ln399_fu_11501_p2      |      icmp|   0|  0|   9|           3|           4|
    |icmp_ln768_1_fu_11558_p2    |      icmp|   0|  0|  10|           6|           1|
    |icmp_ln768_2_fu_11829_p2    |      icmp|   0|  0|   9|           4|           1|
    |icmp_ln768_fu_11977_p2      |      icmp|   0|  0|  10|           7|           1|
    |icmp_ln786_1_fu_11588_p2    |      icmp|   0|  0|  10|           6|           2|
    |icmp_ln786_2_fu_11835_p2    |      icmp|   0|  0|   9|           4|           2|
    |icmp_ln786_fu_12007_p2      |      icmp|   0|  0|  10|           7|           2|
    |tobool98_fu_4720_p2         |      icmp|   0|  0|  18|          32|           1|
    |ap_block_state2_io          |        or|   0|  0|   2|           1|           1|
    |or_ln340_1_fu_12037_p2      |        or|   0|  0|   2|           1|           1|
    |or_ln340_2_fu_11606_p2      |        or|   0|  0|   2|           1|           1|
    |or_ln340_3_fu_11625_p2      |        or|   0|  0|   2|           1|           1|
    |or_ln340_4_fu_11871_p2      |        or|   0|  0|   2|           1|           1|
    |or_ln340_5_fu_11883_p2      |        or|   0|  0|   2|           1|           1|
    |or_ln340_fu_12025_p2        |        or|   0|  0|   2|           1|           1|
    |or_ln785_1_fu_11564_p2      |        or|   0|  0|   2|           1|           1|
    |or_ln785_2_fu_11841_p2      |        or|   0|  0|   2|           1|           1|
    |or_ln785_fu_11983_p2        |        or|   0|  0|   2|           1|           1|
    |or_ln786_1_fu_11594_p2      |        or|   0|  0|   2|           1|           1|
    |or_ln786_2_fu_11861_p2      |        or|   0|  0|   2|           1|           1|
    |or_ln786_fu_12013_p2        |        or|   0|  0|   2|           1|           1|
    |sign_V_fu_11774_p2          |        or|   0|  0|  24|          23|          24|
    |a_V_fu_11699_p3             |    select|   0|  0|  23|           1|          23|
    |p_pn_fu_11929_p3            |    select|   0|  0|  40|           1|          40|
    |s_V_10_fu_12059_p3          |    select|   0|  0|  16|           1|          16|
    |select_ln1497_fu_11911_p3   |    select|   0|  0|  24|           1|          24|
    |select_ln340_2_fu_11612_p3  |    select|   0|  0|  24|           1|          23|
    |select_ln340_4_fu_11691_p3  |    select|   0|  0|  23|           1|           2|
    |select_ln340_5_fu_11889_p3  |    select|   0|  0|  24|           1|          23|
    |select_ln340_6_fu_11903_p3  |    select|   0|  0|  24|           1|          24|
    |select_ln340_fu_12043_p3    |    select|   0|  0|  16|           1|          15|
    |select_ln388_1_fu_11630_p3  |    select|   0|  0|  25|           1|          25|
    |select_ln388_2_fu_11896_p3  |    select|   0|  0|  25|           1|          25|
    |select_ln388_fu_12051_p3    |    select|   0|  0|  17|           1|          17|
    |x_V_fu_11636_p3             |    select|   0|  0|  24|           1|          24|
    |ap_enable_pp0               |       xor|   0|  0|   2|           1|           2|
    |ap_enable_pp1               |       xor|   0|  0|   2|           1|           2|
    |ap_enable_reg_pp0_iter1     |       xor|   0|  0|   2|           2|           1|
    |xor_ln340_1_fu_11620_p2     |       xor|   0|  0|   2|           1|           2|
    |xor_ln340_2_fu_11877_p2     |       xor|   0|  0|   2|           1|           2|
    |xor_ln340_fu_12031_p2       |       xor|   0|  0|   2|           1|           2|
    |xor_ln785_1_fu_11570_p2     |       xor|   0|  0|   2|           1|           2|
    |xor_ln785_2_fu_11845_p2     |       xor|   0|  0|   2|           1|           2|
    |xor_ln785_fu_11989_p2       |       xor|   0|  0|   2|           1|           2|
    |xor_ln786_1_fu_11582_p2     |       xor|   0|  0|   2|           1|           2|
    |xor_ln786_2_fu_11856_p2     |       xor|   0|  0|   2|           1|           2|
    |xor_ln786_fu_12001_p2       |       xor|   0|  0|   2|           1|           2|
    +----------------------------+----------+----+---+----+------------+------------+
    |Total                       |          |   0|  0|6252|        4560|        4226|
    +----------------------------+----------+----+---+----+------------+------------+

    * Multiplexer: 
    +-----------------------------------+-----+-----------+-----+-----------+
    |                Name               | LUT | Input Size| Bits| Total Bits|
    +-----------------------------------+-----+-----------+-----+-----------+
    |acc_V_reg_3535                     |    9|          2|   40|         80|
    |ap_NS_fsm                          |  113|         22|    1|         22|
    |ap_enable_reg_pp0_iter1            |    9|          2|    1|          2|
    |ap_enable_reg_pp0_iter9            |    9|          2|    1|          2|
    |ap_enable_reg_pp1_iter8            |    9|          2|    1|          2|
    |ap_enable_reg_pp1_iter9            |    9|          2|    1|          2|
    |ap_phi_mux_b_phi_fu_3504_p4        |    9|          2|    2|          4|
    |ap_phi_mux_phi_mul_phi_fu_3516_p4  |    9|          2|   10|         20|
    |b_reg_3500                         |    9|          2|    2|          4|
    |drc_ratio_address0                 |   25|          5|    2|         10|
    |drc_thr_address0                   |   25|          5|    2|         10|
    |gmem_blk_n_AR                      |    9|          2|    1|          2|
    |gmem_blk_n_AW                      |    9|          2|    1|          2|
    |gmem_blk_n_B                       |    9|          2|    1|          2|
    |gmem_blk_n_R                       |    9|          2|    1|          2|
    |gmem_blk_n_W                       |    9|          2|    1|          2|
    |hist_V_0_0                         |    9|          2|   16|         32|
    |hist_V_0_1                         |    9|          2|   16|         32|
    |hist_V_0_10                        |    9|          2|   16|         32|
    |hist_V_0_11                        |    9|          2|   16|         32|
    |hist_V_0_12                        |    9|          2|   16|         32|
    |hist_V_0_13                        |    9|          2|   16|         32|
    |hist_V_0_14                        |    9|          2|   16|         32|
    |hist_V_0_15                        |    9|          2|   16|         32|
    |hist_V_0_16                        |    9|          2|   16|         32|
    |hist_V_0_17                        |    9|          2|   16|         32|
    |hist_V_0_18                        |    9|          2|   16|         32|
    |hist_V_0_19                        |    9|          2|   16|         32|
    |hist_V_0_2                         |    9|          2|   16|         32|
    |hist_V_0_20                        |    9|          2|   16|         32|
    |hist_V_0_21                        |    9|          2|   16|         32|
    |hist_V_0_22                        |    9|          2|   16|         32|
    |hist_V_0_23                        |    9|          2|   16|         32|
    |hist_V_0_24                        |    9|          2|   16|         32|
    |hist_V_0_25                        |    9|          2|   16|         32|
    |hist_V_0_26                        |    9|          2|   16|         32|
    |hist_V_0_27                        |    9|          2|   16|         32|
    |hist_V_0_28                        |    9|          2|   16|         32|
    |hist_V_0_29                        |    9|          2|   16|         32|
    |hist_V_0_3                         |    9|          2|   16|         32|
    |hist_V_0_30                        |    9|          2|   16|         32|
    |hist_V_0_31                        |    9|          2|   16|         32|
    |hist_V_0_32                        |    9|          2|   16|         32|
    |hist_V_0_33                        |    9|          2|   16|         32|
    |hist_V_0_34                        |    9|          2|   16|         32|
    |hist_V_0_35                        |    9|          2|   16|         32|
    |hist_V_0_36                        |    9|          2|   16|         32|
    |hist_V_0_37                        |    9|          2|   16|         32|
    |hist_V_0_38                        |    9|          2|   16|         32|
    |hist_V_0_4                         |    9|          2|   16|         32|
    |hist_V_0_5                         |    9|          2|   16|         32|
    |hist_V_0_6                         |    9|          2|   16|         32|
    |hist_V_0_7                         |    9|          2|   16|         32|
    |hist_V_0_8                         |    9|          2|   16|         32|
    |hist_V_0_9                         |    9|          2|   16|         32|
    |hist_V_1_0                         |    9|          2|   16|         32|
    |hist_V_1_1                         |    9|          2|   16|         32|
    |hist_V_1_10                        |    9|          2|   16|         32|
    |hist_V_1_11                        |    9|          2|   16|         32|
    |hist_V_1_12                        |    9|          2|   16|         32|
    |hist_V_1_13                        |    9|          2|   16|         32|
    |hist_V_1_14                        |    9|          2|   16|         32|
    |hist_V_1_15                        |    9|          2|   16|         32|
    |hist_V_1_16                        |    9|          2|   16|         32|
    |hist_V_1_17                        |    9|          2|   16|         32|
    |hist_V_1_18                        |    9|          2|   16|         32|
    |hist_V_1_19                        |    9|          2|   16|         32|
    |hist_V_1_2                         |    9|          2|   16|         32|
    |hist_V_1_20                        |    9|          2|   16|         32|
    |hist_V_1_21                        |    9|          2|   16|         32|
    |hist_V_1_22                        |    9|          2|   16|         32|
    |hist_V_1_23                        |    9|          2|   16|         32|
    |hist_V_1_24                        |    9|          2|   16|         32|
    |hist_V_1_25                        |    9|          2|   16|         32|
    |hist_V_1_26                        |    9|          2|   16|         32|
    |hist_V_1_27                        |    9|          2|   16|         32|
    |hist_V_1_28                        |    9|          2|   16|         32|
    |hist_V_1_29                        |    9|          2|   16|         32|
    |hist_V_1_3                         |    9|          2|   16|         32|
    |hist_V_1_30                        |    9|          2|   16|         32|
    |hist_V_1_31                        |    9|          2|   16|         32|
    |hist_V_1_32                        |    9|          2|   16|         32|
    |hist_V_1_33                        |    9|          2|   16|         32|
    |hist_V_1_34                        |    9|          2|   16|         32|
    |hist_V_1_35                        |    9|          2|   16|         32|
    |hist_V_1_36                        |    9|          2|   16|         32|
    |hist_V_1_37                        |    9|          2|   16|         32|
    |hist_V_1_38                        |    9|          2|   16|         32|
    |hist_V_1_4                         |    9|          2|   16|         32|
    |hist_V_1_5                         |    9|          2|   16|         32|
    |hist_V_1_6                         |    9|          2|   16|         32|
    |hist_V_1_7                         |    9|          2|   16|         32|
    |hist_V_1_8                         |    9|          2|   16|         32|
    |hist_V_1_9                         |    9|          2|   16|         32|
    |hist_V_2_0                         |    9|          2|   16|         32|
    |hist_V_2_1                         |    9|          2|   16|         32|
    |hist_V_2_10                        |    9|          2|   16|         32|
    |hist_V_2_11                        |    9|          2|   16|         32|
    |hist_V_2_12                        |    9|          2|   16|         32|
    |hist_V_2_13                        |    9|          2|   16|         32|
    |hist_V_2_14                        |    9|          2|   16|         32|
    |hist_V_2_15                        |    9|          2|   16|         32|
    |hist_V_2_16                        |    9|          2|   16|         32|
    |hist_V_2_17                        |    9|          2|   16|         32|
    |hist_V_2_18                        |    9|          2|   16|         32|
    |hist_V_2_19                        |    9|          2|   16|         32|
    |hist_V_2_2                         |    9|          2|   16|         32|
    |hist_V_2_20                        |    9|          2|   16|         32|
    |hist_V_2_21                        |    9|          2|   16|         32|
    |hist_V_2_22                        |    9|          2|   16|         32|
    |hist_V_2_23                        |    9|          2|   16|         32|
    |hist_V_2_24                        |    9|          2|   16|         32|
    |hist_V_2_25                        |    9|          2|   16|         32|
    |hist_V_2_26                        |    9|          2|   16|         32|
    |hist_V_2_27                        |    9|          2|   16|         32|
    |hist_V_2_28                        |    9|          2|   16|         32|
    |hist_V_2_29                        |    9|          2|   16|         32|
    |hist_V_2_3                         |    9|          2|   16|         32|
    |hist_V_2_30                        |    9|          2|   16|         32|
    |hist_V_2_31                        |    9|          2|   16|         32|
    |hist_V_2_32                        |    9|          2|   16|         32|
    |hist_V_2_33                        |    9|          2|   16|         32|
    |hist_V_2_34                        |    9|          2|   16|         32|
    |hist_V_2_35                        |    9|          2|   16|         32|
    |hist_V_2_36                        |    9|          2|   16|         32|
    |hist_V_2_37                        |    9|          2|   16|         32|
    |hist_V_2_38                        |    9|          2|   16|         32|
    |hist_V_2_4                         |    9|          2|   16|         32|
    |hist_V_2_5                         |    9|          2|   16|         32|
    |hist_V_2_6                         |    9|          2|   16|         32|
    |hist_V_2_7                         |    9|          2|   16|         32|
    |hist_V_2_8                         |    9|          2|   16|         32|
    |hist_V_2_9                         |    9|          2|   16|         32|
    |hist_V_3_0                         |    9|          2|   16|         32|
    |hist_V_3_1                         |    9|          2|   16|         32|
    |hist_V_3_10                        |    9|          2|   16|         32|
    |hist_V_3_11                        |    9|          2|   16|         32|
    |hist_V_3_12                        |    9|          2|   16|         32|
    |hist_V_3_13                        |    9|          2|   16|         32|
    |hist_V_3_14                        |    9|          2|   16|         32|
    |hist_V_3_15                        |    9|          2|   16|         32|
    |hist_V_3_16                        |    9|          2|   16|         32|
    |hist_V_3_17                        |    9|          2|   16|         32|
    |hist_V_3_18                        |    9|          2|   16|         32|
    |hist_V_3_19                        |    9|          2|   16|         32|
    |hist_V_3_2                         |    9|          2|   16|         32|
    |hist_V_3_20                        |    9|          2|   16|         32|
    |hist_V_3_21                        |    9|          2|   16|         32|
    |hist_V_3_22                        |    9|          2|   16|         32|
    |hist_V_3_23                        |    9|          2|   16|         32|
    |hist_V_3_24                        |    9|          2|   16|         32|
    |hist_V_3_25                        |    9|          2|   16|         32|
    |hist_V_3_26                        |    9|          2|   16|         32|
    |hist_V_3_27                        |    9|          2|   16|         32|
    |hist_V_3_28                        |    9|          2|   16|         32|
    |hist_V_3_29                        |    9|          2|   16|         32|
    |hist_V_3_3                         |    9|          2|   16|         32|
    |hist_V_3_30                        |    9|          2|   16|         32|
    |hist_V_3_31                        |    9|          2|   16|         32|
    |hist_V_3_32                        |    9|          2|   16|         32|
    |hist_V_3_33                        |    9|          2|   16|         32|
    |hist_V_3_34                        |    9|          2|   16|         32|
    |hist_V_3_35                        |    9|          2|   16|         32|
    |hist_V_3_36                        |    9|          2|   16|         32|
    |hist_V_3_37                        |    9|          2|   16|         32|
    |hist_V_3_38                        |    9|          2|   16|         32|
    |hist_V_3_4                         |    9|          2|   16|         32|
    |hist_V_3_5                         |    9|          2|   16|         32|
    |hist_V_3_6                         |    9|          2|   16|         32|
    |hist_V_3_7                         |    9|          2|   16|         32|
    |hist_V_3_8                         |    9|          2|   16|         32|
    |hist_V_3_9                         |    9|          2|   16|         32|
    |hist_V_4_0                         |    9|          2|   16|         32|
    |hist_V_4_1                         |    9|          2|   16|         32|
    |hist_V_4_10                        |    9|          2|   16|         32|
    |hist_V_4_11                        |    9|          2|   16|         32|
    |hist_V_4_12                        |    9|          2|   16|         32|
    |hist_V_4_13                        |    9|          2|   16|         32|
    |hist_V_4_14                        |    9|          2|   16|         32|
    |hist_V_4_15                        |    9|          2|   16|         32|
    |hist_V_4_16                        |    9|          2|   16|         32|
    |hist_V_4_17                        |    9|          2|   16|         32|
    |hist_V_4_18                        |    9|          2|   16|         32|
    |hist_V_4_19                        |    9|          2|   16|         32|
    |hist_V_4_2                         |    9|          2|   16|         32|
    |hist_V_4_20                        |    9|          2|   16|         32|
    |hist_V_4_21                        |    9|          2|   16|         32|
    |hist_V_4_22                        |    9|          2|   16|         32|
    |hist_V_4_23                        |    9|          2|   16|         32|
    |hist_V_4_24                        |    9|          2|   16|         32|
    |hist_V_4_25                        |    9|          2|   16|         32|
    |hist_V_4_26                        |    9|          2|   16|         32|
    |hist_V_4_27                        |    9|          2|   16|         32|
    |hist_V_4_28                        |    9|          2|   16|         32|
    |hist_V_4_29                        |    9|          2|   16|         32|
    |hist_V_4_3                         |    9|          2|   16|         32|
    |hist_V_4_30                        |    9|          2|   16|         32|
    |hist_V_4_31                        |    9|          2|   16|         32|
    |hist_V_4_32                        |    9|          2|   16|         32|
    |hist_V_4_33                        |    9|          2|   16|         32|
    |hist_V_4_34                        |    9|          2|   16|         32|
    |hist_V_4_35                        |    9|          2|   16|         32|
    |hist_V_4_36                        |    9|          2|   16|         32|
    |hist_V_4_37                        |    9|          2|   16|         32|
    |hist_V_4_4                         |    9|          2|   16|         32|
    |hist_V_4_5                         |    9|          2|   16|         32|
    |hist_V_4_6                         |    9|          2|   16|         32|
    |hist_V_4_7                         |    9|          2|   16|         32|
    |hist_V_4_8                         |    9|          2|   16|         32|
    |hist_V_4_9                         |    9|          2|   16|         32|
    |i_reg_3524                         |    9|          2|    3|          6|
    |n_reg_3489                         |    9|          2|   32|         64|
    |phi_mul_reg_3512                   |    9|          2|   10|         20|
    +-----------------------------------+-----+-----------+-----+-----------+
    |Total                              | 2053|        452| 3217|       6466|
    +-----------------------------------+-----+-----------+-----+-----------+

    * Register: 
    +---------------------------------------+-----+----+-----+-----------+
    |                  Name                 |  FF | LUT| Bits| Const Bits|
    +---------------------------------------+-----+----+-----+-----------+
    |FIR_LP_V_load_reg_15347                |   15|   0|   15|          0|
    |FIR_LP_V_load_reg_15347_pp0_iter2_reg  |   15|   0|   15|          0|
    |acc_V_reg_3535                         |   40|   0|   40|          0|
    |add_ln1118_194_reg_14667               |   10|   0|   10|          0|
    |add_ln270_reg_13581                    |   32|   0|   32|          0|
    |add_ln324_reg_14575                    |    2|   0|    2|          0|
    |add_ln703_100_reg_17362                |   33|   0|   33|          0|
    |add_ln703_105_reg_17367                |   33|   0|   33|          0|
    |add_ln703_111_reg_17372                |   33|   0|   33|          0|
    |add_ln703_116_reg_17377                |   33|   0|   33|          0|
    |add_ln703_118_reg_17462                |   35|   0|   35|          0|
    |add_ln703_123_reg_17382                |   33|   0|   33|          0|
    |add_ln703_128_reg_17387                |   33|   0|   33|          0|
    |add_ln703_134_reg_17392                |   33|   0|   33|          0|
    |add_ln703_139_reg_17197                |   32|   0|   32|          0|
    |add_ln703_140_reg_17397                |   33|   0|   33|          0|
    |add_ln703_142_reg_17467                |   35|   0|   35|          0|
    |add_ln703_148_reg_17402                |   33|   0|   33|          0|
    |add_ln703_153_reg_17407                |   33|   0|   33|          0|
    |add_ln703_159_reg_17412                |   33|   0|   33|          0|
    |add_ln703_15_reg_17292                 |   33|   0|   33|          0|
    |add_ln703_164_reg_17417                |   33|   0|   33|          0|
    |add_ln703_166_reg_17472                |   35|   0|   35|          0|
    |add_ln703_171_reg_17422                |   33|   0|   33|          0|
    |add_ln703_176_reg_17427                |   33|   0|   33|          0|
    |add_ln703_182_reg_17432                |   33|   0|   33|          0|
    |add_ln703_187_reg_17277                |   32|   0|   32|          0|
    |add_ln703_188_reg_17437                |   33|   0|   33|          0|
    |add_ln703_190_reg_17477                |   35|   0|   35|          0|
    |add_ln703_192_reg_17487                |   37|   0|   37|          0|
    |add_ln703_20_reg_17297                 |   33|   0|   33|          0|
    |add_ln703_22_reg_17442                 |   35|   0|   35|          0|
    |add_ln703_27_reg_17302                 |   33|   0|   33|          0|
    |add_ln703_32_reg_17307                 |   33|   0|   33|          0|
    |add_ln703_38_reg_17312                 |   33|   0|   33|          0|
    |add_ln703_43_reg_17317                 |   33|   0|   33|          0|
    |add_ln703_45_reg_17447                 |   35|   0|   35|          0|
    |add_ln703_4_reg_17282                  |   33|   0|   33|          0|
    |add_ln703_51_reg_17322                 |   33|   0|   33|          0|
    |add_ln703_56_reg_17327                 |   33|   0|   33|          0|
    |add_ln703_62_reg_17332                 |   33|   0|   33|          0|
    |add_ln703_67_reg_17337                 |   33|   0|   33|          0|
    |add_ln703_69_reg_17452                 |   35|   0|   35|          0|
    |add_ln703_74_reg_17342                 |   33|   0|   33|          0|
    |add_ln703_79_reg_17347                 |   33|   0|   33|          0|
    |add_ln703_85_reg_17352                 |   33|   0|   33|          0|
    |add_ln703_90_reg_17117                 |   32|   0|   32|          0|
    |add_ln703_91_reg_17357                 |   33|   0|   33|          0|
    |add_ln703_93_reg_17457                 |   35|   0|   35|          0|
    |add_ln703_95_reg_17482                 |   37|   0|   37|          0|
    |add_ln703_9_reg_17287                  |   33|   0|   33|          0|
    |ap_CS_fsm                              |   21|   0|   21|          0|
    |ap_enable_reg_pp0_iter0                |    1|   0|    1|          0|
    |ap_enable_reg_pp0_iter1                |    1|   0|    1|          0|
    |ap_enable_reg_pp0_iter2                |    1|   0|    1|          0|
    |ap_enable_reg_pp0_iter3                |    1|   0|    1|          0|
    |ap_enable_reg_pp0_iter4                |    1|   0|    1|          0|
    |ap_enable_reg_pp0_iter5                |    1|   0|    1|          0|
    |ap_enable_reg_pp0_iter6                |    1|   0|    1|          0|
    |ap_enable_reg_pp0_iter7                |    1|   0|    1|          0|
    |ap_enable_reg_pp0_iter8                |    1|   0|    1|          0|
    |ap_enable_reg_pp0_iter9                |    1|   0|    1|          0|
    |ap_enable_reg_pp1_iter0                |    1|   0|    1|          0|
    |ap_enable_reg_pp1_iter1                |    1|   0|    1|          0|
    |ap_enable_reg_pp1_iter2                |    1|   0|    1|          0|
    |ap_enable_reg_pp1_iter3                |    1|   0|    1|          0|
    |ap_enable_reg_pp1_iter4                |    1|   0|    1|          0|
    |ap_enable_reg_pp1_iter5                |    1|   0|    1|          0|
    |ap_enable_reg_pp1_iter6                |    1|   0|    1|          0|
    |ap_enable_reg_pp1_iter7                |    1|   0|    1|          0|
    |ap_enable_reg_pp1_iter8                |    1|   0|    1|          0|
    |ap_enable_reg_pp1_iter9                |    1|   0|    1|          0|
    |b_reg_3500                             |    2|   0|    2|          0|
    |band_V_0_fu_998                        |   40|   0|   40|          0|
    |band_V_1_reg_17492                     |   40|   0|   40|          0|
    |band_V_2_reg_17497                     |   40|   0|   40|          0|
    |band_V_3_reg_17502                     |   40|   0|   40|          0|
    |empty_29_reg_14580                     |    9|   0|    9|          0|
    |empty_29_reg_14580_pp0_iter1_reg       |    9|   0|    9|          0|
    |gmem_addr_1_reg_13465                  |   64|   0|   64|          0|
    |gmem_addr_reg_13459                    |   64|   0|   64|          0|
    |hist_V_0_0                             |   16|   0|   16|          0|
    |hist_V_0_1                             |   16|   0|   16|          0|
    |hist_V_0_10                            |   16|   0|   16|          0|
    |hist_V_0_11                            |   16|   0|   16|          0|
    |hist_V_0_12                            |   16|   0|   16|          0|
    |hist_V_0_13                            |   16|   0|   16|          0|
    |hist_V_0_14                            |   16|   0|   16|          0|
    |hist_V_0_15                            |   16|   0|   16|          0|
    |hist_V_0_16                            |   16|   0|   16|          0|
    |hist_V_0_17                            |   16|   0|   16|          0|
    |hist_V_0_18                            |   16|   0|   16|          0|
    |hist_V_0_19                            |   16|   0|   16|          0|
    |hist_V_0_19_load_reg_13595             |   16|   0|   16|          0|
    |hist_V_0_2                             |   16|   0|   16|          0|
    |hist_V_0_20                            |   16|   0|   16|          0|
    |hist_V_0_21                            |   16|   0|   16|          0|
    |hist_V_0_22                            |   16|   0|   16|          0|
    |hist_V_0_23                            |   16|   0|   16|          0|
    |hist_V_0_24                            |   16|   0|   16|          0|
    |hist_V_0_25                            |   16|   0|   16|          0|
    |hist_V_0_26                            |   16|   0|   16|          0|
    |hist_V_0_27                            |   16|   0|   16|          0|
    |hist_V_0_28                            |   16|   0|   16|          0|
    |hist_V_0_29                            |   16|   0|   16|          0|
    |hist_V_0_3                             |   16|   0|   16|          0|
    |hist_V_0_30                            |   16|   0|   16|          0|
    |hist_V_0_31                            |   16|   0|   16|          0|
    |hist_V_0_32                            |   16|   0|   16|          0|
    |hist_V_0_33                            |   16|   0|   16|          0|
    |hist_V_0_34                            |   16|   0|   16|          0|
    |hist_V_0_35                            |   16|   0|   16|          0|
    |hist_V_0_36                            |   16|   0|   16|          0|
    |hist_V_0_37                            |   16|   0|   16|          0|
    |hist_V_0_38                            |   16|   0|   16|          0|
    |hist_V_0_4                             |   16|   0|   16|          0|
    |hist_V_0_5                             |   16|   0|   16|          0|
    |hist_V_0_6                             |   16|   0|   16|          0|
    |hist_V_0_7                             |   16|   0|   16|          0|
    |hist_V_0_8                             |   16|   0|   16|          0|
    |hist_V_0_9                             |   16|   0|   16|          0|
    |hist_V_1_0                             |   16|   0|   16|          0|
    |hist_V_1_1                             |   16|   0|   16|          0|
    |hist_V_1_10                            |   16|   0|   16|          0|
    |hist_V_1_11                            |   16|   0|   16|          0|
    |hist_V_1_12                            |   16|   0|   16|          0|
    |hist_V_1_13                            |   16|   0|   16|          0|
    |hist_V_1_14                            |   16|   0|   16|          0|
    |hist_V_1_15                            |   16|   0|   16|          0|
    |hist_V_1_16                            |   16|   0|   16|          0|
    |hist_V_1_17                            |   16|   0|   16|          0|
    |hist_V_1_18                            |   16|   0|   16|          0|
    |hist_V_1_19                            |   16|   0|   16|          0|
    |hist_V_1_2                             |   16|   0|   16|          0|
    |hist_V_1_20                            |   16|   0|   16|          0|
    |hist_V_1_21                            |   16|   0|   16|          0|
    |hist_V_1_22                            |   16|   0|   16|          0|
    |hist_V_1_23                            |   16|   0|   16|          0|
    |hist_V_1_24                            |   16|   0|   16|          0|
    |hist_V_1_25                            |   16|   0|   16|          0|
    |hist_V_1_26                            |   16|   0|   16|          0|
    |hist_V_1_27                            |   16|   0|   16|          0|
    |hist_V_1_28                            |   16|   0|   16|          0|
    |hist_V_1_29                            |   16|   0|   16|          0|
    |hist_V_1_3                             |   16|   0|   16|          0|
    |hist_V_1_30                            |   16|   0|   16|          0|
    |hist_V_1_31                            |   16|   0|   16|          0|
    |hist_V_1_32                            |   16|   0|   16|          0|
    |hist_V_1_33                            |   16|   0|   16|          0|
    |hist_V_1_34                            |   16|   0|   16|          0|
    |hist_V_1_35                            |   16|   0|   16|          0|
    |hist_V_1_36                            |   16|   0|   16|          0|
    |hist_V_1_37                            |   16|   0|   16|          0|
    |hist_V_1_38                            |   16|   0|   16|          0|
    |hist_V_1_4                             |   16|   0|   16|          0|
    |hist_V_1_5                             |   16|   0|   16|          0|
    |hist_V_1_6                             |   16|   0|   16|          0|
    |hist_V_1_7                             |   16|   0|   16|          0|
    |hist_V_1_8                             |   16|   0|   16|          0|
    |hist_V_1_9                             |   16|   0|   16|          0|
    |hist_V_2_0                             |   16|   0|   16|          0|
    |hist_V_2_1                             |   16|   0|   16|          0|
    |hist_V_2_10                            |   16|   0|   16|          0|
    |hist_V_2_11                            |   16|   0|   16|          0|
    |hist_V_2_12                            |   16|   0|   16|          0|
    |hist_V_2_13                            |   16|   0|   16|          0|
    |hist_V_2_14                            |   16|   0|   16|          0|
    |hist_V_2_15                            |   16|   0|   16|          0|
    |hist_V_2_16                            |   16|   0|   16|          0|
    |hist_V_2_17                            |   16|   0|   16|          0|
    |hist_V_2_18                            |   16|   0|   16|          0|
    |hist_V_2_19                            |   16|   0|   16|          0|
    |hist_V_2_2                             |   16|   0|   16|          0|
    |hist_V_2_20                            |   16|   0|   16|          0|
    |hist_V_2_21                            |   16|   0|   16|          0|
    |hist_V_2_22                            |   16|   0|   16|          0|
    |hist_V_2_23                            |   16|   0|   16|          0|
    |hist_V_2_24                            |   16|   0|   16|          0|
    |hist_V_2_25                            |   16|   0|   16|          0|
    |hist_V_2_26                            |   16|   0|   16|          0|
    |hist_V_2_27                            |   16|   0|   16|          0|
    |hist_V_2_28                            |   16|   0|   16|          0|
    |hist_V_2_29                            |   16|   0|   16|          0|
    |hist_V_2_3                             |   16|   0|   16|          0|
    |hist_V_2_30                            |   16|   0|   16|          0|
    |hist_V_2_31                            |   16|   0|   16|          0|
    |hist_V_2_32                            |   16|   0|   16|          0|
    |hist_V_2_33                            |   16|   0|   16|          0|
    |hist_V_2_34                            |   16|   0|   16|          0|
    |hist_V_2_35                            |   16|   0|   16|          0|
    |hist_V_2_36                            |   16|   0|   16|          0|
    |hist_V_2_37                            |   16|   0|   16|          0|
    |hist_V_2_38                            |   16|   0|   16|          0|
    |hist_V_2_4                             |   16|   0|   16|          0|
    |hist_V_2_5                             |   16|   0|   16|          0|
    |hist_V_2_6                             |   16|   0|   16|          0|
    |hist_V_2_7                             |   16|   0|   16|          0|
    |hist_V_2_8                             |   16|   0|   16|          0|
    |hist_V_2_9                             |   16|   0|   16|          0|
    |hist_V_3_0                             |   16|   0|   16|          0|
    |hist_V_3_1                             |   16|   0|   16|          0|
    |hist_V_3_10                            |   16|   0|   16|          0|
    |hist_V_3_11                            |   16|   0|   16|          0|
    |hist_V_3_12                            |   16|   0|   16|          0|
    |hist_V_3_13                            |   16|   0|   16|          0|
    |hist_V_3_14                            |   16|   0|   16|          0|
    |hist_V_3_15                            |   16|   0|   16|          0|
    |hist_V_3_16                            |   16|   0|   16|          0|
    |hist_V_3_17                            |   16|   0|   16|          0|
    |hist_V_3_18                            |   16|   0|   16|          0|
    |hist_V_3_19                            |   16|   0|   16|          0|
    |hist_V_3_2                             |   16|   0|   16|          0|
    |hist_V_3_20                            |   16|   0|   16|          0|
    |hist_V_3_21                            |   16|   0|   16|          0|
    |hist_V_3_22                            |   16|   0|   16|          0|
    |hist_V_3_23                            |   16|   0|   16|          0|
    |hist_V_3_24                            |   16|   0|   16|          0|
    |hist_V_3_25                            |   16|   0|   16|          0|
    |hist_V_3_26                            |   16|   0|   16|          0|
    |hist_V_3_27                            |   16|   0|   16|          0|
    |hist_V_3_28                            |   16|   0|   16|          0|
    |hist_V_3_29                            |   16|   0|   16|          0|
    |hist_V_3_3                             |   16|   0|   16|          0|
    |hist_V_3_30                            |   16|   0|   16|          0|
    |hist_V_3_31                            |   16|   0|   16|          0|
    |hist_V_3_32                            |   16|   0|   16|          0|
    |hist_V_3_33                            |   16|   0|   16|          0|
    |hist_V_3_34                            |   16|   0|   16|          0|
    |hist_V_3_35                            |   16|   0|   16|          0|
    |hist_V_3_36                            |   16|   0|   16|          0|
    |hist_V_3_37                            |   16|   0|   16|          0|
    |hist_V_3_38                            |   16|   0|   16|          0|
    |hist_V_3_4                             |   16|   0|   16|          0|
    |hist_V_3_5                             |   16|   0|   16|          0|
    |hist_V_3_6                             |   16|   0|   16|          0|
    |hist_V_3_7                             |   16|   0|   16|          0|
    |hist_V_3_8                             |   16|   0|   16|          0|
    |hist_V_3_9                             |   16|   0|   16|          0|
    |hist_V_4_0                             |   16|   0|   16|          0|
    |hist_V_4_1                             |   16|   0|   16|          0|
    |hist_V_4_10                            |   16|   0|   16|          0|
    |hist_V_4_11                            |   16|   0|   16|          0|
    |hist_V_4_12                            |   16|   0|   16|          0|
    |hist_V_4_13                            |   16|   0|   16|          0|
    |hist_V_4_14                            |   16|   0|   16|          0|
    |hist_V_4_15                            |   16|   0|   16|          0|
    |hist_V_4_16                            |   16|   0|   16|          0|
    |hist_V_4_17                            |   16|   0|   16|          0|
    |hist_V_4_18                            |   16|   0|   16|          0|
    |hist_V_4_19                            |   16|   0|   16|          0|
    |hist_V_4_2                             |   16|   0|   16|          0|
    |hist_V_4_20                            |   16|   0|   16|          0|
    |hist_V_4_21                            |   16|   0|   16|          0|
    |hist_V_4_22                            |   16|   0|   16|          0|
    |hist_V_4_23                            |   16|   0|   16|          0|
    |hist_V_4_24                            |   16|   0|   16|          0|
    |hist_V_4_25                            |   16|   0|   16|          0|
    |hist_V_4_26                            |   16|   0|   16|          0|
    |hist_V_4_27                            |   16|   0|   16|          0|
    |hist_V_4_28                            |   16|   0|   16|          0|
    |hist_V_4_29                            |   16|   0|   16|          0|
    |hist_V_4_3                             |   16|   0|   16|          0|
    |hist_V_4_30                            |   16|   0|   16|          0|
    |hist_V_4_31                            |   16|   0|   16|          0|
    |hist_V_4_32                            |   16|   0|   16|          0|
    |hist_V_4_33                            |   16|   0|   16|          0|
    |hist_V_4_34                            |   16|   0|   16|          0|
    |hist_V_4_35                            |   16|   0|   16|          0|
    |hist_V_4_36                            |   16|   0|   16|          0|
    |hist_V_4_37                            |   16|   0|   16|          0|
    |hist_V_4_4                             |   16|   0|   16|          0|
    |hist_V_4_5                             |   16|   0|   16|          0|
    |hist_V_4_6                             |   16|   0|   16|          0|
    |hist_V_4_7                             |   16|   0|   16|          0|
    |hist_V_4_8                             |   16|   0|   16|          0|
    |hist_V_4_9                             |   16|   0|   16|          0|
    |i_reg_3524                             |    3|   0|    3|          0|
    |icmp_ln1497_reg_17563                  |    1|   0|    1|          0|
    |icmp_ln324_reg_14663                   |    1|   0|    1|          0|
    |icmp_ln399_reg_17512                   |    1|   0|    1|          0|
    |icmp_ln768_2_reg_17616                 |    1|   0|    1|          0|
    |icmp_ln786_2_reg_17621                 |    1|   0|    1|          0|
    |length_read_reg_13426                  |   32|   0|   32|          0|
    |n_reg_3489                             |   32|   0|   32|          0|
    |overflow_1_reg_17532                   |    1|   0|    1|          0|
    |p_Result_4_reg_17598                   |    1|   0|    1|          0|
    |p_Result_5_reg_17610                   |    1|   0|    1|          0|
    |p_Val2_12_reg_17604                    |   24|   0|   24|          0|
    |p_Val2_8_reg_17522                     |   40|   0|   40|          0|
    |p_Val2_9_reg_17527                     |   24|   0|   24|          0|
    |phi_mul_reg_3512                       |   10|   0|   10|          0|
    |phi_mul_reg_3512_pp0_iter1_reg         |   10|   0|   10|          0|
    |q_1_reg_13486                          |   16|   0|   16|          0|
    |q_2_reg_13501                          |   16|   0|   16|          0|
    |q_3_reg_13506                          |   16|   0|   16|          0|
    |q_4_reg_13521                          |   16|   0|   16|          0|
    |q_5_reg_13526                          |   16|   0|   16|          0|
    |q_8_reg_13589                          |   16|   0|   16|          0|
    |q_reg_13481                            |   16|   0|   16|          0|
    |r_V_reg_17578                          |   49|   0|   49|          0|
    |ratio_V_reg_17558                      |   24|   0|   24|          0|
    |ret_V_2_reg_17573                      |   25|   0|   25|          0|
    |ret_V_reg_17583                        |   49|   0|   49|          0|
    |s_V_10_reg_17631                       |   16|   0|   16|          0|
    |select_ln340_2_reg_17543               |   24|   0|   24|          0|
    |sext_ln1116_100_reg_14100              |   31|   0|   31|          0|
    |sext_ln1116_101_reg_14105              |   31|   0|   31|          0|
    |sext_ln1116_102_reg_14110              |   31|   0|   31|          0|
    |sext_ln1116_103_reg_14115              |   31|   0|   31|          0|
    |sext_ln1116_104_reg_14120              |   31|   0|   31|          0|
    |sext_ln1116_105_reg_14125              |   31|   0|   31|          0|
    |sext_ln1116_106_reg_14130              |   31|   0|   31|          0|
    |sext_ln1116_107_reg_14135              |   31|   0|   31|          0|
    |sext_ln1116_108_reg_14140              |   31|   0|   31|          0|
    |sext_ln1116_109_reg_14145              |   31|   0|   31|          0|
    |sext_ln1116_10_reg_13650               |   31|   0|   31|          0|
    |sext_ln1116_110_reg_14150              |   31|   0|   31|          0|
    |sext_ln1116_111_reg_14155              |   31|   0|   31|          0|
    |sext_ln1116_112_reg_14160              |   31|   0|   31|          0|
    |sext_ln1116_113_reg_14165              |   31|   0|   31|          0|
    |sext_ln1116_114_reg_14170              |   31|   0|   31|          0|
    |sext_ln1116_115_reg_14175              |   31|   0|   31|          0|
    |sext_ln1116_116_reg_14180              |   31|   0|   31|          0|
    |sext_ln1116_117_reg_14185              |   31|   0|   31|          0|
    |sext_ln1116_118_reg_14190              |   31|   0|   31|          0|
    |sext_ln1116_119_reg_14195              |   31|   0|   31|          0|
    |sext_ln1116_11_reg_13655               |   31|   0|   31|          0|
    |sext_ln1116_120_reg_14200              |   31|   0|   31|          0|
    |sext_ln1116_121_reg_14205              |   31|   0|   31|          0|
    |sext_ln1116_122_reg_14210              |   31|   0|   31|          0|
    |sext_ln1116_123_reg_14215              |   31|   0|   31|          0|
    |sext_ln1116_124_reg_14220              |   31|   0|   31|          0|
    |sext_ln1116_125_reg_14225              |   31|   0|   31|          0|
    |sext_ln1116_126_reg_14230              |   31|   0|   31|          0|
    |sext_ln1116_127_reg_14235              |   31|   0|   31|          0|
    |sext_ln1116_128_reg_14240              |   31|   0|   31|          0|
    |sext_ln1116_129_reg_14245              |   31|   0|   31|          0|
    |sext_ln1116_12_reg_13660               |   31|   0|   31|          0|
    |sext_ln1116_130_reg_14250              |   31|   0|   31|          0|
    |sext_ln1116_131_reg_14255              |   31|   0|   31|          0|
    |sext_ln1116_132_reg_14260              |   31|   0|   31|          0|
    |sext_ln1116_133_reg_14265              |   31|   0|   31|          0|
    |sext_ln1116_134_reg_14270              |   31|   0|   31|          0|
    |sext_ln1116_135_reg_14275              |   31|   0|   31|          0|
    |sext_ln1116_136_reg_14280              |   31|   0|   31|          0|
    |sext_ln1116_137_reg_14285              |   31|   0|   31|          0|
    |sext_ln1116_138_reg_14290              |   31|   0|   31|          0|
    |sext_ln1116_139_reg_14295              |   31|   0|   31|          0|
    |sext_ln1116_13_reg_13665               |   31|   0|   31|          0|
    |sext_ln1116_140_reg_14300              |   31|   0|   31|          0|
    |sext_ln1116_141_reg_14305              |   31|   0|   31|          0|
    |sext_ln1116_142_reg_14310              |   31|   0|   31|          0|
    |sext_ln1116_143_reg_14315              |   31|   0|   31|          0|
    |sext_ln1116_144_reg_14320              |   31|   0|   31|          0|
    |sext_ln1116_145_reg_14325              |   31|   0|   31|          0|
    |sext_ln1116_146_reg_14330              |   31|   0|   31|          0|
    |sext_ln1116_147_reg_14335              |   31|   0|   31|          0|
    |sext_ln1116_148_reg_14340              |   31|   0|   31|          0|
    |sext_ln1116_149_reg_14345              |   31|   0|   31|          0|
    |sext_ln1116_14_reg_13670               |   31|   0|   31|          0|
    |sext_ln1116_150_reg_14350              |   31|   0|   31|          0|
    |sext_ln1116_151_reg_14355              |   31|   0|   31|          0|
    |sext_ln1116_152_reg_14360              |   31|   0|   31|          0|
    |sext_ln1116_153_reg_14365              |   31|   0|   31|          0|
    |sext_ln1116_154_reg_14370              |   31|   0|   31|          0|
    |sext_ln1116_155_reg_14375              |   31|   0|   31|          0|
    |sext_ln1116_156_reg_14380              |   31|   0|   31|          0|
    |sext_ln1116_157_reg_14385              |   31|   0|   31|          0|
    |sext_ln1116_158_reg_14390              |   31|   0|   31|          0|
    |sext_ln1116_159_reg_14395              |   31|   0|   31|          0|
    |sext_ln1116_15_reg_13675               |   31|   0|   31|          0|
    |sext_ln1116_160_reg_14400              |   31|   0|   31|          0|
    |sext_ln1116_161_reg_14405              |   31|   0|   31|          0|
    |sext_ln1116_162_reg_14410              |   31|   0|   31|          0|
    |sext_ln1116_163_reg_14415              |   31|   0|   31|          0|
    |sext_ln1116_164_reg_14420              |   31|   0|   31|          0|
    |sext_ln1116_165_reg_14425              |   31|   0|   31|          0|
    |sext_ln1116_166_reg_14430              |   31|   0|   31|          0|
    |sext_ln1116_167_reg_14435              |   31|   0|   31|          0|
    |sext_ln1116_168_reg_14440              |   31|   0|   31|          0|
    |sext_ln1116_169_reg_14445              |   31|   0|   31|          0|
    |sext_ln1116_16_reg_13680               |   31|   0|   31|          0|
    |sext_ln1116_170_reg_14450              |   31|   0|   31|          0|
    |sext_ln1116_171_reg_14455              |   31|   0|   31|          0|
    |sext_ln1116_172_reg_14460              |   31|   0|   31|          0|
    |sext_ln1116_173_reg_14465              |   31|   0|   31|          0|
    |sext_ln1116_174_reg_14470              |   31|   0|   31|          0|
    |sext_ln1116_175_reg_14475              |   31|   0|   31|          0|
    |sext_ln1116_176_reg_14480              |   31|   0|   31|          0|
    |sext_ln1116_177_reg_14485              |   31|   0|   31|          0|
    |sext_ln1116_178_reg_14490              |   31|   0|   31|          0|
    |sext_ln1116_179_reg_14495              |   31|   0|   31|          0|
    |sext_ln1116_17_reg_13685               |   31|   0|   31|          0|
    |sext_ln1116_180_reg_14500              |   31|   0|   31|          0|
    |sext_ln1116_181_reg_14505              |   31|   0|   31|          0|
    |sext_ln1116_182_reg_14510              |   31|   0|   31|          0|
    |sext_ln1116_183_reg_14515              |   31|   0|   31|          0|
    |sext_ln1116_184_reg_14520              |   31|   0|   31|          0|
    |sext_ln1116_185_reg_14525              |   31|   0|   31|          0|
    |sext_ln1116_186_reg_14530              |   31|   0|   31|          0|
    |sext_ln1116_187_reg_14535              |   31|   0|   31|          0|
    |sext_ln1116_188_reg_14540              |   31|   0|   31|          0|
    |sext_ln1116_189_reg_14545              |   31|   0|   31|          0|
    |sext_ln1116_18_reg_13690               |   31|   0|   31|          0|
    |sext_ln1116_190_reg_14550              |   31|   0|   31|          0|
    |sext_ln1116_191_reg_14555              |   31|   0|   31|          0|
    |sext_ln1116_192_reg_14560              |   31|   0|   31|          0|
    |sext_ln1116_193_reg_14565              |   31|   0|   31|          0|
    |sext_ln1116_19_reg_13695               |   31|   0|   31|          0|
    |sext_ln1116_1_reg_13605                |   31|   0|   31|          0|
    |sext_ln1116_20_reg_13700               |   31|   0|   31|          0|
    |sext_ln1116_21_reg_13705               |   31|   0|   31|          0|
    |sext_ln1116_22_reg_13710               |   31|   0|   31|          0|
    |sext_ln1116_23_reg_13715               |   31|   0|   31|          0|
    |sext_ln1116_24_reg_13720               |   31|   0|   31|          0|
    |sext_ln1116_25_reg_13725               |   31|   0|   31|          0|
    |sext_ln1116_26_reg_13730               |   31|   0|   31|          0|
    |sext_ln1116_27_reg_13735               |   31|   0|   31|          0|
    |sext_ln1116_28_reg_13740               |   31|   0|   31|          0|
    |sext_ln1116_29_reg_13745               |   31|   0|   31|          0|
    |sext_ln1116_2_reg_13610                |   31|   0|   31|          0|
    |sext_ln1116_30_reg_13750               |   31|   0|   31|          0|
    |sext_ln1116_31_reg_13755               |   31|   0|   31|          0|
    |sext_ln1116_32_reg_13760               |   31|   0|   31|          0|
    |sext_ln1116_33_reg_13765               |   31|   0|   31|          0|
    |sext_ln1116_34_reg_13770               |   31|   0|   31|          0|
    |sext_ln1116_35_reg_13775               |   31|   0|   31|          0|
    |sext_ln1116_36_reg_13780               |   31|   0|   31|          0|
    |sext_ln1116_37_reg_13785               |   31|   0|   31|          0|
    |sext_ln1116_38_reg_13790               |   31|   0|   31|          0|
    |sext_ln1116_39_reg_13795               |   31|   0|   31|          0|
    |sext_ln1116_3_reg_13615                |   31|   0|   31|          0|
    |sext_ln1116_40_reg_13800               |   31|   0|   31|          0|
    |sext_ln1116_41_reg_13805               |   31|   0|   31|          0|
    |sext_ln1116_42_reg_13810               |   31|   0|   31|          0|
    |sext_ln1116_43_reg_13815               |   31|   0|   31|          0|
    |sext_ln1116_44_reg_13820               |   31|   0|   31|          0|
    |sext_ln1116_45_reg_13825               |   31|   0|   31|          0|
    |sext_ln1116_46_reg_13830               |   31|   0|   31|          0|
    |sext_ln1116_47_reg_13835               |   31|   0|   31|          0|
    |sext_ln1116_48_reg_13840               |   31|   0|   31|          0|
    |sext_ln1116_49_reg_13845               |   31|   0|   31|          0|
    |sext_ln1116_4_reg_13620                |   31|   0|   31|          0|
    |sext_ln1116_50_reg_13850               |   31|   0|   31|          0|
    |sext_ln1116_51_reg_13855               |   31|   0|   31|          0|
    |sext_ln1116_52_reg_13860               |   31|   0|   31|          0|
    |sext_ln1116_53_reg_13865               |   31|   0|   31|          0|
    |sext_ln1116_54_reg_13870               |   31|   0|   31|          0|
    |sext_ln1116_55_reg_13875               |   31|   0|   31|          0|
    |sext_ln1116_56_reg_13880               |   31|   0|   31|          0|
    |sext_ln1116_57_reg_13885               |   31|   0|   31|          0|
    |sext_ln1116_58_reg_13890               |   31|   0|   31|          0|
    |sext_ln1116_59_reg_13895               |   31|   0|   31|          0|
    |sext_ln1116_5_reg_13625                |   31|   0|   31|          0|
    |sext_ln1116_60_reg_13900               |   31|   0|   31|          0|
    |sext_ln1116_61_reg_13905               |   31|   0|   31|          0|
    |sext_ln1116_62_reg_13910               |   31|   0|   31|          0|
    |sext_ln1116_63_reg_13915               |   31|   0|   31|          0|
    |sext_ln1116_64_reg_13920               |   31|   0|   31|          0|
    |sext_ln1116_65_reg_13925               |   31|   0|   31|          0|
    |sext_ln1116_66_reg_13930               |   31|   0|   31|          0|
    |sext_ln1116_67_reg_13935               |   31|   0|   31|          0|
    |sext_ln1116_68_reg_13940               |   31|   0|   31|          0|
    |sext_ln1116_69_reg_13945               |   31|   0|   31|          0|
    |sext_ln1116_6_reg_13630                |   31|   0|   31|          0|
    |sext_ln1116_70_reg_13950               |   31|   0|   31|          0|
    |sext_ln1116_71_reg_13955               |   31|   0|   31|          0|
    |sext_ln1116_72_reg_13960               |   31|   0|   31|          0|
    |sext_ln1116_73_reg_13965               |   31|   0|   31|          0|
    |sext_ln1116_74_reg_13970               |   31|   0|   31|          0|
    |sext_ln1116_75_reg_13975               |   31|   0|   31|          0|
    |sext_ln1116_76_reg_13980               |   31|   0|   31|          0|
    |sext_ln1116_77_reg_13985               |   31|   0|   31|          0|
    |sext_ln1116_78_reg_13990               |   31|   0|   31|          0|
    |sext_ln1116_79_reg_13995               |   31|   0|   31|          0|
    |sext_ln1116_7_reg_13635                |   31|   0|   31|          0|
    |sext_ln1116_80_reg_14000               |   31|   0|   31|          0|
    |sext_ln1116_81_reg_14005               |   31|   0|   31|          0|
    |sext_ln1116_82_reg_14010               |   31|   0|   31|          0|
    |sext_ln1116_83_reg_14015               |   31|   0|   31|          0|
    |sext_ln1116_84_reg_14020               |   31|   0|   31|          0|
    |sext_ln1116_85_reg_14025               |   31|   0|   31|          0|
    |sext_ln1116_86_reg_14030               |   31|   0|   31|          0|
    |sext_ln1116_87_reg_14035               |   31|   0|   31|          0|
    |sext_ln1116_88_reg_14040               |   31|   0|   31|          0|
    |sext_ln1116_89_reg_14045               |   31|   0|   31|          0|
    |sext_ln1116_8_reg_13640                |   31|   0|   31|          0|
    |sext_ln1116_90_reg_14050               |   31|   0|   31|          0|
    |sext_ln1116_91_reg_14055               |   31|   0|   31|          0|
    |sext_ln1116_92_reg_14060               |   31|   0|   31|          0|
    |sext_ln1116_93_reg_14065               |   31|   0|   31|          0|
    |sext_ln1116_94_reg_14070               |   31|   0|   31|          0|
    |sext_ln1116_95_reg_14075               |   31|   0|   31|          0|
    |sext_ln1116_96_reg_14080               |   31|   0|   31|          0|
    |sext_ln1116_97_reg_14085               |   31|   0|   31|          0|
    |sext_ln1116_98_reg_14090               |   31|   0|   31|          0|
    |sext_ln1116_99_reg_14095               |   31|   0|   31|          0|
    |sext_ln1116_9_reg_13645                |   31|   0|   31|          0|
    |sext_ln1116_reg_13600                  |   31|   0|   31|          0|
    |sext_ln266_1_reg_13551                 |   17|   0|   24|          7|
    |sext_ln266_2_reg_13561                 |   17|   0|   24|          7|
    |sext_ln266_3_reg_13571                 |   17|   0|   24|          7|
    |sext_ln266_reg_13541                   |   17|   0|   24|          7|
    |sext_ln267_1_reg_13556                 |   17|   0|   24|          7|
    |sext_ln267_2_reg_13566                 |   17|   0|   24|          7|
    |sext_ln267_3_reg_13576                 |   17|   0|   24|          7|
    |sext_ln267_reg_13546                   |   17|   0|   24|          7|
    |sext_ln324_reg_14570                   |   31|   0|   31|          0|
    |thr_V_reg_17553                        |   24|   0|   24|          0|
    |thr_V_reg_17553_pp1_iter2_reg          |   24|   0|   24|          0|
    |tmp_7_reg_17568                        |    1|   0|    1|          0|
    |tobool98_reg_13454                     |    1|   0|    1|          0|
    |trunc_ln1265_reg_17516                 |    2|   0|    2|          0|
    |underflow_1_reg_17537                  |    1|   0|    1|          0|
    |x_V_reg_17548                          |   24|   0|   24|          0|
    |ylp_V_1_0216_fu_1002                   |   40|   0|   40|          0|
    |ylp_V_2_0217_fu_1006                   |   40|   0|   40|          0|
    |b_reg_3500                             |   64|  32|    2|          0|
    |icmp_ln1497_reg_17563                  |   64|  32|    1|          0|
    |icmp_ln324_reg_14663                   |   64|  32|    1|          0|
    |icmp_ln399_reg_17512                   |   64|  32|    1|          0|
    |p_Val2_8_reg_17522                     |   64|  32|   40|          0|
    |tmp_7_reg_17568                        |   64|  32|    1|          0|
    |x_V_reg_17548                          |   64|  32|   24|          0|
    +---------------------------------------+-----+----+-----+-----------+
    |Total                                  |12357| 224|12035|         56|
    +---------------------------------------+-----+----+-----+-----------+



================================================================
== Interface
================================================================
* Summary: 
+-----------------------+-----+-----+------------+---------------+--------------+
|       RTL Ports       | Dir | Bits|  Protocol  | Source Object |    C Type    |
+-----------------------+-----+-----+------------+---------------+--------------+
|s_axi_control_AWVALID  |   in|    1|       s_axi|        control|        scalar|
|s_axi_control_AWREADY  |  out|    1|       s_axi|        control|        scalar|
|s_axi_control_AWADDR   |   in|    7|       s_axi|        control|        scalar|
|s_axi_control_WVALID   |   in|    1|       s_axi|        control|        scalar|
|s_axi_control_WREADY   |  out|    1|       s_axi|        control|        scalar|
|s_axi_control_WDATA    |   in|   32|       s_axi|        control|        scalar|
|s_axi_control_WSTRB    |   in|    4|       s_axi|        control|        scalar|
|s_axi_control_ARVALID  |   in|    1|       s_axi|        control|        scalar|
|s_axi_control_ARREADY  |  out|    1|       s_axi|        control|        scalar|
|s_axi_control_ARADDR   |   in|    7|       s_axi|        control|        scalar|
|s_axi_control_RVALID   |  out|    1|       s_axi|        control|        scalar|
|s_axi_control_RREADY   |   in|    1|       s_axi|        control|        scalar|
|s_axi_control_RDATA    |  out|   32|       s_axi|        control|        scalar|
|s_axi_control_RRESP    |  out|    2|       s_axi|        control|        scalar|
|s_axi_control_BVALID   |  out|    1|       s_axi|        control|        scalar|
|s_axi_control_BREADY   |   in|    1|       s_axi|        control|        scalar|
|s_axi_control_BRESP    |  out|    2|       s_axi|        control|        scalar|
|ap_clk                 |   in|    1|  ap_ctrl_hs|  fir_multiband|  return value|
|ap_rst_n               |   in|    1|  ap_ctrl_hs|  fir_multiband|  return value|
|interrupt              |  out|    1|  ap_ctrl_hs|  fir_multiband|  return value|
|m_axi_gmem_AWVALID     |  out|    1|       m_axi|           gmem|       pointer|
|m_axi_gmem_AWREADY     |   in|    1|       m_axi|           gmem|       pointer|
|m_axi_gmem_AWADDR      |  out|   64|       m_axi|           gmem|       pointer|
|m_axi_gmem_AWID        |  out|    1|       m_axi|           gmem|       pointer|
|m_axi_gmem_AWLEN       |  out|    8|       m_axi|           gmem|       pointer|
|m_axi_gmem_AWSIZE      |  out|    3|       m_axi|           gmem|       pointer|
|m_axi_gmem_AWBURST     |  out|    2|       m_axi|           gmem|       pointer|
|m_axi_gmem_AWLOCK      |  out|    2|       m_axi|           gmem|       pointer|
|m_axi_gmem_AWCACHE     |  out|    4|       m_axi|           gmem|       pointer|
|m_axi_gmem_AWPROT      |  out|    3|       m_axi|           gmem|       pointer|
|m_axi_gmem_AWQOS       |  out|    4|       m_axi|           gmem|       pointer|
|m_axi_gmem_AWREGION    |  out|    4|       m_axi|           gmem|       pointer|
|m_axi_gmem_AWUSER      |  out|    1|       m_axi|           gmem|       pointer|
|m_axi_gmem_WVALID      |  out|    1|       m_axi|           gmem|       pointer|
|m_axi_gmem_WREADY      |   in|    1|       m_axi|           gmem|       pointer|
|m_axi_gmem_WDATA       |  out|   32|       m_axi|           gmem|       pointer|
|m_axi_gmem_WSTRB       |  out|    4|       m_axi|           gmem|       pointer|
|m_axi_gmem_WLAST       |  out|    1|       m_axi|           gmem|       pointer|
|m_axi_gmem_WID         |  out|    1|       m_axi|           gmem|       pointer|
|m_axi_gmem_WUSER       |  out|    1|       m_axi|           gmem|       pointer|
|m_axi_gmem_ARVALID     |  out|    1|       m_axi|           gmem|       pointer|
|m_axi_gmem_ARREADY     |   in|    1|       m_axi|           gmem|       pointer|
|m_axi_gmem_ARADDR      |  out|   64|       m_axi|           gmem|       pointer|
|m_axi_gmem_ARID        |  out|    1|       m_axi|           gmem|       pointer|
|m_axi_gmem_ARLEN       |  out|    8|       m_axi|           gmem|       pointer|
|m_axi_gmem_ARSIZE      |  out|    3|       m_axi|           gmem|       pointer|
|m_axi_gmem_ARBURST     |  out|    2|       m_axi|           gmem|       pointer|
|m_axi_gmem_ARLOCK      |  out|    2|       m_axi|           gmem|       pointer|
|m_axi_gmem_ARCACHE     |  out|    4|       m_axi|           gmem|       pointer|
|m_axi_gmem_ARPROT      |  out|    3|       m_axi|           gmem|       pointer|
|m_axi_gmem_ARQOS       |  out|    4|       m_axi|           gmem|       pointer|
|m_axi_gmem_ARREGION    |  out|    4|       m_axi|           gmem|       pointer|
|m_axi_gmem_ARUSER      |  out|    1|       m_axi|           gmem|       pointer|
|m_axi_gmem_RVALID      |   in|    1|       m_axi|           gmem|       pointer|
|m_axi_gmem_RREADY      |  out|    1|       m_axi|           gmem|       pointer|
|m_axi_gmem_RDATA       |   in|   32|       m_axi|           gmem|       pointer|
|m_axi_gmem_RLAST       |   in|    1|       m_axi|           gmem|       pointer|
|m_axi_gmem_RID         |   in|    1|       m_axi|           gmem|       pointer|
|m_axi_gmem_RUSER       |   in|    1|       m_axi|           gmem|       pointer|
|m_axi_gmem_RRESP       |   in|    2|       m_axi|           gmem|       pointer|
|m_axi_gmem_BVALID      |   in|    1|       m_axi|           gmem|       pointer|
|m_axi_gmem_BREADY      |  out|    1|       m_axi|           gmem|       pointer|
|m_axi_gmem_BRESP       |   in|    2|       m_axi|           gmem|       pointer|
|m_axi_gmem_BID         |   in|    1|       m_axi|           gmem|       pointer|
|m_axi_gmem_BUSER       |   in|    1|       m_axi|           gmem|       pointer|
+-----------------------+-----+-----+------------+---------------+--------------+

